[
  {
    "name": "Aast",
    "code": "64001",
    "epci_code": "200067296",
    "departement_code": "64",
    "region_code": "75",
    "postal_code": "64460"
  },
  {
    "name": "Abère",
    "code": "64002",
    "epci_code": "200067296",
    "departement_code": "64",
    "region_code": "75",
    "postal_code": "64160"
  },
  {
    "name": "Abidos",
    "code": "64003",
    "epci_code": "200039204",
    "departement_code": "64",
    "region_code": "75",
    "postal_code": "64150"
  },
  {
    "name": "Abitain",
    "code": "64004",
    "epci_code": "200067288",
    "departement_code": "64",
    "region_code": "75",
    "postal_code": "64390"
  },
  {
    "name": "Abos",
    "code": "64005",
    "epci_code": "200039204",
    "departement_code": "64",
    "region_code": "75",
    "postal_code": "64360"
  },
  {
    "name": "Accous",
    "code": "64006",
    "epci_code": "200067262",
    "departement_code": "64",
    "region_code": "75",
    "postal_code": "64490"
  },
  {
    "name": "Agnos",
    "code": "64007",
    "epci_code": "200067262",
    "departement_code": "64",
    "region_code": "75",
    "postal_code": "64400"
  },
  {
    "name": "Ahaxe-Alciette-Bascassan",
    "code": "64008",
    "epci_code": "200067106",
    "departement_code": "64",
    "region_code": "75",
    "postal_code": "64220"
  },
  {
    "name": "Ahetze",
    "code": "64009",
    "epci_code": "200067106",
    "departement_code": "64",
    "region_code": "75",
    "postal_code": "64210"
  },
  {
    "name": "Aïcirits-Camou-Suhast",
    "code": "64010",
    "epci_code": "200067106",
    "departement_code": "64",
    "region_code": "75",
    "postal_code": "64120"
  },
  {
    "name": "Aincille",
    "code": "64011",
    "epci_code": "200067106",
    "departement_code": "64",
    "region_code": "75",
    "postal_code": "64220"
  },
  {
    "name": "Ainharp",
    "code": "64012",
    "epci_code": "200067106",
    "departement_code": "64",
    "region_code": "75",
    "postal_code": "64130"
  },
  {
    "name": "Ainhice-Mongelos",
    "code": "64013",
    "epci_code": "200067106",
    "departement_code": "64",
    "region_code": "75",
    "postal_code": "64220"
  },
  {
    "name": "Ainhoa",
    "code": "64014",
    "epci_code": "200067106",
    "departement_code": "64",
    "region_code": "75",
    "postal_code": "64250"
  },
  {
    "name": "Alçay-Alçabéhéty-Sunharette",
    "code": "64015",
    "epci_code": "200067106",
    "departement_code": "64",
    "region_code": "75",
    "postal_code": "64470"
  },
  {
    "name": "Aldudes",
    "code": "64016",
    "epci_code": "200067106",
    "departement_code": "64",
    "region_code": "75",
    "postal_code": "64430"
  },
  {
    "name": "Alos-Sibas-Abense",
    "code": "64017",
    "epci_code": "200067106",
    "departement_code": "64",
    "region_code": "75",
    "postal_code": "64470"
  },
  {
    "name": "Amendeuix-Oneix",
    "code": "64018",
    "epci_code": "200067106",
    "departement_code": "64",
    "region_code": "75",
    "postal_code": "64120"
  },
  {
    "name": "Amorots-Succos",
    "code": "64019",
    "epci_code": "200067106",
    "departement_code": "64",
    "region_code": "75",
    "postal_code": "64120"
  },
  {
    "name": "Andoins",
    "code": "64021",
    "epci_code": "200067296",
    "departement_code": "64",
    "region_code": "75",
    "postal_code": "64420"
  },
  {
    "name": "Andrein",
    "code": "64022",
    "epci_code": "200067288",
    "departement_code": "64",
    "region_code": "75",
    "postal_code": "64390"
  },
  {
    "name": "Angaïs",
    "code": "64023",
    "epci_code": "246401756",
    "departement_code": "64",
    "region_code": "75",
    "postal_code": "64510"
  },
  {
    "name": "Anglet",
    "code": "64024",
    "epci_code": "200067106",
    "departement_code": "64",
    "region_code": "75",
    "postal_code": "64600"
  },
  {
    "name": "Angous",
    "code": "64025",
    "epci_code": "200067288",
    "departement_code": "64",
    "region_code": "75",
    "postal_code": "64190"
  },
  {
    "name": "Anhaux",
    "code": "64026",
    "epci_code": "200067106",
    "departement_code": "64",
    "region_code": "75",
    "postal_code": "64220"
  },
  {
    "name": "Anos",
    "code": "64027",
    "epci_code": "200067296",
    "departement_code": "64",
    "region_code": "75",
    "postal_code": "64160"
  },
  {
    "name": "Anoye",
    "code": "64028",
    "epci_code": "200067296",
    "departement_code": "64",
    "region_code": "75",
    "postal_code": "64350"
  },
  {
    "name": "Aramits",
    "code": "64029",
    "epci_code": "200067262",
    "departement_code": "64",
    "region_code": "75",
    "postal_code": "64570"
  },
  {
    "name": "Arancou",
    "code": "64031",
    "epci_code": "200067106",
    "departement_code": "64",
    "region_code": "75",
    "postal_code": "64270"
  },
  {
    "name": "Araujuzon",
    "code": "64032",
    "epci_code": "200067288",
    "departement_code": "64",
    "region_code": "75",
    "postal_code": "64190"
  },
  {
    "name": "Araux",
    "code": "64033",
    "epci_code": "200067288",
    "departement_code": "64",
    "region_code": "75",
    "postal_code": "64190"
  },
  {
    "name": "Arbérats-Sillègue",
    "code": "64034",
    "epci_code": "200067106",
    "departement_code": "64",
    "region_code": "75",
    "postal_code": "64120"
  },
  {
    "name": "Arbonne",
    "code": "64035",
    "epci_code": "200067106",
    "departement_code": "64",
    "region_code": "75",
    "postal_code": "64210"
  },
  {
    "name": "Arbouet-Sussaute",
    "code": "64036",
    "epci_code": "200067106",
    "departement_code": "64",
    "region_code": "75",
    "postal_code": "64120"
  },
  {
    "name": "Arbus",
    "code": "64037",
    "epci_code": "200067254",
    "departement_code": "64",
    "region_code": "75",
    "postal_code": "64230"
  },
  {
    "name": "Arcangues",
    "code": "64038",
    "epci_code": "200067106",
    "departement_code": "64",
    "region_code": "75",
    "postal_code": "64200"
  },
  {
    "name": "Aren",
    "code": "64039",
    "epci_code": "200067262",
    "departement_code": "64",
    "region_code": "75",
    "postal_code": "64400"
  },
  {
    "name": "Arette",
    "code": "64040",
    "epci_code": "200067262",
    "departement_code": "64",
    "region_code": "75",
    "postal_code": "64570"
  },
  {
    "name": "Aressy",
    "code": "64041",
    "epci_code": "200067254",
    "departement_code": "64",
    "region_code": "75",
    "postal_code": "64320"
  },
  {
    "name": "Argagnon",
    "code": "64042",
    "epci_code": "200039204",
    "departement_code": "64",
    "region_code": "75",
    "postal_code": "64300"
  },
  {
    "name": "Argelos",
    "code": "64043",
    "epci_code": "200067239",
    "departement_code": "64",
    "region_code": "75",
    "postal_code": "64450"
  },
  {
    "name": "Arget",
    "code": "64044",
    "epci_code": "200067239",
    "departement_code": "64",
    "region_code": "75",
    "postal_code": "64410"
  },
  {
    "name": "Arhansus",
    "code": "64045",
    "epci_code": "200067106",
    "departement_code": "64",
    "region_code": "75",
    "postal_code": "64120"
  },
  {
    "name": "Armendarits",
    "code": "64046",
    "epci_code": "200067106",
    "departement_code": "64",
    "region_code": "75",
    "postal_code": "64640"
  },
  {
    "name": "Arnéguy",
    "code": "64047",
    "epci_code": "200067106",
    "departement_code": "64",
    "region_code": "75",
    "postal_code": "64220"
  },
  {
    "name": "Arnos",
    "code": "64048",
    "epci_code": "200039204",
    "departement_code": "64",
    "region_code": "75",
    "postal_code": "64370"
  },
  {
    "name": "Aroue-Ithorots-Olhaïby",
    "code": "64049",
    "epci_code": "200067106",
    "departement_code": "64",
    "region_code": "75",
    "postal_code": "64120"
  },
  {
    "name": "Arrast-Larrebieu",
    "code": "64050",
    "epci_code": "200067106",
    "departement_code": "64",
    "region_code": "75",
    "postal_code": "64130"
  },
  {
    "name": "Arraute-Charritte",
    "code": "64051",
    "epci_code": "200067106",
    "departement_code": "64",
    "region_code": "75",
    "postal_code": "64120"
  },
  {
    "name": "Arricau-Bordes",
    "code": "64052",
    "epci_code": "200067296",
    "departement_code": "64",
    "region_code": "75",
    "postal_code": "64350"
  },
  {
    "name": "Arrien",
    "code": "64053",
    "epci_code": "200067296",
    "departement_code": "64",
    "region_code": "75",
    "postal_code": "64420"
  },
  {
    "name": "Arros-de-Nay",
    "code": "64054",
    "epci_code": "246401756",
    "departement_code": "64",
    "region_code": "75",
    "postal_code": "64800"
  },
  {
    "name": "Arrosès",
    "code": "64056",
    "epci_code": "200067296",
    "departement_code": "64",
    "region_code": "75",
    "postal_code": "64350"
  },
  {
    "name": "Arthez-de-Béarn",
    "code": "64057",
    "epci_code": "200039204",
    "departement_code": "64",
    "region_code": "75",
    "postal_code": "64370"
  },
  {
    "name": "Arthez-d’Asson",
    "code": "64058",
    "epci_code": "246401756",
    "departement_code": "64",
    "region_code": "75",
    "postal_code": "64800"
  },
  {
    "name": "Artigueloutan",
    "code": "64059",
    "epci_code": "200067254",
    "departement_code": "64",
    "region_code": "75",
    "postal_code": "64420"
  },
  {
    "name": "Artiguelouve",
    "code": "64060",
    "epci_code": "200067254",
    "departement_code": "64",
    "region_code": "75",
    "postal_code": "64230"
  },
  {
    "name": "Artix",
    "code": "64061",
    "epci_code": "200039204",
    "departement_code": "64",
    "region_code": "75",
    "postal_code": "64170"
  },
  {
    "name": "Arudy",
    "code": "64062",
    "epci_code": "246400337",
    "departement_code": "64",
    "region_code": "75",
    "postal_code": "64260"
  },
  {
    "name": "Arzacq-Arraziguet",
    "code": "64063",
    "epci_code": "200067239",
    "departement_code": "64",
    "region_code": "75",
    "postal_code": "64410"
  },
  {
    "name": "Asasp-Arros",
    "code": "64064",
    "epci_code": "200067262",
    "departement_code": "64",
    "region_code": "75",
    "postal_code": "64660"
  },
  {
    "name": "Ascain",
    "code": "64065",
    "epci_code": "200067106",
    "departement_code": "64",
    "region_code": "75",
    "postal_code": "64310"
  },
  {
    "name": "Ascarat",
    "code": "64066",
    "epci_code": "200067106",
    "departement_code": "64",
    "region_code": "75",
    "postal_code": "64220"
  },
  {
    "name": "Assat",
    "code": "64067",
    "epci_code": "246401756",
    "departement_code": "64",
    "region_code": "75",
    "postal_code": "64510"
  },
  {
    "name": "Asson",
    "code": "64068",
    "epci_code": "246401756",
    "departement_code": "64",
    "region_code": "75",
    "postal_code": "64800"
  },
  {
    "name": "Aste-Béon",
    "code": "64069",
    "epci_code": "246400337",
    "departement_code": "64",
    "region_code": "75",
    "postal_code": "64260"
  },
  {
    "name": "Astis",
    "code": "64070",
    "epci_code": "200067239",
    "departement_code": "64",
    "region_code": "75",
    "postal_code": "64450"
  },
  {
    "name": "Athos-Aspis",
    "code": "64071",
    "epci_code": "200067288",
    "departement_code": "64",
    "region_code": "75",
    "postal_code": "64390"
  },
  {
    "name": "Aubertin",
    "code": "64072",
    "epci_code": "200067254",
    "departement_code": "64",
    "region_code": "75",
    "postal_code": "64290"
  },
  {
    "name": "Aubin",
    "code": "64073",
    "epci_code": "200067239",
    "departement_code": "64",
    "region_code": "75",
    "postal_code": "64230"
  },
  {
    "name": "Aubous",
    "code": "64074",
    "epci_code": "200067239",
    "departement_code": "64",
    "region_code": "75",
    "postal_code": "64330"
  },
  {
    "name": "Audaux",
    "code": "64075",
    "epci_code": "200067288",
    "departement_code": "64",
    "region_code": "75",
    "postal_code": "64190"
  },
  {
    "name": "Auga",
    "code": "64077",
    "epci_code": "200067239",
    "departement_code": "64",
    "region_code": "75",
    "postal_code": "64450"
  },
  {
    "name": "Auriac",
    "code": "64078",
    "epci_code": "200067239",
    "departement_code": "64",
    "region_code": "75",
    "postal_code": "64450"
  },
  {
    "name": "Aurions-Idernes",
    "code": "64079",
    "epci_code": "200067296",
    "departement_code": "64",
    "region_code": "75",
    "postal_code": "64350"
  },
  {
    "name": "Aussevielle",
    "code": "64080",
    "epci_code": "200067254",
    "departement_code": "64",
    "region_code": "75",
    "postal_code": "64230"
  },
  {
    "name": "Aussurucq",
    "code": "64081",
    "epci_code": "200067106",
    "departement_code": "64",
    "region_code": "75",
    "postal_code": "64130"
  },
  {
    "name": "Auterrive",
    "code": "64082",
    "epci_code": "200067288",
    "departement_code": "64",
    "region_code": "75",
    "postal_code": "64270"
  },
  {
    "name": "Autevielle-Saint-Martin-Bideren",
    "code": "64083",
    "epci_code": "200067288",
    "departement_code": "64",
    "region_code": "75",
    "postal_code": "64390"
  },
  {
    "name": "Aydie",
    "code": "64084",
    "epci_code": "200067239",
    "departement_code": "64",
    "region_code": "75",
    "postal_code": "64330"
  },
  {
    "name": "Aydius",
    "code": "64085",
    "epci_code": "200067262",
    "departement_code": "64",
    "region_code": "75",
    "postal_code": "64490"
  },
  {
    "name": "Ayherre",
    "code": "64086",
    "epci_code": "200067106",
    "departement_code": "64",
    "region_code": "75",
    "postal_code": "64240"
  },
  {
    "name": "Baigts-de-Béarn",
    "code": "64087",
    "epci_code": "200039204",
    "departement_code": "64",
    "region_code": "75",
    "postal_code": "64300"
  },
  {
    "name": "Balansun",
    "code": "64088",
    "epci_code": "200039204",
    "departement_code": "64",
    "region_code": "75",
    "postal_code": "64300"
  },
  {
    "name": "Baleix",
    "code": "64089",
    "epci_code": "200067296",
    "departement_code": "64",
    "region_code": "75",
    "postal_code": "64460"
  },
  {
    "name": "Baliracq-Maumusson",
    "code": "64090",
    "epci_code": "200067239",
    "departement_code": "64",
    "region_code": "75",
    "postal_code": "64330"
  },
  {
    "name": "Baliros",
    "code": "64091",
    "epci_code": "246401756",
    "departement_code": "64",
    "region_code": "75",
    "postal_code": "64510"
  },
  {
    "name": "Banca",
    "code": "64092",
    "epci_code": "200067106",
    "departement_code": "64",
    "region_code": "75",
    "postal_code": "64430"
  },
  {
    "name": "Barcus",
    "code": "64093",
    "epci_code": "200067106",
    "departement_code": "64",
    "region_code": "75",
    "postal_code": "64130"
  },
  {
    "name": "Bardos",
    "code": "64094",
    "epci_code": "200067106",
    "departement_code": "64",
    "region_code": "75",
    "postal_code": "64520"
  },
  {
    "name": "Barinque",
    "code": "64095",
    "epci_code": "200067296",
    "departement_code": "64",
    "region_code": "75",
    "postal_code": "64160"
  },
  {
    "name": "Barraute-Camu",
    "code": "64096",
    "epci_code": "200067288",
    "departement_code": "64",
    "region_code": "75",
    "postal_code": "64390"
  },
  {
    "name": "Barzun",
    "code": "64097",
    "epci_code": "200067296",
    "departement_code": "64",
    "region_code": "75",
    "postal_code": "64530"
  },
  {
    "name": "Bassillon-Vauzé",
    "code": "64098",
    "epci_code": "200067296",
    "departement_code": "64",
    "region_code": "75",
    "postal_code": "64350"
  },
  {
    "name": "Bastanès",
    "code": "64099",
    "epci_code": "200067288",
    "departement_code": "64",
    "region_code": "75",
    "postal_code": "64190"
  },
  {
    "name": "Bassussarry",
    "code": "64100",
    "epci_code": "200067106",
    "departement_code": "64",
    "region_code": "75",
    "postal_code": "64200"
  },
  {
    "name": "Baudreix",
    "code": "64101",
    "epci_code": "246401756",
    "departement_code": "64",
    "region_code": "75",
    "postal_code": "64800"
  },
  {
    "name": "Bayonne",
    "code": "64102",
    "epci_code": "200067106",
    "departement_code": "64",
    "region_code": "75",
    "postal_code": "64100"
  },
  {
    "name": "Bédeille",
    "code": "64103",
    "epci_code": "200067296",
    "departement_code": "64",
    "region_code": "75",
    "postal_code": "64460"
  },
  {
    "name": "Bedous",
    "code": "64104",
    "epci_code": "200067262",
    "departement_code": "64",
    "region_code": "75",
    "postal_code": "64490"
  },
  {
    "name": "Béguios",
    "code": "64105",
    "epci_code": "200067106",
    "departement_code": "64",
    "region_code": "75",
    "postal_code": "64120"
  },
  {
    "name": "Béhasque-Lapiste",
    "code": "64106",
    "epci_code": "200067106",
    "departement_code": "64",
    "region_code": "75",
    "postal_code": "64120"
  },
  {
    "name": "Béhorléguy",
    "code": "64107",
    "epci_code": "200067106",
    "departement_code": "64",
    "region_code": "75",
    "postal_code": "64220"
  },
  {
    "name": "Bellocq",
    "code": "64108",
    "epci_code": "200039204",
    "departement_code": "64",
    "region_code": "75",
    "postal_code": "64270"
  },
  {
    "name": "Bénéjacq",
    "code": "64109",
    "epci_code": "246401756",
    "departement_code": "64",
    "region_code": "75",
    "postal_code": "64800"
  },
  {
    "name": "Béost",
    "code": "64110",
    "epci_code": "246400337",
    "departement_code": "64",
    "region_code": "75",
    "postal_code": "64440"
  },
  {
    "name": "Bentayou-Sérée",
    "code": "64111",
    "epci_code": "200072106",
    "departement_code": "64",
    "region_code": "75",
    "postal_code": "64460"
  },
  {
    "name": "Bérenx",
    "code": "64112",
    "epci_code": "200067288",
    "departement_code": "64",
    "region_code": "75",
    "postal_code": "64300"
  },
  {
    "name": "Bergouey-Viellenave",
    "code": "64113",
    "epci_code": "200067106",
    "departement_code": "64",
    "region_code": "75",
    "postal_code": "64270"
  },
  {
    "name": "Bernadets",
    "code": "64114",
    "epci_code": "200067296",
    "departement_code": "64",
    "region_code": "75",
    "postal_code": "64160"
  },
  {
    "name": "Berrogain-Laruns",
    "code": "64115",
    "epci_code": "200067106",
    "departement_code": "64",
    "region_code": "75",
    "postal_code": "64130"
  },
  {
    "name": "Bescat",
    "code": "64116",
    "epci_code": "246400337",
    "departement_code": "64",
    "region_code": "75",
    "postal_code": "64260"
  },
  {
    "name": "Bésingrand",
    "code": "64117",
    "epci_code": "200039204",
    "departement_code": "64",
    "region_code": "75",
    "postal_code": "64150"
  },
  {
    "name": "Bétracq",
    "code": "64118",
    "epci_code": "200067296",
    "departement_code": "64",
    "region_code": "75",
    "postal_code": "64350"
  },
  {
    "name": "Beuste",
    "code": "64119",
    "epci_code": "246401756",
    "departement_code": "64",
    "region_code": "75",
    "postal_code": "64800"
  },
  {
    "name": "Beyrie-sur-Joyeuse",
    "code": "64120",
    "epci_code": "200067106",
    "departement_code": "64",
    "region_code": "75",
    "postal_code": "64120"
  },
  {
    "name": "Beyrie-en-Béarn",
    "code": "64121",
    "epci_code": "200067254",
    "departement_code": "64",
    "region_code": "75",
    "postal_code": "64230"
  },
  {
    "name": "Biarritz",
    "code": "64122",
    "epci_code": "200067106",
    "departement_code": "64",
    "region_code": "75",
    "postal_code": "64200"
  },
  {
    "name": "Bidache",
    "code": "64123",
    "epci_code": "200067106",
    "departement_code": "64",
    "region_code": "75",
    "postal_code": "64520"
  },
  {
    "name": "Bidarray",
    "code": "64124",
    "epci_code": "200067106",
    "departement_code": "64",
    "region_code": "75",
    "postal_code": "64780"
  },
  {
    "name": "Bidart",
    "code": "64125",
    "epci_code": "200067106",
    "departement_code": "64",
    "region_code": "75",
    "postal_code": "64210"
  },
  {
    "name": "Bidos",
    "code": "64126",
    "epci_code": "200067262",
    "departement_code": "64",
    "region_code": "75",
    "postal_code": "64400"
  },
  {
    "name": "Bielle",
    "code": "64127",
    "epci_code": "246400337",
    "departement_code": "64",
    "region_code": "75",
    "postal_code": "64260"
  },
  {
    "name": "Bilhères",
    "code": "64128",
    "epci_code": "246400337",
    "departement_code": "64",
    "region_code": "75",
    "postal_code": "64260"
  },
  {
    "name": "Billère",
    "code": "64129",
    "epci_code": "200067254",
    "departement_code": "64",
    "region_code": "75",
    "postal_code": "64140"
  },
  {
    "name": "Biriatou",
    "code": "64130",
    "epci_code": "200067106",
    "departement_code": "64",
    "region_code": "75",
    "postal_code": "64700"
  },
  {
    "name": "Biron",
    "code": "64131",
    "epci_code": "200039204",
    "departement_code": "64",
    "region_code": "75",
    "postal_code": "64300"
  },
  {
    "name": "Bizanos",
    "code": "64132",
    "epci_code": "200067254",
    "departement_code": "64",
    "region_code": "75",
    "postal_code": "64320"
  },
  {
    "name": "Boeil-Bezing",
    "code": "64133",
    "epci_code": "246401756",
    "departement_code": "64",
    "region_code": "75",
    "postal_code": "64510"
  },
  {
    "name": "Bonloc",
    "code": "64134",
    "epci_code": "200067106",
    "departement_code": "64",
    "region_code": "75",
    "postal_code": "64240"
  },
  {
    "name": "Bonnut",
    "code": "64135",
    "epci_code": "200039204",
    "departement_code": "64",
    "region_code": "75",
    "postal_code": "64300"
  },
  {
    "name": "Borce",
    "code": "64136",
    "epci_code": "200067262",
    "departement_code": "64",
    "region_code": "75",
    "postal_code": "64490"
  },
  {
    "name": "Bordères",
    "code": "64137",
    "epci_code": "246401756",
    "departement_code": "64",
    "region_code": "75",
    "postal_code": "64800"
  },
  {
    "name": "Bordes",
    "code": "64138",
    "epci_code": "246401756",
    "departement_code": "64",
    "region_code": "75",
    "postal_code": "64510"
  },
  {
    "name": "Bosdarros",
    "code": "64139",
    "epci_code": "200067254",
    "departement_code": "64",
    "region_code": "75",
    "postal_code": "64290"
  },
  {
    "name": "Boucau",
    "code": "64140",
    "epci_code": "200067106",
    "departement_code": "64",
    "region_code": "75",
    "postal_code": "64340"
  },
  {
    "name": "Boueilh-Boueilho-Lasque",
    "code": "64141",
    "epci_code": "200067239",
    "departement_code": "64",
    "region_code": "75",
    "postal_code": "64330"
  },
  {
    "name": "Bougarber",
    "code": "64142",
    "epci_code": "200067254",
    "departement_code": "64",
    "region_code": "75",
    "postal_code": "64230"
  },
  {
    "name": "Bouillon",
    "code": "64143",
    "epci_code": "200067239",
    "departement_code": "64",
    "region_code": "75",
    "postal_code": "64410"
  },
  {
    "name": "Boumourt",
    "code": "64144",
    "epci_code": "200039204",
    "departement_code": "64",
    "region_code": "75",
    "postal_code": "64370"
  },
  {
    "name": "Bourdettes",
    "code": "64145",
    "epci_code": "246401756",
    "departement_code": "64",
    "region_code": "75",
    "postal_code": "64800"
  },
  {
    "name": "Bournos",
    "code": "64146",
    "epci_code": "200067239",
    "departement_code": "64",
    "region_code": "75",
    "postal_code": "64450"
  },
  {
    "name": "Briscous",
    "code": "64147",
    "epci_code": "200067106",
    "departement_code": "64",
    "region_code": "75",
    "postal_code": "64240"
  },
  {
    "name": "Bruges-Capbis-Mifaget",
    "code": "64148",
    "epci_code": "246401756",
    "departement_code": "64",
    "region_code": "75",
    "postal_code": "64800"
  },
  {
    "name": "Bugnein",
    "code": "64149",
    "epci_code": "200067288",
    "departement_code": "64",
    "region_code": "75",
    "postal_code": "64190"
  },
  {
    "name": "Bunus",
    "code": "64150",
    "epci_code": "200067106",
    "departement_code": "64",
    "region_code": "75",
    "postal_code": "64120"
  },
  {
    "name": "Burgaronne",
    "code": "64151",
    "epci_code": "200067288",
    "departement_code": "64",
    "region_code": "75",
    "postal_code": "64390"
  },
  {
    "name": "Buros",
    "code": "64152",
    "epci_code": "200067296",
    "departement_code": "64",
    "region_code": "75",
    "postal_code": "64160"
  },
  {
    "name": "Burosse-Mendousse",
    "code": "64153",
    "epci_code": "200067239",
    "departement_code": "64",
    "region_code": "75",
    "postal_code": "64330"
  },
  {
    "name": "Bussunarits-Sarrasquette",
    "code": "64154",
    "epci_code": "200067106",
    "departement_code": "64",
    "region_code": "75",
    "postal_code": "64220"
  },
  {
    "name": "Bustince-Iriberry",
    "code": "64155",
    "epci_code": "200067106",
    "departement_code": "64",
    "region_code": "75",
    "postal_code": "64220"
  },
  {
    "name": "Buziet",
    "code": "64156",
    "epci_code": "200067262",
    "departement_code": "64",
    "region_code": "75",
    "postal_code": "64680"
  },
  {
    "name": "Buzy",
    "code": "64157",
    "epci_code": "246400337",
    "departement_code": "64",
    "region_code": "75",
    "postal_code": "64260"
  },
  {
    "name": "Cabidos",
    "code": "64158",
    "epci_code": "200067239",
    "departement_code": "64",
    "region_code": "75",
    "postal_code": "64410"
  },
  {
    "name": "Cadillon",
    "code": "64159",
    "epci_code": "200067296",
    "departement_code": "64",
    "region_code": "75",
    "postal_code": "64330"
  },
  {
    "name": "Cambo-les-Bains",
    "code": "64160",
    "epci_code": "200067106",
    "departement_code": "64",
    "region_code": "75",
    "postal_code": "64250"
  },
  {
    "name": "Came",
    "code": "64161",
    "epci_code": "200067106",
    "departement_code": "64",
    "region_code": "75",
    "postal_code": "64520"
  },
  {
    "name": "Camou-Cihigue",
    "code": "64162",
    "epci_code": "200067106",
    "departement_code": "64",
    "region_code": "75",
    "postal_code": "64470"
  },
  {
    "name": "Cardesse",
    "code": "64165",
    "epci_code": "200039204",
    "departement_code": "64",
    "region_code": "75",
    "postal_code": "64360"
  },
  {
    "name": "Caro",
    "code": "64166",
    "epci_code": "200067106",
    "departement_code": "64",
    "region_code": "75",
    "postal_code": "64220"
  },
  {
    "name": "Carrère",
    "code": "64167",
    "epci_code": "200067239",
    "departement_code": "64",
    "region_code": "75",
    "postal_code": "64160"
  },
  {
    "name": "Carresse-Cassaber",
    "code": "64168",
    "epci_code": "200067288",
    "departement_code": "64",
    "region_code": "75",
    "postal_code": "64270"
  },
  {
    "name": "Castagnède",
    "code": "64170",
    "epci_code": "200067288",
    "departement_code": "64",
    "region_code": "75",
    "postal_code": "64270"
  },
  {
    "name": "Casteide-Cami",
    "code": "64171",
    "epci_code": "200039204",
    "departement_code": "64",
    "region_code": "75",
    "postal_code": "64170"
  },
  {
    "name": "Casteide-Candau",
    "code": "64172",
    "epci_code": "200039204",
    "departement_code": "64",
    "region_code": "75",
    "postal_code": "64370"
  },
  {
    "name": "Casteide-Doat",
    "code": "64173",
    "epci_code": "200072106",
    "departement_code": "64",
    "region_code": "75",
    "postal_code": "64460"
  },
  {
    "name": "Castéra-Loubix",
    "code": "64174",
    "epci_code": "200072106",
    "departement_code": "64",
    "region_code": "75",
    "postal_code": "64460"
  },
  {
    "name": "Castet",
    "code": "64175",
    "epci_code": "246400337",
    "departement_code": "64",
    "region_code": "75",
    "postal_code": "64260"
  },
  {
    "name": "Castetbon",
    "code": "64176",
    "epci_code": "200067288",
    "departement_code": "64",
    "region_code": "75",
    "postal_code": "64190"
  },
  {
    "name": "Castétis",
    "code": "64177",
    "epci_code": "200039204",
    "departement_code": "64",
    "region_code": "75",
    "postal_code": "64300"
  },
  {
    "name": "Castetnau-Camblong",
    "code": "64178",
    "epci_code": "200067288",
    "departement_code": "64",
    "region_code": "75",
    "postal_code": "64190"
  },
  {
    "name": "Castetner",
    "code": "64179",
    "epci_code": "200039204",
    "departement_code": "64",
    "region_code": "75",
    "postal_code": "64300"
  },
  {
    "name": "Castetpugon",
    "code": "64180",
    "epci_code": "200067239",
    "departement_code": "64",
    "region_code": "75",
    "postal_code": "64330"
  },
  {
    "name": "Castillon (Canton d’Arthez-de-Béarn)",
    "code": "64181",
    "epci_code": "200039204",
    "departement_code": "64",
    "region_code": "75",
    "postal_code": "64370"
  },
  {
    "name": "Castillon (Canton de Lembeye)",
    "code": "64182",
    "epci_code": "200067296",
    "departement_code": "64",
    "region_code": "75",
    "postal_code": "64350"
  },
  {
    "name": "Caubios-Loos",
    "code": "64183",
    "epci_code": "200067239",
    "departement_code": "64",
    "region_code": "75",
    "postal_code": "64230"
  },
  {
    "name": "Cescau",
    "code": "64184",
    "epci_code": "200039204",
    "departement_code": "64",
    "region_code": "75",
    "postal_code": "64170"
  },
  {
    "name": "Cette-Eygun",
    "code": "64185",
    "epci_code": "200067262",
    "departement_code": "64",
    "region_code": "75",
    "postal_code": "64490"
  },
  {
    "name": "Charre",
    "code": "64186",
    "epci_code": "200067288",
    "departement_code": "64",
    "region_code": "75",
    "postal_code": "64190"
  },
  {
    "name": "Charritte-de-Bas",
    "code": "64187",
    "epci_code": "200067106",
    "departement_code": "64",
    "region_code": "75",
    "postal_code": "64130"
  },
  {
    "name": "Chéraute",
    "code": "64188",
    "epci_code": "200067106",
    "departement_code": "64",
    "region_code": "75",
    "postal_code": "64130"
  },
  {
    "name": "Ciboure",
    "code": "64189",
    "epci_code": "200067106",
    "departement_code": "64",
    "region_code": "75",
    "postal_code": "64500"
  },
  {
    "name": "Claracq",
    "code": "64190",
    "epci_code": "200067239",
    "departement_code": "64",
    "region_code": "75",
    "postal_code": "64330"
  },
  {
    "name": "Coarraze",
    "code": "64191",
    "epci_code": "246401756",
    "departement_code": "64",
    "region_code": "75",
    "postal_code": "64800"
  },
  {
    "name": "Conchez-de-Béarn",
    "code": "64192",
    "epci_code": "200067239",
    "departement_code": "64",
    "region_code": "75",
    "postal_code": "64330"
  },
  {
    "name": "Corbère-Abères",
    "code": "64193",
    "epci_code": "200067296",
    "departement_code": "64",
    "region_code": "75",
    "postal_code": "64350"
  },
  {
    "name": "Coslédaà-Lube-Boast",
    "code": "64194",
    "epci_code": "200067296",
    "departement_code": "64",
    "region_code": "75",
    "postal_code": "64160"
  },
  {
    "name": "Coublucq",
    "code": "64195",
    "epci_code": "200067239",
    "departement_code": "64",
    "region_code": "75",
    "postal_code": "64410"
  },
  {
    "name": "Crouseilles",
    "code": "64196",
    "epci_code": "200067296",
    "departement_code": "64",
    "region_code": "75",
    "postal_code": "64350"
  },
  {
    "name": "Cuqueron",
    "code": "64197",
    "epci_code": "200039204",
    "departement_code": "64",
    "region_code": "75",
    "postal_code": "64360"
  },
  {
    "name": "Denguin",
    "code": "64198",
    "epci_code": "200067254",
    "departement_code": "64",
    "region_code": "75",
    "postal_code": "64230"
  },
  {
    "name": "Diusse",
    "code": "64199",
    "epci_code": "200067239",
    "departement_code": "64",
    "region_code": "75",
    "postal_code": "64330"
  },
  {
    "name": "Doazon",
    "code": "64200",
    "epci_code": "200039204",
    "departement_code": "64",
    "region_code": "75",
    "postal_code": "64370"
  },
  {
    "name": "Dognen",
    "code": "64201",
    "epci_code": "200067288",
    "departement_code": "64",
    "region_code": "75",
    "postal_code": "64190"
  },
  {
    "name": "Domezain-Berraute",
    "code": "64202",
    "epci_code": "200067106",
    "departement_code": "64",
    "region_code": "75",
    "postal_code": "64120"
  },
  {
    "name": "Doumy",
    "code": "64203",
    "epci_code": "200067239",
    "departement_code": "64",
    "region_code": "75",
    "postal_code": "64450"
  },
  {
    "name": "Eaux-Bonnes",
    "code": "64204",
    "epci_code": "246400337",
    "departement_code": "64",
    "region_code": "75",
    "postal_code": "64440"
  },
  {
    "name": "Escos",
    "code": "64205",
    "epci_code": "200067288",
    "departement_code": "64",
    "region_code": "75",
    "postal_code": "64270"
  },
  {
    "name": "Escot",
    "code": "64206",
    "epci_code": "200067262",
    "departement_code": "64",
    "region_code": "75",
    "postal_code": "64490"
  },
  {
    "name": "Escou",
    "code": "64207",
    "epci_code": "200067262",
    "departement_code": "64",
    "region_code": "75",
    "postal_code": "64870"
  },
  {
    "name": "Escoubès",
    "code": "64208",
    "epci_code": "200067296",
    "departement_code": "64",
    "region_code": "75",
    "postal_code": "64160"
  },
  {
    "name": "Escout",
    "code": "64209",
    "epci_code": "200067262",
    "departement_code": "64",
    "region_code": "75",
    "postal_code": "64870"
  },
  {
    "name": "Escurès",
    "code": "64210",
    "epci_code": "200067296",
    "departement_code": "64",
    "region_code": "75",
    "postal_code": "64350"
  },
  {
    "name": "Eslourenties-Daban",
    "code": "64211",
    "epci_code": "200067296",
    "departement_code": "64",
    "region_code": "75",
    "postal_code": "64420"
  },
  {
    "name": "Espéchède",
    "code": "64212",
    "epci_code": "200067296",
    "departement_code": "64",
    "region_code": "75",
    "postal_code": "64160"
  },
  {
    "name": "Espelette",
    "code": "64213",
    "epci_code": "200067106",
    "departement_code": "64",
    "region_code": "75",
    "postal_code": "64250"
  },
  {
    "name": "Espès-Undurein",
    "code": "64214",
    "epci_code": "200067106",
    "departement_code": "64",
    "region_code": "75",
    "postal_code": "64130"
  },
  {
    "name": "Espiute",
    "code": "64215",
    "epci_code": "200067288",
    "departement_code": "64",
    "region_code": "75",
    "postal_code": "64390"
  },
  {
    "name": "Espoey",
    "code": "64216",
    "epci_code": "200067296",
    "departement_code": "64",
    "region_code": "75",
    "postal_code": "64420"
  },
  {
    "name": "Esquiule",
    "code": "64217",
    "epci_code": "200067262",
    "departement_code": "64",
    "region_code": "75",
    "postal_code": "64400"
  },
  {
    "name": "Estérençuby",
    "code": "64218",
    "epci_code": "200067106",
    "departement_code": "64",
    "region_code": "75",
    "postal_code": "64220"
  },
  {
    "name": "Estialescq",
    "code": "64219",
    "epci_code": "200067262",
    "departement_code": "64",
    "region_code": "75",
    "postal_code": "64290"
  },
  {
    "name": "Estos",
    "code": "64220",
    "epci_code": "200067262",
    "departement_code": "64",
    "region_code": "75",
    "postal_code": "64400"
  },
  {
    "name": "Etcharry",
    "code": "64221",
    "epci_code": "200067106",
    "departement_code": "64",
    "region_code": "75",
    "postal_code": "64120"
  },
  {
    "name": "Etchebar",
    "code": "64222",
    "epci_code": "200067106",
    "departement_code": "64",
    "region_code": "75",
    "postal_code": "64470"
  },
  {
    "name": "Etsaut",
    "code": "64223",
    "epci_code": "200067262",
    "departement_code": "64",
    "region_code": "75",
    "postal_code": "64490"
  },
  {
    "name": "Eysus",
    "code": "64224",
    "epci_code": "200067262",
    "departement_code": "64",
    "region_code": "75",
    "postal_code": "64400"
  },
  {
    "name": "Ance Féas",
    "code": "64225",
    "epci_code": "200067262",
    "departement_code": "64",
    "region_code": "75",
    "postal_code": "64570"
  },
  {
    "name": "Fichous-Riumayou",
    "code": "64226",
    "epci_code": "200067239",
    "departement_code": "64",
    "region_code": "75",
    "postal_code": "64410"
  },
  {
    "name": "Gabaston",
    "code": "64227",
    "epci_code": "200067296",
    "departement_code": "64",
    "region_code": "75",
    "postal_code": "64160"
  },
  {
    "name": "Gabat",
    "code": "64228",
    "epci_code": "200067106",
    "departement_code": "64",
    "region_code": "75",
    "postal_code": "64120"
  },
  {
    "name": "Gamarthe",
    "code": "64229",
    "epci_code": "200067106",
    "departement_code": "64",
    "region_code": "75",
    "postal_code": "64220"
  },
  {
    "name": "Gan",
    "code": "64230",
    "epci_code": "200067254",
    "departement_code": "64",
    "region_code": "75",
    "postal_code": "64290"
  },
  {
    "name": "Garindein",
    "code": "64231",
    "epci_code": "200067106",
    "departement_code": "64",
    "region_code": "75",
    "postal_code": "64130"
  },
  {
    "name": "Garlède-Mondebat",
    "code": "64232",
    "epci_code": "200067239",
    "departement_code": "64",
    "region_code": "75",
    "postal_code": "64450"
  },
  {
    "name": "Garlin",
    "code": "64233",
    "epci_code": "200067239",
    "departement_code": "64",
    "region_code": "75",
    "postal_code": "64330"
  },
  {
    "name": "Garos",
    "code": "64234",
    "epci_code": "200067239",
    "departement_code": "64",
    "region_code": "75",
    "postal_code": "64410"
  },
  {
    "name": "Garris",
    "code": "64235",
    "epci_code": "200067106",
    "departement_code": "64",
    "region_code": "75",
    "postal_code": "64120"
  },
  {
    "name": "Gayon",
    "code": "64236",
    "epci_code": "200067296",
    "departement_code": "64",
    "region_code": "75",
    "postal_code": "64350"
  },
  {
    "name": "Gelos",
    "code": "64237",
    "epci_code": "200067254",
    "departement_code": "64",
    "region_code": "75",
    "postal_code": "64110"
  },
  {
    "name": "Ger",
    "code": "64238",
    "epci_code": "200067296",
    "departement_code": "64",
    "region_code": "75",
    "postal_code": "64530"
  },
  {
    "name": "Gerderest",
    "code": "64239",
    "epci_code": "200067296",
    "departement_code": "64",
    "region_code": "75",
    "postal_code": "64160"
  },
  {
    "name": "Gère-Bélesten",
    "code": "64240",
    "epci_code": "246400337",
    "departement_code": "64",
    "region_code": "75",
    "postal_code": "64260"
  },
  {
    "name": "Géronce",
    "code": "64241",
    "epci_code": "200067262",
    "departement_code": "64",
    "region_code": "75",
    "postal_code": "64400"
  },
  {
    "name": "Gestas",
    "code": "64242",
    "epci_code": "200067288",
    "departement_code": "64",
    "region_code": "75",
    "postal_code": "64190"
  },
  {
    "name": "Géus-d’Arzacq",
    "code": "64243",
    "epci_code": "200067239",
    "departement_code": "64",
    "region_code": "75",
    "postal_code": "64370"
  },
  {
    "name": "Geüs-d’Oloron",
    "code": "64244",
    "epci_code": "200067262",
    "departement_code": "64",
    "region_code": "75",
    "postal_code": "64400"
  },
  {
    "name": "Goès",
    "code": "64245",
    "epci_code": "200067262",
    "departement_code": "64",
    "region_code": "75",
    "postal_code": "64400"
  },
  {
    "name": "Gomer",
    "code": "64246",
    "epci_code": "200067296",
    "departement_code": "64",
    "region_code": "75",
    "postal_code": "64420"
  },
  {
    "name": "Gotein-Libarrenx",
    "code": "64247",
    "epci_code": "200067106",
    "departement_code": "64",
    "region_code": "75",
    "postal_code": "64130"
  },
  {
    "name": "Guéthary",
    "code": "64249",
    "epci_code": "200067106",
    "departement_code": "64",
    "region_code": "75",
    "postal_code": "64210"
  },
  {
    "name": "Guiche",
    "code": "64250",
    "epci_code": "200067106",
    "departement_code": "64",
    "region_code": "75",
    "postal_code": "64520"
  },
  {
    "name": "Guinarthe-Parenties",
    "code": "64251",
    "epci_code": "200067288",
    "departement_code": "64",
    "region_code": "75",
    "postal_code": "64390"
  },
  {
    "name": "Gurmençon",
    "code": "64252",
    "epci_code": "200067262",
    "departement_code": "64",
    "region_code": "75",
    "postal_code": "64400"
  },
  {
    "name": "Gurs",
    "code": "64253",
    "epci_code": "200067288",
    "departement_code": "64",
    "region_code": "75",
    "postal_code": "64190"
  },
  {
    "name": "Hagetaubin",
    "code": "64254",
    "epci_code": "200039204",
    "departement_code": "64",
    "region_code": "75",
    "postal_code": "64370"
  },
  {
    "name": "Halsou",
    "code": "64255",
    "epci_code": "200067106",
    "departement_code": "64",
    "region_code": "75",
    "postal_code": "64480"
  },
  {
    "name": "Hasparren",
    "code": "64256",
    "epci_code": "200067106",
    "departement_code": "64",
    "region_code": "75",
    "postal_code": "64240"
  },
  {
    "name": "Haut-de-Bosdarros",
    "code": "64257",
    "epci_code": "246401756",
    "departement_code": "64",
    "region_code": "75",
    "postal_code": "64800"
  },
  {
    "name": "Haux",
    "code": "64258",
    "epci_code": "200067106",
    "departement_code": "64",
    "region_code": "75",
    "postal_code": "64470"
  },
  {
    "name": "Hélette",
    "code": "64259",
    "epci_code": "200067106",
    "departement_code": "64",
    "region_code": "75",
    "postal_code": "64640"
  },
  {
    "name": "Hendaye",
    "code": "64260",
    "epci_code": "200067106",
    "departement_code": "64",
    "region_code": "75",
    "postal_code": "64700"
  },
  {
    "name": "Herrère",
    "code": "64261",
    "epci_code": "200067262",
    "departement_code": "64",
    "region_code": "75",
    "postal_code": "64680"
  },
  {
    "name": "Higuères-Souye",
    "code": "64262",
    "epci_code": "200067296",
    "departement_code": "64",
    "region_code": "75",
    "postal_code": "64160"
  },
  {
    "name": "L’Hôpital-d’Orion",
    "code": "64263",
    "epci_code": "200067288",
    "departement_code": "64",
    "region_code": "75",
    "postal_code": "64270"
  },
  {
    "name": "L’Hôpital-Saint-Blaise",
    "code": "64264",
    "epci_code": "200067106",
    "departement_code": "64",
    "region_code": "75",
    "postal_code": "64130"
  },
  {
    "name": "Hosta",
    "code": "64265",
    "epci_code": "200067106",
    "departement_code": "64",
    "region_code": "75",
    "postal_code": "64120"
  },
  {
    "name": "Hours",
    "code": "64266",
    "epci_code": "200067296",
    "departement_code": "64",
    "region_code": "75",
    "postal_code": "64420"
  },
  {
    "name": "Ibarrolle",
    "code": "64267",
    "epci_code": "200067106",
    "departement_code": "64",
    "region_code": "75",
    "postal_code": "64120"
  },
  {
    "name": "Idaux-Mendy",
    "code": "64268",
    "epci_code": "200067106",
    "departement_code": "64",
    "region_code": "75",
    "postal_code": "64130"
  },
  {
    "name": "Idron",
    "code": "64269",
    "epci_code": "200067254",
    "departement_code": "64",
    "region_code": "75",
    "postal_code": "64320"
  },
  {
    "name": "Igon",
    "code": "64270",
    "epci_code": "246401756",
    "departement_code": "64",
    "region_code": "75",
    "postal_code": "64800"
  },
  {
    "name": "Iholdy",
    "code": "64271",
    "epci_code": "200067106",
    "departement_code": "64",
    "region_code": "75",
    "postal_code": "64640"
  },
  {
    "name": "Ilharre",
    "code": "64272",
    "epci_code": "200067106",
    "departement_code": "64",
    "region_code": "75",
    "postal_code": "64120"
  },
  {
    "name": "Irissarry",
    "code": "64273",
    "epci_code": "200067106",
    "departement_code": "64",
    "region_code": "75",
    "postal_code": "64780"
  },
  {
    "name": "Irouléguy",
    "code": "64274",
    "epci_code": "200067106",
    "departement_code": "64",
    "region_code": "75",
    "postal_code": "64220"
  },
  {
    "name": "Ispoure",
    "code": "64275",
    "epci_code": "200067106",
    "departement_code": "64",
    "region_code": "75",
    "postal_code": "64220"
  },
  {
    "name": "Issor",
    "code": "64276",
    "epci_code": "200067262",
    "departement_code": "64",
    "region_code": "75",
    "postal_code": "64570"
  },
  {
    "name": "Isturits",
    "code": "64277",
    "epci_code": "200067106",
    "departement_code": "64",
    "region_code": "75",
    "postal_code": "64240"
  },
  {
    "name": "Itxassou",
    "code": "64279",
    "epci_code": "200067106",
    "departement_code": "64",
    "region_code": "75",
    "postal_code": "64250"
  },
  {
    "name": "Izeste",
    "code": "64280",
    "epci_code": "246400337",
    "departement_code": "64",
    "region_code": "75",
    "postal_code": "64260"
  },
  {
    "name": "Jasses",
    "code": "64281",
    "epci_code": "200067288",
    "departement_code": "64",
    "region_code": "75",
    "postal_code": "64190"
  },
  {
    "name": "Jatxou",
    "code": "64282",
    "epci_code": "200067106",
    "departement_code": "64",
    "region_code": "75",
    "postal_code": "64480"
  },
  {
    "name": "Jaxu",
    "code": "64283",
    "epci_code": "200067106",
    "departement_code": "64",
    "region_code": "75",
    "postal_code": "64220"
  },
  {
    "name": "Jurançon",
    "code": "64284",
    "epci_code": "200067254",
    "departement_code": "64",
    "region_code": "75",
    "postal_code": "64110"
  },
  {
    "name": "Juxue",
    "code": "64285",
    "epci_code": "200067106",
    "departement_code": "64",
    "region_code": "75",
    "postal_code": "64120"
  },
  {
    "name": "Laà-Mondrans",
    "code": "64286",
    "epci_code": "200039204",
    "departement_code": "64",
    "region_code": "75",
    "postal_code": "64300"
  },
  {
    "name": "Laàs",
    "code": "64287",
    "epci_code": "200067288",
    "departement_code": "64",
    "region_code": "75",
    "postal_code": "64390"
  },
  {
    "name": "Labastide-Cézéracq",
    "code": "64288",
    "epci_code": "200039204",
    "departement_code": "64",
    "region_code": "75",
    "postal_code": "64170"
  },
  {
    "name": "La Bastide-Clairence",
    "code": "64289",
    "epci_code": "200067106",
    "departement_code": "64",
    "region_code": "75",
    "postal_code": "64240"
  },
  {
    "name": "Labastide-Monréjeau",
    "code": "64290",
    "epci_code": "200039204",
    "departement_code": "64",
    "region_code": "75",
    "postal_code": "64170"
  },
  {
    "name": "Labastide-Villefranche",
    "code": "64291",
    "epci_code": "200067288",
    "departement_code": "64",
    "region_code": "75",
    "postal_code": "64270"
  },
  {
    "name": "Labatmale",
    "code": "64292",
    "epci_code": "246401756",
    "departement_code": "64",
    "region_code": "75",
    "postal_code": "64530"
  },
  {
    "name": "Labatut-Figuières",
    "code": "64293",
    "epci_code": "200072106",
    "departement_code": "64",
    "region_code": "75",
    "postal_code": "64460"
  },
  {
    "name": "Labets-Biscay",
    "code": "64294",
    "epci_code": "200067106",
    "departement_code": "64",
    "region_code": "75",
    "postal_code": "64120"
  },
  {
    "name": "Labeyrie",
    "code": "64295",
    "epci_code": "200039204",
    "departement_code": "64",
    "region_code": "75",
    "postal_code": "64300"
  },
  {
    "name": "Lacadée",
    "code": "64296",
    "epci_code": "200039204",
    "departement_code": "64",
    "region_code": "75",
    "postal_code": "64300"
  },
  {
    "name": "Lacarre",
    "code": "64297",
    "epci_code": "200067106",
    "departement_code": "64",
    "region_code": "75",
    "postal_code": "64220"
  },
  {
    "name": "Lacarry-Arhan-Charritte-de-Haut",
    "code": "64298",
    "epci_code": "200067106",
    "departement_code": "64",
    "region_code": "75",
    "postal_code": "64470"
  },
  {
    "name": "Lacommande",
    "code": "64299",
    "epci_code": "200039204",
    "departement_code": "64",
    "region_code": "75",
    "postal_code": "64360"
  },
  {
    "name": "Lacq",
    "code": "64300",
    "epci_code": "200039204",
    "departement_code": "64",
    "region_code": "75",
    "postal_code": "64170"
  },
  {
    "name": "Lagor",
    "code": "64301",
    "epci_code": "200039204",
    "departement_code": "64",
    "region_code": "75",
    "postal_code": "64150"
  },
  {
    "name": "Lagos",
    "code": "64302",
    "epci_code": "246401756",
    "departement_code": "64",
    "region_code": "75",
    "postal_code": "64800"
  },
  {
    "name": "Laguinge-Restoue",
    "code": "64303",
    "epci_code": "200067106",
    "departement_code": "64",
    "region_code": "75",
    "postal_code": "64470"
  },
  {
    "name": "Lahonce",
    "code": "64304",
    "epci_code": "200067106",
    "departement_code": "64",
    "region_code": "75",
    "postal_code": "64990"
  },
  {
    "name": "Lahontan",
    "code": "64305",
    "epci_code": "200067288",
    "departement_code": "64",
    "region_code": "75",
    "postal_code": "64270"
  },
  {
    "name": "Lahourcade",
    "code": "64306",
    "epci_code": "200039204",
    "departement_code": "64",
    "region_code": "75",
    "postal_code": "64150"
  },
  {
    "name": "Lalongue",
    "code": "64307",
    "epci_code": "200067296",
    "departement_code": "64",
    "region_code": "75",
    "postal_code": "64350"
  },
  {
    "name": "Lalonquette",
    "code": "64308",
    "epci_code": "200067239",
    "departement_code": "64",
    "region_code": "75",
    "postal_code": "64450"
  },
  {
    "name": "Lamayou",
    "code": "64309",
    "epci_code": "200072106",
    "departement_code": "64",
    "region_code": "75",
    "postal_code": "64460"
  },
  {
    "name": "Lanne-en-Barétous",
    "code": "64310",
    "epci_code": "200067262",
    "departement_code": "64",
    "region_code": "75",
    "postal_code": "64570"
  },
  {
    "name": "Lannecaube",
    "code": "64311",
    "epci_code": "200067296",
    "departement_code": "64",
    "region_code": "75",
    "postal_code": "64350"
  },
  {
    "name": "Lanneplaà",
    "code": "64312",
    "epci_code": "200039204",
    "departement_code": "64",
    "region_code": "75",
    "postal_code": "64300"
  },
  {
    "name": "Lantabat",
    "code": "64313",
    "epci_code": "200067106",
    "departement_code": "64",
    "region_code": "75",
    "postal_code": "64640"
  },
  {
    "name": "Larceveau-Arros-Cibits",
    "code": "64314",
    "epci_code": "200067106",
    "departement_code": "64",
    "region_code": "75",
    "postal_code": "64120"
  },
  {
    "name": "Laroin",
    "code": "64315",
    "epci_code": "200067254",
    "departement_code": "64",
    "region_code": "75",
    "postal_code": "64110"
  },
  {
    "name": "Larrau",
    "code": "64316",
    "epci_code": "200067106",
    "departement_code": "64",
    "region_code": "75",
    "postal_code": "64560"
  },
  {
    "name": "Larressore",
    "code": "64317",
    "epci_code": "200067106",
    "departement_code": "64",
    "region_code": "75",
    "postal_code": "64480"
  },
  {
    "name": "Larreule",
    "code": "64318",
    "epci_code": "200067239",
    "departement_code": "64",
    "region_code": "75",
    "postal_code": "64410"
  },
  {
    "name": "Larribar-Sorhapuru",
    "code": "64319",
    "epci_code": "200067106",
    "departement_code": "64",
    "region_code": "75",
    "postal_code": "64120"
  },
  {
    "name": "Laruns",
    "code": "64320",
    "epci_code": "246400337",
    "departement_code": "64",
    "region_code": "75",
    "postal_code": "64440"
  },
  {
    "name": "Lasclaveries",
    "code": "64321",
    "epci_code": "200067239",
    "departement_code": "64",
    "region_code": "75",
    "postal_code": "64450"
  },
  {
    "name": "Lasse",
    "code": "64322",
    "epci_code": "200067106",
    "departement_code": "64",
    "region_code": "75",
    "postal_code": "64220"
  },
  {
    "name": "Lasserre",
    "code": "64323",
    "epci_code": "200067296",
    "departement_code": "64",
    "region_code": "75",
    "postal_code": "64350"
  },
  {
    "name": "Lasseube",
    "code": "64324",
    "epci_code": "200067262",
    "departement_code": "64",
    "region_code": "75",
    "postal_code": "64290"
  },
  {
    "name": "Lasseubetat",
    "code": "64325",
    "epci_code": "200067262",
    "departement_code": "64",
    "region_code": "75",
    "postal_code": "64290"
  },
  {
    "name": "Lay-Lamidou",
    "code": "64326",
    "epci_code": "200067288",
    "departement_code": "64",
    "region_code": "75",
    "postal_code": "64190"
  },
  {
    "name": "Lecumberry",
    "code": "64327",
    "epci_code": "200067106",
    "departement_code": "64",
    "region_code": "75",
    "postal_code": "64220"
  },
  {
    "name": "Ledeuix",
    "code": "64328",
    "epci_code": "200067262",
    "departement_code": "64",
    "region_code": "75",
    "postal_code": "64400"
  },
  {
    "name": "Lée",
    "code": "64329",
    "epci_code": "200067254",
    "departement_code": "64",
    "region_code": "75",
    "postal_code": "64320"
  },
  {
    "name": "Lées-Athas",
    "code": "64330",
    "epci_code": "200067262",
    "departement_code": "64",
    "region_code": "75",
    "postal_code": "64490"
  },
  {
    "name": "Lembeye",
    "code": "64331",
    "epci_code": "200067296",
    "departement_code": "64",
    "region_code": "75",
    "postal_code": "64350"
  },
  {
    "name": "Lème",
    "code": "64332",
    "epci_code": "200067239",
    "departement_code": "64",
    "region_code": "75",
    "postal_code": "64450"
  },
  {
    "name": "Léren",
    "code": "64334",
    "epci_code": "200067288",
    "departement_code": "64",
    "region_code": "75",
    "postal_code": "64270"
  },
  {
    "name": "Lescar",
    "code": "64335",
    "epci_code": "200067254",
    "departement_code": "64",
    "region_code": "75",
    "postal_code": "64230"
  },
  {
    "name": "Lescun",
    "code": "64336",
    "epci_code": "200067262",
    "departement_code": "64",
    "region_code": "75",
    "postal_code": "64490"
  },
  {
    "name": "Lespielle",
    "code": "64337",
    "epci_code": "200067296",
    "departement_code": "64",
    "region_code": "75",
    "postal_code": "64350"
  },
  {
    "name": "Lespourcy",
    "code": "64338",
    "epci_code": "200067296",
    "departement_code": "64",
    "region_code": "75",
    "postal_code": "64160"
  },
  {
    "name": "Lestelle-Bétharram",
    "code": "64339",
    "epci_code": "246401756",
    "departement_code": "64",
    "region_code": "75",
    "postal_code": "64800"
  },
  {
    "name": "Lichans-Sunhar",
    "code": "64340",
    "epci_code": "200067106",
    "departement_code": "64",
    "region_code": "75",
    "postal_code": "64470"
  },
  {
    "name": "Lichos",
    "code": "64341",
    "epci_code": "200067106",
    "departement_code": "64",
    "region_code": "75",
    "postal_code": "64130"
  },
  {
    "name": "Licq-Athérey",
    "code": "64342",
    "epci_code": "200067106",
    "departement_code": "64",
    "region_code": "75",
    "postal_code": "64560"
  },
  {
    "name": "Limendous",
    "code": "64343",
    "epci_code": "200067296",
    "departement_code": "64",
    "region_code": "75",
    "postal_code": "64420"
  },
  {
    "name": "Livron",
    "code": "64344",
    "epci_code": "200067296",
    "departement_code": "64",
    "region_code": "75",
    "postal_code": "64530"
  },
  {
    "name": "Lohitzun-Oyhercq",
    "code": "64345",
    "epci_code": "200067106",
    "departement_code": "64",
    "region_code": "75",
    "postal_code": "64120"
  },
  {
    "name": "Lombia",
    "code": "64346",
    "epci_code": "200067296",
    "departement_code": "64",
    "region_code": "75",
    "postal_code": "64160"
  },
  {
    "name": "Lonçon",
    "code": "64347",
    "epci_code": "200067239",
    "departement_code": "64",
    "region_code": "75",
    "postal_code": "64410"
  },
  {
    "name": "Lons",
    "code": "64348",
    "epci_code": "200067254",
    "departement_code": "64",
    "region_code": "75",
    "postal_code": "64140"
  },
  {
    "name": "Loubieng",
    "code": "64349",
    "epci_code": "200039204",
    "departement_code": "64",
    "region_code": "75",
    "postal_code": "64300"
  },
  {
    "name": "Louhossoa",
    "code": "64350",
    "epci_code": "200067106",
    "departement_code": "64",
    "region_code": "75",
    "postal_code": "64250"
  },
  {
    "name": "Lourdios-Ichère",
    "code": "64351",
    "epci_code": "200067262",
    "departement_code": "64",
    "region_code": "75",
    "postal_code": "64570"
  },
  {
    "name": "Lourenties",
    "code": "64352",
    "epci_code": "200067296",
    "departement_code": "64",
    "region_code": "75",
    "postal_code": "64420"
  },
  {
    "name": "Louvie-Juzon",
    "code": "64353",
    "epci_code": "246400337",
    "departement_code": "64",
    "region_code": "75",
    "postal_code": "64260"
  },
  {
    "name": "Louvie-Soubiron",
    "code": "64354",
    "epci_code": "246400337",
    "departement_code": "64",
    "region_code": "75",
    "postal_code": "64440"
  },
  {
    "name": "Louvigny",
    "code": "64355",
    "epci_code": "200067239",
    "departement_code": "64",
    "region_code": "75",
    "postal_code": "64410"
  },
  {
    "name": "Luc-Armau",
    "code": "64356",
    "epci_code": "200067296",
    "departement_code": "64",
    "region_code": "75",
    "postal_code": "64350"
  },
  {
    "name": "Lucarré",
    "code": "64357",
    "epci_code": "200067296",
    "departement_code": "64",
    "region_code": "75",
    "postal_code": "64350"
  },
  {
    "name": "Lucgarier",
    "code": "64358",
    "epci_code": "200067296",
    "departement_code": "64",
    "region_code": "75",
    "postal_code": "64420"
  },
  {
    "name": "Lucq-de-Béarn",
    "code": "64359",
    "epci_code": "200039204",
    "departement_code": "64",
    "region_code": "75",
    "postal_code": "64360"
  },
  {
    "name": "Lurbe-Saint-Christau",
    "code": "64360",
    "epci_code": "200067262",
    "departement_code": "64",
    "region_code": "75",
    "postal_code": "64660"
  },
  {
    "name": "Lussagnet-Lusson",
    "code": "64361",
    "epci_code": "200067296",
    "departement_code": "64",
    "region_code": "75",
    "postal_code": "64160"
  },
  {
    "name": "Luxe-Sumberraute",
    "code": "64362",
    "epci_code": "200067106",
    "departement_code": "64",
    "region_code": "75",
    "postal_code": "64120"
  },
  {
    "name": "Lys",
    "code": "64363",
    "epci_code": "246400337",
    "departement_code": "64",
    "region_code": "75",
    "postal_code": "64260"
  },
  {
    "name": "Macaye",
    "code": "64364",
    "epci_code": "200067106",
    "departement_code": "64",
    "region_code": "75",
    "postal_code": "64240"
  },
  {
    "name": "Malaussanne",
    "code": "64365",
    "epci_code": "200067239",
    "departement_code": "64",
    "region_code": "75",
    "postal_code": "64410"
  },
  {
    "name": "Mascaraàs-Haron",
    "code": "64366",
    "epci_code": "200067239",
    "departement_code": "64",
    "region_code": "75",
    "postal_code": "64330"
  },
  {
    "name": "Maslacq",
    "code": "64367",
    "epci_code": "200039204",
    "departement_code": "64",
    "region_code": "75",
    "postal_code": "64300"
  },
  {
    "name": "Masparraute",
    "code": "64368",
    "epci_code": "200067106",
    "departement_code": "64",
    "region_code": "75",
    "postal_code": "64120"
  },
  {
    "name": "Maspie-Lalonquère-Juillacq",
    "code": "64369",
    "epci_code": "200067296",
    "departement_code": "64",
    "region_code": "75",
    "postal_code": "64350"
  },
  {
    "name": "Maucor",
    "code": "64370",
    "epci_code": "200067296",
    "departement_code": "64",
    "region_code": "75",
    "postal_code": "64160"
  },
  {
    "name": "Mauléon-Licharre",
    "code": "64371",
    "epci_code": "200067106",
    "departement_code": "64",
    "region_code": "75",
    "postal_code": "64130"
  },
  {
    "name": "Maure",
    "code": "64372",
    "epci_code": "200072106",
    "departement_code": "64",
    "region_code": "75",
    "postal_code": "64460"
  },
  {
    "name": "Mazères-Lezons",
    "code": "64373",
    "epci_code": "200067254",
    "departement_code": "64",
    "region_code": "75",
    "postal_code": "64110"
  },
  {
    "name": "Mazerolles",
    "code": "64374",
    "epci_code": "200067239",
    "departement_code": "64",
    "region_code": "75",
    "postal_code": "64230"
  },
  {
    "name": "Méharin",
    "code": "64375",
    "epci_code": "200067106",
    "departement_code": "64",
    "region_code": "75",
    "postal_code": "64120"
  },
  {
    "name": "Meillon",
    "code": "64376",
    "epci_code": "200067254",
    "departement_code": "64",
    "region_code": "75",
    "postal_code": "64510"
  },
  {
    "name": "Mendionde",
    "code": "64377",
    "epci_code": "200067106",
    "departement_code": "64",
    "region_code": "75",
    "postal_code": "64240"
  },
  {
    "name": "Menditte",
    "code": "64378",
    "epci_code": "200067106",
    "departement_code": "64",
    "region_code": "75",
    "postal_code": "64130"
  },
  {
    "name": "Mendive",
    "code": "64379",
    "epci_code": "200067106",
    "departement_code": "64",
    "region_code": "75",
    "postal_code": "64220"
  },
  {
    "name": "Méracq",
    "code": "64380",
    "epci_code": "200067239",
    "departement_code": "64",
    "region_code": "75",
    "postal_code": "64410"
  },
  {
    "name": "Méritein",
    "code": "64381",
    "epci_code": "200067288",
    "departement_code": "64",
    "region_code": "75",
    "postal_code": "64190"
  },
  {
    "name": "Mesplède",
    "code": "64382",
    "epci_code": "200039204",
    "departement_code": "64",
    "region_code": "75",
    "postal_code": "64370"
  },
  {
    "name": "Mialos",
    "code": "64383",
    "epci_code": "200067239",
    "departement_code": "64",
    "region_code": "75",
    "postal_code": "64410"
  },
  {
    "name": "Miossens-Lanusse",
    "code": "64385",
    "epci_code": "200067239",
    "departement_code": "64",
    "region_code": "75",
    "postal_code": "64450"
  },
  {
    "name": "Mirepeix",
    "code": "64386",
    "epci_code": "246401756",
    "departement_code": "64",
    "region_code": "75",
    "postal_code": "64800"
  },
  {
    "name": "Momas",
    "code": "64387",
    "epci_code": "200067239",
    "departement_code": "64",
    "region_code": "75",
    "postal_code": "64230"
  },
  {
    "name": "Momy",
    "code": "64388",
    "epci_code": "200067296",
    "departement_code": "64",
    "region_code": "75",
    "postal_code": "64350"
  },
  {
    "name": "Monassut-Audiracq",
    "code": "64389",
    "epci_code": "200067296",
    "departement_code": "64",
    "region_code": "75",
    "postal_code": "64160"
  },
  {
    "name": "Moncaup",
    "code": "64390",
    "epci_code": "200067296",
    "departement_code": "64",
    "region_code": "75",
    "postal_code": "64350"
  },
  {
    "name": "Moncayolle-Larrory-Mendibieu",
    "code": "64391",
    "epci_code": "200067106",
    "departement_code": "64",
    "region_code": "75",
    "postal_code": "64130"
  },
  {
    "name": "Moncla",
    "code": "64392",
    "epci_code": "200067239",
    "departement_code": "64",
    "region_code": "75",
    "postal_code": "64330"
  },
  {
    "name": "Monein",
    "code": "64393",
    "epci_code": "200039204",
    "departement_code": "64",
    "region_code": "75",
    "postal_code": "64360"
  },
  {
    "name": "Monpezat",
    "code": "64394",
    "epci_code": "200067296",
    "departement_code": "64",
    "region_code": "75",
    "postal_code": "64350"
  },
  {
    "name": "Monségur",
    "code": "64395",
    "epci_code": "200072106",
    "departement_code": "64",
    "region_code": "75",
    "postal_code": "64460"
  },
  {
    "name": "Mont",
    "code": "64396",
    "epci_code": "200039204",
    "departement_code": "64",
    "region_code": "75",
    "postal_code": "64300"
  },
  {
    "name": "Montagut",
    "code": "64397",
    "epci_code": "200067239",
    "departement_code": "64",
    "region_code": "75",
    "postal_code": "64410"
  },
  {
    "name": "Montaner",
    "code": "64398",
    "epci_code": "200072106",
    "departement_code": "64",
    "region_code": "75",
    "postal_code": "64460"
  },
  {
    "name": "Montardon",
    "code": "64399",
    "epci_code": "200067239",
    "departement_code": "64",
    "region_code": "75",
    "postal_code": "64121"
  },
  {
    "name": "Montaut",
    "code": "64400",
    "epci_code": "246401756",
    "departement_code": "64",
    "region_code": "75",
    "postal_code": "64800"
  },
  {
    "name": "Mont-Disse",
    "code": "64401",
    "epci_code": "200067239",
    "departement_code": "64",
    "region_code": "75",
    "postal_code": "64330"
  },
  {
    "name": "Montfort",
    "code": "64403",
    "epci_code": "200067288",
    "departement_code": "64",
    "region_code": "75",
    "postal_code": "64190"
  },
  {
    "name": "Montory",
    "code": "64404",
    "epci_code": "200067106",
    "departement_code": "64",
    "region_code": "75",
    "postal_code": "64470"
  },
  {
    "name": "Morlaàs",
    "code": "64405",
    "epci_code": "200067296",
    "departement_code": "64",
    "region_code": "75",
    "postal_code": "64160"
  },
  {
    "name": "Morlanne",
    "code": "64406",
    "epci_code": "200067239",
    "departement_code": "64",
    "region_code": "75",
    "postal_code": "64370"
  },
  {
    "name": "Mouguerre",
    "code": "64407",
    "epci_code": "200067106",
    "departement_code": "64",
    "region_code": "75",
    "postal_code": "64990"
  },
  {
    "name": "Mouhous",
    "code": "64408",
    "epci_code": "200067239",
    "departement_code": "64",
    "region_code": "75",
    "postal_code": "64330"
  },
  {
    "name": "Moumour",
    "code": "64409",
    "epci_code": "200067262",
    "departement_code": "64",
    "region_code": "75",
    "postal_code": "64400"
  },
  {
    "name": "Mourenx",
    "code": "64410",
    "epci_code": "200039204",
    "departement_code": "64",
    "region_code": "75",
    "postal_code": "64150"
  },
  {
    "name": "Musculdy",
    "code": "64411",
    "epci_code": "200067106",
    "departement_code": "64",
    "region_code": "75",
    "postal_code": "64130"
  },
  {
    "name": "Nabas",
    "code": "64412",
    "epci_code": "200067288",
    "departement_code": "64",
    "region_code": "75",
    "postal_code": "64190"
  },
  {
    "name": "Narcastet",
    "code": "64413",
    "epci_code": "246401756",
    "departement_code": "64",
    "region_code": "75",
    "postal_code": "64510"
  },
  {
    "name": "Narp",
    "code": "64414",
    "epci_code": "200067288",
    "departement_code": "64",
    "region_code": "75",
    "postal_code": "64190"
  },
  {
    "name": "Navailles-Angos",
    "code": "64415",
    "epci_code": "200067239",
    "departement_code": "64",
    "region_code": "75",
    "postal_code": "64450"
  },
  {
    "name": "Navarrenx",
    "code": "64416",
    "epci_code": "200067288",
    "departement_code": "64",
    "region_code": "75",
    "postal_code": "64190"
  },
  {
    "name": "Nay",
    "code": "64417",
    "epci_code": "246401756",
    "departement_code": "64",
    "region_code": "75",
    "postal_code": "64800"
  },
  {
    "name": "Noguères",
    "code": "64418",
    "epci_code": "200039204",
    "departement_code": "64",
    "region_code": "75",
    "postal_code": "64150"
  },
  {
    "name": "Nousty",
    "code": "64419",
    "epci_code": "200067296",
    "departement_code": "64",
    "region_code": "75",
    "postal_code": "64420"
  },
  {
    "name": "Ogenne-Camptort",
    "code": "64420",
    "epci_code": "200067288",
    "departement_code": "64",
    "region_code": "75",
    "postal_code": "64190"
  },
  {
    "name": "Ogeu-les-Bains",
    "code": "64421",
    "epci_code": "200067262",
    "departement_code": "64",
    "region_code": "75",
    "postal_code": "64680"
  },
  {
    "name": "Oloron-Sainte-Marie",
    "code": "64422",
    "epci_code": "200067262",
    "departement_code": "64",
    "region_code": "75",
    "postal_code": "64400"
  },
  {
    "name": "Oraàs",
    "code": "64423",
    "epci_code": "200067288",
    "departement_code": "64",
    "region_code": "75",
    "postal_code": "64390"
  },
  {
    "name": "Ordiarp",
    "code": "64424",
    "epci_code": "200067106",
    "departement_code": "64",
    "region_code": "75",
    "postal_code": "64130"
  },
  {
    "name": "Orègue",
    "code": "64425",
    "epci_code": "200067106",
    "departement_code": "64",
    "region_code": "75",
    "postal_code": "64120"
  },
  {
    "name": "Orin",
    "code": "64426",
    "epci_code": "200067262",
    "departement_code": "64",
    "region_code": "75",
    "postal_code": "64400"
  },
  {
    "name": "Orion",
    "code": "64427",
    "epci_code": "200067288",
    "departement_code": "64",
    "region_code": "75",
    "postal_code": "64390"
  },
  {
    "name": "Orriule",
    "code": "64428",
    "epci_code": "200067288",
    "departement_code": "64",
    "region_code": "75",
    "postal_code": "64390"
  },
  {
    "name": "Orsanco",
    "code": "64429",
    "epci_code": "200067106",
    "departement_code": "64",
    "region_code": "75",
    "postal_code": "64120"
  },
  {
    "name": "Orthez",
    "code": "64430",
    "epci_code": "200039204",
    "departement_code": "64",
    "region_code": "75",
    "postal_code": "64300"
  },
  {
    "name": "Os-Marsillon",
    "code": "64431",
    "epci_code": "200039204",
    "departement_code": "64",
    "region_code": "75",
    "postal_code": "64150"
  },
  {
    "name": "Ossas-Suhare",
    "code": "64432",
    "epci_code": "200067106",
    "departement_code": "64",
    "region_code": "75",
    "postal_code": "64470"
  },
  {
    "name": "Osse-en-Aspe",
    "code": "64433",
    "epci_code": "200067262",
    "departement_code": "64",
    "region_code": "75",
    "postal_code": "64490"
  },
  {
    "name": "Ossenx",
    "code": "64434",
    "epci_code": "200067288",
    "departement_code": "64",
    "region_code": "75",
    "postal_code": "64190"
  },
  {
    "name": "Osserain-Rivareyte",
    "code": "64435",
    "epci_code": "200067106",
    "departement_code": "64",
    "region_code": "75",
    "postal_code": "64390"
  },
  {
    "name": "Ossès",
    "code": "64436",
    "epci_code": "200067106",
    "departement_code": "64",
    "region_code": "75",
    "postal_code": "64780"
  },
  {
    "name": "Ostabat-Asme",
    "code": "64437",
    "epci_code": "200067106",
    "departement_code": "64",
    "region_code": "75",
    "postal_code": "64120"
  },
  {
    "name": "Ouillon",
    "code": "64438",
    "epci_code": "200067296",
    "departement_code": "64",
    "region_code": "75",
    "postal_code": "64160"
  },
  {
    "name": "Ousse",
    "code": "64439",
    "epci_code": "200067254",
    "departement_code": "64",
    "region_code": "75",
    "postal_code": "64320"
  },
  {
    "name": "Ozenx-Montestrucq",
    "code": "64440",
    "epci_code": "200039204",
    "departement_code": "64",
    "region_code": "75",
    "postal_code": "64300"
  },
  {
    "name": "Pagolle",
    "code": "64441",
    "epci_code": "200067106",
    "departement_code": "64",
    "region_code": "75",
    "postal_code": "64120"
  },
  {
    "name": "Parbayse",
    "code": "64442",
    "epci_code": "200039204",
    "departement_code": "64",
    "region_code": "75",
    "postal_code": "64360"
  },
  {
    "name": "Pardies",
    "code": "64443",
    "epci_code": "200039204",
    "departement_code": "64",
    "region_code": "75",
    "postal_code": "64150"
  },
  {
    "name": "Pardies-Piétat",
    "code": "64444",
    "epci_code": "246401756",
    "departement_code": "64",
    "region_code": "75",
    "postal_code": "64800"
  },
  {
    "name": "Pau",
    "code": "64445",
    "epci_code": "200067254",
    "departement_code": "64",
    "region_code": "75",
    "postal_code": "64000"
  },
  {
    "name": "Peyrelongue-Abos",
    "code": "64446",
    "epci_code": "200067296",
    "departement_code": "64",
    "region_code": "75",
    "postal_code": "64350"
  },
  {
    "name": "Piets-Plasence-Moustrou",
    "code": "64447",
    "epci_code": "200067239",
    "departement_code": "64",
    "region_code": "75",
    "postal_code": "64410"
  },
  {
    "name": "Poey-de-Lescar",
    "code": "64448",
    "epci_code": "200067254",
    "departement_code": "64",
    "region_code": "75",
    "postal_code": "64230"
  },
  {
    "name": "Poey-d’Oloron",
    "code": "64449",
    "epci_code": "200067262",
    "departement_code": "64",
    "region_code": "75",
    "postal_code": "64400"
  },
  {
    "name": "Pomps",
    "code": "64450",
    "epci_code": "200067239",
    "departement_code": "64",
    "region_code": "75",
    "postal_code": "64370"
  },
  {
    "name": "Ponson-Debat-Pouts",
    "code": "64451",
    "epci_code": "200072106",
    "departement_code": "64",
    "region_code": "75",
    "postal_code": "64460"
  },
  {
    "name": "Ponson-Dessus",
    "code": "64452",
    "epci_code": "200067296",
    "departement_code": "64",
    "region_code": "75",
    "postal_code": "64460"
  },
  {
    "name": "Pontacq",
    "code": "64453",
    "epci_code": "200067296",
    "departement_code": "64",
    "region_code": "75",
    "postal_code": "64530"
  },
  {
    "name": "Pontiacq-Viellepinte",
    "code": "64454",
    "epci_code": "200072106",
    "departement_code": "64",
    "region_code": "75",
    "postal_code": "64460"
  },
  {
    "name": "Portet",
    "code": "64455",
    "epci_code": "200067239",
    "departement_code": "64",
    "region_code": "75",
    "postal_code": "64330"
  },
  {
    "name": "Pouliacq",
    "code": "64456",
    "epci_code": "200067239",
    "departement_code": "64",
    "region_code": "75",
    "postal_code": "64410"
  },
  {
    "name": "Poursiugues-Boucoue",
    "code": "64457",
    "epci_code": "200067239",
    "departement_code": "64",
    "region_code": "75",
    "postal_code": "64410"
  },
  {
    "name": "Préchacq-Josbaig",
    "code": "64458",
    "epci_code": "200067262",
    "departement_code": "64",
    "region_code": "75",
    "postal_code": "64190"
  },
  {
    "name": "Préchacq-Navarrenx",
    "code": "64459",
    "epci_code": "200067288",
    "departement_code": "64",
    "region_code": "75",
    "postal_code": "64190"
  },
  {
    "name": "Précilhon",
    "code": "64460",
    "epci_code": "200067262",
    "departement_code": "64",
    "region_code": "75",
    "postal_code": "64400"
  },
  {
    "name": "Puyoô",
    "code": "64461",
    "epci_code": "200039204",
    "departement_code": "64",
    "region_code": "75",
    "postal_code": "64270"
  },
  {
    "name": "Ramous",
    "code": "64462",
    "epci_code": "200039204",
    "departement_code": "64",
    "region_code": "75",
    "postal_code": "64270"
  },
  {
    "name": "Rébénacq",
    "code": "64463",
    "epci_code": "246400337",
    "departement_code": "64",
    "region_code": "75",
    "postal_code": "64260"
  },
  {
    "name": "Ribarrouy",
    "code": "64464",
    "epci_code": "200067239",
    "departement_code": "64",
    "region_code": "75",
    "postal_code": "64330"
  },
  {
    "name": "Riupeyrous",
    "code": "64465",
    "epci_code": "200067296",
    "departement_code": "64",
    "region_code": "75",
    "postal_code": "64160"
  },
  {
    "name": "Rivehaute",
    "code": "64466",
    "epci_code": "200067288",
    "departement_code": "64",
    "region_code": "75",
    "postal_code": "64190"
  },
  {
    "name": "Rontignon",
    "code": "64467",
    "epci_code": "200067254",
    "departement_code": "64",
    "region_code": "75",
    "postal_code": "64110"
  },
  {
    "name": "Roquiague",
    "code": "64468",
    "epci_code": "200067106",
    "departement_code": "64",
    "region_code": "75",
    "postal_code": "64130"
  },
  {
    "name": "Saint-Abit",
    "code": "64469",
    "epci_code": "246401756",
    "departement_code": "64",
    "region_code": "75",
    "postal_code": "64800"
  },
  {
    "name": "Saint-Armou",
    "code": "64470",
    "epci_code": "200067296",
    "departement_code": "64",
    "region_code": "75",
    "postal_code": "64160"
  },
  {
    "name": "Saint-Boès",
    "code": "64471",
    "epci_code": "200039204",
    "departement_code": "64",
    "region_code": "75",
    "postal_code": "64300"
  },
  {
    "name": "Saint-Castin",
    "code": "64472",
    "epci_code": "200067296",
    "departement_code": "64",
    "region_code": "75",
    "postal_code": "64160"
  },
  {
    "name": "Sainte-Colome",
    "code": "64473",
    "epci_code": "246400337",
    "departement_code": "64",
    "region_code": "75",
    "postal_code": "64260"
  },
  {
    "name": "Saint-Dos",
    "code": "64474",
    "epci_code": "200067288",
    "departement_code": "64",
    "region_code": "75",
    "postal_code": "64270"
  },
  {
    "name": "Sainte-Engrâce",
    "code": "64475",
    "epci_code": "200067106",
    "departement_code": "64",
    "region_code": "75",
    "postal_code": "64560"
  },
  {
    "name": "Saint-Esteben",
    "code": "64476",
    "epci_code": "200067106",
    "departement_code": "64",
    "region_code": "75",
    "postal_code": "64640"
  },
  {
    "name": "Saint-Étienne-de-Baïgorry",
    "code": "64477",
    "epci_code": "200067106",
    "departement_code": "64",
    "region_code": "75",
    "postal_code": "64430"
  },
  {
    "name": "Saint-Faust",
    "code": "64478",
    "epci_code": "200067254",
    "departement_code": "64",
    "region_code": "75",
    "postal_code": "64110"
  },
  {
    "name": "Saint-Girons-en-Béarn",
    "code": "64479",
    "epci_code": "200039204",
    "departement_code": "64",
    "region_code": "75",
    "postal_code": "64300"
  },
  {
    "name": "Saint-Gladie-Arrive-Munein",
    "code": "64480",
    "epci_code": "200067288",
    "departement_code": "64",
    "region_code": "75",
    "postal_code": "64390"
  },
  {
    "name": "Saint-Goin",
    "code": "64481",
    "epci_code": "200067262",
    "departement_code": "64",
    "region_code": "75",
    "postal_code": "64400"
  },
  {
    "name": "Saint-Jammes",
    "code": "64482",
    "epci_code": "200067296",
    "departement_code": "64",
    "region_code": "75",
    "postal_code": "64160"
  },
  {
    "name": "Saint-Jean-de-Luz",
    "code": "64483",
    "epci_code": "200067106",
    "departement_code": "64",
    "region_code": "75",
    "postal_code": "64500"
  },
  {
    "name": "Saint-Jean-le-Vieux",
    "code": "64484",
    "epci_code": "200067106",
    "departement_code": "64",
    "region_code": "75",
    "postal_code": "64220"
  },
  {
    "name": "Saint-Jean-Pied-de-Port",
    "code": "64485",
    "epci_code": "200067106",
    "departement_code": "64",
    "region_code": "75",
    "postal_code": "64220"
  },
  {
    "name": "Saint-Jean-Poudge",
    "code": "64486",
    "epci_code": "200067239",
    "departement_code": "64",
    "region_code": "75",
    "postal_code": "64330"
  },
  {
    "name": "Saint-Just-Ibarre",
    "code": "64487",
    "epci_code": "200067106",
    "departement_code": "64",
    "region_code": "75",
    "postal_code": "64120"
  },
  {
    "name": "Saint-Laurent-Bretagne",
    "code": "64488",
    "epci_code": "200067296",
    "departement_code": "64",
    "region_code": "75",
    "postal_code": "64160"
  },
  {
    "name": "Saint-Martin-d’Arberoue",
    "code": "64489",
    "epci_code": "200067106",
    "departement_code": "64",
    "region_code": "75",
    "postal_code": "64640"
  },
  {
    "name": "Saint-Martin-d’Arrossa",
    "code": "64490",
    "epci_code": "200067106",
    "departement_code": "64",
    "region_code": "75",
    "postal_code": "64780"
  },
  {
    "name": "Saint-Médard",
    "code": "64491",
    "epci_code": "200039204",
    "departement_code": "64",
    "region_code": "75",
    "postal_code": "64370"
  },
  {
    "name": "Saint-Michel",
    "code": "64492",
    "epci_code": "200067106",
    "departement_code": "64",
    "region_code": "75",
    "postal_code": "64220"
  },
  {
    "name": "Saint-Palais",
    "code": "64493",
    "epci_code": "200067106",
    "departement_code": "64",
    "region_code": "75",
    "postal_code": "64120"
  },
  {
    "name": "Saint-Pé-de-Léren",
    "code": "64494",
    "epci_code": "200067288",
    "departement_code": "64",
    "region_code": "75",
    "postal_code": "64270"
  },
  {
    "name": "Saint-Pée-sur-Nivelle",
    "code": "64495",
    "epci_code": "200067106",
    "departement_code": "64",
    "region_code": "75",
    "postal_code": "64310"
  },
  {
    "name": "Saint-Pierre-d’Irube",
    "code": "64496",
    "epci_code": "200067106",
    "departement_code": "64",
    "region_code": "75",
    "postal_code": "64990"
  },
  {
    "name": "Saint-Vincent",
    "code": "64498",
    "epci_code": "246401756",
    "departement_code": "64",
    "region_code": "75",
    "postal_code": "64800"
  },
  {
    "name": "Salies-de-Béarn",
    "code": "64499",
    "epci_code": "200067288",
    "departement_code": "64",
    "region_code": "75",
    "postal_code": "64270"
  },
  {
    "name": "Salles-Mongiscard",
    "code": "64500",
    "epci_code": "200039204",
    "departement_code": "64",
    "region_code": "75",
    "postal_code": "64300"
  },
  {
    "name": "Sallespisse",
    "code": "64501",
    "epci_code": "200039204",
    "departement_code": "64",
    "region_code": "75",
    "postal_code": "64300"
  },
  {
    "name": "Sames",
    "code": "64502",
    "epci_code": "200067106",
    "departement_code": "64",
    "region_code": "75",
    "postal_code": "64520"
  },
  {
    "name": "Samsons-Lion",
    "code": "64503",
    "epci_code": "200067296",
    "departement_code": "64",
    "region_code": "75",
    "postal_code": "64350"
  },
  {
    "name": "Sare",
    "code": "64504",
    "epci_code": "200067106",
    "departement_code": "64",
    "region_code": "75",
    "postal_code": "64310"
  },
  {
    "name": "Sarpourenx",
    "code": "64505",
    "epci_code": "200039204",
    "departement_code": "64",
    "region_code": "75",
    "postal_code": "64300"
  },
  {
    "name": "Sarrance",
    "code": "64506",
    "epci_code": "200067262",
    "departement_code": "64",
    "region_code": "75",
    "postal_code": "64490"
  },
  {
    "name": "Saubole",
    "code": "64507",
    "epci_code": "200067296",
    "departement_code": "64",
    "region_code": "75",
    "postal_code": "64420"
  },
  {
    "name": "Saucède",
    "code": "64508",
    "epci_code": "200067262",
    "departement_code": "64",
    "region_code": "75",
    "postal_code": "64400"
  },
  {
    "name": "Sauguis-Saint-Étienne",
    "code": "64509",
    "epci_code": "200067106",
    "departement_code": "64",
    "region_code": "75",
    "postal_code": "64470"
  },
  {
    "name": "Sault-de-Navailles",
    "code": "64510",
    "epci_code": "200039204",
    "departement_code": "64",
    "region_code": "75",
    "postal_code": "64300"
  },
  {
    "name": "Sauvagnon",
    "code": "64511",
    "epci_code": "200067239",
    "departement_code": "64",
    "region_code": "75",
    "postal_code": "64230"
  },
  {
    "name": "Sauvelade",
    "code": "64512",
    "epci_code": "200039204",
    "departement_code": "64",
    "region_code": "75",
    "postal_code": "64150"
  },
  {
    "name": "Sauveterre-de-Béarn",
    "code": "64513",
    "epci_code": "200067288",
    "departement_code": "64",
    "region_code": "75",
    "postal_code": "64390"
  },
  {
    "name": "Séby",
    "code": "64514",
    "epci_code": "200067239",
    "departement_code": "64",
    "region_code": "75",
    "postal_code": "64410"
  },
  {
    "name": "Sedze-Maubecq",
    "code": "64515",
    "epci_code": "200072106",
    "departement_code": "64",
    "region_code": "75",
    "postal_code": "64160"
  },
  {
    "name": "Sedzère",
    "code": "64516",
    "epci_code": "200067296",
    "departement_code": "64",
    "region_code": "75",
    "postal_code": "64160"
  },
  {
    "name": "Séméacq-Blachon",
    "code": "64517",
    "epci_code": "200067296",
    "departement_code": "64",
    "region_code": "75",
    "postal_code": "64350"
  },
  {
    "name": "Sendets",
    "code": "64518",
    "epci_code": "200067254",
    "departement_code": "64",
    "region_code": "75",
    "postal_code": "64320"
  },
  {
    "name": "Serres-Castet",
    "code": "64519",
    "epci_code": "200067239",
    "departement_code": "64",
    "region_code": "75",
    "postal_code": "64121"
  },
  {
    "name": "Serres-Morlaàs",
    "code": "64520",
    "epci_code": "200067296",
    "departement_code": "64",
    "region_code": "75",
    "postal_code": "64160"
  },
  {
    "name": "Serres-Sainte-Marie",
    "code": "64521",
    "epci_code": "200039204",
    "departement_code": "64",
    "region_code": "75",
    "postal_code": "64170"
  },
  {
    "name": "Sévignacq-Meyracq",
    "code": "64522",
    "epci_code": "246400337",
    "departement_code": "64",
    "region_code": "75",
    "postal_code": "64260"
  },
  {
    "name": "Sévignacq",
    "code": "64523",
    "epci_code": "200067239",
    "departement_code": "64",
    "region_code": "75",
    "postal_code": "64160"
  },
  {
    "name": "Simacourbe",
    "code": "64524",
    "epci_code": "200067296",
    "departement_code": "64",
    "region_code": "75",
    "postal_code": "64350"
  },
  {
    "name": "Siros",
    "code": "64525",
    "epci_code": "200067254",
    "departement_code": "64",
    "region_code": "75",
    "postal_code": "64230"
  },
  {
    "name": "Soumoulou",
    "code": "64526",
    "epci_code": "200067296",
    "departement_code": "64",
    "region_code": "75",
    "postal_code": "64420"
  },
  {
    "name": "Souraïde",
    "code": "64527",
    "epci_code": "200067106",
    "departement_code": "64",
    "region_code": "75",
    "postal_code": "64250"
  },
  {
    "name": "Suhescun",
    "code": "64528",
    "epci_code": "200067106",
    "departement_code": "64",
    "region_code": "75",
    "postal_code": "64780"
  },
  {
    "name": "Sus",
    "code": "64529",
    "epci_code": "200067288",
    "departement_code": "64",
    "region_code": "75",
    "postal_code": "64190"
  },
  {
    "name": "Susmiou",
    "code": "64530",
    "epci_code": "200067288",
    "departement_code": "64",
    "region_code": "75",
    "postal_code": "64190"
  },
  {
    "name": "Tabaille-Usquain",
    "code": "64531",
    "epci_code": "200067288",
    "departement_code": "64",
    "region_code": "75",
    "postal_code": "64190"
  },
  {
    "name": "Tadousse-Ussau",
    "code": "64532",
    "epci_code": "200067239",
    "departement_code": "64",
    "region_code": "75",
    "postal_code": "64330"
  },
  {
    "name": "Tardets-Sorholus",
    "code": "64533",
    "epci_code": "200067106",
    "departement_code": "64",
    "region_code": "75",
    "postal_code": "64470"
  },
  {
    "name": "Taron-Sadirac-Viellenave",
    "code": "64534",
    "epci_code": "200067239",
    "departement_code": "64",
    "region_code": "75",
    "postal_code": "64330"
  },
  {
    "name": "Tarsacq",
    "code": "64535",
    "epci_code": "200039204",
    "departement_code": "64",
    "region_code": "75",
    "postal_code": "64360"
  },
  {
    "name": "Thèze",
    "code": "64536",
    "epci_code": "200067239",
    "departement_code": "64",
    "region_code": "75",
    "postal_code": "64450"
  },
  {
    "name": "Trois-Villes",
    "code": "64537",
    "epci_code": "200067106",
    "departement_code": "64",
    "region_code": "75",
    "postal_code": "64470"
  },
  {
    "name": "Uhart-Cize",
    "code": "64538",
    "epci_code": "200067106",
    "departement_code": "64",
    "region_code": "75",
    "postal_code": "64220"
  },
  {
    "name": "Uhart-Mixe",
    "code": "64539",
    "epci_code": "200067106",
    "departement_code": "64",
    "region_code": "75",
    "postal_code": "64120"
  },
  {
    "name": "Urcuit",
    "code": "64540",
    "epci_code": "200067106",
    "departement_code": "64",
    "region_code": "75",
    "postal_code": "64990"
  },
  {
    "name": "Urdos",
    "code": "64542",
    "epci_code": "200067262",
    "departement_code": "64",
    "region_code": "75",
    "postal_code": "64490"
  },
  {
    "name": "Urepel",
    "code": "64543",
    "epci_code": "200067106",
    "departement_code": "64",
    "region_code": "75",
    "postal_code": "64430"
  },
  {
    "name": "Urost",
    "code": "64544",
    "epci_code": "200067296",
    "departement_code": "64",
    "region_code": "75",
    "postal_code": "64160"
  },
  {
    "name": "Urrugne",
    "code": "64545",
    "epci_code": "200067106",
    "departement_code": "64",
    "region_code": "75",
    "postal_code": "64122"
  },
  {
    "name": "Urrugne",
    "code": "64545",
    "epci_code": "200067106",
    "departement_code": "64",
    "region_code": "75",
    "postal_code": "64700"
  },
  {
    "name": "Urt",
    "code": "64546",
    "epci_code": "200067106",
    "departement_code": "64",
    "region_code": "75",
    "postal_code": "64240"
  },
  {
    "name": "Ustaritz",
    "code": "64547",
    "epci_code": "200067106",
    "departement_code": "64",
    "region_code": "75",
    "postal_code": "64480"
  },
  {
    "name": "Uzan",
    "code": "64548",
    "epci_code": "200067239",
    "departement_code": "64",
    "region_code": "75",
    "postal_code": "64370"
  },
  {
    "name": "Uzein",
    "code": "64549",
    "epci_code": "200067254",
    "departement_code": "64",
    "region_code": "75",
    "postal_code": "64230"
  },
  {
    "name": "Uzos",
    "code": "64550",
    "epci_code": "200067254",
    "departement_code": "64",
    "region_code": "75",
    "postal_code": "64110"
  },
  {
    "name": "Verdets",
    "code": "64551",
    "epci_code": "200067262",
    "departement_code": "64",
    "region_code": "75",
    "postal_code": "64400"
  },
  {
    "name": "Vialer",
    "code": "64552",
    "epci_code": "200067239",
    "departement_code": "64",
    "region_code": "75",
    "postal_code": "64330"
  },
  {
    "name": "Viellenave-d’Arthez",
    "code": "64554",
    "epci_code": "200039204",
    "departement_code": "64",
    "region_code": "75",
    "postal_code": "64170"
  },
  {
    "name": "Viellenave-de-Navarrenx",
    "code": "64555",
    "epci_code": "200067288",
    "departement_code": "64",
    "region_code": "75",
    "postal_code": "64190"
  },
  {
    "name": "Vielleségure",
    "code": "64556",
    "epci_code": "200039204",
    "departement_code": "64",
    "region_code": "75",
    "postal_code": "64150"
  },
  {
    "name": "Vignes",
    "code": "64557",
    "epci_code": "200067239",
    "departement_code": "64",
    "region_code": "75",
    "postal_code": "64410"
  },
  {
    "name": "Villefranque",
    "code": "64558",
    "epci_code": "200067106",
    "departement_code": "64",
    "region_code": "75",
    "postal_code": "64990"
  },
  {
    "name": "Viodos-Abense-de-Bas",
    "code": "64559",
    "epci_code": "200067106",
    "departement_code": "64",
    "region_code": "75",
    "postal_code": "64130"
  },
  {
    "name": "Viven",
    "code": "64560",
    "epci_code": "200067239",
    "departement_code": "64",
    "region_code": "75",
    "postal_code": "64450"
  }
]