[
  {
    "name": "Agudelle",
    "code": "17002",
    "epci_code": "200041523",
    "departement_code": "17",
    "region_code": "75",
    "postal_code": "17500"
  },
  {
    "name": "Aigrefeuille-d’Aunis",
    "code": "17003",
    "epci_code": "200041614",
    "departement_code": "17",
    "region_code": "75",
    "postal_code": "17290"
  },
  {
    "name": "Île-d’Aix",
    "code": "17004",
    "epci_code": "200041762",
    "departement_code": "17",
    "region_code": "75",
    "postal_code": "17123"
  },
  {
    "name": "Allas-Bocage",
    "code": "17005",
    "epci_code": "200041523",
    "departement_code": "17",
    "region_code": "75",
    "postal_code": "17150"
  },
  {
    "name": "Allas-Champagne",
    "code": "17006",
    "epci_code": "200041523",
    "departement_code": "17",
    "region_code": "75",
    "postal_code": "17500"
  },
  {
    "name": "Anais",
    "code": "17007",
    "epci_code": "200041614",
    "departement_code": "17",
    "region_code": "75",
    "postal_code": "17540"
  },
  {
    "name": "Andilly",
    "code": "17008",
    "epci_code": "200041499",
    "departement_code": "17",
    "region_code": "75",
    "postal_code": "17230"
  },
  {
    "name": "Angliers",
    "code": "17009",
    "epci_code": "200041499",
    "departement_code": "17",
    "region_code": "75",
    "postal_code": "17540"
  },
  {
    "name": "Angoulins",
    "code": "17010",
    "epci_code": "241700434",
    "departement_code": "17",
    "region_code": "75",
    "postal_code": "17690"
  },
  {
    "name": "Annepont",
    "code": "17011",
    "epci_code": "200041689",
    "departement_code": "17",
    "region_code": "75",
    "postal_code": "17350"
  },
  {
    "name": "Annezay",
    "code": "17012",
    "epci_code": "200041689",
    "departement_code": "17",
    "region_code": "75",
    "postal_code": "17380"
  },
  {
    "name": "Antezant-la-Chapelle",
    "code": "17013",
    "epci_code": "200041689",
    "departement_code": "17",
    "region_code": "75",
    "postal_code": "17400"
  },
  {
    "name": "Arces",
    "code": "17015",
    "epci_code": "241700640",
    "departement_code": "17",
    "region_code": "75",
    "postal_code": "17120"
  },
  {
    "name": "Archiac",
    "code": "17016",
    "epci_code": "200041523",
    "departement_code": "17",
    "region_code": "75",
    "postal_code": "17520"
  },
  {
    "name": "Archingeay",
    "code": "17017",
    "epci_code": "200041689",
    "departement_code": "17",
    "region_code": "75",
    "postal_code": "17380"
  },
  {
    "name": "Ardillières",
    "code": "17018",
    "epci_code": "200041614",
    "departement_code": "17",
    "region_code": "75",
    "postal_code": "17290"
  },
  {
    "name": "Ars-en-Ré",
    "code": "17019",
    "epci_code": "241700459",
    "departement_code": "17",
    "region_code": "75",
    "postal_code": "17590"
  },
  {
    "name": "Arthenac",
    "code": "17020",
    "epci_code": "200041523",
    "departement_code": "17",
    "region_code": "75",
    "postal_code": "17520"
  },
  {
    "name": "Arvert",
    "code": "17021",
    "epci_code": "241700640",
    "departement_code": "17",
    "region_code": "75",
    "postal_code": "17530"
  },
  {
    "name": "Asnières-la-Giraud",
    "code": "17022",
    "epci_code": "200041689",
    "departement_code": "17",
    "region_code": "75",
    "postal_code": "17400"
  },
  {
    "name": "Aujac",
    "code": "17023",
    "epci_code": "200041689",
    "departement_code": "17",
    "region_code": "75",
    "postal_code": "17770"
  },
  {
    "name": "Aulnay",
    "code": "17024",
    "epci_code": "200041689",
    "departement_code": "17",
    "region_code": "75",
    "postal_code": "17470"
  },
  {
    "name": "Aumagne",
    "code": "17025",
    "epci_code": "200041689",
    "departement_code": "17",
    "region_code": "75",
    "postal_code": "17770"
  },
  {
    "name": "Authon-Ébéon",
    "code": "17026",
    "epci_code": "200041689",
    "departement_code": "17",
    "region_code": "75",
    "postal_code": "17770"
  },
  {
    "name": "Avy",
    "code": "17027",
    "epci_code": "200041523",
    "departement_code": "17",
    "region_code": "75",
    "postal_code": "17800"
  },
  {
    "name": "Aytré",
    "code": "17028",
    "epci_code": "241700434",
    "departement_code": "17",
    "region_code": "75",
    "postal_code": "17440"
  },
  {
    "name": "Bagnizeau",
    "code": "17029",
    "epci_code": "200041689",
    "departement_code": "17",
    "region_code": "75",
    "postal_code": "17160"
  },
  {
    "name": "Balanzac",
    "code": "17030",
    "epci_code": "241700517",
    "departement_code": "17",
    "region_code": "75",
    "postal_code": "17600"
  },
  {
    "name": "Ballans",
    "code": "17031",
    "epci_code": "200041689",
    "departement_code": "17",
    "region_code": "75",
    "postal_code": "17160"
  },
  {
    "name": "Ballon",
    "code": "17032",
    "epci_code": "200041614",
    "departement_code": "17",
    "region_code": "75",
    "postal_code": "17290"
  },
  {
    "name": "La Barde",
    "code": "17033",
    "epci_code": "200041523",
    "departement_code": "17",
    "region_code": "75",
    "postal_code": "17360"
  },
  {
    "name": "Barzan",
    "code": "17034",
    "epci_code": "241700640",
    "departement_code": "17",
    "region_code": "75",
    "postal_code": "17120"
  },
  {
    "name": "Bazauges",
    "code": "17035",
    "epci_code": "200041689",
    "departement_code": "17",
    "region_code": "75",
    "postal_code": "17490"
  },
  {
    "name": "Beaugeay",
    "code": "17036",
    "epci_code": "200041762",
    "departement_code": "17",
    "region_code": "75",
    "postal_code": "17620"
  },
  {
    "name": "Beauvais-sur-Matha",
    "code": "17037",
    "epci_code": "200041689",
    "departement_code": "17",
    "region_code": "75",
    "postal_code": "17490"
  },
  {
    "name": "Bedenac",
    "code": "17038",
    "epci_code": "200041523",
    "departement_code": "17",
    "region_code": "75",
    "postal_code": "17210"
  },
  {
    "name": "Belluire",
    "code": "17039",
    "epci_code": "200041523",
    "departement_code": "17",
    "region_code": "75",
    "postal_code": "17800"
  },
  {
    "name": "Benon",
    "code": "17041",
    "epci_code": "200041499",
    "departement_code": "17",
    "region_code": "75",
    "postal_code": "17170"
  },
  {
    "name": "Bercloux",
    "code": "17042",
    "epci_code": "200041689",
    "departement_code": "17",
    "region_code": "75",
    "postal_code": "17770"
  },
  {
    "name": "Bernay-Saint-Martin",
    "code": "17043",
    "epci_code": "200041689",
    "departement_code": "17",
    "region_code": "75",
    "postal_code": "17330"
  },
  {
    "name": "Berneuil",
    "code": "17044",
    "epci_code": "241700632",
    "departement_code": "17",
    "region_code": "75",
    "postal_code": "17460"
  },
  {
    "name": "Beurlay",
    "code": "17045",
    "epci_code": "241700517",
    "departement_code": "17",
    "region_code": "75",
    "postal_code": "17250"
  },
  {
    "name": "Bignay",
    "code": "17046",
    "epci_code": "200041689",
    "departement_code": "17",
    "region_code": "75",
    "postal_code": "17400"
  },
  {
    "name": "Biron",
    "code": "17047",
    "epci_code": "200041523",
    "departement_code": "17",
    "region_code": "75",
    "postal_code": "17800"
  },
  {
    "name": "Blanzac-lès-Matha",
    "code": "17048",
    "epci_code": "200041689",
    "departement_code": "17",
    "region_code": "75",
    "postal_code": "17160"
  },
  {
    "name": "Blanzay-sur-Boutonne",
    "code": "17049",
    "epci_code": "200041689",
    "departement_code": "17",
    "region_code": "75",
    "postal_code": "17470"
  },
  {
    "name": "Bois",
    "code": "17050",
    "epci_code": "200041523",
    "departement_code": "17",
    "region_code": "75",
    "postal_code": "17240"
  },
  {
    "name": "Le Bois-Plage-en-Ré",
    "code": "17051",
    "epci_code": "241700459",
    "departement_code": "17",
    "region_code": "75",
    "postal_code": "17580"
  },
  {
    "name": "Boisredon",
    "code": "17052",
    "epci_code": "200041523",
    "departement_code": "17",
    "region_code": "75",
    "postal_code": "17150"
  },
  {
    "name": "Bords",
    "code": "17053",
    "epci_code": "200041689",
    "departement_code": "17",
    "region_code": "75",
    "postal_code": "17430"
  },
  {
    "name": "Boresse-et-Martron",
    "code": "17054",
    "epci_code": "200041523",
    "departement_code": "17",
    "region_code": "75",
    "postal_code": "17270"
  },
  {
    "name": "Boscamnant",
    "code": "17055",
    "epci_code": "200041523",
    "departement_code": "17",
    "region_code": "75",
    "postal_code": "17360"
  },
  {
    "name": "Bougneau",
    "code": "17056",
    "epci_code": "200041523",
    "departement_code": "17",
    "region_code": "75",
    "postal_code": "17800"
  },
  {
    "name": "Bouhet",
    "code": "17057",
    "epci_code": "200041614",
    "departement_code": "17",
    "region_code": "75",
    "postal_code": "17540"
  },
  {
    "name": "Bourcefranc-le-Chapus",
    "code": "17058",
    "epci_code": "241700699",
    "departement_code": "17",
    "region_code": "75",
    "postal_code": "17560"
  },
  {
    "name": "Bourgneuf",
    "code": "17059",
    "epci_code": "241700434",
    "departement_code": "17",
    "region_code": "75",
    "postal_code": "17220"
  },
  {
    "name": "Boutenac-Touvent",
    "code": "17060",
    "epci_code": "241700640",
    "departement_code": "17",
    "region_code": "75",
    "postal_code": "17120"
  },
  {
    "name": "Bran",
    "code": "17061",
    "epci_code": "200041523",
    "departement_code": "17",
    "region_code": "75",
    "postal_code": "17210"
  },
  {
    "name": "Bresdon",
    "code": "17062",
    "epci_code": "200041689",
    "departement_code": "17",
    "region_code": "75",
    "postal_code": "17490"
  },
  {
    "name": "Breuil-la-Réorte",
    "code": "17063",
    "epci_code": "200041614",
    "departement_code": "17",
    "region_code": "75",
    "postal_code": "17700"
  },
  {
    "name": "Breuillet",
    "code": "17064",
    "epci_code": "241700640",
    "departement_code": "17",
    "region_code": "75",
    "postal_code": "17920"
  },
  {
    "name": "Breuil-Magné",
    "code": "17065",
    "epci_code": "200041762",
    "departement_code": "17",
    "region_code": "75",
    "postal_code": "17870"
  },
  {
    "name": "Brie-sous-Archiac",
    "code": "17066",
    "epci_code": "200041523",
    "departement_code": "17",
    "region_code": "75",
    "postal_code": "17520"
  },
  {
    "name": "Brie-sous-Matha",
    "code": "17067",
    "epci_code": "200041689",
    "departement_code": "17",
    "region_code": "75",
    "postal_code": "17160"
  },
  {
    "name": "Brie-sous-Mortagne",
    "code": "17068",
    "epci_code": "241700640",
    "departement_code": "17",
    "region_code": "75",
    "postal_code": "17120"
  },
  {
    "name": "Brives-sur-Charente",
    "code": "17069",
    "epci_code": "200041523",
    "departement_code": "17",
    "region_code": "75",
    "postal_code": "17800"
  },
  {
    "name": "Brizambourg",
    "code": "17070",
    "epci_code": "200041689",
    "departement_code": "17",
    "region_code": "75",
    "postal_code": "17770"
  },
  {
    "name": "La Brousse",
    "code": "17071",
    "epci_code": "200041689",
    "departement_code": "17",
    "region_code": "75",
    "postal_code": "17160"
  },
  {
    "name": "Burie",
    "code": "17072",
    "epci_code": "200036473",
    "departement_code": "17",
    "region_code": "75",
    "postal_code": "17770"
  },
  {
    "name": "Bussac-sur-Charente",
    "code": "17073",
    "epci_code": "200036473",
    "departement_code": "17",
    "region_code": "75",
    "postal_code": "17100"
  },
  {
    "name": "Bussac-Forêt",
    "code": "17074",
    "epci_code": "200041523",
    "departement_code": "17",
    "region_code": "75",
    "postal_code": "17210"
  },
  {
    "name": "Cabariot",
    "code": "17075",
    "epci_code": "200041762",
    "departement_code": "17",
    "region_code": "75",
    "postal_code": "17430"
  },
  {
    "name": "Celles",
    "code": "17076",
    "epci_code": "200041523",
    "departement_code": "17",
    "region_code": "75",
    "postal_code": "17520"
  },
  {
    "name": "Cercoux",
    "code": "17077",
    "epci_code": "200041523",
    "departement_code": "17",
    "region_code": "75",
    "postal_code": "17270"
  },
  {
    "name": "Chadenac",
    "code": "17078",
    "epci_code": "200041523",
    "departement_code": "17",
    "region_code": "75",
    "postal_code": "17800"
  },
  {
    "name": "Chaillevette",
    "code": "17079",
    "epci_code": "241700640",
    "departement_code": "17",
    "region_code": "75",
    "postal_code": "17890"
  },
  {
    "name": "Chambon",
    "code": "17080",
    "epci_code": "200041614",
    "departement_code": "17",
    "region_code": "75",
    "postal_code": "17290"
  },
  {
    "name": "Chamouillac",
    "code": "17081",
    "epci_code": "200041523",
    "departement_code": "17",
    "region_code": "75",
    "postal_code": "17130"
  },
  {
    "name": "Champagnac",
    "code": "17082",
    "epci_code": "200041523",
    "departement_code": "17",
    "region_code": "75",
    "postal_code": "17500"
  },
  {
    "name": "Champagne",
    "code": "17083",
    "epci_code": "200041762",
    "departement_code": "17",
    "region_code": "75",
    "postal_code": "17620"
  },
  {
    "name": "Champagnolles",
    "code": "17084",
    "epci_code": "200041523",
    "departement_code": "17",
    "region_code": "75",
    "postal_code": "17240"
  },
  {
    "name": "Champdolent",
    "code": "17085",
    "epci_code": "200041689",
    "departement_code": "17",
    "region_code": "75",
    "postal_code": "17430"
  },
  {
    "name": "Chaniers",
    "code": "17086",
    "epci_code": "200036473",
    "departement_code": "17",
    "region_code": "75",
    "postal_code": "17610"
  },
  {
    "name": "Chantemerle-sur-la-Soie",
    "code": "17087",
    "epci_code": "200041689",
    "departement_code": "17",
    "region_code": "75",
    "postal_code": "17380"
  },
  {
    "name": "La Chapelle-des-Pots",
    "code": "17089",
    "epci_code": "200036473",
    "departement_code": "17",
    "region_code": "75",
    "postal_code": "17100"
  },
  {
    "name": "Charron",
    "code": "17091",
    "epci_code": "200041499",
    "departement_code": "17",
    "region_code": "75",
    "postal_code": "17230"
  },
  {
    "name": "Chartuzac",
    "code": "17092",
    "epci_code": "200041523",
    "departement_code": "17",
    "region_code": "75",
    "postal_code": "17130"
  },
  {
    "name": "Le Château-d’Oléron",
    "code": "17093",
    "epci_code": "241700624",
    "departement_code": "17",
    "region_code": "75",
    "postal_code": "17480"
  },
  {
    "name": "Châtelaillon-Plage",
    "code": "17094",
    "epci_code": "241700434",
    "departement_code": "17",
    "region_code": "75",
    "postal_code": "17340"
  },
  {
    "name": "Chatenet",
    "code": "17095",
    "epci_code": "200041523",
    "departement_code": "17",
    "region_code": "75",
    "postal_code": "17210"
  },
  {
    "name": "Chaunac",
    "code": "17096",
    "epci_code": "200041523",
    "departement_code": "17",
    "region_code": "75",
    "postal_code": "17130"
  },
  {
    "name": "Le Chay",
    "code": "17097",
    "epci_code": "241700640",
    "departement_code": "17",
    "region_code": "75",
    "postal_code": "17600"
  },
  {
    "name": "Chenac-Saint-Seurin-d’Uzet",
    "code": "17098",
    "epci_code": "241700640",
    "departement_code": "17",
    "region_code": "75",
    "postal_code": "17120"
  },
  {
    "name": "Chepniers",
    "code": "17099",
    "epci_code": "200041523",
    "departement_code": "17",
    "region_code": "75",
    "postal_code": "17210"
  },
  {
    "name": "Chérac",
    "code": "17100",
    "epci_code": "200036473",
    "departement_code": "17",
    "region_code": "75",
    "postal_code": "17610"
  },
  {
    "name": "Cherbonnières",
    "code": "17101",
    "epci_code": "200041689",
    "departement_code": "17",
    "region_code": "75",
    "postal_code": "17470"
  },
  {
    "name": "Chermignac",
    "code": "17102",
    "epci_code": "200036473",
    "departement_code": "17",
    "region_code": "75",
    "postal_code": "17460"
  },
  {
    "name": "Chevanceaux",
    "code": "17104",
    "epci_code": "200041523",
    "departement_code": "17",
    "region_code": "75",
    "postal_code": "17210"
  },
  {
    "name": "Chives",
    "code": "17105",
    "epci_code": "200041689",
    "departement_code": "17",
    "region_code": "75",
    "postal_code": "17510"
  },
  {
    "name": "Cierzac",
    "code": "17106",
    "epci_code": "200041523",
    "departement_code": "17",
    "region_code": "75",
    "postal_code": "17520"
  },
  {
    "name": "Ciré-d’Aunis",
    "code": "17107",
    "epci_code": "200041614",
    "departement_code": "17",
    "region_code": "75",
    "postal_code": "17290"
  },
  {
    "name": "Clam",
    "code": "17108",
    "epci_code": "200041523",
    "departement_code": "17",
    "region_code": "75",
    "postal_code": "17500"
  },
  {
    "name": "Clavette",
    "code": "17109",
    "epci_code": "241700434",
    "departement_code": "17",
    "region_code": "75",
    "postal_code": "17220"
  },
  {
    "name": "Clérac",
    "code": "17110",
    "epci_code": "200041523",
    "departement_code": "17",
    "region_code": "75",
    "postal_code": "17270"
  },
  {
    "name": "Clion",
    "code": "17111",
    "epci_code": "200041523",
    "departement_code": "17",
    "region_code": "75",
    "postal_code": "17240"
  },
  {
    "name": "La Clisse",
    "code": "17112",
    "epci_code": "200036473",
    "departement_code": "17",
    "region_code": "75",
    "postal_code": "17600"
  },
  {
    "name": "La Clotte",
    "code": "17113",
    "epci_code": "200041523",
    "departement_code": "17",
    "region_code": "75",
    "postal_code": "17360"
  },
  {
    "name": "Coivert",
    "code": "17114",
    "epci_code": "200041689",
    "departement_code": "17",
    "region_code": "75",
    "postal_code": "17330"
  },
  {
    "name": "Colombiers",
    "code": "17115",
    "epci_code": "200036473",
    "departement_code": "17",
    "region_code": "75",
    "postal_code": "17460"
  },
  {
    "name": "Consac",
    "code": "17116",
    "epci_code": "200041523",
    "departement_code": "17",
    "region_code": "75",
    "postal_code": "17150"
  },
  {
    "name": "Contré",
    "code": "17117",
    "epci_code": "200041689",
    "departement_code": "17",
    "region_code": "75",
    "postal_code": "17470"
  },
  {
    "name": "Corignac",
    "code": "17118",
    "epci_code": "200041523",
    "departement_code": "17",
    "region_code": "75",
    "postal_code": "17130"
  },
  {
    "name": "Corme-Écluse",
    "code": "17119",
    "epci_code": "241700640",
    "departement_code": "17",
    "region_code": "75",
    "postal_code": "17600"
  },
  {
    "name": "Corme-Royal",
    "code": "17120",
    "epci_code": "200036473",
    "departement_code": "17",
    "region_code": "75",
    "postal_code": "17600"
  },
  {
    "name": "La Couarde-sur-Mer",
    "code": "17121",
    "epci_code": "241700459",
    "departement_code": "17",
    "region_code": "75",
    "postal_code": "17670"
  },
  {
    "name": "Coulonges",
    "code": "17122",
    "epci_code": "200041523",
    "departement_code": "17",
    "region_code": "75",
    "postal_code": "17800"
  },
  {
    "name": "Courant",
    "code": "17124",
    "epci_code": "200041689",
    "departement_code": "17",
    "region_code": "75",
    "postal_code": "17330"
  },
  {
    "name": "Courcelles",
    "code": "17125",
    "epci_code": "200041689",
    "departement_code": "17",
    "region_code": "75",
    "postal_code": "17400"
  },
  {
    "name": "Courcerac",
    "code": "17126",
    "epci_code": "200041689",
    "departement_code": "17",
    "region_code": "75",
    "postal_code": "17160"
  },
  {
    "name": "Courçon",
    "code": "17127",
    "epci_code": "200041499",
    "departement_code": "17",
    "region_code": "75",
    "postal_code": "17170"
  },
  {
    "name": "Courcoury",
    "code": "17128",
    "epci_code": "200036473",
    "departement_code": "17",
    "region_code": "75",
    "postal_code": "17100"
  },
  {
    "name": "Courpignac",
    "code": "17129",
    "epci_code": "200041523",
    "departement_code": "17",
    "region_code": "75",
    "postal_code": "17130"
  },
  {
    "name": "Coux",
    "code": "17130",
    "epci_code": "200041523",
    "departement_code": "17",
    "region_code": "75",
    "postal_code": "17130"
  },
  {
    "name": "Cozes",
    "code": "17131",
    "epci_code": "241700640",
    "departement_code": "17",
    "region_code": "75",
    "postal_code": "17120"
  },
  {
    "name": "Cram-Chaban",
    "code": "17132",
    "epci_code": "200041499",
    "departement_code": "17",
    "region_code": "75",
    "postal_code": "17170"
  },
  {
    "name": "Cravans",
    "code": "17133",
    "epci_code": "241700632",
    "departement_code": "17",
    "region_code": "75",
    "postal_code": "17260"
  },
  {
    "name": "Crazannes",
    "code": "17134",
    "epci_code": "241700517",
    "departement_code": "17",
    "region_code": "75",
    "postal_code": "17350"
  },
  {
    "name": "Cressé",
    "code": "17135",
    "epci_code": "200041689",
    "departement_code": "17",
    "region_code": "75",
    "postal_code": "17160"
  },
  {
    "name": "Croix-Chapeau",
    "code": "17136",
    "epci_code": "241700434",
    "departement_code": "17",
    "region_code": "75",
    "postal_code": "17220"
  },
  {
    "name": "La Croix-Comtesse",
    "code": "17137",
    "epci_code": "200041689",
    "departement_code": "17",
    "region_code": "75",
    "postal_code": "17330"
  },
  {
    "name": "Dampierre-sur-Boutonne",
    "code": "17138",
    "epci_code": "200041689",
    "departement_code": "17",
    "region_code": "75",
    "postal_code": "17470"
  },
  {
    "name": "Dœuil-sur-le-Mignon",
    "code": "17139",
    "epci_code": "200041689",
    "departement_code": "17",
    "region_code": "75",
    "postal_code": "17330"
  },
  {
    "name": "Dolus-d’Oléron",
    "code": "17140",
    "epci_code": "241700624",
    "departement_code": "17",
    "region_code": "75",
    "postal_code": "17550"
  },
  {
    "name": "Dompierre-sur-Charente",
    "code": "17141",
    "epci_code": "200036473",
    "departement_code": "17",
    "region_code": "75",
    "postal_code": "17610"
  },
  {
    "name": "Dompierre-sur-Mer",
    "code": "17142",
    "epci_code": "241700434",
    "departement_code": "17",
    "region_code": "75",
    "postal_code": "17139"
  },
  {
    "name": "Le Douhet",
    "code": "17143",
    "epci_code": "200036473",
    "departement_code": "17",
    "region_code": "75",
    "postal_code": "17100"
  },
  {
    "name": "Échebrune",
    "code": "17145",
    "epci_code": "200041523",
    "departement_code": "17",
    "region_code": "75",
    "postal_code": "17800"
  },
  {
    "name": "Échillais",
    "code": "17146",
    "epci_code": "200041762",
    "departement_code": "17",
    "region_code": "75",
    "postal_code": "17620"
  },
  {
    "name": "Écoyeux",
    "code": "17147",
    "epci_code": "200036473",
    "departement_code": "17",
    "region_code": "75",
    "postal_code": "17770"
  },
  {
    "name": "Écurat",
    "code": "17148",
    "epci_code": "200036473",
    "departement_code": "17",
    "region_code": "75",
    "postal_code": "17810"
  },
  {
    "name": "Les Éduts",
    "code": "17149",
    "epci_code": "200041689",
    "departement_code": "17",
    "region_code": "75",
    "postal_code": "17510"
  },
  {
    "name": "Les Églises-d’Argenteuil",
    "code": "17150",
    "epci_code": "200041689",
    "departement_code": "17",
    "region_code": "75",
    "postal_code": "17400"
  },
  {
    "name": "LՃguille",
    "code": "17151",
    "epci_code": "241700640",
    "departement_code": "17",
    "region_code": "75",
    "postal_code": "17600"
  },
  {
    "name": "Épargnes",
    "code": "17152",
    "epci_code": "241700640",
    "departement_code": "17",
    "region_code": "75",
    "postal_code": "17120"
  },
  {
    "name": "Esnandes",
    "code": "17153",
    "epci_code": "241700434",
    "departement_code": "17",
    "region_code": "75",
    "postal_code": "17137"
  },
  {
    "name": "Les Essards",
    "code": "17154",
    "epci_code": "241700517",
    "departement_code": "17",
    "region_code": "75",
    "postal_code": "17250"
  },
  {
    "name": "Étaules",
    "code": "17155",
    "epci_code": "241700640",
    "departement_code": "17",
    "region_code": "75",
    "postal_code": "17750"
  },
  {
    "name": "Expiremont",
    "code": "17156",
    "epci_code": "200041523",
    "departement_code": "17",
    "region_code": "75",
    "postal_code": "17130"
  },
  {
    "name": "Fenioux",
    "code": "17157",
    "epci_code": "200041689",
    "departement_code": "17",
    "region_code": "75",
    "postal_code": "17350"
  },
  {
    "name": "Ferrières",
    "code": "17158",
    "epci_code": "200041499",
    "departement_code": "17",
    "region_code": "75",
    "postal_code": "17170"
  },
  {
    "name": "Fléac-sur-Seugne",
    "code": "17159",
    "epci_code": "200041523",
    "departement_code": "17",
    "region_code": "75",
    "postal_code": "17800"
  },
  {
    "name": "Floirac",
    "code": "17160",
    "epci_code": "241700640",
    "departement_code": "17",
    "region_code": "75",
    "postal_code": "17120"
  },
  {
    "name": "Floirac",
    "code": "17160",
    "epci_code": "241700640",
    "departement_code": "17",
    "region_code": "75",
    "postal_code": "17240"
  },
  {
    "name": "La Flotte",
    "code": "17161",
    "epci_code": "241700459",
    "departement_code": "17",
    "region_code": "75",
    "postal_code": "17630"
  },
  {
    "name": "Fontaine-Chalendray",
    "code": "17162",
    "epci_code": "200041689",
    "departement_code": "17",
    "region_code": "75",
    "postal_code": "17510"
  },
  {
    "name": "Fontaines-d’Ozillac",
    "code": "17163",
    "epci_code": "200041523",
    "departement_code": "17",
    "region_code": "75",
    "postal_code": "17500"
  },
  {
    "name": "Fontcouverte",
    "code": "17164",
    "epci_code": "200036473",
    "departement_code": "17",
    "region_code": "75",
    "postal_code": "17100"
  },
  {
    "name": "Fontenet",
    "code": "17165",
    "epci_code": "200041689",
    "departement_code": "17",
    "region_code": "75",
    "postal_code": "17400"
  },
  {
    "name": "Forges",
    "code": "17166",
    "epci_code": "200041614",
    "departement_code": "17",
    "region_code": "75",
    "postal_code": "17290"
  },
  {
    "name": "Le Fouilloux",
    "code": "17167",
    "epci_code": "200041523",
    "departement_code": "17",
    "region_code": "75",
    "postal_code": "17270"
  },
  {
    "name": "Fouras",
    "code": "17168",
    "epci_code": "200041762",
    "departement_code": "17",
    "region_code": "75",
    "postal_code": "17450"
  },
  {
    "name": "Geay",
    "code": "17171",
    "epci_code": "241700517",
    "departement_code": "17",
    "region_code": "75",
    "postal_code": "17250"
  },
  {
    "name": "Gémozac",
    "code": "17172",
    "epci_code": "241700632",
    "departement_code": "17",
    "region_code": "75",
    "postal_code": "17260"
  },
  {
    "name": "La Genétouze",
    "code": "17173",
    "epci_code": "200041523",
    "departement_code": "17",
    "region_code": "75",
    "postal_code": "17360"
  },
  {
    "name": "Genouillé",
    "code": "17174",
    "epci_code": "200041614",
    "departement_code": "17",
    "region_code": "75",
    "postal_code": "17430"
  },
  {
    "name": "Germignac",
    "code": "17175",
    "epci_code": "200041523",
    "departement_code": "17",
    "region_code": "75",
    "postal_code": "17520"
  },
  {
    "name": "Gibourne",
    "code": "17176",
    "epci_code": "200041689",
    "departement_code": "17",
    "region_code": "75",
    "postal_code": "17160"
  },
  {
    "name": "Le Gicq",
    "code": "17177",
    "epci_code": "200041689",
    "departement_code": "17",
    "region_code": "75",
    "postal_code": "17160"
  },
  {
    "name": "Givrezac",
    "code": "17178",
    "epci_code": "200041523",
    "departement_code": "17",
    "region_code": "75",
    "postal_code": "17260"
  },
  {
    "name": "Les Gonds",
    "code": "17179",
    "epci_code": "200036473",
    "departement_code": "17",
    "region_code": "75",
    "postal_code": "17100"
  },
  {
    "name": "Gourvillette",
    "code": "17180",
    "epci_code": "200041689",
    "departement_code": "17",
    "region_code": "75",
    "postal_code": "17490"
  },
  {
    "name": "Grandjean",
    "code": "17181",
    "epci_code": "200041689",
    "departement_code": "17",
    "region_code": "75",
    "postal_code": "17350"
  },
  {
    "name": "La Grève-sur-Mignon",
    "code": "17182",
    "epci_code": "200041499",
    "departement_code": "17",
    "region_code": "75",
    "postal_code": "17170"
  },
  {
    "name": "Grézac",
    "code": "17183",
    "epci_code": "241700640",
    "departement_code": "17",
    "region_code": "75",
    "postal_code": "17120"
  },
  {
    "name": "La Gripperie-Saint-Symphorien",
    "code": "17184",
    "epci_code": "200041762",
    "departement_code": "17",
    "region_code": "75",
    "postal_code": "17620"
  },
  {
    "name": "Le Gua",
    "code": "17185",
    "epci_code": "241700699",
    "departement_code": "17",
    "region_code": "75",
    "postal_code": "17600"
  },
  {
    "name": "Le Gué-d’Alleré",
    "code": "17186",
    "epci_code": "200041499",
    "departement_code": "17",
    "region_code": "75",
    "postal_code": "17540"
  },
  {
    "name": "Guitinières",
    "code": "17187",
    "epci_code": "200041523",
    "departement_code": "17",
    "region_code": "75",
    "postal_code": "17500"
  },
  {
    "name": "Haimps",
    "code": "17188",
    "epci_code": "200041689",
    "departement_code": "17",
    "region_code": "75",
    "postal_code": "17160"
  },
  {
    "name": "L’Houmeau",
    "code": "17190",
    "epci_code": "241700434",
    "departement_code": "17",
    "region_code": "75",
    "postal_code": "17137"
  },
  {
    "name": "La Jard",
    "code": "17191",
    "epci_code": "200036473",
    "departement_code": "17",
    "region_code": "75",
    "postal_code": "17460"
  },
  {
    "name": "Jarnac-Champagne",
    "code": "17192",
    "epci_code": "200041523",
    "departement_code": "17",
    "region_code": "75",
    "postal_code": "17520"
  },
  {
    "name": "La Jarne",
    "code": "17193",
    "epci_code": "241700434",
    "departement_code": "17",
    "region_code": "75",
    "postal_code": "17220"
  },
  {
    "name": "La Jarrie",
    "code": "17194",
    "epci_code": "241700434",
    "departement_code": "17",
    "region_code": "75",
    "postal_code": "17220"
  },
  {
    "name": "La Jarrie-Audouin",
    "code": "17195",
    "epci_code": "200041689",
    "departement_code": "17",
    "region_code": "75",
    "postal_code": "17330"
  },
  {
    "name": "Jazennes",
    "code": "17196",
    "epci_code": "241700632",
    "departement_code": "17",
    "region_code": "75",
    "postal_code": "17260"
  },
  {
    "name": "Jonzac",
    "code": "17197",
    "epci_code": "200041523",
    "departement_code": "17",
    "region_code": "75",
    "postal_code": "17500"
  },
  {
    "name": "Juicq",
    "code": "17198",
    "epci_code": "200041689",
    "departement_code": "17",
    "region_code": "75",
    "postal_code": "17770"
  },
  {
    "name": "Jussas",
    "code": "17199",
    "epci_code": "200041523",
    "departement_code": "17",
    "region_code": "75",
    "postal_code": "17130"
  },
  {
    "name": "Lagord",
    "code": "17200",
    "epci_code": "241700434",
    "departement_code": "17",
    "region_code": "75",
    "postal_code": "17140"
  },
  {
    "name": "La Laigne",
    "code": "17201",
    "epci_code": "200041499",
    "departement_code": "17",
    "region_code": "75",
    "postal_code": "17170"
  },
  {
    "name": "Landes",
    "code": "17202",
    "epci_code": "200041689",
    "departement_code": "17",
    "region_code": "75",
    "postal_code": "17380"
  },
  {
    "name": "Landrais",
    "code": "17203",
    "epci_code": "200041614",
    "departement_code": "17",
    "region_code": "75",
    "postal_code": "17290"
  },
  {
    "name": "Léoville",
    "code": "17204",
    "epci_code": "200041523",
    "departement_code": "17",
    "region_code": "75",
    "postal_code": "17500"
  },
  {
    "name": "Loire-les-Marais",
    "code": "17205",
    "epci_code": "200041762",
    "departement_code": "17",
    "region_code": "75",
    "postal_code": "17870"
  },
  {
    "name": "Loiré-sur-Nie",
    "code": "17206",
    "epci_code": "200041689",
    "departement_code": "17",
    "region_code": "75",
    "postal_code": "17470"
  },
  {
    "name": "Loix",
    "code": "17207",
    "epci_code": "241700459",
    "departement_code": "17",
    "region_code": "75",
    "postal_code": "17111"
  },
  {
    "name": "Longèves",
    "code": "17208",
    "epci_code": "200041499",
    "departement_code": "17",
    "region_code": "75",
    "postal_code": "17230"
  },
  {
    "name": "Lonzac",
    "code": "17209",
    "epci_code": "200041523",
    "departement_code": "17",
    "region_code": "75",
    "postal_code": "17520"
  },
  {
    "name": "Lorignac",
    "code": "17210",
    "epci_code": "200041523",
    "departement_code": "17",
    "region_code": "75",
    "postal_code": "17240"
  },
  {
    "name": "Loulay",
    "code": "17211",
    "epci_code": "200041689",
    "departement_code": "17",
    "region_code": "75",
    "postal_code": "17330"
  },
  {
    "name": "Louzignac",
    "code": "17212",
    "epci_code": "200041689",
    "departement_code": "17",
    "region_code": "75",
    "postal_code": "17160"
  },
  {
    "name": "Lozay",
    "code": "17213",
    "epci_code": "200041689",
    "departement_code": "17",
    "region_code": "75",
    "postal_code": "17330"
  },
  {
    "name": "Luchat",
    "code": "17214",
    "epci_code": "200036473",
    "departement_code": "17",
    "region_code": "75",
    "postal_code": "17600"
  },
  {
    "name": "Lussac",
    "code": "17215",
    "epci_code": "200041523",
    "departement_code": "17",
    "region_code": "75",
    "postal_code": "17500"
  },
  {
    "name": "Lussant",
    "code": "17216",
    "epci_code": "200041762",
    "departement_code": "17",
    "region_code": "75",
    "postal_code": "17430"
  },
  {
    "name": "Macqueville",
    "code": "17217",
    "epci_code": "200041689",
    "departement_code": "17",
    "region_code": "75",
    "postal_code": "17490"
  },
  {
    "name": "Marans",
    "code": "17218",
    "epci_code": "200041499",
    "departement_code": "17",
    "region_code": "75",
    "postal_code": "17230"
  },
  {
    "name": "Marennes-Hiers-Brouage",
    "code": "17219",
    "epci_code": "241700699",
    "departement_code": "17",
    "region_code": "75",
    "postal_code": "17320"
  },
  {
    "name": "Marignac",
    "code": "17220",
    "epci_code": "200041523",
    "departement_code": "17",
    "region_code": "75",
    "postal_code": "17800"
  },
  {
    "name": "Marsais",
    "code": "17221",
    "epci_code": "200041614",
    "departement_code": "17",
    "region_code": "75",
    "postal_code": "17700"
  },
  {
    "name": "Marsilly",
    "code": "17222",
    "epci_code": "241700434",
    "departement_code": "17",
    "region_code": "75",
    "postal_code": "17137"
  },
  {
    "name": "Massac",
    "code": "17223",
    "epci_code": "200041689",
    "departement_code": "17",
    "region_code": "75",
    "postal_code": "17490"
  },
  {
    "name": "Matha",
    "code": "17224",
    "epci_code": "200041689",
    "departement_code": "17",
    "region_code": "75",
    "postal_code": "17160"
  },
  {
    "name": "Les Mathes",
    "code": "17225",
    "epci_code": "241700640",
    "departement_code": "17",
    "region_code": "75",
    "postal_code": "17570"
  },
  {
    "name": "Mazeray",
    "code": "17226",
    "epci_code": "200041689",
    "departement_code": "17",
    "region_code": "75",
    "postal_code": "17400"
  },
  {
    "name": "Mazerolles",
    "code": "17227",
    "epci_code": "200041523",
    "departement_code": "17",
    "region_code": "75",
    "postal_code": "17800"
  },
  {
    "name": "Médis",
    "code": "17228",
    "epci_code": "241700640",
    "departement_code": "17",
    "region_code": "75",
    "postal_code": "17600"
  },
  {
    "name": "Mérignac",
    "code": "17229",
    "epci_code": "200041523",
    "departement_code": "17",
    "region_code": "75",
    "postal_code": "17210"
  },
  {
    "name": "Meschers-sur-Gironde",
    "code": "17230",
    "epci_code": "241700640",
    "departement_code": "17",
    "region_code": "75",
    "postal_code": "17132"
  },
  {
    "name": "Messac",
    "code": "17231",
    "epci_code": "200041523",
    "departement_code": "17",
    "region_code": "75",
    "postal_code": "17130"
  },
  {
    "name": "Meursac",
    "code": "17232",
    "epci_code": "241700632",
    "departement_code": "17",
    "region_code": "75",
    "postal_code": "17120"
  },
  {
    "name": "Meux",
    "code": "17233",
    "epci_code": "200041523",
    "departement_code": "17",
    "region_code": "75",
    "postal_code": "17500"
  },
  {
    "name": "Migré",
    "code": "17234",
    "epci_code": "200041689",
    "departement_code": "17",
    "region_code": "75",
    "postal_code": "17330"
  },
  {
    "name": "Migron",
    "code": "17235",
    "epci_code": "200036473",
    "departement_code": "17",
    "region_code": "75",
    "postal_code": "17770"
  },
  {
    "name": "Mirambeau",
    "code": "17236",
    "epci_code": "200041523",
    "departement_code": "17",
    "region_code": "75",
    "postal_code": "17150"
  },
  {
    "name": "Moëze",
    "code": "17237",
    "epci_code": "200041762",
    "departement_code": "17",
    "region_code": "75",
    "postal_code": "17780"
  },
  {
    "name": "Mons",
    "code": "17239",
    "epci_code": "200041689",
    "departement_code": "17",
    "region_code": "75",
    "postal_code": "17160"
  },
  {
    "name": "Montendre",
    "code": "17240",
    "epci_code": "200041523",
    "departement_code": "17",
    "region_code": "75",
    "postal_code": "17130"
  },
  {
    "name": "Montguyon",
    "code": "17241",
    "epci_code": "200041523",
    "departement_code": "17",
    "region_code": "75",
    "postal_code": "17270"
  },
  {
    "name": "Montils",
    "code": "17242",
    "epci_code": "200036473",
    "departement_code": "17",
    "region_code": "75",
    "postal_code": "17800"
  },
  {
    "name": "Montlieu-la-Garde",
    "code": "17243",
    "epci_code": "200041523",
    "departement_code": "17",
    "region_code": "75",
    "postal_code": "17210"
  },
  {
    "name": "Montpellier-de-Médillan",
    "code": "17244",
    "epci_code": "241700632",
    "departement_code": "17",
    "region_code": "75",
    "postal_code": "17260"
  },
  {
    "name": "Montroy",
    "code": "17245",
    "epci_code": "241700434",
    "departement_code": "17",
    "region_code": "75",
    "postal_code": "17220"
  },
  {
    "name": "Moragne",
    "code": "17246",
    "epci_code": "200041762",
    "departement_code": "17",
    "region_code": "75",
    "postal_code": "17430"
  },
  {
    "name": "Mornac-sur-Seudre",
    "code": "17247",
    "epci_code": "241700640",
    "departement_code": "17",
    "region_code": "75",
    "postal_code": "17113"
  },
  {
    "name": "Mortagne-sur-Gironde",
    "code": "17248",
    "epci_code": "241700640",
    "departement_code": "17",
    "region_code": "75",
    "postal_code": "17120"
  },
  {
    "name": "Mortiers",
    "code": "17249",
    "epci_code": "200041523",
    "departement_code": "17",
    "region_code": "75",
    "postal_code": "17500"
  },
  {
    "name": "Mosnac",
    "code": "17250",
    "epci_code": "200041523",
    "departement_code": "17",
    "region_code": "75",
    "postal_code": "17240"
  },
  {
    "name": "Le Mung",
    "code": "17252",
    "epci_code": "200041689",
    "departement_code": "17",
    "region_code": "75",
    "postal_code": "17350"
  },
  {
    "name": "Muron",
    "code": "17253",
    "epci_code": "200041762",
    "departement_code": "17",
    "region_code": "75",
    "postal_code": "17430"
  },
  {
    "name": "Nachamps",
    "code": "17254",
    "epci_code": "200041689",
    "departement_code": "17",
    "region_code": "75",
    "postal_code": "17380"
  },
  {
    "name": "Nancras",
    "code": "17255",
    "epci_code": "241700517",
    "departement_code": "17",
    "region_code": "75",
    "postal_code": "17600"
  },
  {
    "name": "Nantillé",
    "code": "17256",
    "epci_code": "200041689",
    "departement_code": "17",
    "region_code": "75",
    "postal_code": "17770"
  },
  {
    "name": "Néré",
    "code": "17257",
    "epci_code": "200041689",
    "departement_code": "17",
    "region_code": "75",
    "postal_code": "17510"
  },
  {
    "name": "Neuillac",
    "code": "17258",
    "epci_code": "200041523",
    "departement_code": "17",
    "region_code": "75",
    "postal_code": "17520"
  },
  {
    "name": "Neulles",
    "code": "17259",
    "epci_code": "200041523",
    "departement_code": "17",
    "region_code": "75",
    "postal_code": "17500"
  },
  {
    "name": "Neuvicq",
    "code": "17260",
    "epci_code": "200041523",
    "departement_code": "17",
    "region_code": "75",
    "postal_code": "17270"
  },
  {
    "name": "Neuvicq-le-Château",
    "code": "17261",
    "epci_code": "200041689",
    "departement_code": "17",
    "region_code": "75",
    "postal_code": "17490"
  },
  {
    "name": "Nieul-lès-Saintes",
    "code": "17262",
    "epci_code": "241700517",
    "departement_code": "17",
    "region_code": "75",
    "postal_code": "17810"
  },
  {
    "name": "Nieul-le-Virouil",
    "code": "17263",
    "epci_code": "200041523",
    "departement_code": "17",
    "region_code": "75",
    "postal_code": "17150"
  },
  {
    "name": "Nieul-sur-Mer",
    "code": "17264",
    "epci_code": "241700434",
    "departement_code": "17",
    "region_code": "75",
    "postal_code": "17137"
  },
  {
    "name": "Nieulle-sur-Seudre",
    "code": "17265",
    "epci_code": "241700699",
    "departement_code": "17",
    "region_code": "75",
    "postal_code": "17600"
  },
  {
    "name": "Les Nouillers",
    "code": "17266",
    "epci_code": "200041689",
    "departement_code": "17",
    "region_code": "75",
    "postal_code": "17380"
  },
  {
    "name": "Nuaillé-d’Aunis",
    "code": "17267",
    "epci_code": "200041499",
    "departement_code": "17",
    "region_code": "75",
    "postal_code": "17540"
  },
  {
    "name": "Rives-de-Boutonne",
    "code": "17268",
    "epci_code": "200041689",
    "departement_code": "17",
    "region_code": "75",
    "postal_code": "17470"
  },
  {
    "name": "Orignolles",
    "code": "17269",
    "epci_code": "200041523",
    "departement_code": "17",
    "region_code": "75",
    "postal_code": "17210"
  },
  {
    "name": "Ozillac",
    "code": "17270",
    "epci_code": "200041523",
    "departement_code": "17",
    "region_code": "75",
    "postal_code": "17500"
  },
  {
    "name": "Paillé",
    "code": "17271",
    "epci_code": "200041689",
    "departement_code": "17",
    "region_code": "75",
    "postal_code": "17470"
  },
  {
    "name": "Pérignac",
    "code": "17273",
    "epci_code": "200041523",
    "departement_code": "17",
    "region_code": "75",
    "postal_code": "17800"
  },
  {
    "name": "Périgny",
    "code": "17274",
    "epci_code": "241700434",
    "departement_code": "17",
    "region_code": "75",
    "postal_code": "17180"
  },
  {
    "name": "Pessines",
    "code": "17275",
    "epci_code": "200036473",
    "departement_code": "17",
    "region_code": "75",
    "postal_code": "17810"
  },
  {
    "name": "Le Pin",
    "code": "17276",
    "epci_code": "200041523",
    "departement_code": "17",
    "region_code": "75",
    "postal_code": "17210"
  },
  {
    "name": "Essouvert",
    "code": "17277",
    "epci_code": "200041689",
    "departement_code": "17",
    "region_code": "75",
    "postal_code": "17400"
  },
  {
    "name": "Pisany",
    "code": "17278",
    "epci_code": "200036473",
    "departement_code": "17",
    "region_code": "75",
    "postal_code": "17600"
  },
  {
    "name": "Plassac",
    "code": "17279",
    "epci_code": "200041523",
    "departement_code": "17",
    "region_code": "75",
    "postal_code": "17240"
  },
  {
    "name": "Plassay",
    "code": "17280",
    "epci_code": "241700517",
    "departement_code": "17",
    "region_code": "75",
    "postal_code": "17250"
  },
  {
    "name": "Polignac",
    "code": "17281",
    "epci_code": "200041523",
    "departement_code": "17",
    "region_code": "75",
    "postal_code": "17210"
  },
  {
    "name": "Pommiers-Moulons",
    "code": "17282",
    "epci_code": "200041523",
    "departement_code": "17",
    "region_code": "75",
    "postal_code": "17130"
  },
  {
    "name": "Pons",
    "code": "17283",
    "epci_code": "200041523",
    "departement_code": "17",
    "region_code": "75",
    "postal_code": "17800"
  },
  {
    "name": "Pont-l’Abbé-d’Arnoult",
    "code": "17284",
    "epci_code": "241700517",
    "departement_code": "17",
    "region_code": "75",
    "postal_code": "17250"
  },
  {
    "name": "Port-d’Envaux",
    "code": "17285",
    "epci_code": "241700517",
    "departement_code": "17",
    "region_code": "75",
    "postal_code": "17350"
  },
  {
    "name": "Les Portes-en-Ré",
    "code": "17286",
    "epci_code": "241700459",
    "departement_code": "17",
    "region_code": "75",
    "postal_code": "17880"
  },
  {
    "name": "Pouillac",
    "code": "17287",
    "epci_code": "200041523",
    "departement_code": "17",
    "region_code": "75",
    "postal_code": "17210"
  },
  {
    "name": "Poursay-Garnaud",
    "code": "17288",
    "epci_code": "200041689",
    "departement_code": "17",
    "region_code": "75",
    "postal_code": "17400"
  },
  {
    "name": "Préguillac",
    "code": "17289",
    "epci_code": "200036473",
    "departement_code": "17",
    "region_code": "75",
    "postal_code": "17460"
  },
  {
    "name": "Prignac",
    "code": "17290",
    "epci_code": "200041689",
    "departement_code": "17",
    "region_code": "75",
    "postal_code": "17160"
  },
  {
    "name": "Puilboreau",
    "code": "17291",
    "epci_code": "241700434",
    "departement_code": "17",
    "region_code": "75",
    "postal_code": "17138"
  },
  {
    "name": "Puy-du-Lac",
    "code": "17292",
    "epci_code": "200041689",
    "departement_code": "17",
    "region_code": "75",
    "postal_code": "17380"
  },
  {
    "name": "Puyravault",
    "code": "17293",
    "epci_code": "200041614",
    "departement_code": "17",
    "region_code": "75",
    "postal_code": "17700"
  },
  {
    "name": "Puyrolland",
    "code": "17294",
    "epci_code": "200041689",
    "departement_code": "17",
    "region_code": "75",
    "postal_code": "17380"
  },
  {
    "name": "Réaux sur Trèfle",
    "code": "17295",
    "epci_code": "200041523",
    "departement_code": "17",
    "region_code": "75",
    "postal_code": "17500"
  },
  {
    "name": "Rétaud",
    "code": "17296",
    "epci_code": "241700632",
    "departement_code": "17",
    "region_code": "75",
    "postal_code": "17460"
  },
  {
    "name": "Rivedoux-Plage",
    "code": "17297",
    "epci_code": "241700459",
    "departement_code": "17",
    "region_code": "75",
    "postal_code": "17940"
  },
  {
    "name": "Rioux",
    "code": "17298",
    "epci_code": "241700632",
    "departement_code": "17",
    "region_code": "75",
    "postal_code": "17460"
  },
  {
    "name": "Rochefort",
    "code": "17299",
    "epci_code": "200041762",
    "departement_code": "17",
    "region_code": "75",
    "postal_code": "17300"
  },
  {
    "name": "La Rochelle",
    "code": "17300",
    "epci_code": "241700434",
    "departement_code": "17",
    "region_code": "75",
    "postal_code": "17000"
  },
  {
    "name": "Romazières",
    "code": "17301",
    "epci_code": "200041689",
    "departement_code": "17",
    "region_code": "75",
    "postal_code": "17510"
  },
  {
    "name": "Romegoux",
    "code": "17302",
    "epci_code": "241700517",
    "departement_code": "17",
    "region_code": "75",
    "postal_code": "17250"
  },
  {
    "name": "La Ronde",
    "code": "17303",
    "epci_code": "200041499",
    "departement_code": "17",
    "region_code": "75",
    "postal_code": "17170"
  },
  {
    "name": "Rouffiac",
    "code": "17304",
    "epci_code": "200036473",
    "departement_code": "17",
    "region_code": "75",
    "postal_code": "17800"
  },
  {
    "name": "Rouffignac",
    "code": "17305",
    "epci_code": "200041523",
    "departement_code": "17",
    "region_code": "75",
    "postal_code": "17130"
  },
  {
    "name": "Royan",
    "code": "17306",
    "epci_code": "241700640",
    "departement_code": "17",
    "region_code": "75",
    "postal_code": "17200"
  },
  {
    "name": "Sablonceaux",
    "code": "17307",
    "epci_code": "241700640",
    "departement_code": "17",
    "region_code": "75",
    "postal_code": "17600"
  },
  {
    "name": "Saint-Agnant",
    "code": "17308",
    "epci_code": "200041762",
    "departement_code": "17",
    "region_code": "75",
    "postal_code": "17620"
  },
  {
    "name": "Saint-Aigulin",
    "code": "17309",
    "epci_code": "200041523",
    "departement_code": "17",
    "region_code": "75",
    "postal_code": "17360"
  },
  {
    "name": "Saint-André-de-Lidon",
    "code": "17310",
    "epci_code": "241700632",
    "departement_code": "17",
    "region_code": "75",
    "postal_code": "17260"
  },
  {
    "name": "Saint-Augustin",
    "code": "17311",
    "epci_code": "241700640",
    "departement_code": "17",
    "region_code": "75",
    "postal_code": "17570"
  },
  {
    "name": "Saint-Bonnet-sur-Gironde",
    "code": "17312",
    "epci_code": "200041523",
    "departement_code": "17",
    "region_code": "75",
    "postal_code": "17150"
  },
  {
    "name": "Saint-Bris-des-Bois",
    "code": "17313",
    "epci_code": "200036473",
    "departement_code": "17",
    "region_code": "75",
    "postal_code": "17770"
  },
  {
    "name": "Saint-Césaire",
    "code": "17314",
    "epci_code": "200036473",
    "departement_code": "17",
    "region_code": "75",
    "postal_code": "17770"
  },
  {
    "name": "Saint-Christophe",
    "code": "17315",
    "epci_code": "241700434",
    "departement_code": "17",
    "region_code": "75",
    "postal_code": "17220"
  },
  {
    "name": "Saint-Ciers-Champagne",
    "code": "17316",
    "epci_code": "200041523",
    "departement_code": "17",
    "region_code": "75",
    "postal_code": "17520"
  },
  {
    "name": "Saint-Ciers-du-Taillon",
    "code": "17317",
    "epci_code": "200041523",
    "departement_code": "17",
    "region_code": "75",
    "postal_code": "17240"
  },
  {
    "name": "Saint-Clément-des-Baleines",
    "code": "17318",
    "epci_code": "241700459",
    "departement_code": "17",
    "region_code": "75",
    "postal_code": "17590"
  },
  {
    "name": "Sainte-Colombe",
    "code": "17319",
    "epci_code": "200041523",
    "departement_code": "17",
    "region_code": "75",
    "postal_code": "17210"
  },
  {
    "name": "Saint-Coutant-le-Grand",
    "code": "17320",
    "epci_code": "200041762",
    "departement_code": "17",
    "region_code": "75",
    "postal_code": "17430"
  },
  {
    "name": "Saint-Crépin",
    "code": "17321",
    "epci_code": "200041614",
    "departement_code": "17",
    "region_code": "75",
    "postal_code": "17380"
  },
  {
    "name": "Saint-Cyr-du-Doret",
    "code": "17322",
    "epci_code": "200041499",
    "departement_code": "17",
    "region_code": "75",
    "postal_code": "17170"
  },
  {
    "name": "Saint-Denis-d’Oléron",
    "code": "17323",
    "epci_code": "241700624",
    "departement_code": "17",
    "region_code": "75",
    "postal_code": "17650"
  },
  {
    "name": "Saint-Dizant-du-Bois",
    "code": "17324",
    "epci_code": "200041523",
    "departement_code": "17",
    "region_code": "75",
    "postal_code": "17150"
  },
  {
    "name": "Saint-Dizant-du-Gua",
    "code": "17325",
    "epci_code": "200041523",
    "departement_code": "17",
    "region_code": "75",
    "postal_code": "17240"
  },
  {
    "name": "Saint-Eugène",
    "code": "17326",
    "epci_code": "200041523",
    "departement_code": "17",
    "region_code": "75",
    "postal_code": "17520"
  },
  {
    "name": "Saint-Félix",
    "code": "17327",
    "epci_code": "200041689",
    "departement_code": "17",
    "region_code": "75",
    "postal_code": "17330"
  },
  {
    "name": "Saint-Fort-sur-Gironde",
    "code": "17328",
    "epci_code": "200041523",
    "departement_code": "17",
    "region_code": "75",
    "postal_code": "17240"
  },
  {
    "name": "Saint-Froult",
    "code": "17329",
    "epci_code": "200041762",
    "departement_code": "17",
    "region_code": "75",
    "postal_code": "17780"
  },
  {
    "name": "Sainte-Gemme",
    "code": "17330",
    "epci_code": "241700517",
    "departement_code": "17",
    "region_code": "75",
    "postal_code": "17250"
  },
  {
    "name": "Saint-Genis-de-Saintonge",
    "code": "17331",
    "epci_code": "200041523",
    "departement_code": "17",
    "region_code": "75",
    "postal_code": "17240"
  },
  {
    "name": "Saint-Georges-Antignac",
    "code": "17332",
    "epci_code": "200041523",
    "departement_code": "17",
    "region_code": "75",
    "postal_code": "17240"
  },
  {
    "name": "Saint-Georges-de-Didonne",
    "code": "17333",
    "epci_code": "241700640",
    "departement_code": "17",
    "region_code": "75",
    "postal_code": "17110"
  },
  {
    "name": "Saint-Georges-des-Agoûts",
    "code": "17335",
    "epci_code": "200041523",
    "departement_code": "17",
    "region_code": "75",
    "postal_code": "17150"
  },
  {
    "name": "Saint-Georges-des-Coteaux",
    "code": "17336",
    "epci_code": "200036473",
    "departement_code": "17",
    "region_code": "75",
    "postal_code": "17810"
  },
  {
    "name": "Saint-Georges-d’Oléron",
    "code": "17337",
    "epci_code": "241700624",
    "departement_code": "17",
    "region_code": "75",
    "postal_code": "17190"
  },
  {
    "name": "Saint-Georges-du-Bois",
    "code": "17338",
    "epci_code": "200041614",
    "departement_code": "17",
    "region_code": "75",
    "postal_code": "17700"
  },
  {
    "name": "Saint-Germain-de-Lusignan",
    "code": "17339",
    "epci_code": "200041523",
    "departement_code": "17",
    "region_code": "75",
    "postal_code": "17500"
  },
  {
    "name": "Saint-Pierre-La-Noue",
    "code": "17340",
    "epci_code": "200041614",
    "departement_code": "17",
    "region_code": "75",
    "postal_code": "17700"
  },
  {
    "name": "Saint-Germain-de-Vibrac",
    "code": "17341",
    "epci_code": "200041523",
    "departement_code": "17",
    "region_code": "75",
    "postal_code": "17500"
  },
  {
    "name": "Saint-Germain-du-Seudre",
    "code": "17342",
    "epci_code": "200041523",
    "departement_code": "17",
    "region_code": "75",
    "postal_code": "17240"
  },
  {
    "name": "Saint-Grégoire-d’Ardennes",
    "code": "17343",
    "epci_code": "200041523",
    "departement_code": "17",
    "region_code": "75",
    "postal_code": "17240"
  },
  {
    "name": "Saint-Hilaire-de-Villefranche",
    "code": "17344",
    "epci_code": "200041689",
    "departement_code": "17",
    "region_code": "75",
    "postal_code": "17770"
  },
  {
    "name": "Saint-Hilaire-du-Bois",
    "code": "17345",
    "epci_code": "200041523",
    "departement_code": "17",
    "region_code": "75",
    "postal_code": "17500"
  },
  {
    "name": "Saint-Hippolyte",
    "code": "17346",
    "epci_code": "200041762",
    "departement_code": "17",
    "region_code": "75",
    "postal_code": "17430"
  },
  {
    "name": "Saint-Jean-d’Angély",
    "code": "17347",
    "epci_code": "200041689",
    "departement_code": "17",
    "region_code": "75",
    "postal_code": "17400"
  },
  {
    "name": "Saint-Jean-d’Angle",
    "code": "17348",
    "epci_code": "200041762",
    "departement_code": "17",
    "region_code": "75",
    "postal_code": "17620"
  },
  {
    "name": "Saint-Jean-de-Liversay",
    "code": "17349",
    "epci_code": "200041499",
    "departement_code": "17",
    "region_code": "75",
    "postal_code": "17170"
  },
  {
    "name": "Saint-Julien-de-l’Escap",
    "code": "17350",
    "epci_code": "200041689",
    "departement_code": "17",
    "region_code": "75",
    "postal_code": "17400"
  },
  {
    "name": "Saint-Just-Luzac",
    "code": "17351",
    "epci_code": "241700699",
    "departement_code": "17",
    "region_code": "75",
    "postal_code": "17320"
  },
  {
    "name": "Saint-Laurent-de-la-Prée",
    "code": "17353",
    "epci_code": "200041762",
    "departement_code": "17",
    "region_code": "75",
    "postal_code": "17450"
  },
  {
    "name": "Saint-Léger",
    "code": "17354",
    "epci_code": "200041523",
    "departement_code": "17",
    "region_code": "75",
    "postal_code": "17800"
  },
  {
    "name": "Sainte-Lheurine",
    "code": "17355",
    "epci_code": "200041523",
    "departement_code": "17",
    "region_code": "75",
    "postal_code": "17520"
  },
  {
    "name": "Saint-Loup",
    "code": "17356",
    "epci_code": "200041689",
    "departement_code": "17",
    "region_code": "75",
    "postal_code": "17380"
  },
  {
    "name": "Saint-Maigrin",
    "code": "17357",
    "epci_code": "200041523",
    "departement_code": "17",
    "region_code": "75",
    "postal_code": "17520"
  },
  {
    "name": "Saint-Mandé-sur-Brédoire",
    "code": "17358",
    "epci_code": "200041689",
    "departement_code": "17",
    "region_code": "75",
    "postal_code": "17470"
  },
  {
    "name": "Saint-Mard",
    "code": "17359",
    "epci_code": "200041614",
    "departement_code": "17",
    "region_code": "75",
    "postal_code": "17700"
  },
  {
    "name": "Sainte-Marie-de-Ré",
    "code": "17360",
    "epci_code": "241700459",
    "departement_code": "17",
    "region_code": "75",
    "postal_code": "17740"
  },
  {
    "name": "Saint-Martial",
    "code": "17361",
    "epci_code": "200041689",
    "departement_code": "17",
    "region_code": "75",
    "postal_code": "17330"
  },
  {
    "name": "Saint-Martial-de-Mirambeau",
    "code": "17362",
    "epci_code": "200041523",
    "departement_code": "17",
    "region_code": "75",
    "postal_code": "17150"
  },
  {
    "name": "Saint-Martial-de-Vitaterne",
    "code": "17363",
    "epci_code": "200041523",
    "departement_code": "17",
    "region_code": "75",
    "postal_code": "17500"
  },
  {
    "name": "Saint-Martial-sur-Né",
    "code": "17364",
    "epci_code": "200041523",
    "departement_code": "17",
    "region_code": "75",
    "postal_code": "17520"
  },
  {
    "name": "Saint-Martin-d’Ary",
    "code": "17365",
    "epci_code": "200041523",
    "departement_code": "17",
    "region_code": "75",
    "postal_code": "17270"
  },
  {
    "name": "Saint-Martin-de-Coux",
    "code": "17366",
    "epci_code": "200041523",
    "departement_code": "17",
    "region_code": "75",
    "postal_code": "17360"
  },
  {
    "name": "Saint-Martin-de-Juillers",
    "code": "17367",
    "epci_code": "200041689",
    "departement_code": "17",
    "region_code": "75",
    "postal_code": "17400"
  },
  {
    "name": "Saint-Martin-de-Ré",
    "code": "17369",
    "epci_code": "241700459",
    "departement_code": "17",
    "region_code": "75",
    "postal_code": "17410"
  },
  {
    "name": "Saint-Médard",
    "code": "17372",
    "epci_code": "200041523",
    "departement_code": "17",
    "region_code": "75",
    "postal_code": "17500"
  },
  {
    "name": "Saint-Médard-d’Aunis",
    "code": "17373",
    "epci_code": "241700434",
    "departement_code": "17",
    "region_code": "75",
    "postal_code": "17220"
  },
  {
    "name": "Sainte-Même",
    "code": "17374",
    "epci_code": "200041689",
    "departement_code": "17",
    "region_code": "75",
    "postal_code": "17770"
  },
  {
    "name": "Saint-Nazaire-sur-Charente",
    "code": "17375",
    "epci_code": "200041762",
    "departement_code": "17",
    "region_code": "75",
    "postal_code": "17780"
  },
  {
    "name": "Saint-Ouen-d’Aunis",
    "code": "17376",
    "epci_code": "200041499",
    "departement_code": "17",
    "region_code": "75",
    "postal_code": "17230"
  },
  {
    "name": "Saint-Ouen-la-Thène",
    "code": "17377",
    "epci_code": "200041689",
    "departement_code": "17",
    "region_code": "75",
    "postal_code": "17490"
  },
  {
    "name": "Saint-Palais-de-Négrignac",
    "code": "17378",
    "epci_code": "200041523",
    "departement_code": "17",
    "region_code": "75",
    "postal_code": "17210"
  },
  {
    "name": "Saint-Palais-de-Phiolin",
    "code": "17379",
    "epci_code": "200041523",
    "departement_code": "17",
    "region_code": "75",
    "postal_code": "17800"
  },
  {
    "name": "Saint-Palais-sur-Mer",
    "code": "17380",
    "epci_code": "241700640",
    "departement_code": "17",
    "region_code": "75",
    "postal_code": "17420"
  },
  {
    "name": "Saint-Pardoult",
    "code": "17381",
    "epci_code": "200041689",
    "departement_code": "17",
    "region_code": "75",
    "postal_code": "17400"
  },
  {
    "name": "Saint-Pierre-d’Amilly",
    "code": "17382",
    "epci_code": "200041614",
    "departement_code": "17",
    "region_code": "75",
    "postal_code": "17700"
  },
  {
    "name": "Saint-Pierre-de-Juillers",
    "code": "17383",
    "epci_code": "200041689",
    "departement_code": "17",
    "region_code": "75",
    "postal_code": "17400"
  },
  {
    "name": "Saint-Pierre-de-l’Isle",
    "code": "17384",
    "epci_code": "200041689",
    "departement_code": "17",
    "region_code": "75",
    "postal_code": "17330"
  },
  {
    "name": "Saint-Pierre-d’Oléron",
    "code": "17385",
    "epci_code": "241700624",
    "departement_code": "17",
    "region_code": "75",
    "postal_code": "17310"
  },
  {
    "name": "Saint-Pierre-du-Palais",
    "code": "17386",
    "epci_code": "200041523",
    "departement_code": "17",
    "region_code": "75",
    "postal_code": "17270"
  },
  {
    "name": "Saint-Porchaire",
    "code": "17387",
    "epci_code": "241700517",
    "departement_code": "17",
    "region_code": "75",
    "postal_code": "17250"
  },
  {
    "name": "Saint-Quantin-de-Rançanne",
    "code": "17388",
    "epci_code": "200041523",
    "departement_code": "17",
    "region_code": "75",
    "postal_code": "17800"
  },
  {
    "name": "Sainte-Radegonde",
    "code": "17389",
    "epci_code": "241700517",
    "departement_code": "17",
    "region_code": "75",
    "postal_code": "17250"
  },
  {
    "name": "Sainte-Ramée",
    "code": "17390",
    "epci_code": "200041523",
    "departement_code": "17",
    "region_code": "75",
    "postal_code": "17240"
  },
  {
    "name": "Saint-Rogatien",
    "code": "17391",
    "epci_code": "241700434",
    "departement_code": "17",
    "region_code": "75",
    "postal_code": "17220"
  },
  {
    "name": "Saint-Romain-de-Benet",
    "code": "17393",
    "epci_code": "241700640",
    "departement_code": "17",
    "region_code": "75",
    "postal_code": "17600"
  },
  {
    "name": "Saint-Saturnin-du-Bois",
    "code": "17394",
    "epci_code": "200041614",
    "departement_code": "17",
    "region_code": "75",
    "postal_code": "17700"
  },
  {
    "name": "Saint-Sauvant",
    "code": "17395",
    "epci_code": "200036473",
    "departement_code": "17",
    "region_code": "75",
    "postal_code": "17610"
  },
  {
    "name": "Saint-Sauveur-d’Aunis",
    "code": "17396",
    "epci_code": "200041499",
    "departement_code": "17",
    "region_code": "75",
    "postal_code": "17540"
  },
  {
    "name": "Saint-Savinien",
    "code": "17397",
    "epci_code": "200041689",
    "departement_code": "17",
    "region_code": "75",
    "postal_code": "17350"
  },
  {
    "name": "Saint-Seurin-de-Palenne",
    "code": "17398",
    "epci_code": "200041523",
    "departement_code": "17",
    "region_code": "75",
    "postal_code": "17800"
  },
  {
    "name": "Saint-Sever-de-Saintonge",
    "code": "17400",
    "epci_code": "200036473",
    "departement_code": "17",
    "region_code": "75",
    "postal_code": "17800"
  },
  {
    "name": "Saint-Séverin-sur-Boutonne",
    "code": "17401",
    "epci_code": "200041689",
    "departement_code": "17",
    "region_code": "75",
    "postal_code": "17330"
  },
  {
    "name": "Saint-Sigismond-de-Clermont",
    "code": "17402",
    "epci_code": "200041523",
    "departement_code": "17",
    "region_code": "75",
    "postal_code": "17240"
  },
  {
    "name": "Saint-Simon-de-Bordes",
    "code": "17403",
    "epci_code": "200041523",
    "departement_code": "17",
    "region_code": "75",
    "postal_code": "17500"
  },
  {
    "name": "Saint-Simon-de-Pellouaille",
    "code": "17404",
    "epci_code": "241700632",
    "departement_code": "17",
    "region_code": "75",
    "postal_code": "17260"
  },
  {
    "name": "Saint-Sorlin-de-Conac",
    "code": "17405",
    "epci_code": "200041523",
    "departement_code": "17",
    "region_code": "75",
    "postal_code": "17150"
  },
  {
    "name": "Saint-Sornin",
    "code": "17406",
    "epci_code": "241700699",
    "departement_code": "17",
    "region_code": "75",
    "postal_code": "17600"
  },
  {
    "name": "Sainte-Soulle",
    "code": "17407",
    "epci_code": "241700434",
    "departement_code": "17",
    "region_code": "75",
    "postal_code": "17220"
  },
  {
    "name": "Saint-Sulpice-d’Arnoult",
    "code": "17408",
    "epci_code": "241700517",
    "departement_code": "17",
    "region_code": "75",
    "postal_code": "17250"
  },
  {
    "name": "Saint-Sulpice-de-Royan",
    "code": "17409",
    "epci_code": "241700640",
    "departement_code": "17",
    "region_code": "75",
    "postal_code": "17200"
  },
  {
    "name": "Saint-Thomas-de-Conac",
    "code": "17410",
    "epci_code": "200041523",
    "departement_code": "17",
    "region_code": "75",
    "postal_code": "17150"
  },
  {
    "name": "Saint-Trojan-les-Bains",
    "code": "17411",
    "epci_code": "241700624",
    "departement_code": "17",
    "region_code": "75",
    "postal_code": "17370"
  },
  {
    "name": "Saint-Vaize",
    "code": "17412",
    "epci_code": "200036473",
    "departement_code": "17",
    "region_code": "75",
    "postal_code": "17100"
  },
  {
    "name": "Saint-Vivien",
    "code": "17413",
    "epci_code": "241700434",
    "departement_code": "17",
    "region_code": "75",
    "postal_code": "17220"
  },
  {
    "name": "Saint-Xandre",
    "code": "17414",
    "epci_code": "241700434",
    "departement_code": "17",
    "region_code": "75",
    "postal_code": "17138"
  },
  {
    "name": "Saintes",
    "code": "17415",
    "epci_code": "200036473",
    "departement_code": "17",
    "region_code": "75",
    "postal_code": "17100"
  },
  {
    "name": "Saleignes",
    "code": "17416",
    "epci_code": "200041689",
    "departement_code": "17",
    "region_code": "75",
    "postal_code": "17510"
  },
  {
    "name": "Salignac-de-Mirambeau",
    "code": "17417",
    "epci_code": "200041523",
    "departement_code": "17",
    "region_code": "75",
    "postal_code": "17130"
  },
  {
    "name": "Salignac-sur-Charente",
    "code": "17418",
    "epci_code": "200041523",
    "departement_code": "17",
    "region_code": "75",
    "postal_code": "17800"
  },
  {
    "name": "Salles-sur-Mer",
    "code": "17420",
    "epci_code": "241700434",
    "departement_code": "17",
    "region_code": "75",
    "postal_code": "17220"
  },
  {
    "name": "Saujon",
    "code": "17421",
    "epci_code": "241700640",
    "departement_code": "17",
    "region_code": "75",
    "postal_code": "17600"
  },
  {
    "name": "Seigné",
    "code": "17422",
    "epci_code": "200041689",
    "departement_code": "17",
    "region_code": "75",
    "postal_code": "17510"
  },
  {
    "name": "Semillac",
    "code": "17423",
    "epci_code": "200041523",
    "departement_code": "17",
    "region_code": "75",
    "postal_code": "17150"
  },
  {
    "name": "Semoussac",
    "code": "17424",
    "epci_code": "200041523",
    "departement_code": "17",
    "region_code": "75",
    "postal_code": "17150"
  },
  {
    "name": "Semussac",
    "code": "17425",
    "epci_code": "241700640",
    "departement_code": "17",
    "region_code": "75",
    "postal_code": "17120"
  },
  {
    "name": "Le Seure",
    "code": "17426",
    "epci_code": "200036473",
    "departement_code": "17",
    "region_code": "75",
    "postal_code": "17770"
  },
  {
    "name": "Siecq",
    "code": "17427",
    "epci_code": "200041689",
    "departement_code": "17",
    "region_code": "75",
    "postal_code": "17490"
  },
  {
    "name": "Sonnac",
    "code": "17428",
    "epci_code": "200041689",
    "departement_code": "17",
    "region_code": "75",
    "postal_code": "17160"
  },
  {
    "name": "Soubise",
    "code": "17429",
    "epci_code": "200041762",
    "departement_code": "17",
    "region_code": "75",
    "postal_code": "17780"
  },
  {
    "name": "Soubran",
    "code": "17430",
    "epci_code": "200041523",
    "departement_code": "17",
    "region_code": "75",
    "postal_code": "17150"
  },
  {
    "name": "Soulignonne",
    "code": "17431",
    "epci_code": "241700517",
    "departement_code": "17",
    "region_code": "75",
    "postal_code": "17250"
  },
  {
    "name": "Souméras",
    "code": "17432",
    "epci_code": "200041523",
    "departement_code": "17",
    "region_code": "75",
    "postal_code": "17130"
  },
  {
    "name": "Sousmoulins",
    "code": "17433",
    "epci_code": "200041523",
    "departement_code": "17",
    "region_code": "75",
    "postal_code": "17130"
  },
  {
    "name": "Surgères",
    "code": "17434",
    "epci_code": "200041614",
    "departement_code": "17",
    "region_code": "75",
    "postal_code": "17700"
  },
  {
    "name": "Taillant",
    "code": "17435",
    "epci_code": "200041689",
    "departement_code": "17",
    "region_code": "75",
    "postal_code": "17350"
  },
  {
    "name": "Taillebourg",
    "code": "17436",
    "epci_code": "200041689",
    "departement_code": "17",
    "region_code": "75",
    "postal_code": "17350"
  },
  {
    "name": "Talmont-sur-Gironde",
    "code": "17437",
    "epci_code": "241700640",
    "departement_code": "17",
    "region_code": "75",
    "postal_code": "17120"
  },
  {
    "name": "Tanzac",
    "code": "17438",
    "epci_code": "241700632",
    "departement_code": "17",
    "region_code": "75",
    "postal_code": "17260"
  },
  {
    "name": "Taugon",
    "code": "17439",
    "epci_code": "200041499",
    "departement_code": "17",
    "region_code": "75",
    "postal_code": "17170"
  },
  {
    "name": "Ternant",
    "code": "17440",
    "epci_code": "200041689",
    "departement_code": "17",
    "region_code": "75",
    "postal_code": "17400"
  },
  {
    "name": "Tesson",
    "code": "17441",
    "epci_code": "241700632",
    "departement_code": "17",
    "region_code": "75",
    "postal_code": "17460"
  },
  {
    "name": "Thaims",
    "code": "17442",
    "epci_code": "241700632",
    "departement_code": "17",
    "region_code": "75",
    "postal_code": "17120"
  },
  {
    "name": "Thairé",
    "code": "17443",
    "epci_code": "241700434",
    "departement_code": "17",
    "region_code": "75",
    "postal_code": "17290"
  },
  {
    "name": "Thénac",
    "code": "17444",
    "epci_code": "200036473",
    "departement_code": "17",
    "region_code": "75",
    "postal_code": "17460"
  },
  {
    "name": "Thézac",
    "code": "17445",
    "epci_code": "241700632",
    "departement_code": "17",
    "region_code": "75",
    "postal_code": "17600"
  },
  {
    "name": "Thors",
    "code": "17446",
    "epci_code": "200041689",
    "departement_code": "17",
    "region_code": "75",
    "postal_code": "17160"
  },
  {
    "name": "Le Thou",
    "code": "17447",
    "epci_code": "200041614",
    "departement_code": "17",
    "region_code": "75",
    "postal_code": "17290"
  },
  {
    "name": "Tonnay-Boutonne",
    "code": "17448",
    "epci_code": "200041689",
    "departement_code": "17",
    "region_code": "75",
    "postal_code": "17380"
  },
  {
    "name": "Tonnay-Charente",
    "code": "17449",
    "epci_code": "200041762",
    "departement_code": "17",
    "region_code": "75",
    "postal_code": "17430"
  },
  {
    "name": "Torxé",
    "code": "17450",
    "epci_code": "200041689",
    "departement_code": "17",
    "region_code": "75",
    "postal_code": "17380"
  },
  {
    "name": "Les Touches-de-Périgny",
    "code": "17451",
    "epci_code": "200041689",
    "departement_code": "17",
    "region_code": "75",
    "postal_code": "17160"
  },
  {
    "name": "La Tremblade",
    "code": "17452",
    "epci_code": "241700640",
    "departement_code": "17",
    "region_code": "75",
    "postal_code": "17390"
  },
  {
    "name": "Trizay",
    "code": "17453",
    "epci_code": "241700517",
    "departement_code": "17",
    "region_code": "75",
    "postal_code": "17250"
  },
  {
    "name": "Tugéras-Saint-Maurice",
    "code": "17454",
    "epci_code": "200041523",
    "departement_code": "17",
    "region_code": "75",
    "postal_code": "17130"
  },
  {
    "name": "La Vallée",
    "code": "17455",
    "epci_code": "241700517",
    "departement_code": "17",
    "region_code": "75",
    "postal_code": "17250"
  },
  {
    "name": "La Devise",
    "code": "17457",
    "epci_code": "200041614",
    "departement_code": "17",
    "region_code": "75",
    "postal_code": "17380"
  },
  {
    "name": "La Devise",
    "code": "17457",
    "epci_code": "200041614",
    "departement_code": "17",
    "region_code": "75",
    "postal_code": "17700"
  },
  {
    "name": "Vanzac",
    "code": "17458",
    "epci_code": "200041523",
    "departement_code": "17",
    "region_code": "75",
    "postal_code": "17500"
  },
  {
    "name": "Varaize",
    "code": "17459",
    "epci_code": "200041689",
    "departement_code": "17",
    "region_code": "75",
    "postal_code": "17400"
  },
  {
    "name": "Varzay",
    "code": "17460",
    "epci_code": "200036473",
    "departement_code": "17",
    "region_code": "75",
    "postal_code": "17460"
  },
  {
    "name": "Vaux-sur-Mer",
    "code": "17461",
    "epci_code": "241700640",
    "departement_code": "17",
    "region_code": "75",
    "postal_code": "17640"
  },
  {
    "name": "Vénérand",
    "code": "17462",
    "epci_code": "200036473",
    "departement_code": "17",
    "region_code": "75",
    "postal_code": "17100"
  },
  {
    "name": "Vergeroux",
    "code": "17463",
    "epci_code": "200041762",
    "departement_code": "17",
    "region_code": "75",
    "postal_code": "17300"
  },
  {
    "name": "Vergné",
    "code": "17464",
    "epci_code": "200041689",
    "departement_code": "17",
    "region_code": "75",
    "postal_code": "17330"
  },
  {
    "name": "La Vergne",
    "code": "17465",
    "epci_code": "200041689",
    "departement_code": "17",
    "region_code": "75",
    "postal_code": "17400"
  },
  {
    "name": "Vérines",
    "code": "17466",
    "epci_code": "241700434",
    "departement_code": "17",
    "region_code": "75",
    "postal_code": "17540"
  },
  {
    "name": "Vervant",
    "code": "17467",
    "epci_code": "200041689",
    "departement_code": "17",
    "region_code": "75",
    "postal_code": "17400"
  },
  {
    "name": "Vibrac",
    "code": "17468",
    "epci_code": "200041523",
    "departement_code": "17",
    "region_code": "75",
    "postal_code": "17130"
  },
  {
    "name": "Villars-en-Pons",
    "code": "17469",
    "epci_code": "241700632",
    "departement_code": "17",
    "region_code": "75",
    "postal_code": "17260"
  },
  {
    "name": "Villars-les-Bois",
    "code": "17470",
    "epci_code": "200036473",
    "departement_code": "17",
    "region_code": "75",
    "postal_code": "17770"
  },
  {
    "name": "La Villedieu",
    "code": "17471",
    "epci_code": "200041689",
    "departement_code": "17",
    "region_code": "75",
    "postal_code": "17470"
  },
  {
    "name": "Villedoux",
    "code": "17472",
    "epci_code": "200041499",
    "departement_code": "17",
    "region_code": "75",
    "postal_code": "17230"
  },
  {
    "name": "Villemorin",
    "code": "17473",
    "epci_code": "200041689",
    "departement_code": "17",
    "region_code": "75",
    "postal_code": "17470"
  },
  {
    "name": "Villeneuve-la-Comtesse",
    "code": "17474",
    "epci_code": "200041689",
    "departement_code": "17",
    "region_code": "75",
    "postal_code": "17330"
  },
  {
    "name": "Villexavier",
    "code": "17476",
    "epci_code": "200041523",
    "departement_code": "17",
    "region_code": "75",
    "postal_code": "17500"
  },
  {
    "name": "Villiers-Couture",
    "code": "17477",
    "epci_code": "200041689",
    "departement_code": "17",
    "region_code": "75",
    "postal_code": "17510"
  },
  {
    "name": "Vinax",
    "code": "17478",
    "epci_code": "200041689",
    "departement_code": "17",
    "region_code": "75",
    "postal_code": "17510"
  },
  {
    "name": "Virollet",
    "code": "17479",
    "epci_code": "241700632",
    "departement_code": "17",
    "region_code": "75",
    "postal_code": "17260"
  },
  {
    "name": "Virson",
    "code": "17480",
    "epci_code": "200041614",
    "departement_code": "17",
    "region_code": "75",
    "postal_code": "17290"
  },
  {
    "name": "Voissay",
    "code": "17481",
    "epci_code": "200041689",
    "departement_code": "17",
    "region_code": "75",
    "postal_code": "17400"
  },
  {
    "name": "Vouhé",
    "code": "17482",
    "epci_code": "200041614",
    "departement_code": "17",
    "region_code": "75",
    "postal_code": "17700"
  },
  {
    "name": "Yves",
    "code": "17483",
    "epci_code": "241700434",
    "departement_code": "17",
    "region_code": "75",
    "postal_code": "17340"
  },
  {
    "name": "Port-des-Barques",
    "code": "17484",
    "epci_code": "200041762",
    "departement_code": "17",
    "region_code": "75",
    "postal_code": "17730"
  },
  {
    "name": "Le Grand-Village-Plage",
    "code": "17485",
    "epci_code": "241700624",
    "departement_code": "17",
    "region_code": "75",
    "postal_code": "17370"
  },
  {
    "name": "La Brée-les-Bains",
    "code": "17486",
    "epci_code": "241700624",
    "departement_code": "17",
    "region_code": "75",
    "postal_code": "17840"
  }
]