[
  {
    "name": "Albas",
    "code": "46001",
    "epci_code": "244600433",
    "departement_code": "46",
    "region_code": "76",
    "postal_code": "46140"
  },
  {
    "name": "Albiac",
    "code": "46002",
    "epci_code": "200067361",
    "departement_code": "46",
    "region_code": "76",
    "postal_code": "46500"
  },
  {
    "name": "Alvignac",
    "code": "46003",
    "epci_code": "200066371",
    "departement_code": "46",
    "region_code": "76",
    "postal_code": "46500"
  },
  {
    "name": "Anglars",
    "code": "46004",
    "epci_code": "200067361",
    "departement_code": "46",
    "region_code": "76",
    "postal_code": "46120"
  },
  {
    "name": "Anglars-Juillac",
    "code": "46005",
    "epci_code": "244600433",
    "departement_code": "46",
    "region_code": "76",
    "postal_code": "46140"
  },
  {
    "name": "Anglars-Nozac",
    "code": "46006",
    "epci_code": "244600482",
    "departement_code": "46",
    "region_code": "76",
    "postal_code": "46300"
  },
  {
    "name": "Arcambal",
    "code": "46007",
    "epci_code": "200023737",
    "departement_code": "46",
    "region_code": "76",
    "postal_code": "46090"
  },
  {
    "name": "Les Arques",
    "code": "46008",
    "epci_code": "200035327",
    "departement_code": "46",
    "region_code": "76",
    "postal_code": "46250"
  },
  {
    "name": "Assier",
    "code": "46009",
    "epci_code": "200067361",
    "departement_code": "46",
    "region_code": "76",
    "postal_code": "46320"
  },
  {
    "name": "Aujols",
    "code": "46010",
    "epci_code": "244600532",
    "departement_code": "46",
    "region_code": "76",
    "postal_code": "46090"
  },
  {
    "name": "Autoire",
    "code": "46011",
    "epci_code": "200066371",
    "departement_code": "46",
    "region_code": "76",
    "postal_code": "46400"
  },
  {
    "name": "Aynac",
    "code": "46012",
    "epci_code": "200067361",
    "departement_code": "46",
    "region_code": "76",
    "postal_code": "46120"
  },
  {
    "name": "Bach",
    "code": "46013",
    "epci_code": "244600532",
    "departement_code": "46",
    "region_code": "76",
    "postal_code": "46230"
  },
  {
    "name": "Bagnac-sur-Célé",
    "code": "46015",
    "epci_code": "200067361",
    "departement_code": "46",
    "region_code": "76",
    "postal_code": "46270"
  },
  {
    "name": "Baladou",
    "code": "46016",
    "epci_code": "200066371",
    "departement_code": "46",
    "region_code": "76",
    "postal_code": "46600"
  },
  {
    "name": "Bannes",
    "code": "46017",
    "epci_code": "200066371",
    "departement_code": "46",
    "region_code": "76",
    "postal_code": "46400"
  },
  {
    "name": "Le Bastit",
    "code": "46018",
    "epci_code": "200066371",
    "departement_code": "46",
    "region_code": "76",
    "postal_code": "46500"
  },
  {
    "name": "Beauregard",
    "code": "46020",
    "epci_code": "244600532",
    "departement_code": "46",
    "region_code": "76",
    "postal_code": "46260"
  },
  {
    "name": "Béduer",
    "code": "46021",
    "epci_code": "200067361",
    "departement_code": "46",
    "region_code": "76",
    "postal_code": "46100"
  },
  {
    "name": "Bélaye",
    "code": "46022",
    "epci_code": "244600433",
    "departement_code": "46",
    "region_code": "76",
    "postal_code": "46140"
  },
  {
    "name": "Belfort-du-Quercy",
    "code": "46023",
    "epci_code": "244600532",
    "departement_code": "46",
    "region_code": "76",
    "postal_code": "46230"
  },
  {
    "name": "Belmont-Bretenoux",
    "code": "46024",
    "epci_code": "200066371",
    "departement_code": "46",
    "region_code": "76",
    "postal_code": "46130"
  },
  {
    "name": "Belmont-Sainte-Foi",
    "code": "46026",
    "epci_code": "244600532",
    "departement_code": "46",
    "region_code": "76",
    "postal_code": "46230"
  },
  {
    "name": "Berganty",
    "code": "46027",
    "epci_code": "244600532",
    "departement_code": "46",
    "region_code": "76",
    "postal_code": "46090"
  },
  {
    "name": "Bétaille",
    "code": "46028",
    "epci_code": "200066371",
    "departement_code": "46",
    "region_code": "76",
    "postal_code": "46110"
  },
  {
    "name": "Biars-sur-Cère",
    "code": "46029",
    "epci_code": "200066371",
    "departement_code": "46",
    "region_code": "76",
    "postal_code": "46130"
  },
  {
    "name": "Bio",
    "code": "46030",
    "epci_code": "200066371",
    "departement_code": "46",
    "region_code": "76",
    "postal_code": "46500"
  },
  {
    "name": "Blars",
    "code": "46031",
    "epci_code": "244600573",
    "departement_code": "46",
    "region_code": "76",
    "postal_code": "46330"
  },
  {
    "name": "Boissières",
    "code": "46032",
    "epci_code": "200023737",
    "departement_code": "46",
    "region_code": "76",
    "postal_code": "46150"
  },
  {
    "name": "Porte-du-Quercy",
    "code": "46033",
    "epci_code": "200039519",
    "departement_code": "46",
    "region_code": "76",
    "postal_code": "46800"
  },
  {
    "name": "Le Bourg",
    "code": "46034",
    "epci_code": "200067361",
    "departement_code": "46",
    "region_code": "76",
    "postal_code": "46120"
  },
  {
    "name": "Boussac",
    "code": "46035",
    "epci_code": "200067361",
    "departement_code": "46",
    "region_code": "76",
    "postal_code": "46100"
  },
  {
    "name": "Le Bouyssou",
    "code": "46036",
    "epci_code": "200067361",
    "departement_code": "46",
    "region_code": "76",
    "postal_code": "46120"
  },
  {
    "name": "Bouziès",
    "code": "46037",
    "epci_code": "200023737",
    "departement_code": "46",
    "region_code": "76",
    "postal_code": "46330"
  },
  {
    "name": "Bretenoux",
    "code": "46038",
    "epci_code": "200066371",
    "departement_code": "46",
    "region_code": "76",
    "postal_code": "46130"
  },
  {
    "name": "Brengues",
    "code": "46039",
    "epci_code": "200067361",
    "departement_code": "46",
    "region_code": "76",
    "postal_code": "46320"
  },
  {
    "name": "Cabrerets",
    "code": "46040",
    "epci_code": "200023737",
    "departement_code": "46",
    "region_code": "76",
    "postal_code": "46330"
  },
  {
    "name": "Cadrieu",
    "code": "46041",
    "epci_code": "200067361",
    "departement_code": "46",
    "region_code": "76",
    "postal_code": "46160"
  },
  {
    "name": "Cahors",
    "code": "46042",
    "epci_code": "200023737",
    "departement_code": "46",
    "region_code": "76",
    "postal_code": "46000"
  },
  {
    "name": "Cahus",
    "code": "46043",
    "epci_code": "200066371",
    "departement_code": "46",
    "region_code": "76",
    "postal_code": "46130"
  },
  {
    "name": "Caillac",
    "code": "46044",
    "epci_code": "200023737",
    "departement_code": "46",
    "region_code": "76",
    "postal_code": "46140"
  },
  {
    "name": "Cajarc",
    "code": "46045",
    "epci_code": "200067361",
    "departement_code": "46",
    "region_code": "76",
    "postal_code": "46160"
  },
  {
    "name": "Calamane",
    "code": "46046",
    "epci_code": "200023737",
    "departement_code": "46",
    "region_code": "76",
    "postal_code": "46150"
  },
  {
    "name": "Calès",
    "code": "46047",
    "epci_code": "200066371",
    "departement_code": "46",
    "region_code": "76",
    "postal_code": "46350"
  },
  {
    "name": "Calvignac",
    "code": "46049",
    "epci_code": "200067361",
    "departement_code": "46",
    "region_code": "76",
    "postal_code": "46160"
  },
  {
    "name": "Cambayrac",
    "code": "46050",
    "epci_code": "244600433",
    "departement_code": "46",
    "region_code": "76",
    "postal_code": "46140"
  },
  {
    "name": "Cambes",
    "code": "46051",
    "epci_code": "200067361",
    "departement_code": "46",
    "region_code": "76",
    "postal_code": "46100"
  },
  {
    "name": "Camboulit",
    "code": "46052",
    "epci_code": "200067361",
    "departement_code": "46",
    "region_code": "76",
    "postal_code": "46100"
  },
  {
    "name": "Camburat",
    "code": "46053",
    "epci_code": "200067361",
    "departement_code": "46",
    "region_code": "76",
    "postal_code": "46100"
  },
  {
    "name": "Caniac-du-Causse",
    "code": "46054",
    "epci_code": "244600573",
    "departement_code": "46",
    "region_code": "76",
    "postal_code": "46240"
  },
  {
    "name": "Capdenac",
    "code": "46055",
    "epci_code": "200067361",
    "departement_code": "46",
    "region_code": "76",
    "postal_code": "46100"
  },
  {
    "name": "Carayac",
    "code": "46056",
    "epci_code": "200067361",
    "departement_code": "46",
    "region_code": "76",
    "postal_code": "46160"
  },
  {
    "name": "Cardaillac",
    "code": "46057",
    "epci_code": "200067361",
    "departement_code": "46",
    "region_code": "76",
    "postal_code": "46100"
  },
  {
    "name": "Carennac",
    "code": "46058",
    "epci_code": "200066371",
    "departement_code": "46",
    "region_code": "76",
    "postal_code": "46110"
  },
  {
    "name": "Carlucet",
    "code": "46059",
    "epci_code": "200066371",
    "departement_code": "46",
    "region_code": "76",
    "postal_code": "46500"
  },
  {
    "name": "Carnac-Rouffiac",
    "code": "46060",
    "epci_code": "244600433",
    "departement_code": "46",
    "region_code": "76",
    "postal_code": "46140"
  },
  {
    "name": "Cassagnes",
    "code": "46061",
    "epci_code": "244600433",
    "departement_code": "46",
    "region_code": "76",
    "postal_code": "46700"
  },
  {
    "name": "Castelfranc",
    "code": "46062",
    "epci_code": "244600433",
    "departement_code": "46",
    "region_code": "76",
    "postal_code": "46140"
  },
  {
    "name": "Castelnau-Montratier",
    "code": "46063",
    "epci_code": "200039519",
    "departement_code": "46",
    "region_code": "76",
    "postal_code": "46170"
  },
  {
    "name": "Catus",
    "code": "46064",
    "epci_code": "200023737",
    "departement_code": "46",
    "region_code": "76",
    "postal_code": "46150"
  },
  {
    "name": "Cavagnac",
    "code": "46065",
    "epci_code": "200066371",
    "departement_code": "46",
    "region_code": "76",
    "postal_code": "46110"
  },
  {
    "name": "Cazals",
    "code": "46066",
    "epci_code": "200035327",
    "departement_code": "46",
    "region_code": "76",
    "postal_code": "46250"
  },
  {
    "name": "Cénevières",
    "code": "46068",
    "epci_code": "244600532",
    "departement_code": "46",
    "region_code": "76",
    "postal_code": "46330"
  },
  {
    "name": "Cézac",
    "code": "46069",
    "epci_code": "200039519",
    "departement_code": "46",
    "region_code": "76",
    "postal_code": "46170"
  },
  {
    "name": "Cieurac",
    "code": "46070",
    "epci_code": "200023737",
    "departement_code": "46",
    "region_code": "76",
    "postal_code": "46230"
  },
  {
    "name": "Concorès",
    "code": "46072",
    "epci_code": "244600482",
    "departement_code": "46",
    "region_code": "76",
    "postal_code": "46310"
  },
  {
    "name": "Concots",
    "code": "46073",
    "epci_code": "244600532",
    "departement_code": "46",
    "region_code": "76",
    "postal_code": "46260"
  },
  {
    "name": "Condat",
    "code": "46074",
    "epci_code": "200066371",
    "departement_code": "46",
    "region_code": "76",
    "postal_code": "46110"
  },
  {
    "name": "Corn",
    "code": "46075",
    "epci_code": "200067361",
    "departement_code": "46",
    "region_code": "76",
    "postal_code": "46100"
  },
  {
    "name": "Cornac",
    "code": "46076",
    "epci_code": "200066371",
    "departement_code": "46",
    "region_code": "76",
    "postal_code": "46130"
  },
  {
    "name": "Couzou",
    "code": "46078",
    "epci_code": "200066371",
    "departement_code": "46",
    "region_code": "76",
    "postal_code": "46500"
  },
  {
    "name": "Cras",
    "code": "46079",
    "epci_code": "244600573",
    "departement_code": "46",
    "region_code": "76",
    "postal_code": "46360"
  },
  {
    "name": "Crayssac",
    "code": "46080",
    "epci_code": "200023737",
    "departement_code": "46",
    "region_code": "76",
    "postal_code": "46150"
  },
  {
    "name": "Crégols",
    "code": "46081",
    "epci_code": "244600532",
    "departement_code": "46",
    "region_code": "76",
    "postal_code": "46330"
  },
  {
    "name": "Cremps",
    "code": "46082",
    "epci_code": "244600532",
    "departement_code": "46",
    "region_code": "76",
    "postal_code": "46230"
  },
  {
    "name": "Cressensac-Sarrazac",
    "code": "46083",
    "epci_code": "200066371",
    "departement_code": "46",
    "region_code": "76",
    "postal_code": "46600"
  },
  {
    "name": "Creysse",
    "code": "46084",
    "epci_code": "200066371",
    "departement_code": "46",
    "region_code": "76",
    "postal_code": "46600"
  },
  {
    "name": "Cuzac",
    "code": "46085",
    "epci_code": "200067361",
    "departement_code": "46",
    "region_code": "76",
    "postal_code": "46270"
  },
  {
    "name": "Cuzance",
    "code": "46086",
    "epci_code": "200066371",
    "departement_code": "46",
    "region_code": "76",
    "postal_code": "46600"
  },
  {
    "name": "Dégagnac",
    "code": "46087",
    "epci_code": "200035327",
    "departement_code": "46",
    "region_code": "76",
    "postal_code": "46340"
  },
  {
    "name": "Douelle",
    "code": "46088",
    "epci_code": "200023737",
    "departement_code": "46",
    "region_code": "76",
    "postal_code": "46140"
  },
  {
    "name": "Duravel",
    "code": "46089",
    "epci_code": "244600433",
    "departement_code": "46",
    "region_code": "76",
    "postal_code": "46700"
  },
  {
    "name": "Durbans",
    "code": "46090",
    "epci_code": "200067361",
    "departement_code": "46",
    "region_code": "76",
    "postal_code": "46320"
  },
  {
    "name": "Escamps",
    "code": "46091",
    "epci_code": "244600532",
    "departement_code": "46",
    "region_code": "76",
    "postal_code": "46230"
  },
  {
    "name": "Esclauzels",
    "code": "46092",
    "epci_code": "244600532",
    "departement_code": "46",
    "region_code": "76",
    "postal_code": "46090"
  },
  {
    "name": "Espagnac-Sainte-Eulalie",
    "code": "46093",
    "epci_code": "200067361",
    "departement_code": "46",
    "region_code": "76",
    "postal_code": "46320"
  },
  {
    "name": "Espédaillac",
    "code": "46094",
    "epci_code": "200067361",
    "departement_code": "46",
    "region_code": "76",
    "postal_code": "46320"
  },
  {
    "name": "Espère",
    "code": "46095",
    "epci_code": "200023737",
    "departement_code": "46",
    "region_code": "76",
    "postal_code": "46090"
  },
  {
    "name": "Espeyroux",
    "code": "46096",
    "epci_code": "200067361",
    "departement_code": "46",
    "region_code": "76",
    "postal_code": "46120"
  },
  {
    "name": "Estal",
    "code": "46097",
    "epci_code": "200066371",
    "departement_code": "46",
    "region_code": "76",
    "postal_code": "46130"
  },
  {
    "name": "Fajoles",
    "code": "46098",
    "epci_code": "244600482",
    "departement_code": "46",
    "region_code": "76",
    "postal_code": "46300"
  },
  {
    "name": "Faycelles",
    "code": "46100",
    "epci_code": "200067361",
    "departement_code": "46",
    "region_code": "76",
    "postal_code": "46100"
  },
  {
    "name": "Felzins",
    "code": "46101",
    "epci_code": "200067361",
    "departement_code": "46",
    "region_code": "76",
    "postal_code": "46270"
  },
  {
    "name": "Figeac",
    "code": "46102",
    "epci_code": "200067361",
    "departement_code": "46",
    "region_code": "76",
    "postal_code": "46100"
  },
  {
    "name": "Saint-Paul-Flaugnac",
    "code": "46103",
    "epci_code": "200039519",
    "departement_code": "46",
    "region_code": "76",
    "postal_code": "46170"
  },
  {
    "name": "Flaujac-Gare",
    "code": "46104",
    "epci_code": "200067361",
    "departement_code": "46",
    "region_code": "76",
    "postal_code": "46320"
  },
  {
    "name": "Flaujac-Poujols",
    "code": "46105",
    "epci_code": "244600532",
    "departement_code": "46",
    "region_code": "76",
    "postal_code": "46090"
  },
  {
    "name": "Floirac",
    "code": "46106",
    "epci_code": "200066371",
    "departement_code": "46",
    "region_code": "76",
    "postal_code": "46600"
  },
  {
    "name": "Floressas",
    "code": "46107",
    "epci_code": "244600433",
    "departement_code": "46",
    "region_code": "76",
    "postal_code": "46700"
  },
  {
    "name": "Fons",
    "code": "46108",
    "epci_code": "200067361",
    "departement_code": "46",
    "region_code": "76",
    "postal_code": "46100"
  },
  {
    "name": "Fontanes",
    "code": "46109",
    "epci_code": "200023737",
    "departement_code": "46",
    "region_code": "76",
    "postal_code": "46230"
  },
  {
    "name": "Fourmagnac",
    "code": "46111",
    "epci_code": "200067361",
    "departement_code": "46",
    "region_code": "76",
    "postal_code": "46100"
  },
  {
    "name": "Francoulès",
    "code": "46112",
    "epci_code": "200023737",
    "departement_code": "46",
    "region_code": "76",
    "postal_code": "46090"
  },
  {
    "name": "Frayssinet",
    "code": "46113",
    "epci_code": "244600573",
    "departement_code": "46",
    "region_code": "76",
    "postal_code": "46310"
  },
  {
    "name": "Frayssinet-le-Gélat",
    "code": "46114",
    "epci_code": "200035327",
    "departement_code": "46",
    "region_code": "76",
    "postal_code": "46250"
  },
  {
    "name": "Frayssinhes",
    "code": "46115",
    "epci_code": "200066371",
    "departement_code": "46",
    "region_code": "76",
    "postal_code": "46400"
  },
  {
    "name": "Frontenac",
    "code": "46116",
    "epci_code": "200067361",
    "departement_code": "46",
    "region_code": "76",
    "postal_code": "46160"
  },
  {
    "name": "Gagnac-sur-Cère",
    "code": "46117",
    "epci_code": "200066371",
    "departement_code": "46",
    "region_code": "76",
    "postal_code": "46130"
  },
  {
    "name": "Gignac",
    "code": "46118",
    "epci_code": "200066371",
    "departement_code": "46",
    "region_code": "76",
    "postal_code": "46600"
  },
  {
    "name": "Gigouzac",
    "code": "46119",
    "epci_code": "200023737",
    "departement_code": "46",
    "region_code": "76",
    "postal_code": "46150"
  },
  {
    "name": "Gindou",
    "code": "46120",
    "epci_code": "200035327",
    "departement_code": "46",
    "region_code": "76",
    "postal_code": "46250"
  },
  {
    "name": "Ginouillac",
    "code": "46121",
    "epci_code": "244600573",
    "departement_code": "46",
    "region_code": "76",
    "postal_code": "46300"
  },
  {
    "name": "Gintrac",
    "code": "46122",
    "epci_code": "200066371",
    "departement_code": "46",
    "region_code": "76",
    "postal_code": "46130"
  },
  {
    "name": "Girac",
    "code": "46123",
    "epci_code": "200066371",
    "departement_code": "46",
    "region_code": "76",
    "postal_code": "46130"
  },
  {
    "name": "Glanes",
    "code": "46124",
    "epci_code": "200066371",
    "departement_code": "46",
    "region_code": "76",
    "postal_code": "46130"
  },
  {
    "name": "Gorses",
    "code": "46125",
    "epci_code": "200067361",
    "departement_code": "46",
    "region_code": "76",
    "postal_code": "46210"
  },
  {
    "name": "Goujounac",
    "code": "46126",
    "epci_code": "200035327",
    "departement_code": "46",
    "region_code": "76",
    "postal_code": "46250"
  },
  {
    "name": "Gourdon",
    "code": "46127",
    "epci_code": "244600482",
    "departement_code": "46",
    "region_code": "76",
    "postal_code": "46300"
  },
  {
    "name": "Gramat",
    "code": "46128",
    "epci_code": "200066371",
    "departement_code": "46",
    "region_code": "76",
    "postal_code": "46500"
  },
  {
    "name": "Gréalou",
    "code": "46129",
    "epci_code": "200067361",
    "departement_code": "46",
    "region_code": "76",
    "postal_code": "46160"
  },
  {
    "name": "Grézels",
    "code": "46130",
    "epci_code": "244600433",
    "departement_code": "46",
    "region_code": "76",
    "postal_code": "46700"
  },
  {
    "name": "Grèzes",
    "code": "46131",
    "epci_code": "200067361",
    "departement_code": "46",
    "region_code": "76",
    "postal_code": "46320"
  },
  {
    "name": "Issendolus",
    "code": "46132",
    "epci_code": "200067361",
    "departement_code": "46",
    "region_code": "76",
    "postal_code": "46500"
  },
  {
    "name": "Issepts",
    "code": "46133",
    "epci_code": "200067361",
    "departement_code": "46",
    "region_code": "76",
    "postal_code": "46320"
  },
  {
    "name": "Les Junies",
    "code": "46134",
    "epci_code": "200023737",
    "departement_code": "46",
    "region_code": "76",
    "postal_code": "46150"
  },
  {
    "name": "Labastide-du-Haut-Mont",
    "code": "46135",
    "epci_code": "200067361",
    "departement_code": "46",
    "region_code": "76",
    "postal_code": "46210"
  },
  {
    "name": "Labastide-du-Vert",
    "code": "46136",
    "epci_code": "200023737",
    "departement_code": "46",
    "region_code": "76",
    "postal_code": "46150"
  },
  {
    "name": "Labastide-Marnhac",
    "code": "46137",
    "epci_code": "200023737",
    "departement_code": "46",
    "region_code": "76",
    "postal_code": "46090"
  },
  {
    "name": "Cœur de Causse",
    "code": "46138",
    "epci_code": "244600573",
    "departement_code": "46",
    "region_code": "76",
    "postal_code": "46240"
  },
  {
    "name": "Labathude",
    "code": "46139",
    "epci_code": "200067361",
    "departement_code": "46",
    "region_code": "76",
    "postal_code": "46120"
  },
  {
    "name": "Laburgade",
    "code": "46140",
    "epci_code": "244600532",
    "departement_code": "46",
    "region_code": "76",
    "postal_code": "46230"
  },
  {
    "name": "Lacapelle-Cabanac",
    "code": "46142",
    "epci_code": "244600433",
    "departement_code": "46",
    "region_code": "76",
    "postal_code": "46700"
  },
  {
    "name": "Lacapelle-Marival",
    "code": "46143",
    "epci_code": "200067361",
    "departement_code": "46",
    "region_code": "76",
    "postal_code": "46120"
  },
  {
    "name": "Lacave",
    "code": "46144",
    "epci_code": "200066371",
    "departement_code": "46",
    "region_code": "76",
    "postal_code": "46200"
  },
  {
    "name": "Lachapelle-Auzac",
    "code": "46145",
    "epci_code": "200066371",
    "departement_code": "46",
    "region_code": "76",
    "postal_code": "46200"
  },
  {
    "name": "Ladirat",
    "code": "46146",
    "epci_code": "200066371",
    "departement_code": "46",
    "region_code": "76",
    "postal_code": "46400"
  },
  {
    "name": "Lagardelle",
    "code": "46147",
    "epci_code": "244600433",
    "departement_code": "46",
    "region_code": "76",
    "postal_code": "46220"
  },
  {
    "name": "Lalbenque",
    "code": "46148",
    "epci_code": "244600532",
    "departement_code": "46",
    "region_code": "76",
    "postal_code": "46230"
  },
  {
    "name": "Lamagdelaine",
    "code": "46149",
    "epci_code": "200023737",
    "departement_code": "46",
    "region_code": "76",
    "postal_code": "46090"
  },
  {
    "name": "Lamothe-Cassel",
    "code": "46151",
    "epci_code": "244600482",
    "departement_code": "46",
    "region_code": "76",
    "postal_code": "46240"
  },
  {
    "name": "Lamothe-Fénelon",
    "code": "46152",
    "epci_code": "200066371",
    "departement_code": "46",
    "region_code": "76",
    "postal_code": "46350"
  },
  {
    "name": "Lanzac",
    "code": "46153",
    "epci_code": "200066371",
    "departement_code": "46",
    "region_code": "76",
    "postal_code": "46200"
  },
  {
    "name": "Laramière",
    "code": "46154",
    "epci_code": "200069383",
    "departement_code": "46",
    "region_code": "76",
    "postal_code": "46260"
  },
  {
    "name": "Larnagol",
    "code": "46155",
    "epci_code": "200067361",
    "departement_code": "46",
    "region_code": "76",
    "postal_code": "46160"
  },
  {
    "name": "Bellefont-La Rauze",
    "code": "46156",
    "epci_code": "200023737",
    "departement_code": "46",
    "region_code": "76",
    "postal_code": "46090"
  },
  {
    "name": "Larroque-Toirac",
    "code": "46157",
    "epci_code": "200067361",
    "departement_code": "46",
    "region_code": "76",
    "postal_code": "46160"
  },
  {
    "name": "Latouille-Lentillac",
    "code": "46159",
    "epci_code": "200066371",
    "departement_code": "46",
    "region_code": "76",
    "postal_code": "46400"
  },
  {
    "name": "Latronquière",
    "code": "46160",
    "epci_code": "200067361",
    "departement_code": "46",
    "region_code": "76",
    "postal_code": "46210"
  },
  {
    "name": "Lauresses",
    "code": "46161",
    "epci_code": "200067361",
    "departement_code": "46",
    "region_code": "76",
    "postal_code": "46210"
  },
  {
    "name": "Lauzès",
    "code": "46162",
    "epci_code": "244600573",
    "departement_code": "46",
    "region_code": "76",
    "postal_code": "46360"
  },
  {
    "name": "Laval-de-Cère",
    "code": "46163",
    "epci_code": "200066371",
    "departement_code": "46",
    "region_code": "76",
    "postal_code": "46130"
  },
  {
    "name": "Lavercantière",
    "code": "46164",
    "epci_code": "200035327",
    "departement_code": "46",
    "region_code": "76",
    "postal_code": "46340"
  },
  {
    "name": "Lavergne",
    "code": "46165",
    "epci_code": "200066371",
    "departement_code": "46",
    "region_code": "76",
    "postal_code": "46500"
  },
  {
    "name": "Lentillac-du-Causse",
    "code": "46167",
    "epci_code": "244600573",
    "departement_code": "46",
    "region_code": "76",
    "postal_code": "46330"
  },
  {
    "name": "Lentillac-Saint-Blaise",
    "code": "46168",
    "epci_code": "200067361",
    "departement_code": "46",
    "region_code": "76",
    "postal_code": "46100"
  },
  {
    "name": "Léobard",
    "code": "46169",
    "epci_code": "200035327",
    "departement_code": "46",
    "region_code": "76",
    "postal_code": "46300"
  },
  {
    "name": "Leyme",
    "code": "46170",
    "epci_code": "200067361",
    "departement_code": "46",
    "region_code": "76",
    "postal_code": "46120"
  },
  {
    "name": "Lherm",
    "code": "46171",
    "epci_code": "200023737",
    "departement_code": "46",
    "region_code": "76",
    "postal_code": "46150"
  },
  {
    "name": "Pern-Lhospitalet",
    "code": "46172",
    "epci_code": "200039519",
    "departement_code": "46",
    "region_code": "76",
    "postal_code": "46170"
  },
  {
    "name": "Limogne-en-Quercy",
    "code": "46173",
    "epci_code": "244600532",
    "departement_code": "46",
    "region_code": "76",
    "postal_code": "46260"
  },
  {
    "name": "Linac",
    "code": "46174",
    "epci_code": "200067361",
    "departement_code": "46",
    "region_code": "76",
    "postal_code": "46270"
  },
  {
    "name": "Lissac-et-Mouret",
    "code": "46175",
    "epci_code": "200067361",
    "departement_code": "46",
    "region_code": "76",
    "postal_code": "46100"
  },
  {
    "name": "Livernon",
    "code": "46176",
    "epci_code": "200067361",
    "departement_code": "46",
    "region_code": "76",
    "postal_code": "46320"
  },
  {
    "name": "Loubressac",
    "code": "46177",
    "epci_code": "200066371",
    "departement_code": "46",
    "region_code": "76",
    "postal_code": "46130"
  },
  {
    "name": "Loupiac",
    "code": "46178",
    "epci_code": "200066371",
    "departement_code": "46",
    "region_code": "76",
    "postal_code": "46350"
  },
  {
    "name": "Lugagnac",
    "code": "46179",
    "epci_code": "244600532",
    "departement_code": "46",
    "region_code": "76",
    "postal_code": "46260"
  },
  {
    "name": "Lunan",
    "code": "46180",
    "epci_code": "200067361",
    "departement_code": "46",
    "region_code": "76",
    "postal_code": "46100"
  },
  {
    "name": "Lunegarde",
    "code": "46181",
    "epci_code": "244600573",
    "departement_code": "46",
    "region_code": "76",
    "postal_code": "46240"
  },
  {
    "name": "Luzech",
    "code": "46182",
    "epci_code": "244600433",
    "departement_code": "46",
    "region_code": "76",
    "postal_code": "46140"
  },
  {
    "name": "Marcilhac-sur-Célé",
    "code": "46183",
    "epci_code": "200067361",
    "departement_code": "46",
    "region_code": "76",
    "postal_code": "46160"
  },
  {
    "name": "Marminiac",
    "code": "46184",
    "epci_code": "200035327",
    "departement_code": "46",
    "region_code": "76",
    "postal_code": "46250"
  },
  {
    "name": "Martel",
    "code": "46185",
    "epci_code": "200066371",
    "departement_code": "46",
    "region_code": "76",
    "postal_code": "46600"
  },
  {
    "name": "Masclat",
    "code": "46186",
    "epci_code": "200066371",
    "departement_code": "46",
    "region_code": "76",
    "postal_code": "46350"
  },
  {
    "name": "Mauroux",
    "code": "46187",
    "epci_code": "244600433",
    "departement_code": "46",
    "region_code": "76",
    "postal_code": "46700"
  },
  {
    "name": "Maxou",
    "code": "46188",
    "epci_code": "200023737",
    "departement_code": "46",
    "region_code": "76",
    "postal_code": "46090"
  },
  {
    "name": "Mayrinhac-Lentour",
    "code": "46189",
    "epci_code": "200066371",
    "departement_code": "46",
    "region_code": "76",
    "postal_code": "46500"
  },
  {
    "name": "Mechmont",
    "code": "46190",
    "epci_code": "200023737",
    "departement_code": "46",
    "region_code": "76",
    "postal_code": "46150"
  },
  {
    "name": "Mercuès",
    "code": "46191",
    "epci_code": "200023737",
    "departement_code": "46",
    "region_code": "76",
    "postal_code": "46090"
  },
  {
    "name": "Meyronne",
    "code": "46192",
    "epci_code": "200066371",
    "departement_code": "46",
    "region_code": "76",
    "postal_code": "46200"
  },
  {
    "name": "Miers",
    "code": "46193",
    "epci_code": "200066371",
    "departement_code": "46",
    "region_code": "76",
    "postal_code": "46500"
  },
  {
    "name": "Milhac",
    "code": "46194",
    "epci_code": "244600482",
    "departement_code": "46",
    "region_code": "76",
    "postal_code": "46300"
  },
  {
    "name": "Molières",
    "code": "46195",
    "epci_code": "200067361",
    "departement_code": "46",
    "region_code": "76",
    "postal_code": "46120"
  },
  {
    "name": "Montamel",
    "code": "46196",
    "epci_code": "244600482",
    "departement_code": "46",
    "region_code": "76",
    "postal_code": "46310"
  },
  {
    "name": "Le Montat",
    "code": "46197",
    "epci_code": "200023737",
    "departement_code": "46",
    "region_code": "76",
    "postal_code": "46090"
  },
  {
    "name": "Montbrun",
    "code": "46198",
    "epci_code": "200067361",
    "departement_code": "46",
    "region_code": "76",
    "postal_code": "46160"
  },
  {
    "name": "Montcabrier",
    "code": "46199",
    "epci_code": "244600433",
    "departement_code": "46",
    "region_code": "76",
    "postal_code": "46700"
  },
  {
    "name": "Montcléra",
    "code": "46200",
    "epci_code": "200035327",
    "departement_code": "46",
    "region_code": "76",
    "postal_code": "46250"
  },
  {
    "name": "Montcuq-en-Quercy-Blanc",
    "code": "46201",
    "epci_code": "200039519",
    "departement_code": "46",
    "region_code": "76",
    "postal_code": "46800"
  },
  {
    "name": "Montdoumerc",
    "code": "46202",
    "epci_code": "244600532",
    "departement_code": "46",
    "region_code": "76",
    "postal_code": "46230"
  },
  {
    "name": "Montet-et-Bouxal",
    "code": "46203",
    "epci_code": "200067361",
    "departement_code": "46",
    "region_code": "76",
    "postal_code": "46210"
  },
  {
    "name": "Montfaucon",
    "code": "46204",
    "epci_code": "244600573",
    "departement_code": "46",
    "region_code": "76",
    "postal_code": "46240"
  },
  {
    "name": "Montgesty",
    "code": "46205",
    "epci_code": "200023737",
    "departement_code": "46",
    "region_code": "76",
    "postal_code": "46150"
  },
  {
    "name": "Montlauzun",
    "code": "46206",
    "epci_code": "200039519",
    "departement_code": "46",
    "region_code": "76",
    "postal_code": "46800"
  },
  {
    "name": "Montredon",
    "code": "46207",
    "epci_code": "200067361",
    "departement_code": "46",
    "region_code": "76",
    "postal_code": "46270"
  },
  {
    "name": "Montvalent",
    "code": "46208",
    "epci_code": "200066371",
    "departement_code": "46",
    "region_code": "76",
    "postal_code": "46600"
  },
  {
    "name": "Nadaillac-de-Rouge",
    "code": "46209",
    "epci_code": "200066371",
    "departement_code": "46",
    "region_code": "76",
    "postal_code": "46350"
  },
  {
    "name": "Nadillac",
    "code": "46210",
    "epci_code": "244600573",
    "departement_code": "46",
    "region_code": "76",
    "postal_code": "46360"
  },
  {
    "name": "Nuzéjouls",
    "code": "46211",
    "epci_code": "200023737",
    "departement_code": "46",
    "region_code": "76",
    "postal_code": "46150"
  },
  {
    "name": "Orniac",
    "code": "46212",
    "epci_code": "244600573",
    "departement_code": "46",
    "region_code": "76",
    "postal_code": "46330"
  },
  {
    "name": "Padirac",
    "code": "46213",
    "epci_code": "200066371",
    "departement_code": "46",
    "region_code": "76",
    "postal_code": "46500"
  },
  {
    "name": "Parnac",
    "code": "46214",
    "epci_code": "244600433",
    "departement_code": "46",
    "region_code": "76",
    "postal_code": "46140"
  },
  {
    "name": "Payrac",
    "code": "46215",
    "epci_code": "200066371",
    "departement_code": "46",
    "region_code": "76",
    "postal_code": "46350"
  },
  {
    "name": "Payrignac",
    "code": "46216",
    "epci_code": "244600482",
    "departement_code": "46",
    "region_code": "76",
    "postal_code": "46300"
  },
  {
    "name": "Pescadoires",
    "code": "46218",
    "epci_code": "244600433",
    "departement_code": "46",
    "region_code": "76",
    "postal_code": "46220"
  },
  {
    "name": "Peyrilles",
    "code": "46219",
    "epci_code": "244600482",
    "departement_code": "46",
    "region_code": "76",
    "postal_code": "46310"
  },
  {
    "name": "Pinsac",
    "code": "46220",
    "epci_code": "200066371",
    "departement_code": "46",
    "region_code": "76",
    "postal_code": "46200"
  },
  {
    "name": "Planioles",
    "code": "46221",
    "epci_code": "200067361",
    "departement_code": "46",
    "region_code": "76",
    "postal_code": "46100"
  },
  {
    "name": "Pomarède",
    "code": "46222",
    "epci_code": "200035327",
    "departement_code": "46",
    "region_code": "76",
    "postal_code": "46250"
  },
  {
    "name": "Pontcirq",
    "code": "46223",
    "epci_code": "200023737",
    "departement_code": "46",
    "region_code": "76",
    "postal_code": "46150"
  },
  {
    "name": "Pradines",
    "code": "46224",
    "epci_code": "200023737",
    "departement_code": "46",
    "region_code": "76",
    "postal_code": "46090"
  },
  {
    "name": "Prayssac",
    "code": "46225",
    "epci_code": "244600433",
    "departement_code": "46",
    "region_code": "76",
    "postal_code": "46220"
  },
  {
    "name": "Prendeignes",
    "code": "46226",
    "epci_code": "200067361",
    "departement_code": "46",
    "region_code": "76",
    "postal_code": "46270"
  },
  {
    "name": "Promilhanes",
    "code": "46227",
    "epci_code": "200069383",
    "departement_code": "46",
    "region_code": "76",
    "postal_code": "46260"
  },
  {
    "name": "Prudhomat",
    "code": "46228",
    "epci_code": "200066371",
    "departement_code": "46",
    "region_code": "76",
    "postal_code": "46130"
  },
  {
    "name": "Puybrun",
    "code": "46229",
    "epci_code": "200066371",
    "departement_code": "46",
    "region_code": "76",
    "postal_code": "46130"
  },
  {
    "name": "Puyjourdes",
    "code": "46230",
    "epci_code": "200067361",
    "departement_code": "46",
    "region_code": "76",
    "postal_code": "46260"
  },
  {
    "name": "Puy-l’Évêque",
    "code": "46231",
    "epci_code": "244600433",
    "departement_code": "46",
    "region_code": "76",
    "postal_code": "46700"
  },
  {
    "name": "Le Vignon-en-Quercy",
    "code": "46232",
    "epci_code": "200066371",
    "departement_code": "46",
    "region_code": "76",
    "postal_code": "46110"
  },
  {
    "name": "Le Vignon-en-Quercy",
    "code": "46232",
    "epci_code": "200066371",
    "departement_code": "46",
    "region_code": "76",
    "postal_code": "46600"
  },
  {
    "name": "Quissac-en-Quercy",
    "code": "46233",
    "epci_code": "200067361",
    "departement_code": "46",
    "region_code": "76",
    "postal_code": "46320"
  },
  {
    "name": "Rampoux",
    "code": "46234",
    "epci_code": "200035327",
    "departement_code": "46",
    "region_code": "76",
    "postal_code": "46340"
  },
  {
    "name": "Reilhac",
    "code": "46235",
    "epci_code": "200067361",
    "departement_code": "46",
    "region_code": "76",
    "postal_code": "46500"
  },
  {
    "name": "Reilhaguet",
    "code": "46236",
    "epci_code": "200066371",
    "departement_code": "46",
    "region_code": "76",
    "postal_code": "46350"
  },
  {
    "name": "Reyrevignes",
    "code": "46237",
    "epci_code": "200067361",
    "departement_code": "46",
    "region_code": "76",
    "postal_code": "46320"
  },
  {
    "name": "Rignac",
    "code": "46238",
    "epci_code": "200066371",
    "departement_code": "46",
    "region_code": "76",
    "postal_code": "46500"
  },
  {
    "name": "Le Roc",
    "code": "46239",
    "epci_code": "200066371",
    "departement_code": "46",
    "region_code": "76",
    "postal_code": "46200"
  },
  {
    "name": "Rocamadour",
    "code": "46240",
    "epci_code": "200066371",
    "departement_code": "46",
    "region_code": "76",
    "postal_code": "46500"
  },
  {
    "name": "Rouffilhac",
    "code": "46241",
    "epci_code": "244600482",
    "departement_code": "46",
    "region_code": "76",
    "postal_code": "46300"
  },
  {
    "name": "Rudelle",
    "code": "46242",
    "epci_code": "200067361",
    "departement_code": "46",
    "region_code": "76",
    "postal_code": "46120"
  },
  {
    "name": "Rueyres",
    "code": "46243",
    "epci_code": "200067361",
    "departement_code": "46",
    "region_code": "76",
    "postal_code": "46120"
  },
  {
    "name": "Sabadel-Latronquière",
    "code": "46244",
    "epci_code": "200067361",
    "departement_code": "46",
    "region_code": "76",
    "postal_code": "46210"
  },
  {
    "name": "Sabadel-Lauzès",
    "code": "46245",
    "epci_code": "244600573",
    "departement_code": "46",
    "region_code": "76",
    "postal_code": "46360"
  },
  {
    "name": "Saignes",
    "code": "46246",
    "epci_code": "200066371",
    "departement_code": "46",
    "region_code": "76",
    "postal_code": "46500"
  },
  {
    "name": "Saillac",
    "code": "46247",
    "epci_code": "244600532",
    "departement_code": "46",
    "region_code": "76",
    "postal_code": "46260"
  },
  {
    "name": "Saint-Bressou",
    "code": "46249",
    "epci_code": "200067361",
    "departement_code": "46",
    "region_code": "76",
    "postal_code": "46120"
  },
  {
    "name": "Saint-Caprais",
    "code": "46250",
    "epci_code": "200035327",
    "departement_code": "46",
    "region_code": "76",
    "postal_code": "46250"
  },
  {
    "name": "Saint-Céré",
    "code": "46251",
    "epci_code": "200066371",
    "departement_code": "46",
    "region_code": "76",
    "postal_code": "46400"
  },
  {
    "name": "Les Pechs du Vers",
    "code": "46252",
    "epci_code": "244600573",
    "departement_code": "46",
    "region_code": "76",
    "postal_code": "46360"
  },
  {
    "name": "Saint-Chamarand",
    "code": "46253",
    "epci_code": "244600482",
    "departement_code": "46",
    "region_code": "76",
    "postal_code": "46310"
  },
  {
    "name": "Saint-Chels",
    "code": "46254",
    "epci_code": "200067361",
    "departement_code": "46",
    "region_code": "76",
    "postal_code": "46160"
  },
  {
    "name": "Saint-Cirgues",
    "code": "46255",
    "epci_code": "200067361",
    "departement_code": "46",
    "region_code": "76",
    "postal_code": "46210"
  },
  {
    "name": "Saint-Cirq-Lapopie",
    "code": "46256",
    "epci_code": "200023737",
    "departement_code": "46",
    "region_code": "76",
    "postal_code": "46330"
  },
  {
    "name": "Saint-Cirq-Madelon",
    "code": "46257",
    "epci_code": "244600482",
    "departement_code": "46",
    "region_code": "76",
    "postal_code": "46300"
  },
  {
    "name": "Saint-Cirq-Souillaguet",
    "code": "46258",
    "epci_code": "244600482",
    "departement_code": "46",
    "region_code": "76",
    "postal_code": "46300"
  },
  {
    "name": "Saint-Clair",
    "code": "46259",
    "epci_code": "244600482",
    "departement_code": "46",
    "region_code": "76",
    "postal_code": "46300"
  },
  {
    "name": "Sainte-Colombe",
    "code": "46260",
    "epci_code": "200067361",
    "departement_code": "46",
    "region_code": "76",
    "postal_code": "46120"
  },
  {
    "name": "Lendou-en-Quercy",
    "code": "46262",
    "epci_code": "200039519",
    "departement_code": "46",
    "region_code": "76",
    "postal_code": "46800"
  },
  {
    "name": "Barguelonne-en-Quercy",
    "code": "46263",
    "epci_code": "200039519",
    "departement_code": "46",
    "region_code": "76",
    "postal_code": "46800"
  },
  {
    "name": "Saint-Denis-Catus",
    "code": "46264",
    "epci_code": "200023737",
    "departement_code": "46",
    "region_code": "76",
    "postal_code": "46150"
  },
  {
    "name": "Saint-Denis-lès-Martel",
    "code": "46265",
    "epci_code": "200066371",
    "departement_code": "46",
    "region_code": "76",
    "postal_code": "46600"
  },
  {
    "name": "Saint-Félix",
    "code": "46266",
    "epci_code": "200067361",
    "departement_code": "46",
    "region_code": "76",
    "postal_code": "46100"
  },
  {
    "name": "Saint-Germain-du-Bel-Air",
    "code": "46267",
    "epci_code": "244600482",
    "departement_code": "46",
    "region_code": "76",
    "postal_code": "46310"
  },
  {
    "name": "Saint Géry-Vers",
    "code": "46268",
    "epci_code": "200023737",
    "departement_code": "46",
    "region_code": "76",
    "postal_code": "46090"
  },
  {
    "name": "Saint Géry-Vers",
    "code": "46268",
    "epci_code": "200023737",
    "departement_code": "46",
    "region_code": "76",
    "postal_code": "46330"
  },
  {
    "name": "Saint-Hilaire",
    "code": "46269",
    "epci_code": "200067361",
    "departement_code": "46",
    "region_code": "76",
    "postal_code": "46210"
  },
  {
    "name": "Saint-Jean-de-Laur",
    "code": "46270",
    "epci_code": "200067361",
    "departement_code": "46",
    "region_code": "76",
    "postal_code": "46260"
  },
  {
    "name": "Saint-Jean-Lespinasse",
    "code": "46271",
    "epci_code": "200066371",
    "departement_code": "46",
    "region_code": "76",
    "postal_code": "46400"
  },
  {
    "name": "Saint-Jean-Mirabel",
    "code": "46272",
    "epci_code": "200067361",
    "departement_code": "46",
    "region_code": "76",
    "postal_code": "46270"
  },
  {
    "name": "Saint-Laurent-les-Tours",
    "code": "46273",
    "epci_code": "200066371",
    "departement_code": "46",
    "region_code": "76",
    "postal_code": "46400"
  },
  {
    "name": "Saint-Martin-Labouval",
    "code": "46276",
    "epci_code": "244600532",
    "departement_code": "46",
    "region_code": "76",
    "postal_code": "46330"
  },
  {
    "name": "Saint-Martin-le-Redon",
    "code": "46277",
    "epci_code": "244600433",
    "departement_code": "46",
    "region_code": "76",
    "postal_code": "46700"
  },
  {
    "name": "Saint-Maurice-en-Quercy",
    "code": "46279",
    "epci_code": "200067361",
    "departement_code": "46",
    "region_code": "76",
    "postal_code": "46120"
  },
  {
    "name": "Saint-Médard",
    "code": "46280",
    "epci_code": "200023737",
    "departement_code": "46",
    "region_code": "76",
    "postal_code": "46150"
  },
  {
    "name": "Saint-Médard-de-Presque",
    "code": "46281",
    "epci_code": "200066371",
    "departement_code": "46",
    "region_code": "76",
    "postal_code": "46400"
  },
  {
    "name": "Saint-Médard-Nicourby",
    "code": "46282",
    "epci_code": "200067361",
    "departement_code": "46",
    "region_code": "76",
    "postal_code": "46210"
  },
  {
    "name": "Saint-Michel-de-Bannières",
    "code": "46283",
    "epci_code": "200066371",
    "departement_code": "46",
    "region_code": "76",
    "postal_code": "46110"
  },
  {
    "name": "Saint-Michel-Loubéjou",
    "code": "46284",
    "epci_code": "200066371",
    "departement_code": "46",
    "region_code": "76",
    "postal_code": "46130"
  },
  {
    "name": "Saint-Paul-de-Vern",
    "code": "46286",
    "epci_code": "200066371",
    "departement_code": "46",
    "region_code": "76",
    "postal_code": "46400"
  },
  {
    "name": "Saint-Perdoux",
    "code": "46288",
    "epci_code": "200067361",
    "departement_code": "46",
    "region_code": "76",
    "postal_code": "46100"
  },
  {
    "name": "Saint-Pierre-Toirac",
    "code": "46289",
    "epci_code": "200067361",
    "departement_code": "46",
    "region_code": "76",
    "postal_code": "46160"
  },
  {
    "name": "Saint-Projet",
    "code": "46290",
    "epci_code": "244600482",
    "departement_code": "46",
    "region_code": "76",
    "postal_code": "46300"
  },
  {
    "name": "Saint-Simon",
    "code": "46292",
    "epci_code": "200067361",
    "departement_code": "46",
    "region_code": "76",
    "postal_code": "46320"
  },
  {
    "name": "Saint-Sozy",
    "code": "46293",
    "epci_code": "200066371",
    "departement_code": "46",
    "region_code": "76",
    "postal_code": "46200"
  },
  {
    "name": "Saint-Sulpice",
    "code": "46294",
    "epci_code": "200067361",
    "departement_code": "46",
    "region_code": "76",
    "postal_code": "46160"
  },
  {
    "name": "Saint-Vincent-du-Pendit",
    "code": "46295",
    "epci_code": "200066371",
    "departement_code": "46",
    "region_code": "76",
    "postal_code": "46400"
  },
  {
    "name": "Saint-Vincent-Rive-d’Olt",
    "code": "46296",
    "epci_code": "244600433",
    "departement_code": "46",
    "region_code": "76",
    "postal_code": "46140"
  },
  {
    "name": "Salviac",
    "code": "46297",
    "epci_code": "200035327",
    "departement_code": "46",
    "region_code": "76",
    "postal_code": "46340"
  },
  {
    "name": "Sauliac-sur-Célé",
    "code": "46299",
    "epci_code": "200067361",
    "departement_code": "46",
    "region_code": "76",
    "postal_code": "46330"
  },
  {
    "name": "Sauzet",
    "code": "46301",
    "epci_code": "244600433",
    "departement_code": "46",
    "region_code": "76",
    "postal_code": "46140"
  },
  {
    "name": "Sénaillac-Latronquière",
    "code": "46302",
    "epci_code": "200067361",
    "departement_code": "46",
    "region_code": "76",
    "postal_code": "46210"
  },
  {
    "name": "Sénaillac-Lauzès",
    "code": "46303",
    "epci_code": "244600573",
    "departement_code": "46",
    "region_code": "76",
    "postal_code": "46360"
  },
  {
    "name": "Séniergues",
    "code": "46304",
    "epci_code": "244600573",
    "departement_code": "46",
    "region_code": "76",
    "postal_code": "46240"
  },
  {
    "name": "Sérignac",
    "code": "46305",
    "epci_code": "244600433",
    "departement_code": "46",
    "region_code": "76",
    "postal_code": "46700"
  },
  {
    "name": "Sonac",
    "code": "46306",
    "epci_code": "200067361",
    "departement_code": "46",
    "region_code": "76",
    "postal_code": "46320"
  },
  {
    "name": "Soturac",
    "code": "46307",
    "epci_code": "244600433",
    "departement_code": "46",
    "region_code": "76",
    "postal_code": "46700"
  },
  {
    "name": "Soucirac",
    "code": "46308",
    "epci_code": "244600482",
    "departement_code": "46",
    "region_code": "76",
    "postal_code": "46300"
  },
  {
    "name": "Souillac",
    "code": "46309",
    "epci_code": "200066371",
    "departement_code": "46",
    "region_code": "76",
    "postal_code": "46200"
  },
  {
    "name": "Soulomès",
    "code": "46310",
    "epci_code": "244600573",
    "departement_code": "46",
    "region_code": "76",
    "postal_code": "46240"
  },
  {
    "name": "Sousceyrac-en-Quercy",
    "code": "46311",
    "epci_code": "200066371",
    "departement_code": "46",
    "region_code": "76",
    "postal_code": "46190"
  },
  {
    "name": "Strenquels",
    "code": "46312",
    "epci_code": "200066371",
    "departement_code": "46",
    "region_code": "76",
    "postal_code": "46110"
  },
  {
    "name": "Tauriac",
    "code": "46313",
    "epci_code": "200066371",
    "departement_code": "46",
    "region_code": "76",
    "postal_code": "46130"
  },
  {
    "name": "Terrou",
    "code": "46314",
    "epci_code": "200067361",
    "departement_code": "46",
    "region_code": "76",
    "postal_code": "46120"
  },
  {
    "name": "Teyssieu",
    "code": "46315",
    "epci_code": "200066371",
    "departement_code": "46",
    "region_code": "76",
    "postal_code": "46190"
  },
  {
    "name": "Thédirac",
    "code": "46316",
    "epci_code": "200035327",
    "departement_code": "46",
    "region_code": "76",
    "postal_code": "46150"
  },
  {
    "name": "Thégra",
    "code": "46317",
    "epci_code": "200066371",
    "departement_code": "46",
    "region_code": "76",
    "postal_code": "46500"
  },
  {
    "name": "Thémines",
    "code": "46318",
    "epci_code": "200067361",
    "departement_code": "46",
    "region_code": "76",
    "postal_code": "46120"
  },
  {
    "name": "Théminettes",
    "code": "46319",
    "epci_code": "200067361",
    "departement_code": "46",
    "region_code": "76",
    "postal_code": "46120"
  },
  {
    "name": "Tour-de-Faure",
    "code": "46320",
    "epci_code": "200023737",
    "departement_code": "46",
    "region_code": "76",
    "postal_code": "46330"
  },
  {
    "name": "Touzac",
    "code": "46321",
    "epci_code": "244600433",
    "departement_code": "46",
    "region_code": "76",
    "postal_code": "46700"
  },
  {
    "name": "Trespoux-Rassiels",
    "code": "46322",
    "epci_code": "200023737",
    "departement_code": "46",
    "region_code": "76",
    "postal_code": "46090"
  },
  {
    "name": "Ussel",
    "code": "46323",
    "epci_code": "244600482",
    "departement_code": "46",
    "region_code": "76",
    "postal_code": "46240"
  },
  {
    "name": "Uzech",
    "code": "46324",
    "epci_code": "244600482",
    "departement_code": "46",
    "region_code": "76",
    "postal_code": "46310"
  },
  {
    "name": "Varaire",
    "code": "46328",
    "epci_code": "244600532",
    "departement_code": "46",
    "region_code": "76",
    "postal_code": "46260"
  },
  {
    "name": "Vaylats",
    "code": "46329",
    "epci_code": "244600532",
    "departement_code": "46",
    "region_code": "76",
    "postal_code": "46230"
  },
  {
    "name": "Vayrac",
    "code": "46330",
    "epci_code": "200066371",
    "departement_code": "46",
    "region_code": "76",
    "postal_code": "46110"
  },
  {
    "name": "Viazac",
    "code": "46332",
    "epci_code": "200067361",
    "departement_code": "46",
    "region_code": "76",
    "postal_code": "46100"
  },
  {
    "name": "Vidaillac",
    "code": "46333",
    "epci_code": "244600532",
    "departement_code": "46",
    "region_code": "76",
    "postal_code": "46260"
  },
  {
    "name": "Le Vigan-en-Quercy",
    "code": "46334",
    "epci_code": "244600482",
    "departement_code": "46",
    "region_code": "76",
    "postal_code": "46300"
  },
  {
    "name": "Villesèque",
    "code": "46335",
    "epci_code": "244600433",
    "departement_code": "46",
    "region_code": "76",
    "postal_code": "46090"
  },
  {
    "name": "Vire-sur-Lot",
    "code": "46336",
    "epci_code": "244600433",
    "departement_code": "46",
    "region_code": "76",
    "postal_code": "46700"
  },
  {
    "name": "Mayrac",
    "code": "46337",
    "epci_code": "200066371",
    "departement_code": "46",
    "region_code": "76",
    "postal_code": "46200"
  },
  {
    "name": "Bessonies",
    "code": "46338",
    "epci_code": "200067361",
    "departement_code": "46",
    "region_code": "76",
    "postal_code": "46210"
  },
  {
    "name": "Saint-Jean-Lagineste",
    "code": "46339",
    "epci_code": "200066371",
    "departement_code": "46",
    "region_code": "76",
    "postal_code": "46400"
  },
  {
    "name": "Saint-Pierre-Lafeuille",
    "code": "46340",
    "epci_code": "200023737",
    "departement_code": "46",
    "region_code": "76",
    "postal_code": "46090"
  }
]