[
  {
    "name": "Allanche",
    "code": "15001",
    "epci_code": "200066637",
    "departement_code": "15",
    "region_code": "84",
    "postal_code": "15160"
  },
  {
    "name": "Alleuze",
    "code": "15002",
    "epci_code": "200066660",
    "departement_code": "15",
    "region_code": "84",
    "postal_code": "15100"
  },
  {
    "name": "Ally",
    "code": "15003",
    "epci_code": "241501139",
    "departement_code": "15",
    "region_code": "84",
    "postal_code": "15700"
  },
  {
    "name": "Andelat",
    "code": "15004",
    "epci_code": "200066660",
    "departement_code": "15",
    "region_code": "84",
    "postal_code": "15100"
  },
  {
    "name": "Anglards-de-Saint-Flour",
    "code": "15005",
    "epci_code": "200066660",
    "departement_code": "15",
    "region_code": "84",
    "postal_code": "15100"
  },
  {
    "name": "Anglards-de-Salers",
    "code": "15006",
    "epci_code": "241501139",
    "departement_code": "15",
    "region_code": "84",
    "postal_code": "15380"
  },
  {
    "name": "Anterrieux",
    "code": "15007",
    "epci_code": "200066660",
    "departement_code": "15",
    "region_code": "84",
    "postal_code": "15110"
  },
  {
    "name": "Antignac",
    "code": "15008",
    "epci_code": "241501055",
    "departement_code": "15",
    "region_code": "84",
    "postal_code": "15240"
  },
  {
    "name": "Apchon",
    "code": "15009",
    "epci_code": "241500255",
    "departement_code": "15",
    "region_code": "84",
    "postal_code": "15400"
  },
  {
    "name": "Arches",
    "code": "15010",
    "epci_code": "241500271",
    "departement_code": "15",
    "region_code": "84",
    "postal_code": "15200"
  },
  {
    "name": "Arnac",
    "code": "15011",
    "epci_code": "200066678",
    "departement_code": "15",
    "region_code": "84",
    "postal_code": "15150"
  },
  {
    "name": "Arpajon-sur-Cère",
    "code": "15012",
    "epci_code": "241500230",
    "departement_code": "15",
    "region_code": "84",
    "postal_code": "15130"
  },
  {
    "name": "Auriac-lՃglise",
    "code": "15013",
    "epci_code": "200066637",
    "departement_code": "15",
    "region_code": "84",
    "postal_code": "15500"
  },
  {
    "name": "Aurillac",
    "code": "15014",
    "epci_code": "241500230",
    "departement_code": "15",
    "region_code": "84",
    "postal_code": "15000"
  },
  {
    "name": "Auzers",
    "code": "15015",
    "epci_code": "241500271",
    "departement_code": "15",
    "region_code": "84",
    "postal_code": "15240"
  },
  {
    "name": "Ayrens",
    "code": "15016",
    "epci_code": "241500230",
    "departement_code": "15",
    "region_code": "84",
    "postal_code": "15250"
  },
  {
    "name": "Badailhac",
    "code": "15017",
    "epci_code": "241501089",
    "departement_code": "15",
    "region_code": "84",
    "postal_code": "15800"
  },
  {
    "name": "Barriac-les-Bosquets",
    "code": "15018",
    "epci_code": "241501139",
    "departement_code": "15",
    "region_code": "84",
    "postal_code": "15700"
  },
  {
    "name": "Bassignac",
    "code": "15019",
    "epci_code": "241501055",
    "departement_code": "15",
    "region_code": "84",
    "postal_code": "15240"
  },
  {
    "name": "Beaulieu",
    "code": "15020",
    "epci_code": "241501055",
    "departement_code": "15",
    "region_code": "84",
    "postal_code": "15270"
  },
  {
    "name": "Boisset",
    "code": "15021",
    "epci_code": "200066678",
    "departement_code": "15",
    "region_code": "84",
    "postal_code": "15600"
  },
  {
    "name": "Bonnac",
    "code": "15022",
    "epci_code": "200066637",
    "departement_code": "15",
    "region_code": "84",
    "postal_code": "15500"
  },
  {
    "name": "Brageac",
    "code": "15024",
    "epci_code": "241501139",
    "departement_code": "15",
    "region_code": "84",
    "postal_code": "15700"
  },
  {
    "name": "Albepierre-Bredons",
    "code": "15025",
    "epci_code": "200066637",
    "departement_code": "15",
    "region_code": "84",
    "postal_code": "15300"
  },
  {
    "name": "Brezons",
    "code": "15026",
    "epci_code": "200066660",
    "departement_code": "15",
    "region_code": "84",
    "postal_code": "15230"
  },
  {
    "name": "Puycapel",
    "code": "15027",
    "epci_code": "200066678",
    "departement_code": "15",
    "region_code": "84",
    "postal_code": "15340"
  },
  {
    "name": "Carlat",
    "code": "15028",
    "epci_code": "241500230",
    "departement_code": "15",
    "region_code": "84",
    "postal_code": "15130"
  },
  {
    "name": "Cassaniouze",
    "code": "15029",
    "epci_code": "200066678",
    "departement_code": "15",
    "region_code": "84",
    "postal_code": "15340"
  },
  {
    "name": "Cayrols",
    "code": "15030",
    "epci_code": "200066678",
    "departement_code": "15",
    "region_code": "84",
    "postal_code": "15290"
  },
  {
    "name": "Celles",
    "code": "15031",
    "epci_code": "200066637",
    "departement_code": "15",
    "region_code": "84",
    "postal_code": "15170"
  },
  {
    "name": "Celoux",
    "code": "15032",
    "epci_code": "200066637",
    "departement_code": "15",
    "region_code": "84",
    "postal_code": "15500"
  },
  {
    "name": "Cézens",
    "code": "15033",
    "epci_code": "200066660",
    "departement_code": "15",
    "region_code": "84",
    "postal_code": "15230"
  },
  {
    "name": "Chaliers",
    "code": "15034",
    "epci_code": "200066660",
    "departement_code": "15",
    "region_code": "84",
    "postal_code": "15320"
  },
  {
    "name": "Chalinargues",
    "code": "15035",
    "epci_code": "200066637",
    "departement_code": "15",
    "region_code": "84",
    "postal_code": "15170"
  },
  {
    "name": "Chalvignac",
    "code": "15036",
    "epci_code": "241500271",
    "departement_code": "15",
    "region_code": "84",
    "postal_code": "15200"
  },
  {
    "name": "Champagnac",
    "code": "15037",
    "epci_code": "241501055",
    "departement_code": "15",
    "region_code": "84",
    "postal_code": "15350"
  },
  {
    "name": "Champs-sur-Tarentaine-Marchal",
    "code": "15038",
    "epci_code": "241501055",
    "departement_code": "15",
    "region_code": "84",
    "postal_code": "15270"
  },
  {
    "name": "Chanterelle",
    "code": "15040",
    "epci_code": "241500255",
    "departement_code": "15",
    "region_code": "84",
    "postal_code": "15190"
  },
  {
    "name": "La Chapelle-d’Alagnon",
    "code": "15041",
    "epci_code": "200066637",
    "departement_code": "15",
    "region_code": "84",
    "postal_code": "15300"
  },
  {
    "name": "La Chapelle-Laurent",
    "code": "15042",
    "epci_code": "200066637",
    "departement_code": "15",
    "region_code": "84",
    "postal_code": "15500"
  },
  {
    "name": "Charmensac",
    "code": "15043",
    "epci_code": "200066637",
    "departement_code": "15",
    "region_code": "84",
    "postal_code": "15500"
  },
  {
    "name": "Chaudes-Aigues",
    "code": "15045",
    "epci_code": "200066660",
    "departement_code": "15",
    "region_code": "84",
    "postal_code": "15110"
  },
  {
    "name": "Chaussenac",
    "code": "15046",
    "epci_code": "241501139",
    "departement_code": "15",
    "region_code": "84",
    "postal_code": "15700"
  },
  {
    "name": "Chavagnac",
    "code": "15047",
    "epci_code": "200066637",
    "departement_code": "15",
    "region_code": "84",
    "postal_code": "15300"
  },
  {
    "name": "Chazelles",
    "code": "15048",
    "epci_code": "200066637",
    "departement_code": "15",
    "region_code": "84",
    "postal_code": "15500"
  },
  {
    "name": "Cheylade",
    "code": "15049",
    "epci_code": "241500255",
    "departement_code": "15",
    "region_code": "84",
    "postal_code": "15400"
  },
  {
    "name": "Le Claux",
    "code": "15050",
    "epci_code": "241500255",
    "departement_code": "15",
    "region_code": "84",
    "postal_code": "15400"
  },
  {
    "name": "Clavières",
    "code": "15051",
    "epci_code": "200066660",
    "departement_code": "15",
    "region_code": "84",
    "postal_code": "15320"
  },
  {
    "name": "Collandres",
    "code": "15052",
    "epci_code": "241500255",
    "departement_code": "15",
    "region_code": "84",
    "postal_code": "15400"
  },
  {
    "name": "Coltines",
    "code": "15053",
    "epci_code": "200066660",
    "departement_code": "15",
    "region_code": "84",
    "postal_code": "15170"
  },
  {
    "name": "Condat",
    "code": "15054",
    "epci_code": "241500255",
    "departement_code": "15",
    "region_code": "84",
    "postal_code": "15190"
  },
  {
    "name": "Coren",
    "code": "15055",
    "epci_code": "200066660",
    "departement_code": "15",
    "region_code": "84",
    "postal_code": "15100"
  },
  {
    "name": "Crandelles",
    "code": "15056",
    "epci_code": "241500230",
    "departement_code": "15",
    "region_code": "84",
    "postal_code": "15250"
  },
  {
    "name": "Cros-de-Montvert",
    "code": "15057",
    "epci_code": "200066678",
    "departement_code": "15",
    "region_code": "84",
    "postal_code": "15150"
  },
  {
    "name": "Cros-de-Ronesque",
    "code": "15058",
    "epci_code": "241501089",
    "departement_code": "15",
    "region_code": "84",
    "postal_code": "15130"
  },
  {
    "name": "Cussac",
    "code": "15059",
    "epci_code": "200066660",
    "departement_code": "15",
    "region_code": "84",
    "postal_code": "15430"
  },
  {
    "name": "Deux-Verges",
    "code": "15060",
    "epci_code": "200066660",
    "departement_code": "15",
    "region_code": "84",
    "postal_code": "15110"
  },
  {
    "name": "Dienne",
    "code": "15061",
    "epci_code": "200066637",
    "departement_code": "15",
    "region_code": "84",
    "postal_code": "15300"
  },
  {
    "name": "Drugeac",
    "code": "15063",
    "epci_code": "241500271",
    "departement_code": "15",
    "region_code": "84",
    "postal_code": "15140"
  },
  {
    "name": "Escorailles",
    "code": "15064",
    "epci_code": "241501139",
    "departement_code": "15",
    "region_code": "84",
    "postal_code": "15700"
  },
  {
    "name": "Espinasse",
    "code": "15065",
    "epci_code": "200066660",
    "departement_code": "15",
    "region_code": "84",
    "postal_code": "15110"
  },
  {
    "name": "Le Falgoux",
    "code": "15066",
    "epci_code": "241501139",
    "departement_code": "15",
    "region_code": "84",
    "postal_code": "15380"
  },
  {
    "name": "Le Fau",
    "code": "15067",
    "epci_code": "241501139",
    "departement_code": "15",
    "region_code": "84",
    "postal_code": "15140"
  },
  {
    "name": "Ferrières-Saint-Mary",
    "code": "15069",
    "epci_code": "200066637",
    "departement_code": "15",
    "region_code": "84",
    "postal_code": "15170"
  },
  {
    "name": "Fontanges",
    "code": "15070",
    "epci_code": "241501139",
    "departement_code": "15",
    "region_code": "84",
    "postal_code": "15140"
  },
  {
    "name": "Freix-Anglards",
    "code": "15072",
    "epci_code": "241501139",
    "departement_code": "15",
    "region_code": "84",
    "postal_code": "15310"
  },
  {
    "name": "Fridefont",
    "code": "15073",
    "epci_code": "200066660",
    "departement_code": "15",
    "region_code": "84",
    "postal_code": "15110"
  },
  {
    "name": "Giou-de-Mamou",
    "code": "15074",
    "epci_code": "241500230",
    "departement_code": "15",
    "region_code": "84",
    "postal_code": "15130"
  },
  {
    "name": "Girgols",
    "code": "15075",
    "epci_code": "241501139",
    "departement_code": "15",
    "region_code": "84",
    "postal_code": "15310"
  },
  {
    "name": "Glénat",
    "code": "15076",
    "epci_code": "200066678",
    "departement_code": "15",
    "region_code": "84",
    "postal_code": "15150"
  },
  {
    "name": "Gourdièges",
    "code": "15077",
    "epci_code": "200066660",
    "departement_code": "15",
    "region_code": "84",
    "postal_code": "15230"
  },
  {
    "name": "Jabrun",
    "code": "15078",
    "epci_code": "200066660",
    "departement_code": "15",
    "region_code": "84",
    "postal_code": "15110"
  },
  {
    "name": "Jaleyrac",
    "code": "15079",
    "epci_code": "241500271",
    "departement_code": "15",
    "region_code": "84",
    "postal_code": "15200"
  },
  {
    "name": "Joursac",
    "code": "15080",
    "epci_code": "200066637",
    "departement_code": "15",
    "region_code": "84",
    "postal_code": "15170"
  },
  {
    "name": "Jou-sous-Monjou",
    "code": "15081",
    "epci_code": "241501089",
    "departement_code": "15",
    "region_code": "84",
    "postal_code": "15800"
  },
  {
    "name": "Junhac",
    "code": "15082",
    "epci_code": "200066678",
    "departement_code": "15",
    "region_code": "84",
    "postal_code": "15120"
  },
  {
    "name": "Jussac",
    "code": "15083",
    "epci_code": "241500230",
    "departement_code": "15",
    "region_code": "84",
    "postal_code": "15250"
  },
  {
    "name": "Labesserette",
    "code": "15084",
    "epci_code": "200066678",
    "departement_code": "15",
    "region_code": "84",
    "postal_code": "15120"
  },
  {
    "name": "Labrousse",
    "code": "15085",
    "epci_code": "241500230",
    "departement_code": "15",
    "region_code": "84",
    "postal_code": "15130"
  },
  {
    "name": "Lacapelle-Barrès",
    "code": "15086",
    "epci_code": "200066660",
    "departement_code": "15",
    "region_code": "84",
    "postal_code": "15230"
  },
  {
    "name": "Lacapelle-del-Fraisse",
    "code": "15087",
    "epci_code": "200066678",
    "departement_code": "15",
    "region_code": "84",
    "postal_code": "15120"
  },
  {
    "name": "Lacapelle-Viescamp",
    "code": "15088",
    "epci_code": "241500230",
    "departement_code": "15",
    "region_code": "84",
    "postal_code": "15150"
  },
  {
    "name": "Ladinhac",
    "code": "15089",
    "epci_code": "200066678",
    "departement_code": "15",
    "region_code": "84",
    "postal_code": "15120"
  },
  {
    "name": "Lafeuillade-en-Vézie",
    "code": "15090",
    "epci_code": "200066678",
    "departement_code": "15",
    "region_code": "84",
    "postal_code": "15130"
  },
  {
    "name": "Landeyrat",
    "code": "15091",
    "epci_code": "200066637",
    "departement_code": "15",
    "region_code": "84",
    "postal_code": "15160"
  },
  {
    "name": "Lanobre",
    "code": "15092",
    "epci_code": "241501055",
    "departement_code": "15",
    "region_code": "84",
    "postal_code": "15270"
  },
  {
    "name": "Lapeyrugue",
    "code": "15093",
    "epci_code": "200066678",
    "departement_code": "15",
    "region_code": "84",
    "postal_code": "15120"
  },
  {
    "name": "Laroquebrou",
    "code": "15094",
    "epci_code": "200066678",
    "departement_code": "15",
    "region_code": "84",
    "postal_code": "15150"
  },
  {
    "name": "Laroquevieille",
    "code": "15095",
    "epci_code": "241500230",
    "departement_code": "15",
    "region_code": "84",
    "postal_code": "15250"
  },
  {
    "name": "Lascelle",
    "code": "15096",
    "epci_code": "241500230",
    "departement_code": "15",
    "region_code": "84",
    "postal_code": "15590"
  },
  {
    "name": "Lastic",
    "code": "15097",
    "epci_code": "200066660",
    "departement_code": "15",
    "region_code": "84",
    "postal_code": "15500"
  },
  {
    "name": "Laurie",
    "code": "15098",
    "epci_code": "200066637",
    "departement_code": "15",
    "region_code": "84",
    "postal_code": "15500"
  },
  {
    "name": "Laveissenet",
    "code": "15100",
    "epci_code": "200066637",
    "departement_code": "15",
    "region_code": "84",
    "postal_code": "15300"
  },
  {
    "name": "Laveissière",
    "code": "15101",
    "epci_code": "200066637",
    "departement_code": "15",
    "region_code": "84",
    "postal_code": "15300"
  },
  {
    "name": "Lavigerie",
    "code": "15102",
    "epci_code": "200066637",
    "departement_code": "15",
    "region_code": "84",
    "postal_code": "15300"
  },
  {
    "name": "Leucamp",
    "code": "15103",
    "epci_code": "200066678",
    "departement_code": "15",
    "region_code": "84",
    "postal_code": "15120"
  },
  {
    "name": "Leynhac",
    "code": "15104",
    "epci_code": "200066678",
    "departement_code": "15",
    "region_code": "84",
    "postal_code": "15600"
  },
  {
    "name": "Leyvaux",
    "code": "15105",
    "epci_code": "200066637",
    "departement_code": "15",
    "region_code": "84",
    "postal_code": "43450"
  },
  {
    "name": "Lieutadès",
    "code": "15106",
    "epci_code": "200066660",
    "departement_code": "15",
    "region_code": "84",
    "postal_code": "15110"
  },
  {
    "name": "Lorcières",
    "code": "15107",
    "epci_code": "200066660",
    "departement_code": "15",
    "region_code": "84",
    "postal_code": "15320"
  },
  {
    "name": "Val d’Arcomie",
    "code": "15108",
    "epci_code": "200066660",
    "departement_code": "15",
    "region_code": "84",
    "postal_code": "15320"
  },
  {
    "name": "Lugarde",
    "code": "15110",
    "epci_code": "241500255",
    "departement_code": "15",
    "region_code": "84",
    "postal_code": "15190"
  },
  {
    "name": "Madic",
    "code": "15111",
    "epci_code": "241501055",
    "departement_code": "15",
    "region_code": "84",
    "postal_code": "15210"
  },
  {
    "name": "Malbo",
    "code": "15112",
    "epci_code": "200066660",
    "departement_code": "15",
    "region_code": "84",
    "postal_code": "15230"
  },
  {
    "name": "Mandailles-Saint-Julien",
    "code": "15113",
    "epci_code": "241500230",
    "departement_code": "15",
    "region_code": "84",
    "postal_code": "15590"
  },
  {
    "name": "Marcenat",
    "code": "15114",
    "epci_code": "200066637",
    "departement_code": "15",
    "region_code": "84",
    "postal_code": "15190"
  },
  {
    "name": "Marchastel",
    "code": "15116",
    "epci_code": "241500255",
    "departement_code": "15",
    "region_code": "84",
    "postal_code": "15400"
  },
  {
    "name": "Marcolès",
    "code": "15117",
    "epci_code": "200066678",
    "departement_code": "15",
    "region_code": "84",
    "postal_code": "15220"
  },
  {
    "name": "Marmanhac",
    "code": "15118",
    "epci_code": "241500230",
    "departement_code": "15",
    "region_code": "84",
    "postal_code": "15250"
  },
  {
    "name": "Massiac",
    "code": "15119",
    "epci_code": "200066637",
    "departement_code": "15",
    "region_code": "84",
    "postal_code": "15500"
  },
  {
    "name": "Mauriac",
    "code": "15120",
    "epci_code": "241500271",
    "departement_code": "15",
    "region_code": "84",
    "postal_code": "15200"
  },
  {
    "name": "Maurines",
    "code": "15121",
    "epci_code": "200066660",
    "departement_code": "15",
    "region_code": "84",
    "postal_code": "15110"
  },
  {
    "name": "Maurs",
    "code": "15122",
    "epci_code": "200066678",
    "departement_code": "15",
    "region_code": "84",
    "postal_code": "15600"
  },
  {
    "name": "Méallet",
    "code": "15123",
    "epci_code": "241500271",
    "departement_code": "15",
    "region_code": "84",
    "postal_code": "15200"
  },
  {
    "name": "Menet",
    "code": "15124",
    "epci_code": "241500255",
    "departement_code": "15",
    "region_code": "84",
    "postal_code": "15400"
  },
  {
    "name": "Mentières",
    "code": "15125",
    "epci_code": "200066660",
    "departement_code": "15",
    "region_code": "84",
    "postal_code": "15100"
  },
  {
    "name": "Molèdes",
    "code": "15126",
    "epci_code": "200066637",
    "departement_code": "15",
    "region_code": "84",
    "postal_code": "15500"
  },
  {
    "name": "Molompize",
    "code": "15127",
    "epci_code": "200066637",
    "departement_code": "15",
    "region_code": "84",
    "postal_code": "15500"
  },
  {
    "name": "La Monselie",
    "code": "15128",
    "epci_code": "241501055",
    "departement_code": "15",
    "region_code": "84",
    "postal_code": "15240"
  },
  {
    "name": "Montboudif",
    "code": "15129",
    "epci_code": "241500255",
    "departement_code": "15",
    "region_code": "84",
    "postal_code": "15190"
  },
  {
    "name": "Montchamp",
    "code": "15130",
    "epci_code": "200066660",
    "departement_code": "15",
    "region_code": "84",
    "postal_code": "15100"
  },
  {
    "name": "Le Monteil",
    "code": "15131",
    "epci_code": "241501055",
    "departement_code": "15",
    "region_code": "84",
    "postal_code": "15240"
  },
  {
    "name": "Montgreleix",
    "code": "15132",
    "epci_code": "246300966",
    "departement_code": "15",
    "region_code": "84",
    "postal_code": "15190"
  },
  {
    "name": "Montmurat",
    "code": "15133",
    "epci_code": "200066678",
    "departement_code": "15",
    "region_code": "84",
    "postal_code": "15600"
  },
  {
    "name": "Montsalvy",
    "code": "15134",
    "epci_code": "200066678",
    "departement_code": "15",
    "region_code": "84",
    "postal_code": "15120"
  },
  {
    "name": "Montvert",
    "code": "15135",
    "epci_code": "200066678",
    "departement_code": "15",
    "region_code": "84",
    "postal_code": "15150"
  },
  {
    "name": "Moussages",
    "code": "15137",
    "epci_code": "241500271",
    "departement_code": "15",
    "region_code": "84",
    "postal_code": "15380"
  },
  {
    "name": "Murat",
    "code": "15138",
    "epci_code": "200066637",
    "departement_code": "15",
    "region_code": "84",
    "postal_code": "15300"
  },
  {
    "name": "Narnhac",
    "code": "15139",
    "epci_code": "200066660",
    "departement_code": "15",
    "region_code": "84",
    "postal_code": "15230"
  },
  {
    "name": "Naucelles",
    "code": "15140",
    "epci_code": "241500230",
    "departement_code": "15",
    "region_code": "84",
    "postal_code": "15250"
  },
  {
    "name": "Neussargues-Moissac",
    "code": "15141",
    "epci_code": "200066637",
    "departement_code": "15",
    "region_code": "84",
    "postal_code": "15170"
  },
  {
    "name": "Neuvéglise-sur-Truyère",
    "code": "15142",
    "epci_code": "200066660",
    "departement_code": "15",
    "region_code": "84",
    "postal_code": "15100"
  },
  {
    "name": "Neuvéglise-sur-Truyère",
    "code": "15142",
    "epci_code": "200066660",
    "departement_code": "15",
    "region_code": "84",
    "postal_code": "15260"
  },
  {
    "name": "Nieudan",
    "code": "15143",
    "epci_code": "200066678",
    "departement_code": "15",
    "region_code": "84",
    "postal_code": "15150"
  },
  {
    "name": "Omps",
    "code": "15144",
    "epci_code": "200066678",
    "departement_code": "15",
    "region_code": "84",
    "postal_code": "15290"
  },
  {
    "name": "Pailherols",
    "code": "15146",
    "epci_code": "241501089",
    "departement_code": "15",
    "region_code": "84",
    "postal_code": "15800"
  },
  {
    "name": "Parlan",
    "code": "15147",
    "epci_code": "200066678",
    "departement_code": "15",
    "region_code": "84",
    "postal_code": "15290"
  },
  {
    "name": "Paulhac",
    "code": "15148",
    "epci_code": "200066660",
    "departement_code": "15",
    "region_code": "84",
    "postal_code": "15430"
  },
  {
    "name": "Paulhenc",
    "code": "15149",
    "epci_code": "200066660",
    "departement_code": "15",
    "region_code": "84",
    "postal_code": "15230"
  },
  {
    "name": "Peyrusse",
    "code": "15151",
    "epci_code": "200066637",
    "departement_code": "15",
    "region_code": "84",
    "postal_code": "15170"
  },
  {
    "name": "Pierrefort",
    "code": "15152",
    "epci_code": "200066660",
    "departement_code": "15",
    "region_code": "84",
    "postal_code": "15230"
  },
  {
    "name": "Pleaux",
    "code": "15153",
    "epci_code": "241501139",
    "departement_code": "15",
    "region_code": "84",
    "postal_code": "15700"
  },
  {
    "name": "Polminhac",
    "code": "15154",
    "epci_code": "241501089",
    "departement_code": "15",
    "region_code": "84",
    "postal_code": "15800"
  },
  {
    "name": "Pradiers",
    "code": "15155",
    "epci_code": "200066637",
    "departement_code": "15",
    "region_code": "84",
    "postal_code": "15160"
  },
  {
    "name": "Prunet",
    "code": "15156",
    "epci_code": "200066678",
    "departement_code": "15",
    "region_code": "84",
    "postal_code": "15130"
  },
  {
    "name": "Quézac",
    "code": "15157",
    "epci_code": "200066678",
    "departement_code": "15",
    "region_code": "84",
    "postal_code": "15600"
  },
  {
    "name": "Rageade",
    "code": "15158",
    "epci_code": "200066637",
    "departement_code": "15",
    "region_code": "84",
    "postal_code": "15500"
  },
  {
    "name": "Raulhac",
    "code": "15159",
    "epci_code": "241501089",
    "departement_code": "15",
    "region_code": "84",
    "postal_code": "15800"
  },
  {
    "name": "Reilhac",
    "code": "15160",
    "epci_code": "241500230",
    "departement_code": "15",
    "region_code": "84",
    "postal_code": "15250"
  },
  {
    "name": "Rézentières",
    "code": "15161",
    "epci_code": "200066660",
    "departement_code": "15",
    "region_code": "84",
    "postal_code": "15170"
  },
  {
    "name": "Riom-ès-Montagnes",
    "code": "15162",
    "epci_code": "241500255",
    "departement_code": "15",
    "region_code": "84",
    "postal_code": "15400"
  },
  {
    "name": "Roannes-Saint-Mary",
    "code": "15163",
    "epci_code": "200066678",
    "departement_code": "15",
    "region_code": "84",
    "postal_code": "15220"
  },
  {
    "name": "Roffiac",
    "code": "15164",
    "epci_code": "200066660",
    "departement_code": "15",
    "region_code": "84",
    "postal_code": "15100"
  },
  {
    "name": "Rouffiac",
    "code": "15165",
    "epci_code": "200066678",
    "departement_code": "15",
    "region_code": "84",
    "postal_code": "15150"
  },
  {
    "name": "Roumégoux",
    "code": "15166",
    "epci_code": "200066678",
    "departement_code": "15",
    "region_code": "84",
    "postal_code": "15290"
  },
  {
    "name": "Rouziers",
    "code": "15167",
    "epci_code": "200066678",
    "departement_code": "15",
    "region_code": "84",
    "postal_code": "15600"
  },
  {
    "name": "Ruynes-en-Margeride",
    "code": "15168",
    "epci_code": "200066660",
    "departement_code": "15",
    "region_code": "84",
    "postal_code": "15320"
  },
  {
    "name": "Saignes",
    "code": "15169",
    "epci_code": "241501055",
    "departement_code": "15",
    "region_code": "84",
    "postal_code": "15240"
  },
  {
    "name": "Saint-Amandin",
    "code": "15170",
    "epci_code": "241500255",
    "departement_code": "15",
    "region_code": "84",
    "postal_code": "15190"
  },
  {
    "name": "Sainte-Anastasie",
    "code": "15171",
    "epci_code": "200066637",
    "departement_code": "15",
    "region_code": "84",
    "postal_code": "15170"
  },
  {
    "name": "Saint-Antoine",
    "code": "15172",
    "epci_code": "200066678",
    "departement_code": "15",
    "region_code": "84",
    "postal_code": "15220"
  },
  {
    "name": "Saint-Bonnet-de-Condat",
    "code": "15173",
    "epci_code": "241500255",
    "departement_code": "15",
    "region_code": "84",
    "postal_code": "15190"
  },
  {
    "name": "Saint-Bonnet-de-Salers",
    "code": "15174",
    "epci_code": "241501139",
    "departement_code": "15",
    "region_code": "84",
    "postal_code": "15140"
  },
  {
    "name": "Saint-Cernin",
    "code": "15175",
    "epci_code": "241501139",
    "departement_code": "15",
    "region_code": "84",
    "postal_code": "15310"
  },
  {
    "name": "Saint-Chamant",
    "code": "15176",
    "epci_code": "241501139",
    "departement_code": "15",
    "region_code": "84",
    "postal_code": "15140"
  },
  {
    "name": "Saint-Cirgues-de-Jordanne",
    "code": "15178",
    "epci_code": "241500230",
    "departement_code": "15",
    "region_code": "84",
    "postal_code": "15590"
  },
  {
    "name": "Saint-Cirgues-de-Malbert",
    "code": "15179",
    "epci_code": "241501139",
    "departement_code": "15",
    "region_code": "84",
    "postal_code": "15140"
  },
  {
    "name": "Saint-Clément",
    "code": "15180",
    "epci_code": "241501089",
    "departement_code": "15",
    "region_code": "84",
    "postal_code": "15800"
  },
  {
    "name": "Saint-Constant-Fournoulès",
    "code": "15181",
    "epci_code": "200066678",
    "departement_code": "15",
    "region_code": "84",
    "postal_code": "15600"
  },
  {
    "name": "Saint-Étienne-Cantalès",
    "code": "15182",
    "epci_code": "200066678",
    "departement_code": "15",
    "region_code": "84",
    "postal_code": "15150"
  },
  {
    "name": "Saint-Étienne-de-Carlat",
    "code": "15183",
    "epci_code": "241501089",
    "departement_code": "15",
    "region_code": "84",
    "postal_code": "15130"
  },
  {
    "name": "Saint-Étienne-de-Maurs",
    "code": "15184",
    "epci_code": "200066678",
    "departement_code": "15",
    "region_code": "84",
    "postal_code": "15600"
  },
  {
    "name": "Saint-Étienne-de-Chomeil",
    "code": "15185",
    "epci_code": "241500255",
    "departement_code": "15",
    "region_code": "84",
    "postal_code": "15400"
  },
  {
    "name": "Sainte-Eulalie",
    "code": "15186",
    "epci_code": "241501139",
    "departement_code": "15",
    "region_code": "84",
    "postal_code": "15140"
  },
  {
    "name": "Saint-Flour",
    "code": "15187",
    "epci_code": "200066660",
    "departement_code": "15",
    "region_code": "84",
    "postal_code": "15100"
  },
  {
    "name": "Saint-Georges",
    "code": "15188",
    "epci_code": "200066660",
    "departement_code": "15",
    "region_code": "84",
    "postal_code": "15100"
  },
  {
    "name": "Saint-Gérons",
    "code": "15189",
    "epci_code": "200066678",
    "departement_code": "15",
    "region_code": "84",
    "postal_code": "15150"
  },
  {
    "name": "Saint-Hippolyte",
    "code": "15190",
    "epci_code": "241500255",
    "departement_code": "15",
    "region_code": "84",
    "postal_code": "15400"
  },
  {
    "name": "Saint-Illide",
    "code": "15191",
    "epci_code": "241501139",
    "departement_code": "15",
    "region_code": "84",
    "postal_code": "15310"
  },
  {
    "name": "Saint-Jacques-des-Blats",
    "code": "15192",
    "epci_code": "241501089",
    "departement_code": "15",
    "region_code": "84",
    "postal_code": "15800"
  },
  {
    "name": "Saint-Julien-de-Toursac",
    "code": "15194",
    "epci_code": "200066678",
    "departement_code": "15",
    "region_code": "84",
    "postal_code": "15600"
  },
  {
    "name": "Saint-Mamet-la-Salvetat",
    "code": "15196",
    "epci_code": "200066678",
    "departement_code": "15",
    "region_code": "84",
    "postal_code": "15220"
  },
  {
    "name": "Sainte-Marie",
    "code": "15198",
    "epci_code": "200066660",
    "departement_code": "15",
    "region_code": "84",
    "postal_code": "15230"
  },
  {
    "name": "Saint-Martial",
    "code": "15199",
    "epci_code": "200066660",
    "departement_code": "15",
    "region_code": "84",
    "postal_code": "15110"
  },
  {
    "name": "Saint-Martin-Cantalès",
    "code": "15200",
    "epci_code": "241501139",
    "departement_code": "15",
    "region_code": "84",
    "postal_code": "15140"
  },
  {
    "name": "Saint-Martin-sous-Vigouroux",
    "code": "15201",
    "epci_code": "200066660",
    "departement_code": "15",
    "region_code": "84",
    "postal_code": "15230"
  },
  {
    "name": "Saint-Martin-Valmeroux",
    "code": "15202",
    "epci_code": "241501139",
    "departement_code": "15",
    "region_code": "84",
    "postal_code": "15140"
  },
  {
    "name": "Saint-Mary-le-Plain",
    "code": "15203",
    "epci_code": "200066637",
    "departement_code": "15",
    "region_code": "84",
    "postal_code": "15500"
  },
  {
    "name": "Saint-Paul-des-Landes",
    "code": "15204",
    "epci_code": "241500230",
    "departement_code": "15",
    "region_code": "84",
    "postal_code": "15250"
  },
  {
    "name": "Saint-Paul-de-Salers",
    "code": "15205",
    "epci_code": "241501139",
    "departement_code": "15",
    "region_code": "84",
    "postal_code": "15140"
  },
  {
    "name": "Saint-Pierre",
    "code": "15206",
    "epci_code": "241501055",
    "departement_code": "15",
    "region_code": "84",
    "postal_code": "15350"
  },
  {
    "name": "Saint-Poncy",
    "code": "15207",
    "epci_code": "200066637",
    "departement_code": "15",
    "region_code": "84",
    "postal_code": "15500"
  },
  {
    "name": "Saint-Projet-de-Salers",
    "code": "15208",
    "epci_code": "241501139",
    "departement_code": "15",
    "region_code": "84",
    "postal_code": "15140"
  },
  {
    "name": "Saint-Rémy-de-Chaudes-Aigues",
    "code": "15209",
    "epci_code": "200066660",
    "departement_code": "15",
    "region_code": "84",
    "postal_code": "15110"
  },
  {
    "name": "Saint-Santin-Cantalès",
    "code": "15211",
    "epci_code": "200066678",
    "departement_code": "15",
    "region_code": "84",
    "postal_code": "15150"
  },
  {
    "name": "Saint-Santin-de-Maurs",
    "code": "15212",
    "epci_code": "200066678",
    "departement_code": "15",
    "region_code": "84",
    "postal_code": "15600"
  },
  {
    "name": "Saint-Saturnin",
    "code": "15213",
    "epci_code": "200066637",
    "departement_code": "15",
    "region_code": "84",
    "postal_code": "15190"
  },
  {
    "name": "Saint-Saury",
    "code": "15214",
    "epci_code": "200066678",
    "departement_code": "15",
    "region_code": "84",
    "postal_code": "15290"
  },
  {
    "name": "Saint-Simon",
    "code": "15215",
    "epci_code": "241500230",
    "departement_code": "15",
    "region_code": "84",
    "postal_code": "15130"
  },
  {
    "name": "Saint-Urcize",
    "code": "15216",
    "epci_code": "200066660",
    "departement_code": "15",
    "region_code": "84",
    "postal_code": "15110"
  },
  {
    "name": "Saint-Victor",
    "code": "15217",
    "epci_code": "200066678",
    "departement_code": "15",
    "region_code": "84",
    "postal_code": "15150"
  },
  {
    "name": "Saint-Vincent-de-Salers",
    "code": "15218",
    "epci_code": "241501139",
    "departement_code": "15",
    "region_code": "84",
    "postal_code": "15380"
  },
  {
    "name": "Salers",
    "code": "15219",
    "epci_code": "241501139",
    "departement_code": "15",
    "region_code": "84",
    "postal_code": "15140"
  },
  {
    "name": "Salins",
    "code": "15220",
    "epci_code": "241500271",
    "departement_code": "15",
    "region_code": "84",
    "postal_code": "15200"
  },
  {
    "name": "Sansac-de-Marmiesse",
    "code": "15221",
    "epci_code": "241500230",
    "departement_code": "15",
    "region_code": "84",
    "postal_code": "15130"
  },
  {
    "name": "Sansac-Veinazès",
    "code": "15222",
    "epci_code": "200066678",
    "departement_code": "15",
    "region_code": "84",
    "postal_code": "15120"
  },
  {
    "name": "Sauvat",
    "code": "15223",
    "epci_code": "241501055",
    "departement_code": "15",
    "region_code": "84",
    "postal_code": "15240"
  },
  {
    "name": "La Ségalassière",
    "code": "15224",
    "epci_code": "200066678",
    "departement_code": "15",
    "region_code": "84",
    "postal_code": "15290"
  },
  {
    "name": "Ségur-les-Villas",
    "code": "15225",
    "epci_code": "200066637",
    "departement_code": "15",
    "region_code": "84",
    "postal_code": "15300"
  },
  {
    "name": "Sénezergues",
    "code": "15226",
    "epci_code": "200066678",
    "departement_code": "15",
    "region_code": "84",
    "postal_code": "15340"
  },
  {
    "name": "Siran",
    "code": "15228",
    "epci_code": "200066678",
    "departement_code": "15",
    "region_code": "84",
    "postal_code": "15150"
  },
  {
    "name": "Soulages",
    "code": "15229",
    "epci_code": "200066660",
    "departement_code": "15",
    "region_code": "84",
    "postal_code": "15100"
  },
  {
    "name": "Sourniac",
    "code": "15230",
    "epci_code": "241500271",
    "departement_code": "15",
    "region_code": "84",
    "postal_code": "15200"
  },
  {
    "name": "Talizat",
    "code": "15231",
    "epci_code": "200066660",
    "departement_code": "15",
    "region_code": "84",
    "postal_code": "15170"
  },
  {
    "name": "Tanavelle",
    "code": "15232",
    "epci_code": "200066660",
    "departement_code": "15",
    "region_code": "84",
    "postal_code": "15100"
  },
  {
    "name": "Teissières-de-Cornet",
    "code": "15233",
    "epci_code": "241500230",
    "departement_code": "15",
    "region_code": "84",
    "postal_code": "15250"
  },
  {
    "name": "Teissières-lès-Bouliès",
    "code": "15234",
    "epci_code": "200066678",
    "departement_code": "15",
    "region_code": "84",
    "postal_code": "15130"
  },
  {
    "name": "Les Ternes",
    "code": "15235",
    "epci_code": "200066660",
    "departement_code": "15",
    "region_code": "84",
    "postal_code": "15100"
  },
  {
    "name": "Thiézac",
    "code": "15236",
    "epci_code": "241501089",
    "departement_code": "15",
    "region_code": "84",
    "postal_code": "15800"
  },
  {
    "name": "Tiviers",
    "code": "15237",
    "epci_code": "200066660",
    "departement_code": "15",
    "region_code": "84",
    "postal_code": "15100"
  },
  {
    "name": "Tournemire",
    "code": "15238",
    "epci_code": "241501139",
    "departement_code": "15",
    "region_code": "84",
    "postal_code": "15310"
  },
  {
    "name": "Trémouille",
    "code": "15240",
    "epci_code": "241501055",
    "departement_code": "15",
    "region_code": "84",
    "postal_code": "15270"
  },
  {
    "name": "La Trinitat",
    "code": "15241",
    "epci_code": "200066660",
    "departement_code": "15",
    "region_code": "84",
    "postal_code": "15110"
  },
  {
    "name": "Le Trioulou",
    "code": "15242",
    "epci_code": "200066678",
    "departement_code": "15",
    "region_code": "84",
    "postal_code": "15600"
  },
  {
    "name": "Trizac",
    "code": "15243",
    "epci_code": "241500255",
    "departement_code": "15",
    "region_code": "84",
    "postal_code": "15400"
  },
  {
    "name": "Ussel",
    "code": "15244",
    "epci_code": "200066660",
    "departement_code": "15",
    "region_code": "84",
    "postal_code": "15300"
  },
  {
    "name": "Vabres",
    "code": "15245",
    "epci_code": "200066660",
    "departement_code": "15",
    "region_code": "84",
    "postal_code": "15100"
  },
  {
    "name": "Valette",
    "code": "15246",
    "epci_code": "241500255",
    "departement_code": "15",
    "region_code": "84",
    "postal_code": "15400"
  },
  {
    "name": "Valjouze",
    "code": "15247",
    "epci_code": "200066637",
    "departement_code": "15",
    "region_code": "84",
    "postal_code": "15170"
  },
  {
    "name": "Valuéjols",
    "code": "15248",
    "epci_code": "200066660",
    "departement_code": "15",
    "region_code": "84",
    "postal_code": "15300"
  },
  {
    "name": "Le Vaulmier",
    "code": "15249",
    "epci_code": "241501139",
    "departement_code": "15",
    "region_code": "84",
    "postal_code": "15380"
  },
  {
    "name": "Vebret",
    "code": "15250",
    "epci_code": "241501055",
    "departement_code": "15",
    "region_code": "84",
    "postal_code": "15240"
  },
  {
    "name": "Védrines-Saint-Loup",
    "code": "15251",
    "epci_code": "200066660",
    "departement_code": "15",
    "region_code": "84",
    "postal_code": "15100"
  },
  {
    "name": "Velzic",
    "code": "15252",
    "epci_code": "241500230",
    "departement_code": "15",
    "region_code": "84",
    "postal_code": "15590"
  },
  {
    "name": "Vernols",
    "code": "15253",
    "epci_code": "200066637",
    "departement_code": "15",
    "region_code": "84",
    "postal_code": "15160"
  },
  {
    "name": "Veyrières",
    "code": "15254",
    "epci_code": "241501055",
    "departement_code": "15",
    "region_code": "84",
    "postal_code": "15350"
  },
  {
    "name": "Vézac",
    "code": "15255",
    "epci_code": "241500230",
    "departement_code": "15",
    "region_code": "84",
    "postal_code": "15130"
  },
  {
    "name": "Vèze",
    "code": "15256",
    "epci_code": "200066637",
    "departement_code": "15",
    "region_code": "84",
    "postal_code": "15160"
  },
  {
    "name": "Vezels-Roussy",
    "code": "15257",
    "epci_code": "241500230",
    "departement_code": "15",
    "region_code": "84",
    "postal_code": "15130"
  },
  {
    "name": "Vic-sur-Cère",
    "code": "15258",
    "epci_code": "241501089",
    "departement_code": "15",
    "region_code": "84",
    "postal_code": "15800"
  },
  {
    "name": "Vieillespesse",
    "code": "15259",
    "epci_code": "200066660",
    "departement_code": "15",
    "region_code": "84",
    "postal_code": "15500"
  },
  {
    "name": "Vieillevie",
    "code": "15260",
    "epci_code": "200066678",
    "departement_code": "15",
    "region_code": "84",
    "postal_code": "15120"
  },
  {
    "name": "Le Vigean",
    "code": "15261",
    "epci_code": "241500271",
    "departement_code": "15",
    "region_code": "84",
    "postal_code": "15200"
  },
  {
    "name": "Villedieu",
    "code": "15262",
    "epci_code": "200066660",
    "departement_code": "15",
    "region_code": "84",
    "postal_code": "15100"
  },
  {
    "name": "Virargues",
    "code": "15263",
    "epci_code": "200066637",
    "departement_code": "15",
    "region_code": "84",
    "postal_code": "15300"
  },
  {
    "name": "Vitrac",
    "code": "15264",
    "epci_code": "200066678",
    "departement_code": "15",
    "region_code": "84",
    "postal_code": "15220"
  },
  {
    "name": "Ydes",
    "code": "15265",
    "epci_code": "241501055",
    "departement_code": "15",
    "region_code": "84",
    "postal_code": "15210"
  },
  {
    "name": "Yolet",
    "code": "15266",
    "epci_code": "241500230",
    "departement_code": "15",
    "region_code": "84",
    "postal_code": "15130"
  },
  {
    "name": "Ytrac",
    "code": "15267",
    "epci_code": "241500230",
    "departement_code": "15",
    "region_code": "84",
    "postal_code": "15000"
  },
  {
    "name": "Ytrac",
    "code": "15267",
    "epci_code": "241500230",
    "departement_code": "15",
    "region_code": "84",
    "postal_code": "15130"
  },
  {
    "name": "Le Rouget-Pers",
    "code": "15268",
    "epci_code": "200066678",
    "departement_code": "15",
    "region_code": "84",
    "postal_code": "15290"
  },
  {
    "name": "Besse",
    "code": "15269",
    "epci_code": "241501139",
    "departement_code": "15",
    "region_code": "84",
    "postal_code": "15140"
  }
]