[
  {
    "name": "Aubervilliers",
    "code": "93001",
    "epci_code": "200054781",
    "departement_code": "93",
    "region_code": "11",
    "postal_code": "93300"
  },
  {
    "name": "Aulnay-sous-Bois",
    "code": "93005",
    "epci_code": "200054781",
    "departement_code": "93",
    "region_code": "11",
    "postal_code": "93600"
  },
  {
    "name": "Bagnolet",
    "code": "93006",
    "epci_code": "200054781",
    "departement_code": "93",
    "region_code": "11",
    "postal_code": "93170"
  },
  {
    "name": "Le Blanc-Mesnil",
    "code": "93007",
    "epci_code": "200054781",
    "departement_code": "93",
    "region_code": "11",
    "postal_code": "93150"
  },
  {
    "name": "Bobigny",
    "code": "93008",
    "epci_code": "200054781",
    "departement_code": "93",
    "region_code": "11",
    "postal_code": "93000"
  },
  {
    "name": "Bondy",
    "code": "93010",
    "epci_code": "200054781",
    "departement_code": "93",
    "region_code": "11",
    "postal_code": "93140"
  },
  {
    "name": "Le Bourget",
    "code": "93013",
    "epci_code": "200054781",
    "departement_code": "93",
    "region_code": "11",
    "postal_code": "93350"
  },
  {
    "name": "Clichy-sous-Bois",
    "code": "93014",
    "epci_code": "200054781",
    "departement_code": "93",
    "region_code": "11",
    "postal_code": "93390"
  },
  {
    "name": "Coubron",
    "code": "93015",
    "epci_code": "200054781",
    "departement_code": "93",
    "region_code": "11",
    "postal_code": "93470"
  },
  {
    "name": "La Courneuve",
    "code": "93027",
    "epci_code": "200054781",
    "departement_code": "93",
    "region_code": "11",
    "postal_code": "93120"
  },
  {
    "name": "Drancy",
    "code": "93029",
    "epci_code": "200054781",
    "departement_code": "93",
    "region_code": "11",
    "postal_code": "93700"
  },
  {
    "name": "Dugny",
    "code": "93030",
    "epci_code": "200054781",
    "departement_code": "93",
    "region_code": "11",
    "postal_code": "93440"
  },
  {
    "name": "Épinay-sur-Seine",
    "code": "93031",
    "epci_code": "200054781",
    "departement_code": "93",
    "region_code": "11",
    "postal_code": "93800"
  },
  {
    "name": "Gagny",
    "code": "93032",
    "epci_code": "200054781",
    "departement_code": "93",
    "region_code": "11",
    "postal_code": "93220"
  },
  {
    "name": "Gournay-sur-Marne",
    "code": "93033",
    "epci_code": "200054781",
    "departement_code": "93",
    "region_code": "11",
    "postal_code": "93460"
  },
  {
    "name": "L’Île-Saint-Denis",
    "code": "93039",
    "epci_code": "200054781",
    "departement_code": "93",
    "region_code": "11",
    "postal_code": "93450"
  },
  {
    "name": "Les Lilas",
    "code": "93045",
    "epci_code": "200054781",
    "departement_code": "93",
    "region_code": "11",
    "postal_code": "93260"
  },
  {
    "name": "Livry-Gargan",
    "code": "93046",
    "epci_code": "200054781",
    "departement_code": "93",
    "region_code": "11",
    "postal_code": "93190"
  },
  {
    "name": "Montfermeil",
    "code": "93047",
    "epci_code": "200054781",
    "departement_code": "93",
    "region_code": "11",
    "postal_code": "93370"
  },
  {
    "name": "Montreuil",
    "code": "93048",
    "epci_code": "200054781",
    "departement_code": "93",
    "region_code": "11",
    "postal_code": "93100"
  },
  {
    "name": "Neuilly-Plaisance",
    "code": "93049",
    "epci_code": "200054781",
    "departement_code": "93",
    "region_code": "11",
    "postal_code": "93360"
  },
  {
    "name": "Neuilly-sur-Marne",
    "code": "93050",
    "epci_code": "200054781",
    "departement_code": "93",
    "region_code": "11",
    "postal_code": "93330"
  },
  {
    "name": "Noisy-le-Grand",
    "code": "93051",
    "epci_code": "200054781",
    "departement_code": "93",
    "region_code": "11",
    "postal_code": "93160"
  },
  {
    "name": "Noisy-le-Sec",
    "code": "93053",
    "epci_code": "200054781",
    "departement_code": "93",
    "region_code": "11",
    "postal_code": "93130"
  },
  {
    "name": "Pantin",
    "code": "93055",
    "epci_code": "200054781",
    "departement_code": "93",
    "region_code": "11",
    "postal_code": "93500"
  },
  {
    "name": "Les Pavillons-sous-Bois",
    "code": "93057",
    "epci_code": "200054781",
    "departement_code": "93",
    "region_code": "11",
    "postal_code": "93320"
  },
  {
    "name": "Le Pré-Saint-Gervais",
    "code": "93061",
    "epci_code": "200054781",
    "departement_code": "93",
    "region_code": "11",
    "postal_code": "93310"
  },
  {
    "name": "Le Raincy",
    "code": "93062",
    "epci_code": "200054781",
    "departement_code": "93",
    "region_code": "11",
    "postal_code": "93340"
  },
  {
    "name": "Romainville",
    "code": "93063",
    "epci_code": "200054781",
    "departement_code": "93",
    "region_code": "11",
    "postal_code": "93230"
  },
  {
    "name": "Rosny-sous-Bois",
    "code": "93064",
    "epci_code": "200054781",
    "departement_code": "93",
    "region_code": "11",
    "postal_code": "93110"
  },
  {
    "name": "Saint-Denis",
    "code": "93066",
    "epci_code": "200054781",
    "departement_code": "93",
    "region_code": "11",
    "postal_code": "93200"
  },
  {
    "name": "Saint-Denis",
    "code": "93066",
    "epci_code": "200054781",
    "departement_code": "93",
    "region_code": "11",
    "postal_code": "93210"
  },
  {
    "name": "Saint-Ouen-sur-Seine",
    "code": "93070",
    "epci_code": "200054781",
    "departement_code": "93",
    "region_code": "11",
    "postal_code": "93400"
  },
  {
    "name": "Sevran",
    "code": "93071",
    "epci_code": "200054781",
    "departement_code": "93",
    "region_code": "11",
    "postal_code": "93270"
  },
  {
    "name": "Stains",
    "code": "93072",
    "epci_code": "200054781",
    "departement_code": "93",
    "region_code": "11",
    "postal_code": "93240"
  },
  {
    "name": "Tremblay-en-France",
    "code": "93073",
    "epci_code": "200054781",
    "departement_code": "93",
    "region_code": "11",
    "postal_code": "93290"
  },
  {
    "name": "Vaujours",
    "code": "93074",
    "epci_code": "200054781",
    "departement_code": "93",
    "region_code": "11",
    "postal_code": "93410"
  },
  {
    "name": "Villemomble",
    "code": "93077",
    "epci_code": "200054781",
    "departement_code": "93",
    "region_code": "11",
    "postal_code": "93250"
  },
  {
    "name": "Villepinte",
    "code": "93078",
    "epci_code": "200054781",
    "departement_code": "93",
    "region_code": "11",
    "postal_code": "93420"
  },
  {
    "name": "Villetaneuse",
    "code": "93079",
    "epci_code": "200054781",
    "departement_code": "93",
    "region_code": "11",
    "postal_code": "93430"
  }
]