[
  {
    "name": "Abeilhan",
    "code": "34001",
    "epci_code": "200071058",
    "departement_code": "34",
    "region_code": "76",
    "postal_code": "34290"
  },
  {
    "name": "Adissan",
    "code": "34002",
    "epci_code": "243400819",
    "departement_code": "34",
    "region_code": "76",
    "postal_code": "34230"
  },
  {
    "name": "Agde",
    "code": "34003",
    "epci_code": "243400819",
    "departement_code": "34",
    "region_code": "76",
    "postal_code": "34300"
  },
  {
    "name": "Agel",
    "code": "34004",
    "epci_code": "200066348",
    "departement_code": "34",
    "region_code": "76",
    "postal_code": "34210"
  },
  {
    "name": "Agonès",
    "code": "34005",
    "epci_code": "243400736",
    "departement_code": "34",
    "region_code": "76",
    "postal_code": "34190"
  },
  {
    "name": "Aigne",
    "code": "34006",
    "epci_code": "200066348",
    "departement_code": "34",
    "region_code": "76",
    "postal_code": "34210"
  },
  {
    "name": "Aigues-Vives",
    "code": "34007",
    "epci_code": "200066348",
    "departement_code": "34",
    "region_code": "76",
    "postal_code": "34210"
  },
  {
    "name": "Les Aires",
    "code": "34008",
    "epci_code": "200042646",
    "departement_code": "34",
    "region_code": "76",
    "postal_code": "34600"
  },
  {
    "name": "Alignan-du-Vent",
    "code": "34009",
    "epci_code": "243400769",
    "departement_code": "34",
    "region_code": "76",
    "postal_code": "34290"
  },
  {
    "name": "Aniane",
    "code": "34010",
    "epci_code": "243400694",
    "departement_code": "34",
    "region_code": "76",
    "postal_code": "34150"
  },
  {
    "name": "Arboras",
    "code": "34011",
    "epci_code": "243400694",
    "departement_code": "34",
    "region_code": "76",
    "postal_code": "34150"
  },
  {
    "name": "Argelliers",
    "code": "34012",
    "epci_code": "243400694",
    "departement_code": "34",
    "region_code": "76",
    "postal_code": "34380"
  },
  {
    "name": "Aspiran",
    "code": "34013",
    "epci_code": "243400355",
    "departement_code": "34",
    "region_code": "76",
    "postal_code": "34800"
  },
  {
    "name": "Assas",
    "code": "34014",
    "epci_code": "200022986",
    "departement_code": "34",
    "region_code": "76",
    "postal_code": "34820"
  },
  {
    "name": "Assignan",
    "code": "34015",
    "epci_code": "200042653",
    "departement_code": "34",
    "region_code": "76",
    "postal_code": "34360"
  },
  {
    "name": "Aumelas",
    "code": "34016",
    "epci_code": "243400694",
    "departement_code": "34",
    "region_code": "76",
    "postal_code": "34230"
  },
  {
    "name": "Aumes",
    "code": "34017",
    "epci_code": "243400819",
    "departement_code": "34",
    "region_code": "76",
    "postal_code": "34530"
  },
  {
    "name": "Autignac",
    "code": "34018",
    "epci_code": "200071058",
    "departement_code": "34",
    "region_code": "76",
    "postal_code": "34480"
  },
  {
    "name": "Avène",
    "code": "34019",
    "epci_code": "200042646",
    "departement_code": "34",
    "region_code": "76",
    "postal_code": "34260"
  },
  {
    "name": "Azillanet",
    "code": "34020",
    "epci_code": "200066348",
    "departement_code": "34",
    "region_code": "76",
    "postal_code": "34210"
  },
  {
    "name": "Babeau-Bouldoux",
    "code": "34021",
    "epci_code": "200042653",
    "departement_code": "34",
    "region_code": "76",
    "postal_code": "34360"
  },
  {
    "name": "Baillargues",
    "code": "34022",
    "epci_code": "243400017",
    "departement_code": "34",
    "region_code": "76",
    "postal_code": "34670"
  },
  {
    "name": "Balaruc-les-Bains",
    "code": "34023",
    "epci_code": "200066355",
    "departement_code": "34",
    "region_code": "76",
    "postal_code": "34540"
  },
  {
    "name": "Balaruc-le-Vieux",
    "code": "34024",
    "epci_code": "200066355",
    "departement_code": "34",
    "region_code": "76",
    "postal_code": "34540"
  },
  {
    "name": "Bassan",
    "code": "34025",
    "epci_code": "243400769",
    "departement_code": "34",
    "region_code": "76",
    "postal_code": "34290"
  },
  {
    "name": "Beaufort",
    "code": "34026",
    "epci_code": "200066348",
    "departement_code": "34",
    "region_code": "76",
    "postal_code": "34210"
  },
  {
    "name": "Beaulieu",
    "code": "34027",
    "epci_code": "243400017",
    "departement_code": "34",
    "region_code": "76",
    "postal_code": "34160"
  },
  {
    "name": "Bédarieux",
    "code": "34028",
    "epci_code": "200042646",
    "departement_code": "34",
    "region_code": "76",
    "postal_code": "34600"
  },
  {
    "name": "Bélarga",
    "code": "34029",
    "epci_code": "243400694",
    "departement_code": "34",
    "region_code": "76",
    "postal_code": "34230"
  },
  {
    "name": "Berlou",
    "code": "34030",
    "epci_code": "200066348",
    "departement_code": "34",
    "region_code": "76",
    "postal_code": "34360"
  },
  {
    "name": "Bessan",
    "code": "34031",
    "epci_code": "243400819",
    "departement_code": "34",
    "region_code": "76",
    "postal_code": "34550"
  },
  {
    "name": "Béziers",
    "code": "34032",
    "epci_code": "243400769",
    "departement_code": "34",
    "region_code": "76",
    "postal_code": "34500"
  },
  {
    "name": "Boisseron",
    "code": "34033",
    "epci_code": "243400520",
    "departement_code": "34",
    "region_code": "76",
    "postal_code": "34160"
  },
  {
    "name": "Boisset",
    "code": "34034",
    "epci_code": "200066348",
    "departement_code": "34",
    "region_code": "76",
    "postal_code": "34220"
  },
  {
    "name": "La Boissière",
    "code": "34035",
    "epci_code": "243400694",
    "departement_code": "34",
    "region_code": "76",
    "postal_code": "34150"
  },
  {
    "name": "Le Bosc",
    "code": "34036",
    "epci_code": "200017341",
    "departement_code": "34",
    "region_code": "76",
    "postal_code": "34700"
  },
  {
    "name": "Boujan-sur-Libron",
    "code": "34037",
    "epci_code": "243400769",
    "departement_code": "34",
    "region_code": "76",
    "postal_code": "34760"
  },
  {
    "name": "Le Bousquet-d’Orb",
    "code": "34038",
    "epci_code": "200042646",
    "departement_code": "34",
    "region_code": "76",
    "postal_code": "34260"
  },
  {
    "name": "Bouzigues",
    "code": "34039",
    "epci_code": "200066355",
    "departement_code": "34",
    "region_code": "76",
    "postal_code": "34140"
  },
  {
    "name": "Brenas",
    "code": "34040",
    "epci_code": "200042646",
    "departement_code": "34",
    "region_code": "76",
    "postal_code": "34650"
  },
  {
    "name": "Brignac",
    "code": "34041",
    "epci_code": "243400355",
    "departement_code": "34",
    "region_code": "76",
    "postal_code": "34800"
  },
  {
    "name": "Brissac",
    "code": "34042",
    "epci_code": "243400736",
    "departement_code": "34",
    "region_code": "76",
    "postal_code": "34190"
  },
  {
    "name": "Buzignargues",
    "code": "34043",
    "epci_code": "200022986",
    "departement_code": "34",
    "region_code": "76",
    "postal_code": "34160"
  },
  {
    "name": "Cabrerolles",
    "code": "34044",
    "epci_code": "200071058",
    "departement_code": "34",
    "region_code": "76",
    "postal_code": "34480"
  },
  {
    "name": "Cabrières",
    "code": "34045",
    "epci_code": "243400355",
    "departement_code": "34",
    "region_code": "76",
    "postal_code": "34800"
  },
  {
    "name": "Cambon-et-Salvergues",
    "code": "34046",
    "epci_code": "200066553",
    "departement_code": "34",
    "region_code": "76",
    "postal_code": "34330"
  },
  {
    "name": "Campagnan",
    "code": "34047",
    "epci_code": "243400694",
    "departement_code": "34",
    "region_code": "76",
    "postal_code": "34230"
  },
  {
    "name": "Campagne",
    "code": "34048",
    "epci_code": "243400520",
    "departement_code": "34",
    "region_code": "76",
    "postal_code": "34160"
  },
  {
    "name": "Camplong",
    "code": "34049",
    "epci_code": "200042646",
    "departement_code": "34",
    "region_code": "76",
    "postal_code": "34260"
  },
  {
    "name": "Candillargues",
    "code": "34050",
    "epci_code": "243400470",
    "departement_code": "34",
    "region_code": "76",
    "postal_code": "34130"
  },
  {
    "name": "Canet",
    "code": "34051",
    "epci_code": "243400355",
    "departement_code": "34",
    "region_code": "76",
    "postal_code": "34800"
  },
  {
    "name": "Capestang",
    "code": "34052",
    "epci_code": "200042653",
    "departement_code": "34",
    "region_code": "76",
    "postal_code": "34310"
  },
  {
    "name": "Carlencas-et-Levas",
    "code": "34053",
    "epci_code": "200042646",
    "departement_code": "34",
    "region_code": "76",
    "postal_code": "34600"
  },
  {
    "name": "Cassagnoles",
    "code": "34054",
    "epci_code": "200066348",
    "departement_code": "34",
    "region_code": "76",
    "postal_code": "34210"
  },
  {
    "name": "Castanet-le-Haut",
    "code": "34055",
    "epci_code": "200066553",
    "departement_code": "34",
    "region_code": "76",
    "postal_code": "34610"
  },
  {
    "name": "Castelnau-de-Guers",
    "code": "34056",
    "epci_code": "243400819",
    "departement_code": "34",
    "region_code": "76",
    "postal_code": "34120"
  },
  {
    "name": "Castelnau-le-Lez",
    "code": "34057",
    "epci_code": "243400017",
    "departement_code": "34",
    "region_code": "76",
    "postal_code": "34170"
  },
  {
    "name": "Castries",
    "code": "34058",
    "epci_code": "243400017",
    "departement_code": "34",
    "region_code": "76",
    "postal_code": "34160"
  },
  {
    "name": "La Caunette",
    "code": "34059",
    "epci_code": "200066348",
    "departement_code": "34",
    "region_code": "76",
    "postal_code": "34210"
  },
  {
    "name": "Causse-de-la-Selle",
    "code": "34060",
    "epci_code": "200022986",
    "departement_code": "34",
    "region_code": "76",
    "postal_code": "34380"
  },
  {
    "name": "Causses-et-Veyran",
    "code": "34061",
    "epci_code": "200071058",
    "departement_code": "34",
    "region_code": "76",
    "postal_code": "34490"
  },
  {
    "name": "Caussiniojouls",
    "code": "34062",
    "epci_code": "200071058",
    "departement_code": "34",
    "region_code": "76",
    "postal_code": "34600"
  },
  {
    "name": "Caux",
    "code": "34063",
    "epci_code": "243400819",
    "departement_code": "34",
    "region_code": "76",
    "postal_code": "34720"
  },
  {
    "name": "Le Caylar",
    "code": "34064",
    "epci_code": "200017341",
    "departement_code": "34",
    "region_code": "76",
    "postal_code": "34520"
  },
  {
    "name": "Cazedarnes",
    "code": "34065",
    "epci_code": "200042653",
    "departement_code": "34",
    "region_code": "76",
    "postal_code": "34460"
  },
  {
    "name": "Cazevieille",
    "code": "34066",
    "epci_code": "200022986",
    "departement_code": "34",
    "region_code": "76",
    "postal_code": "34270"
  },
  {
    "name": "Cazilhac",
    "code": "34067",
    "epci_code": "243400736",
    "departement_code": "34",
    "region_code": "76",
    "postal_code": "34190"
  },
  {
    "name": "Cazouls-d’Hérault",
    "code": "34068",
    "epci_code": "243400819",
    "departement_code": "34",
    "region_code": "76",
    "postal_code": "34120"
  },
  {
    "name": "Cazouls-lès-Béziers",
    "code": "34069",
    "epci_code": "243400488",
    "departement_code": "34",
    "region_code": "76",
    "postal_code": "34370"
  },
  {
    "name": "Cébazan",
    "code": "34070",
    "epci_code": "200042653",
    "departement_code": "34",
    "region_code": "76",
    "postal_code": "34360"
  },
  {
    "name": "Ceilhes-et-Rocozels",
    "code": "34071",
    "epci_code": "200042646",
    "departement_code": "34",
    "region_code": "76",
    "postal_code": "34260"
  },
  {
    "name": "Celles",
    "code": "34072",
    "epci_code": "200017341",
    "departement_code": "34",
    "region_code": "76",
    "postal_code": "34700"
  },
  {
    "name": "Cers",
    "code": "34073",
    "epci_code": "243400769",
    "departement_code": "34",
    "region_code": "76",
    "postal_code": "34420"
  },
  {
    "name": "Cessenon-sur-Orb",
    "code": "34074",
    "epci_code": "200042653",
    "departement_code": "34",
    "region_code": "76",
    "postal_code": "34460"
  },
  {
    "name": "Cesseras",
    "code": "34075",
    "epci_code": "200066348",
    "departement_code": "34",
    "region_code": "76",
    "postal_code": "34210"
  },
  {
    "name": "Ceyras",
    "code": "34076",
    "epci_code": "243400355",
    "departement_code": "34",
    "region_code": "76",
    "postal_code": "34800"
  },
  {
    "name": "Clapiers",
    "code": "34077",
    "epci_code": "243400017",
    "departement_code": "34",
    "region_code": "76",
    "postal_code": "34830"
  },
  {
    "name": "Claret",
    "code": "34078",
    "epci_code": "200022986",
    "departement_code": "34",
    "region_code": "76",
    "postal_code": "34270"
  },
  {
    "name": "Clermont-l’Hérault",
    "code": "34079",
    "epci_code": "243400355",
    "departement_code": "34",
    "region_code": "76",
    "postal_code": "34800"
  },
  {
    "name": "Colombières-sur-Orb",
    "code": "34080",
    "epci_code": "200066348",
    "departement_code": "34",
    "region_code": "76",
    "postal_code": "34390"
  },
  {
    "name": "Colombiers",
    "code": "34081",
    "epci_code": "243400488",
    "departement_code": "34",
    "region_code": "76",
    "postal_code": "34440"
  },
  {
    "name": "Combaillaux",
    "code": "34082",
    "epci_code": "200022986",
    "departement_code": "34",
    "region_code": "76",
    "postal_code": "34980"
  },
  {
    "name": "Combes",
    "code": "34083",
    "epci_code": "200042646",
    "departement_code": "34",
    "region_code": "76",
    "postal_code": "34240"
  },
  {
    "name": "Corneilhan",
    "code": "34084",
    "epci_code": "243400769",
    "departement_code": "34",
    "region_code": "76",
    "postal_code": "34490"
  },
  {
    "name": "Coulobres",
    "code": "34085",
    "epci_code": "243400769",
    "departement_code": "34",
    "region_code": "76",
    "postal_code": "34290"
  },
  {
    "name": "Courniou",
    "code": "34086",
    "epci_code": "200066348",
    "departement_code": "34",
    "region_code": "76",
    "postal_code": "34220"
  },
  {
    "name": "Cournonsec",
    "code": "34087",
    "epci_code": "243400017",
    "departement_code": "34",
    "region_code": "76",
    "postal_code": "34660"
  },
  {
    "name": "Cournonterral",
    "code": "34088",
    "epci_code": "243400017",
    "departement_code": "34",
    "region_code": "76",
    "postal_code": "34660"
  },
  {
    "name": "Creissan",
    "code": "34089",
    "epci_code": "200042653",
    "departement_code": "34",
    "region_code": "76",
    "postal_code": "34370"
  },
  {
    "name": "Le Crès",
    "code": "34090",
    "epci_code": "243400017",
    "departement_code": "34",
    "region_code": "76",
    "postal_code": "34920"
  },
  {
    "name": "Le Cros",
    "code": "34091",
    "epci_code": "200017341",
    "departement_code": "34",
    "region_code": "76",
    "postal_code": "34520"
  },
  {
    "name": "Cruzy",
    "code": "34092",
    "epci_code": "200042653",
    "departement_code": "34",
    "region_code": "76",
    "postal_code": "34310"
  },
  {
    "name": "Espondeilhan",
    "code": "34094",
    "epci_code": "243400769",
    "departement_code": "34",
    "region_code": "76",
    "postal_code": "34290"
  },
  {
    "name": "Fabrègues",
    "code": "34095",
    "epci_code": "243400017",
    "departement_code": "34",
    "region_code": "76",
    "postal_code": "34690"
  },
  {
    "name": "Faugères",
    "code": "34096",
    "epci_code": "200071058",
    "departement_code": "34",
    "region_code": "76",
    "postal_code": "34600"
  },
  {
    "name": "Félines-Minervois",
    "code": "34097",
    "epci_code": "200066348",
    "departement_code": "34",
    "region_code": "76",
    "postal_code": "34210"
  },
  {
    "name": "Ferrals-les-Montagnes",
    "code": "34098",
    "epci_code": "200066348",
    "departement_code": "34",
    "region_code": "76",
    "postal_code": "34210"
  },
  {
    "name": "Ferrières-les-Verreries",
    "code": "34099",
    "epci_code": "200022986",
    "departement_code": "34",
    "region_code": "76",
    "postal_code": "34190"
  },
  {
    "name": "Ferrières-Poussarou",
    "code": "34100",
    "epci_code": "200066348",
    "departement_code": "34",
    "region_code": "76",
    "postal_code": "34360"
  },
  {
    "name": "Florensac",
    "code": "34101",
    "epci_code": "243400819",
    "departement_code": "34",
    "region_code": "76",
    "postal_code": "34510"
  },
  {
    "name": "Fontanès",
    "code": "34102",
    "epci_code": "200022986",
    "departement_code": "34",
    "region_code": "76",
    "postal_code": "34270"
  },
  {
    "name": "Fontès",
    "code": "34103",
    "epci_code": "243400355",
    "departement_code": "34",
    "region_code": "76",
    "postal_code": "34320"
  },
  {
    "name": "Fos",
    "code": "34104",
    "epci_code": "200071058",
    "departement_code": "34",
    "region_code": "76",
    "postal_code": "34320"
  },
  {
    "name": "Fouzilhon",
    "code": "34105",
    "epci_code": "200071058",
    "departement_code": "34",
    "region_code": "76",
    "postal_code": "34480"
  },
  {
    "name": "Fozières",
    "code": "34106",
    "epci_code": "200017341",
    "departement_code": "34",
    "region_code": "76",
    "postal_code": "34700"
  },
  {
    "name": "Fraisse-sur-Agout",
    "code": "34107",
    "epci_code": "200066553",
    "departement_code": "34",
    "region_code": "76",
    "postal_code": "34330"
  },
  {
    "name": "Frontignan",
    "code": "34108",
    "epci_code": "200066355",
    "departement_code": "34",
    "region_code": "76",
    "postal_code": "34110"
  },
  {
    "name": "Gabian",
    "code": "34109",
    "epci_code": "200071058",
    "departement_code": "34",
    "region_code": "76",
    "postal_code": "34320"
  },
  {
    "name": "Galargues",
    "code": "34110",
    "epci_code": "243400520",
    "departement_code": "34",
    "region_code": "76",
    "postal_code": "34160"
  },
  {
    "name": "Ganges",
    "code": "34111",
    "epci_code": "243400736",
    "departement_code": "34",
    "region_code": "76",
    "postal_code": "34190"
  },
  {
    "name": "Garrigues",
    "code": "34112",
    "epci_code": "243400520",
    "departement_code": "34",
    "region_code": "76",
    "postal_code": "34160"
  },
  {
    "name": "Gigean",
    "code": "34113",
    "epci_code": "200066355",
    "departement_code": "34",
    "region_code": "76",
    "postal_code": "34770"
  },
  {
    "name": "Gignac",
    "code": "34114",
    "epci_code": "243400694",
    "departement_code": "34",
    "region_code": "76",
    "postal_code": "34150"
  },
  {
    "name": "Gorniès",
    "code": "34115",
    "epci_code": "243400736",
    "departement_code": "34",
    "region_code": "76",
    "postal_code": "34190"
  },
  {
    "name": "Grabels",
    "code": "34116",
    "epci_code": "243400017",
    "departement_code": "34",
    "region_code": "76",
    "postal_code": "34790"
  },
  {
    "name": "Graissessac",
    "code": "34117",
    "epci_code": "200042646",
    "departement_code": "34",
    "region_code": "76",
    "postal_code": "34260"
  },
  {
    "name": "Guzargues",
    "code": "34118",
    "epci_code": "200022986",
    "departement_code": "34",
    "region_code": "76",
    "postal_code": "34820"
  },
  {
    "name": "Hérépian",
    "code": "34119",
    "epci_code": "200042646",
    "departement_code": "34",
    "region_code": "76",
    "postal_code": "34600"
  },
  {
    "name": "Jacou",
    "code": "34120",
    "epci_code": "243400017",
    "departement_code": "34",
    "region_code": "76",
    "postal_code": "34830"
  },
  {
    "name": "Joncels",
    "code": "34121",
    "epci_code": "200042646",
    "departement_code": "34",
    "region_code": "76",
    "postal_code": "34650"
  },
  {
    "name": "Jonquières",
    "code": "34122",
    "epci_code": "243400694",
    "departement_code": "34",
    "region_code": "76",
    "postal_code": "34725"
  },
  {
    "name": "Juvignac",
    "code": "34123",
    "epci_code": "243400017",
    "departement_code": "34",
    "region_code": "76",
    "postal_code": "34990"
  },
  {
    "name": "Lacoste",
    "code": "34124",
    "epci_code": "243400355",
    "departement_code": "34",
    "region_code": "76",
    "postal_code": "34800"
  },
  {
    "name": "Lagamas",
    "code": "34125",
    "epci_code": "243400694",
    "departement_code": "34",
    "region_code": "76",
    "postal_code": "34150"
  },
  {
    "name": "Lamalou-les-Bains",
    "code": "34126",
    "epci_code": "200042646",
    "departement_code": "34",
    "region_code": "76",
    "postal_code": "34240"
  },
  {
    "name": "Lansargues",
    "code": "34127",
    "epci_code": "243400470",
    "departement_code": "34",
    "region_code": "76",
    "postal_code": "34130"
  },
  {
    "name": "Laroque",
    "code": "34128",
    "epci_code": "243400736",
    "departement_code": "34",
    "region_code": "76",
    "postal_code": "34190"
  },
  {
    "name": "Lattes",
    "code": "34129",
    "epci_code": "243400017",
    "departement_code": "34",
    "region_code": "76",
    "postal_code": "34970"
  },
  {
    "name": "Laurens",
    "code": "34130",
    "epci_code": "200071058",
    "departement_code": "34",
    "region_code": "76",
    "postal_code": "34480"
  },
  {
    "name": "Lauret",
    "code": "34131",
    "epci_code": "200022986",
    "departement_code": "34",
    "region_code": "76",
    "postal_code": "34270"
  },
  {
    "name": "Lauroux",
    "code": "34132",
    "epci_code": "200017341",
    "departement_code": "34",
    "region_code": "76",
    "postal_code": "34700"
  },
  {
    "name": "Lavalette",
    "code": "34133",
    "epci_code": "200017341",
    "departement_code": "34",
    "region_code": "76",
    "postal_code": "34700"
  },
  {
    "name": "Lavérune",
    "code": "34134",
    "epci_code": "243400017",
    "departement_code": "34",
    "region_code": "76",
    "postal_code": "34880"
  },
  {
    "name": "Lespignan",
    "code": "34135",
    "epci_code": "243400488",
    "departement_code": "34",
    "region_code": "76",
    "postal_code": "34710"
  },
  {
    "name": "Lézignan-la-Cèbe",
    "code": "34136",
    "epci_code": "243400819",
    "departement_code": "34",
    "region_code": "76",
    "postal_code": "34120"
  },
  {
    "name": "Liausson",
    "code": "34137",
    "epci_code": "243400355",
    "departement_code": "34",
    "region_code": "76",
    "postal_code": "34800"
  },
  {
    "name": "Lieuran-Cabrières",
    "code": "34138",
    "epci_code": "243400355",
    "departement_code": "34",
    "region_code": "76",
    "postal_code": "34800"
  },
  {
    "name": "Lieuran-lès-Béziers",
    "code": "34139",
    "epci_code": "243400769",
    "departement_code": "34",
    "region_code": "76",
    "postal_code": "34290"
  },
  {
    "name": "Lignan-sur-Orb",
    "code": "34140",
    "epci_code": "243400769",
    "departement_code": "34",
    "region_code": "76",
    "postal_code": "34490"
  },
  {
    "name": "La Livinière",
    "code": "34141",
    "epci_code": "200066348",
    "departement_code": "34",
    "region_code": "76",
    "postal_code": "34210"
  },
  {
    "name": "Lodève",
    "code": "34142",
    "epci_code": "200017341",
    "departement_code": "34",
    "region_code": "76",
    "postal_code": "34700"
  },
  {
    "name": "Loupian",
    "code": "34143",
    "epci_code": "200066355",
    "departement_code": "34",
    "region_code": "76",
    "postal_code": "34140"
  },
  {
    "name": "Lunas-les-Châteaux",
    "code": "34144",
    "epci_code": "200042646",
    "departement_code": "34",
    "region_code": "76",
    "postal_code": "34650"
  },
  {
    "name": "Lunel",
    "code": "34145",
    "epci_code": "243400520",
    "departement_code": "34",
    "region_code": "76",
    "postal_code": "34400"
  },
  {
    "name": "Lunel-Viel",
    "code": "34146",
    "epci_code": "243400520",
    "departement_code": "34",
    "region_code": "76",
    "postal_code": "34400"
  },
  {
    "name": "Magalas",
    "code": "34147",
    "epci_code": "200071058",
    "departement_code": "34",
    "region_code": "76",
    "postal_code": "34480"
  },
  {
    "name": "Maraussan",
    "code": "34148",
    "epci_code": "243400488",
    "departement_code": "34",
    "region_code": "76",
    "postal_code": "34370"
  },
  {
    "name": "Margon",
    "code": "34149",
    "epci_code": "200071058",
    "departement_code": "34",
    "region_code": "76",
    "postal_code": "34320"
  },
  {
    "name": "Marseillan",
    "code": "34150",
    "epci_code": "200066355",
    "departement_code": "34",
    "region_code": "76",
    "postal_code": "34340"
  },
  {
    "name": "Marsillargues",
    "code": "34151",
    "epci_code": "243400520",
    "departement_code": "34",
    "region_code": "76",
    "postal_code": "34590"
  },
  {
    "name": "Mas-de-Londres",
    "code": "34152",
    "epci_code": "200022986",
    "departement_code": "34",
    "region_code": "76",
    "postal_code": "34380"
  },
  {
    "name": "Les Matelles",
    "code": "34153",
    "epci_code": "200022986",
    "departement_code": "34",
    "region_code": "76",
    "postal_code": "34270"
  },
  {
    "name": "Mauguio",
    "code": "34154",
    "epci_code": "243400470",
    "departement_code": "34",
    "region_code": "76",
    "postal_code": "34130"
  },
  {
    "name": "Maureilhan",
    "code": "34155",
    "epci_code": "243400488",
    "departement_code": "34",
    "region_code": "76",
    "postal_code": "34370"
  },
  {
    "name": "Mérifons",
    "code": "34156",
    "epci_code": "243400355",
    "departement_code": "34",
    "region_code": "76",
    "postal_code": "34800"
  },
  {
    "name": "Mèze",
    "code": "34157",
    "epci_code": "200066355",
    "departement_code": "34",
    "region_code": "76",
    "postal_code": "34140"
  },
  {
    "name": "Minerve",
    "code": "34158",
    "epci_code": "200066348",
    "departement_code": "34",
    "region_code": "76",
    "postal_code": "34210"
  },
  {
    "name": "Mireval",
    "code": "34159",
    "epci_code": "200066355",
    "departement_code": "34",
    "region_code": "76",
    "postal_code": "34110"
  },
  {
    "name": "Mons",
    "code": "34160",
    "epci_code": "200066348",
    "departement_code": "34",
    "region_code": "76",
    "postal_code": "34390"
  },
  {
    "name": "Montady",
    "code": "34161",
    "epci_code": "243400488",
    "departement_code": "34",
    "region_code": "76",
    "postal_code": "34310"
  },
  {
    "name": "Montagnac",
    "code": "34162",
    "epci_code": "243400819",
    "departement_code": "34",
    "region_code": "76",
    "postal_code": "34530"
  },
  {
    "name": "Montarnaud",
    "code": "34163",
    "epci_code": "243400694",
    "departement_code": "34",
    "region_code": "76",
    "postal_code": "34570"
  },
  {
    "name": "Montaud",
    "code": "34164",
    "epci_code": "243400017",
    "departement_code": "34",
    "region_code": "76",
    "postal_code": "34160"
  },
  {
    "name": "Montbazin",
    "code": "34165",
    "epci_code": "200066355",
    "departement_code": "34",
    "region_code": "76",
    "postal_code": "34560"
  },
  {
    "name": "Montblanc",
    "code": "34166",
    "epci_code": "243400769",
    "departement_code": "34",
    "region_code": "76",
    "postal_code": "34290"
  },
  {
    "name": "Montels",
    "code": "34167",
    "epci_code": "200042653",
    "departement_code": "34",
    "region_code": "76",
    "postal_code": "34310"
  },
  {
    "name": "Montesquieu",
    "code": "34168",
    "epci_code": "200071058",
    "departement_code": "34",
    "region_code": "76",
    "postal_code": "34320"
  },
  {
    "name": "Montferrier-sur-Lez",
    "code": "34169",
    "epci_code": "243400017",
    "departement_code": "34",
    "region_code": "76",
    "postal_code": "34980"
  },
  {
    "name": "Montouliers",
    "code": "34170",
    "epci_code": "200042653",
    "departement_code": "34",
    "region_code": "76",
    "postal_code": "34310"
  },
  {
    "name": "Montoulieu",
    "code": "34171",
    "epci_code": "243400736",
    "departement_code": "34",
    "region_code": "76",
    "postal_code": "34190"
  },
  {
    "name": "Montpellier",
    "code": "34172",
    "epci_code": "243400017",
    "departement_code": "34",
    "region_code": "76",
    "postal_code": "34090"
  },
  {
    "name": "Montpellier",
    "code": "34172",
    "epci_code": "243400017",
    "departement_code": "34",
    "region_code": "76",
    "postal_code": "34000"
  },
  {
    "name": "Montpellier",
    "code": "34172",
    "epci_code": "243400017",
    "departement_code": "34",
    "region_code": "76",
    "postal_code": "34070"
  },
  {
    "name": "Montpellier",
    "code": "34172",
    "epci_code": "243400017",
    "departement_code": "34",
    "region_code": "76",
    "postal_code": "34080"
  },
  {
    "name": "Montpeyroux",
    "code": "34173",
    "epci_code": "243400694",
    "departement_code": "34",
    "region_code": "76",
    "postal_code": "34150"
  },
  {
    "name": "Moulès-et-Baucels",
    "code": "34174",
    "epci_code": "243400736",
    "departement_code": "34",
    "region_code": "76",
    "postal_code": "34190"
  },
  {
    "name": "Mourèze",
    "code": "34175",
    "epci_code": "243400355",
    "departement_code": "34",
    "region_code": "76",
    "postal_code": "34800"
  },
  {
    "name": "Mudaison",
    "code": "34176",
    "epci_code": "243400470",
    "departement_code": "34",
    "region_code": "76",
    "postal_code": "34130"
  },
  {
    "name": "Murles",
    "code": "34177",
    "epci_code": "200022986",
    "departement_code": "34",
    "region_code": "76",
    "postal_code": "34980"
  },
  {
    "name": "Murviel-lès-Béziers",
    "code": "34178",
    "epci_code": "200071058",
    "departement_code": "34",
    "region_code": "76",
    "postal_code": "34490"
  },
  {
    "name": "Murviel-lès-Montpellier",
    "code": "34179",
    "epci_code": "243400017",
    "departement_code": "34",
    "region_code": "76",
    "postal_code": "34570"
  },
  {
    "name": "Nébian",
    "code": "34180",
    "epci_code": "243400355",
    "departement_code": "34",
    "region_code": "76",
    "postal_code": "34800"
  },
  {
    "name": "Neffiès",
    "code": "34181",
    "epci_code": "200071058",
    "departement_code": "34",
    "region_code": "76",
    "postal_code": "34320"
  },
  {
    "name": "Nézignan-l’Évêque",
    "code": "34182",
    "epci_code": "243400819",
    "departement_code": "34",
    "region_code": "76",
    "postal_code": "34120"
  },
  {
    "name": "Nissan-lez-Enserune",
    "code": "34183",
    "epci_code": "243400488",
    "departement_code": "34",
    "region_code": "76",
    "postal_code": "34440"
  },
  {
    "name": "Nizas",
    "code": "34184",
    "epci_code": "243400819",
    "departement_code": "34",
    "region_code": "76",
    "postal_code": "34320"
  },
  {
    "name": "Notre-Dame-de-Londres",
    "code": "34185",
    "epci_code": "200022986",
    "departement_code": "34",
    "region_code": "76",
    "postal_code": "34380"
  },
  {
    "name": "Octon",
    "code": "34186",
    "epci_code": "243400355",
    "departement_code": "34",
    "region_code": "76",
    "postal_code": "34800"
  },
  {
    "name": "Olargues",
    "code": "34187",
    "epci_code": "200066348",
    "departement_code": "34",
    "region_code": "76",
    "postal_code": "34390"
  },
  {
    "name": "Olmet-et-Villecun",
    "code": "34188",
    "epci_code": "200017341",
    "departement_code": "34",
    "region_code": "76",
    "postal_code": "34700"
  },
  {
    "name": "Olonzac",
    "code": "34189",
    "epci_code": "200066348",
    "departement_code": "34",
    "region_code": "76",
    "postal_code": "34210"
  },
  {
    "name": "Oupia",
    "code": "34190",
    "epci_code": "200066348",
    "departement_code": "34",
    "region_code": "76",
    "postal_code": "34210"
  },
  {
    "name": "Pailhès",
    "code": "34191",
    "epci_code": "200071058",
    "departement_code": "34",
    "region_code": "76",
    "postal_code": "34490"
  },
  {
    "name": "Palavas-les-Flots",
    "code": "34192",
    "epci_code": "243400470",
    "departement_code": "34",
    "region_code": "76",
    "postal_code": "34250"
  },
  {
    "name": "Pardailhan",
    "code": "34193",
    "epci_code": "200066348",
    "departement_code": "34",
    "region_code": "76",
    "postal_code": "34360"
  },
  {
    "name": "Paulhan",
    "code": "34194",
    "epci_code": "243400355",
    "departement_code": "34",
    "region_code": "76",
    "postal_code": "34230"
  },
  {
    "name": "Pégairolles-de-Buèges",
    "code": "34195",
    "epci_code": "200022986",
    "departement_code": "34",
    "region_code": "76",
    "postal_code": "34380"
  },
  {
    "name": "Pégairolles-de-l’Escalette",
    "code": "34196",
    "epci_code": "200017341",
    "departement_code": "34",
    "region_code": "76",
    "postal_code": "34700"
  },
  {
    "name": "Péret",
    "code": "34197",
    "epci_code": "243400355",
    "departement_code": "34",
    "region_code": "76",
    "postal_code": "34800"
  },
  {
    "name": "Pérols",
    "code": "34198",
    "epci_code": "243400017",
    "departement_code": "34",
    "region_code": "76",
    "postal_code": "34470"
  },
  {
    "name": "Pézenas",
    "code": "34199",
    "epci_code": "243400819",
    "departement_code": "34",
    "region_code": "76",
    "postal_code": "34120"
  },
  {
    "name": "Pézènes-les-Mines",
    "code": "34200",
    "epci_code": "200042646",
    "departement_code": "34",
    "region_code": "76",
    "postal_code": "34600"
  },
  {
    "name": "Pierrerue",
    "code": "34201",
    "epci_code": "200042653",
    "departement_code": "34",
    "region_code": "76",
    "postal_code": "34360"
  },
  {
    "name": "Pignan",
    "code": "34202",
    "epci_code": "243400017",
    "departement_code": "34",
    "region_code": "76",
    "postal_code": "34570"
  },
  {
    "name": "Pinet",
    "code": "34203",
    "epci_code": "243400819",
    "departement_code": "34",
    "region_code": "76",
    "postal_code": "34850"
  },
  {
    "name": "Plaissan",
    "code": "34204",
    "epci_code": "243400694",
    "departement_code": "34",
    "region_code": "76",
    "postal_code": "34230"
  },
  {
    "name": "Les Plans",
    "code": "34205",
    "epci_code": "200017341",
    "departement_code": "34",
    "region_code": "76",
    "postal_code": "34700"
  },
  {
    "name": "Poilhes",
    "code": "34206",
    "epci_code": "200042653",
    "departement_code": "34",
    "region_code": "76",
    "postal_code": "34310"
  },
  {
    "name": "Pomérols",
    "code": "34207",
    "epci_code": "243400819",
    "departement_code": "34",
    "region_code": "76",
    "postal_code": "34810"
  },
  {
    "name": "Popian",
    "code": "34208",
    "epci_code": "243400694",
    "departement_code": "34",
    "region_code": "76",
    "postal_code": "34230"
  },
  {
    "name": "Portiragnes",
    "code": "34209",
    "epci_code": "243400819",
    "departement_code": "34",
    "region_code": "76",
    "postal_code": "34420"
  },
  {
    "name": "Le Pouget",
    "code": "34210",
    "epci_code": "243400694",
    "departement_code": "34",
    "region_code": "76",
    "postal_code": "34230"
  },
  {
    "name": "Le Poujol-sur-Orb",
    "code": "34211",
    "epci_code": "200042646",
    "departement_code": "34",
    "region_code": "76",
    "postal_code": "34600"
  },
  {
    "name": "Poujols",
    "code": "34212",
    "epci_code": "200017341",
    "departement_code": "34",
    "region_code": "76",
    "postal_code": "34700"
  },
  {
    "name": "Poussan",
    "code": "34213",
    "epci_code": "200066355",
    "departement_code": "34",
    "region_code": "76",
    "postal_code": "34560"
  },
  {
    "name": "Pouzolles",
    "code": "34214",
    "epci_code": "200071058",
    "departement_code": "34",
    "region_code": "76",
    "postal_code": "34480"
  },
  {
    "name": "Pouzols",
    "code": "34215",
    "epci_code": "243400694",
    "departement_code": "34",
    "region_code": "76",
    "postal_code": "34230"
  },
  {
    "name": "Le Pradal",
    "code": "34216",
    "epci_code": "200042646",
    "departement_code": "34",
    "region_code": "76",
    "postal_code": "34600"
  },
  {
    "name": "Prades-le-Lez",
    "code": "34217",
    "epci_code": "243400017",
    "departement_code": "34",
    "region_code": "76",
    "postal_code": "34730"
  },
  {
    "name": "Prades-sur-Vernazobre",
    "code": "34218",
    "epci_code": "200042653",
    "departement_code": "34",
    "region_code": "76",
    "postal_code": "34360"
  },
  {
    "name": "Prémian",
    "code": "34219",
    "epci_code": "200066348",
    "departement_code": "34",
    "region_code": "76",
    "postal_code": "34390"
  },
  {
    "name": "Le Puech",
    "code": "34220",
    "epci_code": "200017341",
    "departement_code": "34",
    "region_code": "76",
    "postal_code": "34700"
  },
  {
    "name": "Puéchabon",
    "code": "34221",
    "epci_code": "243400694",
    "departement_code": "34",
    "region_code": "76",
    "postal_code": "34150"
  },
  {
    "name": "Puilacher",
    "code": "34222",
    "epci_code": "243400694",
    "departement_code": "34",
    "region_code": "76",
    "postal_code": "34230"
  },
  {
    "name": "Puimisson",
    "code": "34223",
    "epci_code": "200071058",
    "departement_code": "34",
    "region_code": "76",
    "postal_code": "34480"
  },
  {
    "name": "Puissalicon",
    "code": "34224",
    "epci_code": "200071058",
    "departement_code": "34",
    "region_code": "76",
    "postal_code": "34480"
  },
  {
    "name": "Puisserguier",
    "code": "34225",
    "epci_code": "200042653",
    "departement_code": "34",
    "region_code": "76",
    "postal_code": "34620"
  },
  {
    "name": "Quarante",
    "code": "34226",
    "epci_code": "200042653",
    "departement_code": "34",
    "region_code": "76",
    "postal_code": "34310"
  },
  {
    "name": "Restinclières",
    "code": "34227",
    "epci_code": "243400017",
    "departement_code": "34",
    "region_code": "76",
    "postal_code": "34160"
  },
  {
    "name": "Rieussec",
    "code": "34228",
    "epci_code": "200066348",
    "departement_code": "34",
    "region_code": "76",
    "postal_code": "34220"
  },
  {
    "name": "Riols",
    "code": "34229",
    "epci_code": "200066348",
    "departement_code": "34",
    "region_code": "76",
    "postal_code": "34220"
  },
  {
    "name": "Les Rives",
    "code": "34230",
    "epci_code": "200017341",
    "departement_code": "34",
    "region_code": "76",
    "postal_code": "34520"
  },
  {
    "name": "Romiguières",
    "code": "34231",
    "epci_code": "200017341",
    "departement_code": "34",
    "region_code": "76",
    "postal_code": "34650"
  },
  {
    "name": "Roquebrun",
    "code": "34232",
    "epci_code": "200066348",
    "departement_code": "34",
    "region_code": "76",
    "postal_code": "34460"
  },
  {
    "name": "Roqueredonde",
    "code": "34233",
    "epci_code": "200017341",
    "departement_code": "34",
    "region_code": "76",
    "postal_code": "34650"
  },
  {
    "name": "Roquessels",
    "code": "34234",
    "epci_code": "200071058",
    "departement_code": "34",
    "region_code": "76",
    "postal_code": "34320"
  },
  {
    "name": "Rosis",
    "code": "34235",
    "epci_code": "200066553",
    "departement_code": "34",
    "region_code": "76",
    "postal_code": "34610"
  },
  {
    "name": "Rouet",
    "code": "34236",
    "epci_code": "200022986",
    "departement_code": "34",
    "region_code": "76",
    "postal_code": "34380"
  },
  {
    "name": "Roujan",
    "code": "34237",
    "epci_code": "200071058",
    "departement_code": "34",
    "region_code": "76",
    "postal_code": "34320"
  },
  {
    "name": "Saint-André-de-Buèges",
    "code": "34238",
    "epci_code": "200022986",
    "departement_code": "34",
    "region_code": "76",
    "postal_code": "34190"
  },
  {
    "name": "Saint-André-de-Sangonis",
    "code": "34239",
    "epci_code": "243400694",
    "departement_code": "34",
    "region_code": "76",
    "postal_code": "34725"
  },
  {
    "name": "Saint-Aunès",
    "code": "34240",
    "epci_code": "243400470",
    "departement_code": "34",
    "region_code": "76",
    "postal_code": "34130"
  },
  {
    "name": "Saint-Bauzille-de-la-Sylve",
    "code": "34241",
    "epci_code": "243400694",
    "departement_code": "34",
    "region_code": "76",
    "postal_code": "34230"
  },
  {
    "name": "Saint-Bauzille-de-Montmel",
    "code": "34242",
    "epci_code": "200022986",
    "departement_code": "34",
    "region_code": "76",
    "postal_code": "34160"
  },
  {
    "name": "Saint-Bauzille-de-Putois",
    "code": "34243",
    "epci_code": "243400736",
    "departement_code": "34",
    "region_code": "76",
    "postal_code": "34190"
  },
  {
    "name": "Saint-Brès",
    "code": "34244",
    "epci_code": "243400017",
    "departement_code": "34",
    "region_code": "76",
    "postal_code": "34670"
  },
  {
    "name": "Saint-Chinian",
    "code": "34245",
    "epci_code": "200042653",
    "departement_code": "34",
    "region_code": "76",
    "postal_code": "34360"
  },
  {
    "name": "Entre-Vignes",
    "code": "34246",
    "epci_code": "243400520",
    "departement_code": "34",
    "region_code": "76",
    "postal_code": "34400"
  },
  {
    "name": "Saint-Clément-de-Rivière",
    "code": "34247",
    "epci_code": "200022986",
    "departement_code": "34",
    "region_code": "76",
    "postal_code": "34980"
  },
  {
    "name": "Sainte-Croix-de-Quintillargues",
    "code": "34248",
    "epci_code": "200022986",
    "departement_code": "34",
    "region_code": "76",
    "postal_code": "34270"
  },
  {
    "name": "Saint-Drézéry",
    "code": "34249",
    "epci_code": "243400017",
    "departement_code": "34",
    "region_code": "76",
    "postal_code": "34160"
  },
  {
    "name": "Saint-Étienne-d’Albagnan",
    "code": "34250",
    "epci_code": "200066348",
    "departement_code": "34",
    "region_code": "76",
    "postal_code": "34390"
  },
  {
    "name": "Saint-Étienne-de-Gourgas",
    "code": "34251",
    "epci_code": "200017341",
    "departement_code": "34",
    "region_code": "76",
    "postal_code": "34700"
  },
  {
    "name": "Saint-Étienne-Estréchoux",
    "code": "34252",
    "epci_code": "200042646",
    "departement_code": "34",
    "region_code": "76",
    "postal_code": "34260"
  },
  {
    "name": "Saint-Félix-de-l’Héras",
    "code": "34253",
    "epci_code": "200017341",
    "departement_code": "34",
    "region_code": "76",
    "postal_code": "34520"
  },
  {
    "name": "Saint-Félix-de-Lodez",
    "code": "34254",
    "epci_code": "243400355",
    "departement_code": "34",
    "region_code": "76",
    "postal_code": "34725"
  },
  {
    "name": "Saint-Gély-du-Fesc",
    "code": "34255",
    "epci_code": "200022986",
    "departement_code": "34",
    "region_code": "76",
    "postal_code": "34980"
  },
  {
    "name": "Saint-Geniès-des-Mourgues",
    "code": "34256",
    "epci_code": "243400017",
    "departement_code": "34",
    "region_code": "76",
    "postal_code": "34160"
  },
  {
    "name": "Saint-Geniès-de-Varensal",
    "code": "34257",
    "epci_code": "200042646",
    "departement_code": "34",
    "region_code": "76",
    "postal_code": "34610"
  },
  {
    "name": "Saint-Geniès-de-Fontedit",
    "code": "34258",
    "epci_code": "200071058",
    "departement_code": "34",
    "region_code": "76",
    "postal_code": "34480"
  },
  {
    "name": "Saint-Georges-d’Orques",
    "code": "34259",
    "epci_code": "243400017",
    "departement_code": "34",
    "region_code": "76",
    "postal_code": "34680"
  },
  {
    "name": "Saint-Gervais-sur-Mare",
    "code": "34260",
    "epci_code": "200042646",
    "departement_code": "34",
    "region_code": "76",
    "postal_code": "34610"
  },
  {
    "name": "Saint-Guilhem-le-Désert",
    "code": "34261",
    "epci_code": "243400694",
    "departement_code": "34",
    "region_code": "76",
    "postal_code": "34150"
  },
  {
    "name": "Saint-Guiraud",
    "code": "34262",
    "epci_code": "243400694",
    "departement_code": "34",
    "region_code": "76",
    "postal_code": "34725"
  },
  {
    "name": "Saint-Hilaire-de-Beauvoir",
    "code": "34263",
    "epci_code": "200022986",
    "departement_code": "34",
    "region_code": "76",
    "postal_code": "34160"
  },
  {
    "name": "Saint-Jean-de-Buèges",
    "code": "34264",
    "epci_code": "200022986",
    "departement_code": "34",
    "region_code": "76",
    "postal_code": "34380"
  },
  {
    "name": "Saint-Jean-de-Cornies",
    "code": "34265",
    "epci_code": "200022986",
    "departement_code": "34",
    "region_code": "76",
    "postal_code": "34160"
  },
  {
    "name": "Saint-Jean-de-Cuculles",
    "code": "34266",
    "epci_code": "200022986",
    "departement_code": "34",
    "region_code": "76",
    "postal_code": "34270"
  },
  {
    "name": "Saint-Jean-de-Fos",
    "code": "34267",
    "epci_code": "243400694",
    "departement_code": "34",
    "region_code": "76",
    "postal_code": "34150"
  },
  {
    "name": "Saint-Jean-de-la-Blaquière",
    "code": "34268",
    "epci_code": "200017341",
    "departement_code": "34",
    "region_code": "76",
    "postal_code": "34700"
  },
  {
    "name": "Saint-Jean-de-Minervois",
    "code": "34269",
    "epci_code": "200066348",
    "departement_code": "34",
    "region_code": "76",
    "postal_code": "34360"
  },
  {
    "name": "Saint-Jean-de-Védas",
    "code": "34270",
    "epci_code": "243400017",
    "departement_code": "34",
    "region_code": "76",
    "postal_code": "34430"
  },
  {
    "name": "Saint-Julien",
    "code": "34271",
    "epci_code": "200066348",
    "departement_code": "34",
    "region_code": "76",
    "postal_code": "34390"
  },
  {
    "name": "Saint-Just",
    "code": "34272",
    "epci_code": "243400520",
    "departement_code": "34",
    "region_code": "76",
    "postal_code": "34400"
  },
  {
    "name": "Saint-Martin-de-l’Arçon",
    "code": "34273",
    "epci_code": "200066348",
    "departement_code": "34",
    "region_code": "76",
    "postal_code": "34390"
  },
  {
    "name": "Saint-Martin-de-Londres",
    "code": "34274",
    "epci_code": "200022986",
    "departement_code": "34",
    "region_code": "76",
    "postal_code": "34380"
  },
  {
    "name": "Saint-Mathieu-de-Tréviers",
    "code": "34276",
    "epci_code": "200022986",
    "departement_code": "34",
    "region_code": "76",
    "postal_code": "34270"
  },
  {
    "name": "Saint-Maurice-Navacelles",
    "code": "34277",
    "epci_code": "200017341",
    "departement_code": "34",
    "region_code": "76",
    "postal_code": "34190"
  },
  {
    "name": "Saint-Maurice-Navacelles",
    "code": "34277",
    "epci_code": "200017341",
    "departement_code": "34",
    "region_code": "76",
    "postal_code": "34520"
  },
  {
    "name": "Saint-Michel",
    "code": "34278",
    "epci_code": "200017341",
    "departement_code": "34",
    "region_code": "76",
    "postal_code": "34520"
  },
  {
    "name": "Saint-Nazaire-de-Ladarez",
    "code": "34279",
    "epci_code": "200071058",
    "departement_code": "34",
    "region_code": "76",
    "postal_code": "34490"
  },
  {
    "name": "Saint-Nazaire-de-Pézan",
    "code": "34280",
    "epci_code": "243400520",
    "departement_code": "34",
    "region_code": "76",
    "postal_code": "34400"
  },
  {
    "name": "Saint-Pargoire",
    "code": "34281",
    "epci_code": "243400694",
    "departement_code": "34",
    "region_code": "76",
    "postal_code": "34230"
  },
  {
    "name": "Saint-Paul-et-Valmalle",
    "code": "34282",
    "epci_code": "243400694",
    "departement_code": "34",
    "region_code": "76",
    "postal_code": "34570"
  },
  {
    "name": "Saint-Pierre-de-la-Fage",
    "code": "34283",
    "epci_code": "200017341",
    "departement_code": "34",
    "region_code": "76",
    "postal_code": "34520"
  },
  {
    "name": "Saint-Pons-de-Thomières",
    "code": "34284",
    "epci_code": "200066348",
    "departement_code": "34",
    "region_code": "76",
    "postal_code": "34220"
  },
  {
    "name": "Saint-Pons-de-Mauchiens",
    "code": "34285",
    "epci_code": "243400819",
    "departement_code": "34",
    "region_code": "76",
    "postal_code": "34230"
  },
  {
    "name": "Saint-Privat",
    "code": "34286",
    "epci_code": "200017341",
    "departement_code": "34",
    "region_code": "76",
    "postal_code": "34700"
  },
  {
    "name": "Saint-Saturnin-de-Lucian",
    "code": "34287",
    "epci_code": "243400694",
    "departement_code": "34",
    "region_code": "76",
    "postal_code": "34725"
  },
  {
    "name": "Saint-Sériès",
    "code": "34288",
    "epci_code": "243400520",
    "departement_code": "34",
    "region_code": "76",
    "postal_code": "34400"
  },
  {
    "name": "Saint-Thibéry",
    "code": "34289",
    "epci_code": "243400819",
    "departement_code": "34",
    "region_code": "76",
    "postal_code": "34630"
  },
  {
    "name": "Saint-Vincent-de-Barbeyrargues",
    "code": "34290",
    "epci_code": "200022986",
    "departement_code": "34",
    "region_code": "76",
    "postal_code": "34730"
  },
  {
    "name": "Saint-Vincent-d’Olargues",
    "code": "34291",
    "epci_code": "200066348",
    "departement_code": "34",
    "region_code": "76",
    "postal_code": "34390"
  },
  {
    "name": "Salasc",
    "code": "34292",
    "epci_code": "243400355",
    "departement_code": "34",
    "region_code": "76",
    "postal_code": "34800"
  },
  {
    "name": "La Salvetat-sur-Agout",
    "code": "34293",
    "epci_code": "200066553",
    "departement_code": "34",
    "region_code": "76",
    "postal_code": "34330"
  },
  {
    "name": "Saturargues",
    "code": "34294",
    "epci_code": "243400520",
    "departement_code": "34",
    "region_code": "76",
    "postal_code": "34400"
  },
  {
    "name": "Saussan",
    "code": "34295",
    "epci_code": "243400017",
    "departement_code": "34",
    "region_code": "76",
    "postal_code": "34570"
  },
  {
    "name": "Saussines",
    "code": "34296",
    "epci_code": "243400520",
    "departement_code": "34",
    "region_code": "76",
    "postal_code": "34160"
  },
  {
    "name": "Sauteyrargues",
    "code": "34297",
    "epci_code": "200022986",
    "departement_code": "34",
    "region_code": "76",
    "postal_code": "34270"
  },
  {
    "name": "Sauvian",
    "code": "34298",
    "epci_code": "243400769",
    "departement_code": "34",
    "region_code": "76",
    "postal_code": "34410"
  },
  {
    "name": "Sérignan",
    "code": "34299",
    "epci_code": "243400769",
    "departement_code": "34",
    "region_code": "76",
    "postal_code": "34410"
  },
  {
    "name": "Servian",
    "code": "34300",
    "epci_code": "243400769",
    "departement_code": "34",
    "region_code": "76",
    "postal_code": "34290"
  },
  {
    "name": "Sète",
    "code": "34301",
    "epci_code": "200066355",
    "departement_code": "34",
    "region_code": "76",
    "postal_code": "34200"
  },
  {
    "name": "Siran",
    "code": "34302",
    "epci_code": "200066348",
    "departement_code": "34",
    "region_code": "76",
    "postal_code": "34210"
  },
  {
    "name": "Sorbs",
    "code": "34303",
    "epci_code": "200017341",
    "departement_code": "34",
    "region_code": "76",
    "postal_code": "34520"
  },
  {
    "name": "Soubès",
    "code": "34304",
    "epci_code": "200017341",
    "departement_code": "34",
    "region_code": "76",
    "postal_code": "34700"
  },
  {
    "name": "Le Soulié",
    "code": "34305",
    "epci_code": "200066553",
    "departement_code": "34",
    "region_code": "76",
    "postal_code": "34330"
  },
  {
    "name": "Soumont",
    "code": "34306",
    "epci_code": "200017341",
    "departement_code": "34",
    "region_code": "76",
    "postal_code": "34700"
  },
  {
    "name": "Sussargues",
    "code": "34307",
    "epci_code": "243400017",
    "departement_code": "34",
    "region_code": "76",
    "postal_code": "34160"
  },
  {
    "name": "Taussac-la-Billière",
    "code": "34308",
    "epci_code": "200042646",
    "departement_code": "34",
    "region_code": "76",
    "postal_code": "34600"
  },
  {
    "name": "Teyran",
    "code": "34309",
    "epci_code": "200022986",
    "departement_code": "34",
    "region_code": "76",
    "postal_code": "34820"
  },
  {
    "name": "Thézan-lès-Béziers",
    "code": "34310",
    "epci_code": "200071058",
    "departement_code": "34",
    "region_code": "76",
    "postal_code": "34490"
  },
  {
    "name": "Tourbes",
    "code": "34311",
    "epci_code": "243400819",
    "departement_code": "34",
    "region_code": "76",
    "postal_code": "34120"
  },
  {
    "name": "La Tour-sur-Orb",
    "code": "34312",
    "epci_code": "200042646",
    "departement_code": "34",
    "region_code": "76",
    "postal_code": "34260"
  },
  {
    "name": "Tressan",
    "code": "34313",
    "epci_code": "243400694",
    "departement_code": "34",
    "region_code": "76",
    "postal_code": "34230"
  },
  {
    "name": "Le Triadou",
    "code": "34314",
    "epci_code": "200022986",
    "departement_code": "34",
    "region_code": "76",
    "postal_code": "34270"
  },
  {
    "name": "Usclas-d’Hérault",
    "code": "34315",
    "epci_code": "243400355",
    "departement_code": "34",
    "region_code": "76",
    "postal_code": "34230"
  },
  {
    "name": "Usclas-du-Bosc",
    "code": "34316",
    "epci_code": "200017341",
    "departement_code": "34",
    "region_code": "76",
    "postal_code": "34700"
  },
  {
    "name": "La Vacquerie-et-Saint-Martin-de-Castries",
    "code": "34317",
    "epci_code": "200017341",
    "departement_code": "34",
    "region_code": "76",
    "postal_code": "34520"
  },
  {
    "name": "Vacquières",
    "code": "34318",
    "epci_code": "200022986",
    "departement_code": "34",
    "region_code": "76",
    "postal_code": "34270"
  },
  {
    "name": "Vailhan",
    "code": "34319",
    "epci_code": "200071058",
    "departement_code": "34",
    "region_code": "76",
    "postal_code": "34320"
  },
  {
    "name": "Vailhauquès",
    "code": "34320",
    "epci_code": "200022986",
    "departement_code": "34",
    "region_code": "76",
    "postal_code": "34570"
  },
  {
    "name": "Valergues",
    "code": "34321",
    "epci_code": "243400470",
    "departement_code": "34",
    "region_code": "76",
    "postal_code": "34130"
  },
  {
    "name": "Valflaunès",
    "code": "34322",
    "epci_code": "200022986",
    "departement_code": "34",
    "region_code": "76",
    "postal_code": "34270"
  },
  {
    "name": "Valmascle",
    "code": "34323",
    "epci_code": "243400355",
    "departement_code": "34",
    "region_code": "76",
    "postal_code": "34800"
  },
  {
    "name": "Valras-Plage",
    "code": "34324",
    "epci_code": "243400769",
    "departement_code": "34",
    "region_code": "76",
    "postal_code": "34350"
  },
  {
    "name": "Valros",
    "code": "34325",
    "epci_code": "243400769",
    "departement_code": "34",
    "region_code": "76",
    "postal_code": "34290"
  },
  {
    "name": "Vélieux",
    "code": "34326",
    "epci_code": "200066348",
    "departement_code": "34",
    "region_code": "76",
    "postal_code": "34220"
  },
  {
    "name": "Vendargues",
    "code": "34327",
    "epci_code": "243400017",
    "departement_code": "34",
    "region_code": "76",
    "postal_code": "34740"
  },
  {
    "name": "Vendémian",
    "code": "34328",
    "epci_code": "243400694",
    "departement_code": "34",
    "region_code": "76",
    "postal_code": "34230"
  },
  {
    "name": "Vendres",
    "code": "34329",
    "epci_code": "243400488",
    "departement_code": "34",
    "region_code": "76",
    "postal_code": "34350"
  },
  {
    "name": "Verreries-de-Moussans",
    "code": "34331",
    "epci_code": "200066348",
    "departement_code": "34",
    "region_code": "76",
    "postal_code": "34220"
  },
  {
    "name": "Vias",
    "code": "34332",
    "epci_code": "243400819",
    "departement_code": "34",
    "region_code": "76",
    "postal_code": "34450"
  },
  {
    "name": "Vic-la-Gardiole",
    "code": "34333",
    "epci_code": "200066355",
    "departement_code": "34",
    "region_code": "76",
    "postal_code": "34110"
  },
  {
    "name": "Vieussan",
    "code": "34334",
    "epci_code": "200066348",
    "departement_code": "34",
    "region_code": "76",
    "postal_code": "34390"
  },
  {
    "name": "Villemagne-l’Argentière",
    "code": "34335",
    "epci_code": "200042646",
    "departement_code": "34",
    "region_code": "76",
    "postal_code": "34600"
  },
  {
    "name": "Villeneuve-lès-Béziers",
    "code": "34336",
    "epci_code": "243400769",
    "departement_code": "34",
    "region_code": "76",
    "postal_code": "34420"
  },
  {
    "name": "Villeneuve-lès-Béziers",
    "code": "34336",
    "epci_code": "243400769",
    "departement_code": "34",
    "region_code": "76",
    "postal_code": "34500"
  },
  {
    "name": "Villeneuve-lès-Maguelone",
    "code": "34337",
    "epci_code": "243400017",
    "departement_code": "34",
    "region_code": "76",
    "postal_code": "34750"
  },
  {
    "name": "Villeneuvette",
    "code": "34338",
    "epci_code": "243400355",
    "departement_code": "34",
    "region_code": "76",
    "postal_code": "34800"
  },
  {
    "name": "Villespassans",
    "code": "34339",
    "epci_code": "200042653",
    "departement_code": "34",
    "region_code": "76",
    "postal_code": "34360"
  },
  {
    "name": "Villetelle",
    "code": "34340",
    "epci_code": "243400520",
    "departement_code": "34",
    "region_code": "76",
    "postal_code": "34400"
  },
  {
    "name": "Villeveyrac",
    "code": "34341",
    "epci_code": "200066355",
    "departement_code": "34",
    "region_code": "76",
    "postal_code": "34560"
  },
  {
    "name": "Viols-en-Laval",
    "code": "34342",
    "epci_code": "200022986",
    "departement_code": "34",
    "region_code": "76",
    "postal_code": "34380"
  },
  {
    "name": "Viols-le-Fort",
    "code": "34343",
    "epci_code": "200022986",
    "departement_code": "34",
    "region_code": "76",
    "postal_code": "34380"
  },
  {
    "name": "La Grande-Motte",
    "code": "34344",
    "epci_code": "243400470",
    "departement_code": "34",
    "region_code": "76",
    "postal_code": "34280"
  }
]