[
  {
    "name": "Achères-la-Forêt",
    "code": "77001",
    "epci_code": "200072346",
    "departement_code": "77",
    "region_code": "11",
    "postal_code": "77760"
  },
  {
    "name": "Amillis",
    "code": "77002",
    "epci_code": "200090504",
    "departement_code": "77",
    "region_code": "11",
    "postal_code": "77120"
  },
  {
    "name": "Amponville",
    "code": "77003",
    "epci_code": "200023240",
    "departement_code": "77",
    "region_code": "11",
    "postal_code": "77760"
  },
  {
    "name": "Andrezel",
    "code": "77004",
    "epci_code": "200070779",
    "departement_code": "77",
    "region_code": "11",
    "postal_code": "77390"
  },
  {
    "name": "Annet-sur-Marne",
    "code": "77005",
    "epci_code": "200033090",
    "departement_code": "77",
    "region_code": "11",
    "postal_code": "77410"
  },
  {
    "name": "Arbonne-la-Forêt",
    "code": "77006",
    "epci_code": "200072346",
    "departement_code": "77",
    "region_code": "11",
    "postal_code": "77630"
  },
  {
    "name": "Argentières",
    "code": "77007",
    "epci_code": "200070779",
    "departement_code": "77",
    "region_code": "11",
    "postal_code": "77390"
  },
  {
    "name": "Armentières-en-Brie",
    "code": "77008",
    "epci_code": "247700065",
    "departement_code": "77",
    "region_code": "11",
    "postal_code": "77440"
  },
  {
    "name": "Arville",
    "code": "77009",
    "epci_code": "200023919",
    "departement_code": "77",
    "region_code": "11",
    "postal_code": "77890"
  },
  {
    "name": "Aubepierre-Ozouer-le-Repos",
    "code": "77010",
    "epci_code": "247700701",
    "departement_code": "77",
    "region_code": "11",
    "postal_code": "77720"
  },
  {
    "name": "Aufferville",
    "code": "77011",
    "epci_code": "200023919",
    "departement_code": "77",
    "region_code": "11",
    "postal_code": "77570"
  },
  {
    "name": "Augers-en-Brie",
    "code": "77012",
    "epci_code": "200037133",
    "departement_code": "77",
    "region_code": "11",
    "postal_code": "77560"
  },
  {
    "name": "Aulnoy",
    "code": "77013",
    "epci_code": "200090504",
    "departement_code": "77",
    "region_code": "11",
    "postal_code": "77120"
  },
  {
    "name": "Avon",
    "code": "77014",
    "epci_code": "200072346",
    "departement_code": "77",
    "region_code": "11",
    "postal_code": "77210"
  },
  {
    "name": "Baby",
    "code": "77015",
    "epci_code": "200040251",
    "departement_code": "77",
    "region_code": "11",
    "postal_code": "77480"
  },
  {
    "name": "Bagneaux-sur-Loing",
    "code": "77016",
    "epci_code": "200023240",
    "departement_code": "77",
    "region_code": "11",
    "postal_code": "77167"
  },
  {
    "name": "Bailly-Romainvilliers",
    "code": "77018",
    "epci_code": "247700339",
    "departement_code": "77",
    "region_code": "11",
    "postal_code": "77700"
  },
  {
    "name": "Balloy",
    "code": "77019",
    "epci_code": "200040251",
    "departement_code": "77",
    "region_code": "11",
    "postal_code": "77118"
  },
  {
    "name": "Bannost-Villegagnon",
    "code": "77020",
    "epci_code": "200037133",
    "departement_code": "77",
    "region_code": "11",
    "postal_code": "77970"
  },
  {
    "name": "Barbey",
    "code": "77021",
    "epci_code": "247700107",
    "departement_code": "77",
    "region_code": "11",
    "postal_code": "77130"
  },
  {
    "name": "Barbizon",
    "code": "77022",
    "epci_code": "200072346",
    "departement_code": "77",
    "region_code": "11",
    "postal_code": "77630"
  },
  {
    "name": "Barcy",
    "code": "77023",
    "epci_code": "200072130",
    "departement_code": "77",
    "region_code": "11",
    "postal_code": "77910"
  },
  {
    "name": "Bassevelle",
    "code": "77024",
    "epci_code": "200090504",
    "departement_code": "77",
    "region_code": "11",
    "postal_code": "77750"
  },
  {
    "name": "Bazoches-lès-Bray",
    "code": "77025",
    "epci_code": "200040251",
    "departement_code": "77",
    "region_code": "11",
    "postal_code": "77118"
  },
  {
    "name": "Beauchery-Saint-Martin",
    "code": "77026",
    "epci_code": "200037133",
    "departement_code": "77",
    "region_code": "11",
    "postal_code": "77560"
  },
  {
    "name": "Beaumont-du-Gâtinais",
    "code": "77027",
    "epci_code": "200023919",
    "departement_code": "77",
    "region_code": "11",
    "postal_code": "77890"
  },
  {
    "name": "Beauvoir",
    "code": "77029",
    "epci_code": "200070779",
    "departement_code": "77",
    "region_code": "11",
    "postal_code": "77390"
  },
  {
    "name": "Bellot",
    "code": "77030",
    "epci_code": "200072544",
    "departement_code": "77",
    "region_code": "11",
    "postal_code": "77510"
  },
  {
    "name": "Bernay-Vilbert",
    "code": "77031",
    "epci_code": "200072874",
    "departement_code": "77",
    "region_code": "11",
    "postal_code": "77540"
  },
  {
    "name": "Beton-Bazoches",
    "code": "77032",
    "epci_code": "200037133",
    "departement_code": "77",
    "region_code": "11",
    "postal_code": "77320"
  },
  {
    "name": "Bezalles",
    "code": "77033",
    "epci_code": "200037133",
    "departement_code": "77",
    "region_code": "11",
    "postal_code": "77970"
  },
  {
    "name": "Blandy",
    "code": "77034",
    "epci_code": "200070779",
    "departement_code": "77",
    "region_code": "11",
    "postal_code": "77115"
  },
  {
    "name": "Blennes",
    "code": "77035",
    "epci_code": "247700107",
    "departement_code": "77",
    "region_code": "11",
    "postal_code": "77940"
  },
  {
    "name": "Boisdon",
    "code": "77036",
    "epci_code": "200037133",
    "departement_code": "77",
    "region_code": "11",
    "postal_code": "77970"
  },
  {
    "name": "Bois-le-Roi",
    "code": "77037",
    "epci_code": "200072346",
    "departement_code": "77",
    "region_code": "11",
    "postal_code": "77590"
  },
  {
    "name": "Boissettes",
    "code": "77038",
    "epci_code": "247700057",
    "departement_code": "77",
    "region_code": "11",
    "postal_code": "77350"
  },
  {
    "name": "Boissise-la-Bertrand",
    "code": "77039",
    "epci_code": "247700057",
    "departement_code": "77",
    "region_code": "11",
    "postal_code": "77350"
  },
  {
    "name": "Boissise-le-Roi",
    "code": "77040",
    "epci_code": "247700057",
    "departement_code": "77",
    "region_code": "11",
    "postal_code": "77310"
  },
  {
    "name": "Boissy-aux-Cailles",
    "code": "77041",
    "epci_code": "200072346",
    "departement_code": "77",
    "region_code": "11",
    "postal_code": "77760"
  },
  {
    "name": "Boissy-le-Châtel",
    "code": "77042",
    "epci_code": "200090504",
    "departement_code": "77",
    "region_code": "11",
    "postal_code": "77169"
  },
  {
    "name": "Boitron",
    "code": "77043",
    "epci_code": "200072544",
    "departement_code": "77",
    "region_code": "11",
    "postal_code": "77750"
  },
  {
    "name": "Bombon",
    "code": "77044",
    "epci_code": "200070779",
    "departement_code": "77",
    "region_code": "11",
    "postal_code": "77720"
  },
  {
    "name": "Bougligny",
    "code": "77045",
    "epci_code": "200023919",
    "departement_code": "77",
    "region_code": "11",
    "postal_code": "77570"
  },
  {
    "name": "Boulancourt",
    "code": "77046",
    "epci_code": "200023240",
    "departement_code": "77",
    "region_code": "11",
    "postal_code": "77760"
  },
  {
    "name": "Bouleurs",
    "code": "77047",
    "epci_code": "200090504",
    "departement_code": "77",
    "region_code": "11",
    "postal_code": "77580"
  },
  {
    "name": "Bourron-Marlotte",
    "code": "77048",
    "epci_code": "200072346",
    "departement_code": "77",
    "region_code": "11",
    "postal_code": "77780"
  },
  {
    "name": "Boutigny",
    "code": "77049",
    "epci_code": "200072130",
    "departement_code": "77",
    "region_code": "11",
    "postal_code": "77470"
  },
  {
    "name": "Bransles",
    "code": "77050",
    "epci_code": "200023919",
    "departement_code": "77",
    "region_code": "11",
    "postal_code": "77620"
  },
  {
    "name": "Bray-sur-Seine",
    "code": "77051",
    "epci_code": "200040251",
    "departement_code": "77",
    "region_code": "11",
    "postal_code": "77480"
  },
  {
    "name": "Bréau",
    "code": "77052",
    "epci_code": "247700701",
    "departement_code": "77",
    "region_code": "11",
    "postal_code": "77720"
  },
  {
    "name": "Brie-Comte-Robert",
    "code": "77053",
    "epci_code": "247700644",
    "departement_code": "77",
    "region_code": "11",
    "postal_code": "77170"
  },
  {
    "name": "La Brosse-Montceaux",
    "code": "77054",
    "epci_code": "247700107",
    "departement_code": "77",
    "region_code": "11",
    "postal_code": "77940"
  },
  {
    "name": "Brou-sur-Chantereine",
    "code": "77055",
    "epci_code": "200057958",
    "departement_code": "77",
    "region_code": "11",
    "postal_code": "77177"
  },
  {
    "name": "Burcy",
    "code": "77056",
    "epci_code": "200023240",
    "departement_code": "77",
    "region_code": "11",
    "postal_code": "77760"
  },
  {
    "name": "Bussières",
    "code": "77057",
    "epci_code": "200090504",
    "departement_code": "77",
    "region_code": "11",
    "postal_code": "77750"
  },
  {
    "name": "Bussy-Saint-Georges",
    "code": "77058",
    "epci_code": "247700594",
    "departement_code": "77",
    "region_code": "11",
    "postal_code": "77600"
  },
  {
    "name": "Bussy-Saint-Martin",
    "code": "77059",
    "epci_code": "247700594",
    "departement_code": "77",
    "region_code": "11",
    "postal_code": "77600"
  },
  {
    "name": "Buthiers",
    "code": "77060",
    "epci_code": "200023240",
    "departement_code": "77",
    "region_code": "11",
    "postal_code": "77760"
  },
  {
    "name": "Cannes-Écluse",
    "code": "77061",
    "epci_code": "247700107",
    "departement_code": "77",
    "region_code": "11",
    "postal_code": "77130"
  },
  {
    "name": "Carnetin",
    "code": "77062",
    "epci_code": "247700594",
    "departement_code": "77",
    "region_code": "11",
    "postal_code": "77400"
  },
  {
    "name": "La Celle-sur-Morin",
    "code": "77063",
    "epci_code": "200090504",
    "departement_code": "77",
    "region_code": "11",
    "postal_code": "77515"
  },
  {
    "name": "Cély",
    "code": "77065",
    "epci_code": "200072346",
    "departement_code": "77",
    "region_code": "11",
    "postal_code": "77930"
  },
  {
    "name": "Cerneux",
    "code": "77066",
    "epci_code": "200037133",
    "departement_code": "77",
    "region_code": "11",
    "postal_code": "77320"
  },
  {
    "name": "Cesson",
    "code": "77067",
    "epci_code": "200059228",
    "departement_code": "77",
    "region_code": "11",
    "postal_code": "77240"
  },
  {
    "name": "Cessoy-en-Montois",
    "code": "77068",
    "epci_code": "200040251",
    "departement_code": "77",
    "region_code": "11",
    "postal_code": "77520"
  },
  {
    "name": "Chailly-en-Bière",
    "code": "77069",
    "epci_code": "200072346",
    "departement_code": "77",
    "region_code": "11",
    "postal_code": "77930"
  },
  {
    "name": "Chailly-en-Brie",
    "code": "77070",
    "epci_code": "200090504",
    "departement_code": "77",
    "region_code": "11",
    "postal_code": "77120"
  },
  {
    "name": "Chaintreaux",
    "code": "77071",
    "epci_code": "200023919",
    "departement_code": "77",
    "region_code": "11",
    "postal_code": "77460"
  },
  {
    "name": "Chalautre-la-Grande",
    "code": "77072",
    "epci_code": "200037133",
    "departement_code": "77",
    "region_code": "11",
    "postal_code": "77171"
  },
  {
    "name": "Chalautre-la-Petite",
    "code": "77073",
    "epci_code": "200037133",
    "departement_code": "77",
    "region_code": "11",
    "postal_code": "77160"
  },
  {
    "name": "Chalifert",
    "code": "77075",
    "epci_code": "247700594",
    "departement_code": "77",
    "region_code": "11",
    "postal_code": "77144"
  },
  {
    "name": "Chalmaison",
    "code": "77076",
    "epci_code": "200040251",
    "departement_code": "77",
    "region_code": "11",
    "postal_code": "77650"
  },
  {
    "name": "Chambry",
    "code": "77077",
    "epci_code": "200072130",
    "departement_code": "77",
    "region_code": "11",
    "postal_code": "77910"
  },
  {
    "name": "Chamigny",
    "code": "77078",
    "epci_code": "200090504",
    "departement_code": "77",
    "region_code": "11",
    "postal_code": "77260"
  },
  {
    "name": "Champagne-sur-Seine",
    "code": "77079",
    "epci_code": "247700032",
    "departement_code": "77",
    "region_code": "11",
    "postal_code": "77430"
  },
  {
    "name": "Champcenest",
    "code": "77080",
    "epci_code": "200037133",
    "departement_code": "77",
    "region_code": "11",
    "postal_code": "77560"
  },
  {
    "name": "Champdeuil",
    "code": "77081",
    "epci_code": "200070779",
    "departement_code": "77",
    "region_code": "11",
    "postal_code": "77390"
  },
  {
    "name": "Champeaux",
    "code": "77082",
    "epci_code": "200070779",
    "departement_code": "77",
    "region_code": "11",
    "postal_code": "77720"
  },
  {
    "name": "Champs-sur-Marne",
    "code": "77083",
    "epci_code": "200057958",
    "departement_code": "77",
    "region_code": "11",
    "postal_code": "77420"
  },
  {
    "name": "Changis-sur-Marne",
    "code": "77084",
    "epci_code": "200090504",
    "departement_code": "77",
    "region_code": "11",
    "postal_code": "77660"
  },
  {
    "name": "Chanteloup-en-Brie",
    "code": "77085",
    "epci_code": "247700594",
    "departement_code": "77",
    "region_code": "11",
    "postal_code": "77600"
  },
  {
    "name": "La Chapelle-Gauthier",
    "code": "77086",
    "epci_code": "247700701",
    "departement_code": "77",
    "region_code": "11",
    "postal_code": "77720"
  },
  {
    "name": "La Chapelle-Iger",
    "code": "77087",
    "epci_code": "200072874",
    "departement_code": "77",
    "region_code": "11",
    "postal_code": "77540"
  },
  {
    "name": "La Chapelle-la-Reine",
    "code": "77088",
    "epci_code": "200072346",
    "departement_code": "77",
    "region_code": "11",
    "postal_code": "77760"
  },
  {
    "name": "La Chapelle-Rablais",
    "code": "77089",
    "epci_code": "247700701",
    "departement_code": "77",
    "region_code": "11",
    "postal_code": "77370"
  },
  {
    "name": "La Chapelle-Saint-Sulpice",
    "code": "77090",
    "epci_code": "200037133",
    "departement_code": "77",
    "region_code": "11",
    "postal_code": "77160"
  },
  {
    "name": "Les Chapelles-Bourbon",
    "code": "77091",
    "epci_code": "200072874",
    "departement_code": "77",
    "region_code": "11",
    "postal_code": "77610"
  },
  {
    "name": "La Chapelle-Moutils",
    "code": "77093",
    "epci_code": "200072544",
    "departement_code": "77",
    "region_code": "11",
    "postal_code": "77320"
  },
  {
    "name": "Charmentray",
    "code": "77094",
    "epci_code": "200033090",
    "departement_code": "77",
    "region_code": "11",
    "postal_code": "77410"
  },
  {
    "name": "Charny",
    "code": "77095",
    "epci_code": "200033090",
    "departement_code": "77",
    "region_code": "11",
    "postal_code": "77410"
  },
  {
    "name": "Chartrettes",
    "code": "77096",
    "epci_code": "200072346",
    "departement_code": "77",
    "region_code": "11",
    "postal_code": "77590"
  },
  {
    "name": "Chartronges",
    "code": "77097",
    "epci_code": "200072544",
    "departement_code": "77",
    "region_code": "11",
    "postal_code": "77320"
  },
  {
    "name": "Châteaubleau",
    "code": "77098",
    "epci_code": "247700701",
    "departement_code": "77",
    "region_code": "11",
    "postal_code": "77370"
  },
  {
    "name": "Château-Landon",
    "code": "77099",
    "epci_code": "200023919",
    "departement_code": "77",
    "region_code": "11",
    "postal_code": "77570"
  },
  {
    "name": "Le Châtelet-en-Brie",
    "code": "77100",
    "epci_code": "200070779",
    "departement_code": "77",
    "region_code": "11",
    "postal_code": "77820"
  },
  {
    "name": "Châtenay-sur-Seine",
    "code": "77101",
    "epci_code": "200040251",
    "departement_code": "77",
    "region_code": "11",
    "postal_code": "77126"
  },
  {
    "name": "Châtenoy",
    "code": "77102",
    "epci_code": "200023240",
    "departement_code": "77",
    "region_code": "11",
    "postal_code": "77167"
  },
  {
    "name": "Châtillon-la-Borde",
    "code": "77103",
    "epci_code": "200070779",
    "departement_code": "77",
    "region_code": "11",
    "postal_code": "77820"
  },
  {
    "name": "Châtres",
    "code": "77104",
    "epci_code": "200072874",
    "departement_code": "77",
    "region_code": "11",
    "postal_code": "77610"
  },
  {
    "name": "Chauffry",
    "code": "77106",
    "epci_code": "200090504",
    "departement_code": "77",
    "region_code": "11",
    "postal_code": "77169"
  },
  {
    "name": "Chaumes-en-Brie",
    "code": "77107",
    "epci_code": "200070779",
    "departement_code": "77",
    "region_code": "11",
    "postal_code": "77390"
  },
  {
    "name": "Chelles",
    "code": "77108",
    "epci_code": "200057958",
    "departement_code": "77",
    "region_code": "11",
    "postal_code": "77500"
  },
  {
    "name": "Chenoise-Cucharmoy",
    "code": "77109",
    "epci_code": "200037133",
    "departement_code": "77",
    "region_code": "11",
    "postal_code": "77160"
  },
  {
    "name": "Chenou",
    "code": "77110",
    "epci_code": "200023919",
    "departement_code": "77",
    "region_code": "11",
    "postal_code": "77570"
  },
  {
    "name": "Chessy",
    "code": "77111",
    "epci_code": "247700339",
    "departement_code": "77",
    "region_code": "11",
    "postal_code": "77700"
  },
  {
    "name": "Chevrainvilliers",
    "code": "77112",
    "epci_code": "200023240",
    "departement_code": "77",
    "region_code": "11",
    "postal_code": "77760"
  },
  {
    "name": "Chevru",
    "code": "77113",
    "epci_code": "200090504",
    "departement_code": "77",
    "region_code": "11",
    "postal_code": "77320"
  },
  {
    "name": "Chevry-Cossigny",
    "code": "77114",
    "epci_code": "247700644",
    "departement_code": "77",
    "region_code": "11",
    "postal_code": "77173"
  },
  {
    "name": "Chevry-en-Sereine",
    "code": "77115",
    "epci_code": "247700107",
    "departement_code": "77",
    "region_code": "11",
    "postal_code": "77710"
  },
  {
    "name": "Choisy-en-Brie",
    "code": "77116",
    "epci_code": "200072544",
    "departement_code": "77",
    "region_code": "11",
    "postal_code": "77320"
  },
  {
    "name": "Citry",
    "code": "77117",
    "epci_code": "200090504",
    "departement_code": "77",
    "region_code": "11",
    "postal_code": "77730"
  },
  {
    "name": "Claye-Souilly",
    "code": "77118",
    "epci_code": "200055655",
    "departement_code": "77",
    "region_code": "11",
    "postal_code": "77410"
  },
  {
    "name": "Clos-Fontaine",
    "code": "77119",
    "epci_code": "247700701",
    "departement_code": "77",
    "region_code": "11",
    "postal_code": "77370"
  },
  {
    "name": "Cocherel",
    "code": "77120",
    "epci_code": "247700065",
    "departement_code": "77",
    "region_code": "11",
    "postal_code": "77440"
  },
  {
    "name": "Collégien",
    "code": "77121",
    "epci_code": "247700594",
    "departement_code": "77",
    "region_code": "11",
    "postal_code": "77090"
  },
  {
    "name": "Combs-la-Ville",
    "code": "77122",
    "epci_code": "200059228",
    "departement_code": "77",
    "region_code": "11",
    "postal_code": "77380"
  },
  {
    "name": "Compans",
    "code": "77123",
    "epci_code": "200055655",
    "departement_code": "77",
    "region_code": "11",
    "postal_code": "77290"
  },
  {
    "name": "Conches-sur-Gondoire",
    "code": "77124",
    "epci_code": "247700594",
    "departement_code": "77",
    "region_code": "11",
    "postal_code": "77600"
  },
  {
    "name": "Condé-Sainte-Libiaire",
    "code": "77125",
    "epci_code": "200090504",
    "departement_code": "77",
    "region_code": "11",
    "postal_code": "77450"
  },
  {
    "name": "Congis-sur-Thérouanne",
    "code": "77126",
    "epci_code": "247700065",
    "departement_code": "77",
    "region_code": "11",
    "postal_code": "77440"
  },
  {
    "name": "Coubert",
    "code": "77127",
    "epci_code": "200070779",
    "departement_code": "77",
    "region_code": "11",
    "postal_code": "77170"
  },
  {
    "name": "Couilly-Pont-aux-Dames",
    "code": "77128",
    "epci_code": "200090504",
    "departement_code": "77",
    "region_code": "11",
    "postal_code": "77860"
  },
  {
    "name": "Coulombs-en-Valois",
    "code": "77129",
    "epci_code": "247700065",
    "departement_code": "77",
    "region_code": "11",
    "postal_code": "77840"
  },
  {
    "name": "Coulommes",
    "code": "77130",
    "epci_code": "200090504",
    "departement_code": "77",
    "region_code": "11",
    "postal_code": "77580"
  },
  {
    "name": "Coulommiers",
    "code": "77131",
    "epci_code": "200090504",
    "departement_code": "77",
    "region_code": "11",
    "postal_code": "77120"
  },
  {
    "name": "Coupvray",
    "code": "77132",
    "epci_code": "247700339",
    "departement_code": "77",
    "region_code": "11",
    "postal_code": "77700"
  },
  {
    "name": "Courcelles-en-Bassée",
    "code": "77133",
    "epci_code": "247700107",
    "departement_code": "77",
    "region_code": "11",
    "postal_code": "77126"
  },
  {
    "name": "Courchamp",
    "code": "77134",
    "epci_code": "200037133",
    "departement_code": "77",
    "region_code": "11",
    "postal_code": "77560"
  },
  {
    "name": "Courpalay",
    "code": "77135",
    "epci_code": "200072874",
    "departement_code": "77",
    "region_code": "11",
    "postal_code": "77540"
  },
  {
    "name": "Courquetaine",
    "code": "77136",
    "epci_code": "200070779",
    "departement_code": "77",
    "region_code": "11",
    "postal_code": "77390"
  },
  {
    "name": "Courtacon",
    "code": "77137",
    "epci_code": "200037133",
    "departement_code": "77",
    "region_code": "11",
    "postal_code": "77560"
  },
  {
    "name": "Courtomer",
    "code": "77138",
    "epci_code": "200072874",
    "departement_code": "77",
    "region_code": "11",
    "postal_code": "77390"
  },
  {
    "name": "Courtry",
    "code": "77139",
    "epci_code": "200057958",
    "departement_code": "77",
    "region_code": "11",
    "postal_code": "77181"
  },
  {
    "name": "Coutençon",
    "code": "77140",
    "epci_code": "200040251",
    "departement_code": "77",
    "region_code": "11",
    "postal_code": "77154"
  },
  {
    "name": "Coutevroult",
    "code": "77141",
    "epci_code": "200090504",
    "departement_code": "77",
    "region_code": "11",
    "postal_code": "77580"
  },
  {
    "name": "Crécy-la-Chapelle",
    "code": "77142",
    "epci_code": "200090504",
    "departement_code": "77",
    "region_code": "11",
    "postal_code": "77580"
  },
  {
    "name": "Crégy-lès-Meaux",
    "code": "77143",
    "epci_code": "200072130",
    "departement_code": "77",
    "region_code": "11",
    "postal_code": "77124"
  },
  {
    "name": "Crèvecœur-en-Brie",
    "code": "77144",
    "epci_code": "200072874",
    "departement_code": "77",
    "region_code": "11",
    "postal_code": "77610"
  },
  {
    "name": "Crisenoy",
    "code": "77145",
    "epci_code": "200070779",
    "departement_code": "77",
    "region_code": "11",
    "postal_code": "77390"
  },
  {
    "name": "Croissy-Beaubourg",
    "code": "77146",
    "epci_code": "200057958",
    "departement_code": "77",
    "region_code": "11",
    "postal_code": "77183"
  },
  {
    "name": "La Croix-en-Brie",
    "code": "77147",
    "epci_code": "247700701",
    "departement_code": "77",
    "region_code": "11",
    "postal_code": "77370"
  },
  {
    "name": "Crouy-sur-Ourcq",
    "code": "77148",
    "epci_code": "247700065",
    "departement_code": "77",
    "region_code": "11",
    "postal_code": "77840"
  },
  {
    "name": "Cuisy",
    "code": "77150",
    "epci_code": "200033090",
    "departement_code": "77",
    "region_code": "11",
    "postal_code": "77165"
  },
  {
    "name": "Dagny",
    "code": "77151",
    "epci_code": "200090504",
    "departement_code": "77",
    "region_code": "11",
    "postal_code": "77320"
  },
  {
    "name": "Dammarie-les-Lys",
    "code": "77152",
    "epci_code": "247700057",
    "departement_code": "77",
    "region_code": "11",
    "postal_code": "77190"
  },
  {
    "name": "Dammartin-en-Goële",
    "code": "77153",
    "epci_code": "200055655",
    "departement_code": "77",
    "region_code": "11",
    "postal_code": "77230"
  },
  {
    "name": "Dammartin-sur-Tigeaux",
    "code": "77154",
    "epci_code": "200090504",
    "departement_code": "77",
    "region_code": "11",
    "postal_code": "77163"
  },
  {
    "name": "Dampmart",
    "code": "77155",
    "epci_code": "247700594",
    "departement_code": "77",
    "region_code": "11",
    "postal_code": "77400"
  },
  {
    "name": "Darvault",
    "code": "77156",
    "epci_code": "200023240",
    "departement_code": "77",
    "region_code": "11",
    "postal_code": "77140"
  },
  {
    "name": "Dhuisy",
    "code": "77157",
    "epci_code": "247700065",
    "departement_code": "77",
    "region_code": "11",
    "postal_code": "77440"
  },
  {
    "name": "Diant",
    "code": "77158",
    "epci_code": "247700107",
    "departement_code": "77",
    "region_code": "11",
    "postal_code": "77940"
  },
  {
    "name": "Donnemarie-Dontilly",
    "code": "77159",
    "epci_code": "200040251",
    "departement_code": "77",
    "region_code": "11",
    "postal_code": "77520"
  },
  {
    "name": "Dormelles",
    "code": "77161",
    "epci_code": "247700032",
    "departement_code": "77",
    "region_code": "11",
    "postal_code": "77130"
  },
  {
    "name": "Doue",
    "code": "77162",
    "epci_code": "200072544",
    "departement_code": "77",
    "region_code": "11",
    "postal_code": "77510"
  },
  {
    "name": "Douy-la-Ramée",
    "code": "77163",
    "epci_code": "247700065",
    "departement_code": "77",
    "region_code": "11",
    "postal_code": "77139"
  },
  {
    "name": "Échouboulains",
    "code": "77164",
    "epci_code": "200070779",
    "departement_code": "77",
    "region_code": "11",
    "postal_code": "77830"
  },
  {
    "name": "Les Écrennes",
    "code": "77165",
    "epci_code": "200070779",
    "departement_code": "77",
    "region_code": "11",
    "postal_code": "77820"
  },
  {
    "name": "Égligny",
    "code": "77167",
    "epci_code": "200040251",
    "departement_code": "77",
    "region_code": "11",
    "postal_code": "77126"
  },
  {
    "name": "Égreville",
    "code": "77168",
    "epci_code": "200023919",
    "departement_code": "77",
    "region_code": "11",
    "postal_code": "77620"
  },
  {
    "name": "Émerainville",
    "code": "77169",
    "epci_code": "200057958",
    "departement_code": "77",
    "region_code": "11",
    "postal_code": "77184"
  },
  {
    "name": "Esbly",
    "code": "77171",
    "epci_code": "247700339",
    "departement_code": "77",
    "region_code": "11",
    "postal_code": "77450"
  },
  {
    "name": "Esmans",
    "code": "77172",
    "epci_code": "247700107",
    "departement_code": "77",
    "region_code": "11",
    "postal_code": "77940"
  },
  {
    "name": "Étrépilly",
    "code": "77173",
    "epci_code": "247700065",
    "departement_code": "77",
    "region_code": "11",
    "postal_code": "77139"
  },
  {
    "name": "Everly",
    "code": "77174",
    "epci_code": "200040251",
    "departement_code": "77",
    "region_code": "11",
    "postal_code": "77157"
  },
  {
    "name": "Évry-Grégy-sur-Yerre",
    "code": "77175",
    "epci_code": "200070779",
    "departement_code": "77",
    "region_code": "11",
    "postal_code": "77166"
  },
  {
    "name": "Faremoutiers",
    "code": "77176",
    "epci_code": "200090504",
    "departement_code": "77",
    "region_code": "11",
    "postal_code": "77515"
  },
  {
    "name": "Favières",
    "code": "77177",
    "epci_code": "200072874",
    "departement_code": "77",
    "region_code": "11",
    "postal_code": "77220"
  },
  {
    "name": "Faÿ-lès-Nemours",
    "code": "77178",
    "epci_code": "200023240",
    "departement_code": "77",
    "region_code": "11",
    "postal_code": "77167"
  },
  {
    "name": "Féricy",
    "code": "77179",
    "epci_code": "200070779",
    "departement_code": "77",
    "region_code": "11",
    "postal_code": "77133"
  },
  {
    "name": "Férolles-Attilly",
    "code": "77180",
    "epci_code": "200023125",
    "departement_code": "77",
    "region_code": "11",
    "postal_code": "77150"
  },
  {
    "name": "Ferrières-en-Brie",
    "code": "77181",
    "epci_code": "247700594",
    "departement_code": "77",
    "region_code": "11",
    "postal_code": "77164"
  },
  {
    "name": "La Ferté-Gaucher",
    "code": "77182",
    "epci_code": "200072544",
    "departement_code": "77",
    "region_code": "11",
    "postal_code": "77320"
  },
  {
    "name": "La Ferté-sous-Jouarre",
    "code": "77183",
    "epci_code": "200090504",
    "departement_code": "77",
    "region_code": "11",
    "postal_code": "77260"
  },
  {
    "name": "Flagy",
    "code": "77184",
    "epci_code": "247700032",
    "departement_code": "77",
    "region_code": "11",
    "postal_code": "77940"
  },
  {
    "name": "Fleury-en-Bière",
    "code": "77185",
    "epci_code": "200072346",
    "departement_code": "77",
    "region_code": "11",
    "postal_code": "77930"
  },
  {
    "name": "Fontainebleau",
    "code": "77186",
    "epci_code": "200072346",
    "departement_code": "77",
    "region_code": "11",
    "postal_code": "77300"
  },
  {
    "name": "Fontaine-Fourches",
    "code": "77187",
    "epci_code": "200040251",
    "departement_code": "77",
    "region_code": "11",
    "postal_code": "77480"
  },
  {
    "name": "Fontaine-le-Port",
    "code": "77188",
    "epci_code": "200070779",
    "departement_code": "77",
    "region_code": "11",
    "postal_code": "77590"
  },
  {
    "name": "Fontains",
    "code": "77190",
    "epci_code": "247700701",
    "departement_code": "77",
    "region_code": "11",
    "postal_code": "77370"
  },
  {
    "name": "Fontenailles",
    "code": "77191",
    "epci_code": "247700701",
    "departement_code": "77",
    "region_code": "11",
    "postal_code": "77370"
  },
  {
    "name": "Fontenay-Trésigny",
    "code": "77192",
    "epci_code": "200072874",
    "departement_code": "77",
    "region_code": "11",
    "postal_code": "77610"
  },
  {
    "name": "Forfry",
    "code": "77193",
    "epci_code": "200072130",
    "departement_code": "77",
    "region_code": "11",
    "postal_code": "77165"
  },
  {
    "name": "Forges",
    "code": "77194",
    "epci_code": "247700107",
    "departement_code": "77",
    "region_code": "11",
    "postal_code": "77130"
  },
  {
    "name": "Fouju",
    "code": "77195",
    "epci_code": "200070779",
    "departement_code": "77",
    "region_code": "11",
    "postal_code": "77390"
  },
  {
    "name": "Fresnes-sur-Marne",
    "code": "77196",
    "epci_code": "200033090",
    "departement_code": "77",
    "region_code": "11",
    "postal_code": "77410"
  },
  {
    "name": "Frétoy",
    "code": "77197",
    "epci_code": "200037133",
    "departement_code": "77",
    "region_code": "11",
    "postal_code": "77320"
  },
  {
    "name": "Fromont",
    "code": "77198",
    "epci_code": "200023240",
    "departement_code": "77",
    "region_code": "11",
    "postal_code": "77760"
  },
  {
    "name": "Fublaines",
    "code": "77199",
    "epci_code": "200072130",
    "departement_code": "77",
    "region_code": "11",
    "postal_code": "77470"
  },
  {
    "name": "Garentreville",
    "code": "77200",
    "epci_code": "200023240",
    "departement_code": "77",
    "region_code": "11",
    "postal_code": "77890"
  },
  {
    "name": "Gastins",
    "code": "77201",
    "epci_code": "247700701",
    "departement_code": "77",
    "region_code": "11",
    "postal_code": "77370"
  },
  {
    "name": "La Genevraye",
    "code": "77202",
    "epci_code": "247700032",
    "departement_code": "77",
    "region_code": "11",
    "postal_code": "77690"
  },
  {
    "name": "Germigny-l’Évêque",
    "code": "77203",
    "epci_code": "200072130",
    "departement_code": "77",
    "region_code": "11",
    "postal_code": "77910"
  },
  {
    "name": "Germigny-sous-Coulombs",
    "code": "77204",
    "epci_code": "247700065",
    "departement_code": "77",
    "region_code": "11",
    "postal_code": "77840"
  },
  {
    "name": "Gesvres-le-Chapitre",
    "code": "77205",
    "epci_code": "200072130",
    "departement_code": "77",
    "region_code": "11",
    "postal_code": "77165"
  },
  {
    "name": "Giremoutiers",
    "code": "77206",
    "epci_code": "200090504",
    "departement_code": "77",
    "region_code": "11",
    "postal_code": "77120"
  },
  {
    "name": "Gironville",
    "code": "77207",
    "epci_code": "200023919",
    "departement_code": "77",
    "region_code": "11",
    "postal_code": "77890"
  },
  {
    "name": "Gouaix",
    "code": "77208",
    "epci_code": "200040251",
    "departement_code": "77",
    "region_code": "11",
    "postal_code": "77114"
  },
  {
    "name": "Gouvernes",
    "code": "77209",
    "epci_code": "247700594",
    "departement_code": "77",
    "region_code": "11",
    "postal_code": "77400"
  },
  {
    "name": "La Grande-Paroisse",
    "code": "77210",
    "epci_code": "247700107",
    "departement_code": "77",
    "region_code": "11",
    "postal_code": "77130"
  },
  {
    "name": "Grandpuits-Bailly-Carrois",
    "code": "77211",
    "epci_code": "247700701",
    "departement_code": "77",
    "region_code": "11",
    "postal_code": "77720"
  },
  {
    "name": "Gravon",
    "code": "77212",
    "epci_code": "200040251",
    "departement_code": "77",
    "region_code": "11",
    "postal_code": "77118"
  },
  {
    "name": "Gressy",
    "code": "77214",
    "epci_code": "200055655",
    "departement_code": "77",
    "region_code": "11",
    "postal_code": "77410"
  },
  {
    "name": "Gretz-Armainvilliers",
    "code": "77215",
    "epci_code": "200023125",
    "departement_code": "77",
    "region_code": "11",
    "postal_code": "77220"
  },
  {
    "name": "Grez-sur-Loing",
    "code": "77216",
    "epci_code": "200023240",
    "departement_code": "77",
    "region_code": "11",
    "postal_code": "77880"
  },
  {
    "name": "Grisy-Suisnes",
    "code": "77217",
    "epci_code": "200070779",
    "departement_code": "77",
    "region_code": "11",
    "postal_code": "77166"
  },
  {
    "name": "Grisy-sur-Seine",
    "code": "77218",
    "epci_code": "200040251",
    "departement_code": "77",
    "region_code": "11",
    "postal_code": "77480"
  },
  {
    "name": "Guérard",
    "code": "77219",
    "epci_code": "200090504",
    "departement_code": "77",
    "region_code": "11",
    "postal_code": "77580"
  },
  {
    "name": "Guercheville",
    "code": "77220",
    "epci_code": "200023240",
    "departement_code": "77",
    "region_code": "11",
    "postal_code": "77760"
  },
  {
    "name": "Guermantes",
    "code": "77221",
    "epci_code": "247700594",
    "departement_code": "77",
    "region_code": "11",
    "postal_code": "77600"
  },
  {
    "name": "Guignes",
    "code": "77222",
    "epci_code": "200070779",
    "departement_code": "77",
    "region_code": "11",
    "postal_code": "77390"
  },
  {
    "name": "Gurcy-le-Châtel",
    "code": "77223",
    "epci_code": "200040251",
    "departement_code": "77",
    "region_code": "11",
    "postal_code": "77520"
  },
  {
    "name": "Hautefeuille",
    "code": "77224",
    "epci_code": "200090504",
    "departement_code": "77",
    "region_code": "11",
    "postal_code": "77515"
  },
  {
    "name": "La Haute-Maison",
    "code": "77225",
    "epci_code": "200090504",
    "departement_code": "77",
    "region_code": "11",
    "postal_code": "77580"
  },
  {
    "name": "Héricy",
    "code": "77226",
    "epci_code": "200072346",
    "departement_code": "77",
    "region_code": "11",
    "postal_code": "77850"
  },
  {
    "name": "Hermé",
    "code": "77227",
    "epci_code": "200040251",
    "departement_code": "77",
    "region_code": "11",
    "postal_code": "77114"
  },
  {
    "name": "Hondevilliers",
    "code": "77228",
    "epci_code": "200072544",
    "departement_code": "77",
    "region_code": "11",
    "postal_code": "77510"
  },
  {
    "name": "La Houssaye-en-Brie",
    "code": "77229",
    "epci_code": "200072874",
    "departement_code": "77",
    "region_code": "11",
    "postal_code": "77610"
  },
  {
    "name": "Ichy",
    "code": "77230",
    "epci_code": "200023919",
    "departement_code": "77",
    "region_code": "11",
    "postal_code": "77890"
  },
  {
    "name": "Isles-les-Meldeuses",
    "code": "77231",
    "epci_code": "247700065",
    "departement_code": "77",
    "region_code": "11",
    "postal_code": "77440"
  },
  {
    "name": "Isles-lès-Villenoy",
    "code": "77232",
    "epci_code": "200072130",
    "departement_code": "77",
    "region_code": "11",
    "postal_code": "77450"
  },
  {
    "name": "Iverny",
    "code": "77233",
    "epci_code": "200033090",
    "departement_code": "77",
    "region_code": "11",
    "postal_code": "77165"
  },
  {
    "name": "Jablines",
    "code": "77234",
    "epci_code": "247700594",
    "departement_code": "77",
    "region_code": "11",
    "postal_code": "77450"
  },
  {
    "name": "Jaignes",
    "code": "77235",
    "epci_code": "247700065",
    "departement_code": "77",
    "region_code": "11",
    "postal_code": "77440"
  },
  {
    "name": "Jaulnes",
    "code": "77236",
    "epci_code": "200040251",
    "departement_code": "77",
    "region_code": "11",
    "postal_code": "77480"
  },
  {
    "name": "Jossigny",
    "code": "77237",
    "epci_code": "247700594",
    "departement_code": "77",
    "region_code": "11",
    "postal_code": "77600"
  },
  {
    "name": "Jouarre",
    "code": "77238",
    "epci_code": "200090504",
    "departement_code": "77",
    "region_code": "11",
    "postal_code": "77640"
  },
  {
    "name": "Jouy-le-Châtel",
    "code": "77239",
    "epci_code": "200037133",
    "departement_code": "77",
    "region_code": "11",
    "postal_code": "77970"
  },
  {
    "name": "Jouy-sur-Morin",
    "code": "77240",
    "epci_code": "200072544",
    "departement_code": "77",
    "region_code": "11",
    "postal_code": "77320"
  },
  {
    "name": "Juilly",
    "code": "77241",
    "epci_code": "200055655",
    "departement_code": "77",
    "region_code": "11",
    "postal_code": "77230"
  },
  {
    "name": "Jutigny",
    "code": "77242",
    "epci_code": "200040251",
    "departement_code": "77",
    "region_code": "11",
    "postal_code": "77650"
  },
  {
    "name": "Lagny-sur-Marne",
    "code": "77243",
    "epci_code": "247700594",
    "departement_code": "77",
    "region_code": "11",
    "postal_code": "77400"
  },
  {
    "name": "Larchant",
    "code": "77244",
    "epci_code": "200023240",
    "departement_code": "77",
    "region_code": "11",
    "postal_code": "77760"
  },
  {
    "name": "Laval-en-Brie",
    "code": "77245",
    "epci_code": "247700107",
    "departement_code": "77",
    "region_code": "11",
    "postal_code": "77148"
  },
  {
    "name": "Léchelle",
    "code": "77246",
    "epci_code": "200037133",
    "departement_code": "77",
    "region_code": "11",
    "postal_code": "77171"
  },
  {
    "name": "Lescherolles",
    "code": "77247",
    "epci_code": "200072544",
    "departement_code": "77",
    "region_code": "11",
    "postal_code": "77320"
  },
  {
    "name": "Lesches",
    "code": "77248",
    "epci_code": "247700594",
    "departement_code": "77",
    "region_code": "11",
    "postal_code": "77450"
  },
  {
    "name": "Lésigny",
    "code": "77249",
    "epci_code": "200023125",
    "departement_code": "77",
    "region_code": "11",
    "postal_code": "77150"
  },
  {
    "name": "Leudon-en-Brie",
    "code": "77250",
    "epci_code": "200072544",
    "departement_code": "77",
    "region_code": "11",
    "postal_code": "77320"
  },
  {
    "name": "Lieusaint",
    "code": "77251",
    "epci_code": "200059228",
    "departement_code": "77",
    "region_code": "11",
    "postal_code": "77127"
  },
  {
    "name": "Limoges-Fourches",
    "code": "77252",
    "epci_code": "247700057",
    "departement_code": "77",
    "region_code": "11",
    "postal_code": "77550"
  },
  {
    "name": "Lissy",
    "code": "77253",
    "epci_code": "247700057",
    "departement_code": "77",
    "region_code": "11",
    "postal_code": "77550"
  },
  {
    "name": "Liverdy-en-Brie",
    "code": "77254",
    "epci_code": "200072874",
    "departement_code": "77",
    "region_code": "11",
    "postal_code": "77220"
  },
  {
    "name": "Livry-sur-Seine",
    "code": "77255",
    "epci_code": "247700057",
    "departement_code": "77",
    "region_code": "11",
    "postal_code": "77000"
  },
  {
    "name": "Lizines",
    "code": "77256",
    "epci_code": "200040251",
    "departement_code": "77",
    "region_code": "11",
    "postal_code": "77650"
  },
  {
    "name": "Lizy-sur-Ourcq",
    "code": "77257",
    "epci_code": "247700065",
    "departement_code": "77",
    "region_code": "11",
    "postal_code": "77440"
  },
  {
    "name": "Lognes",
    "code": "77258",
    "epci_code": "200057958",
    "departement_code": "77",
    "region_code": "11",
    "postal_code": "77185"
  },
  {
    "name": "Longperrier",
    "code": "77259",
    "epci_code": "200055655",
    "departement_code": "77",
    "region_code": "11",
    "postal_code": "77230"
  },
  {
    "name": "Longueville",
    "code": "77260",
    "epci_code": "200037133",
    "departement_code": "77",
    "region_code": "11",
    "postal_code": "77650"
  },
  {
    "name": "Lorrez-le-Bocage-Préaux",
    "code": "77261",
    "epci_code": "200023919",
    "departement_code": "77",
    "region_code": "11",
    "postal_code": "77710"
  },
  {
    "name": "Louan-Villegruis-Fontaine",
    "code": "77262",
    "epci_code": "200037133",
    "departement_code": "77",
    "region_code": "11",
    "postal_code": "77560"
  },
  {
    "name": "Luisetaines",
    "code": "77263",
    "epci_code": "200040251",
    "departement_code": "77",
    "region_code": "11",
    "postal_code": "77520"
  },
  {
    "name": "Lumigny-Nesles-Ormeaux",
    "code": "77264",
    "epci_code": "200072874",
    "departement_code": "77",
    "region_code": "11",
    "postal_code": "77540"
  },
  {
    "name": "Luzancy",
    "code": "77265",
    "epci_code": "200090504",
    "departement_code": "77",
    "region_code": "11",
    "postal_code": "77138"
  },
  {
    "name": "Machault",
    "code": "77266",
    "epci_code": "200070779",
    "departement_code": "77",
    "region_code": "11",
    "postal_code": "77133"
  },
  {
    "name": "La Madeleine-sur-Loing",
    "code": "77267",
    "epci_code": "200023919",
    "departement_code": "77",
    "region_code": "11",
    "postal_code": "77570"
  },
  {
    "name": "Magny-le-Hongre",
    "code": "77268",
    "epci_code": "247700339",
    "departement_code": "77",
    "region_code": "11",
    "postal_code": "77700"
  },
  {
    "name": "Maincy",
    "code": "77269",
    "epci_code": "247700057",
    "departement_code": "77",
    "region_code": "11",
    "postal_code": "77950"
  },
  {
    "name": "Maisoncelles-en-Brie",
    "code": "77270",
    "epci_code": "200090504",
    "departement_code": "77",
    "region_code": "11",
    "postal_code": "77580"
  },
  {
    "name": "Maisoncelles-en-Gâtinais",
    "code": "77271",
    "epci_code": "200023919",
    "departement_code": "77",
    "region_code": "11",
    "postal_code": "77570"
  },
  {
    "name": "Maison-Rouge",
    "code": "77272",
    "epci_code": "200037133",
    "departement_code": "77",
    "region_code": "11",
    "postal_code": "77370"
  },
  {
    "name": "Marchémoret",
    "code": "77273",
    "epci_code": "200033090",
    "departement_code": "77",
    "region_code": "11",
    "postal_code": "77230"
  },
  {
    "name": "Marcilly",
    "code": "77274",
    "epci_code": "247700065",
    "departement_code": "77",
    "region_code": "11",
    "postal_code": "77139"
  },
  {
    "name": "Les Marêts",
    "code": "77275",
    "epci_code": "200037133",
    "departement_code": "77",
    "region_code": "11",
    "postal_code": "77560"
  },
  {
    "name": "Mareuil-lès-Meaux",
    "code": "77276",
    "epci_code": "200072130",
    "departement_code": "77",
    "region_code": "11",
    "postal_code": "77100"
  },
  {
    "name": "Marles-en-Brie",
    "code": "77277",
    "epci_code": "200072874",
    "departement_code": "77",
    "region_code": "11",
    "postal_code": "77610"
  },
  {
    "name": "Marolles-en-Brie",
    "code": "77278",
    "epci_code": "200090504",
    "departement_code": "77",
    "region_code": "11",
    "postal_code": "77120"
  },
  {
    "name": "Marolles-sur-Seine",
    "code": "77279",
    "epci_code": "247700107",
    "departement_code": "77",
    "region_code": "11",
    "postal_code": "77130"
  },
  {
    "name": "Mary-sur-Marne",
    "code": "77280",
    "epci_code": "247700065",
    "departement_code": "77",
    "region_code": "11",
    "postal_code": "77440"
  },
  {
    "name": "Mauperthuis",
    "code": "77281",
    "epci_code": "200090504",
    "departement_code": "77",
    "region_code": "11",
    "postal_code": "77120"
  },
  {
    "name": "Mauregard",
    "code": "77282",
    "epci_code": "200055655",
    "departement_code": "77",
    "region_code": "11",
    "postal_code": "77990"
  },
  {
    "name": "May-en-Multien",
    "code": "77283",
    "epci_code": "247700065",
    "departement_code": "77",
    "region_code": "11",
    "postal_code": "77145"
  },
  {
    "name": "Meaux",
    "code": "77284",
    "epci_code": "200072130",
    "departement_code": "77",
    "region_code": "11",
    "postal_code": "77100"
  },
  {
    "name": "Le Mée-sur-Seine",
    "code": "77285",
    "epci_code": "247700057",
    "departement_code": "77",
    "region_code": "11",
    "postal_code": "77350"
  },
  {
    "name": "Meigneux",
    "code": "77286",
    "epci_code": "200040251",
    "departement_code": "77",
    "region_code": "11",
    "postal_code": "77520"
  },
  {
    "name": "Meilleray",
    "code": "77287",
    "epci_code": "200072544",
    "departement_code": "77",
    "region_code": "11",
    "postal_code": "77320"
  },
  {
    "name": "Melun",
    "code": "77288",
    "epci_code": "247700057",
    "departement_code": "77",
    "region_code": "11",
    "postal_code": "77000"
  },
  {
    "name": "Melz-sur-Seine",
    "code": "77289",
    "epci_code": "200037133",
    "departement_code": "77",
    "region_code": "11",
    "postal_code": "77171"
  },
  {
    "name": "Méry-sur-Marne",
    "code": "77290",
    "epci_code": "200090504",
    "departement_code": "77",
    "region_code": "11",
    "postal_code": "77730"
  },
  {
    "name": "Le Mesnil-Amelot",
    "code": "77291",
    "epci_code": "200055655",
    "departement_code": "77",
    "region_code": "11",
    "postal_code": "77990"
  },
  {
    "name": "Messy",
    "code": "77292",
    "epci_code": "200033090",
    "departement_code": "77",
    "region_code": "11",
    "postal_code": "77410"
  },
  {
    "name": "Misy-sur-Yonne",
    "code": "77293",
    "epci_code": "247700107",
    "departement_code": "77",
    "region_code": "11",
    "postal_code": "77130"
  },
  {
    "name": "Mitry-Mory",
    "code": "77294",
    "epci_code": "200055655",
    "departement_code": "77",
    "region_code": "11",
    "postal_code": "77290"
  },
  {
    "name": "Moisenay",
    "code": "77295",
    "epci_code": "200070779",
    "departement_code": "77",
    "region_code": "11",
    "postal_code": "77950"
  },
  {
    "name": "Moissy-Cramayel",
    "code": "77296",
    "epci_code": "200059228",
    "departement_code": "77",
    "region_code": "11",
    "postal_code": "77550"
  },
  {
    "name": "Mondreville",
    "code": "77297",
    "epci_code": "200023919",
    "departement_code": "77",
    "region_code": "11",
    "postal_code": "77570"
  },
  {
    "name": "Mons-en-Montois",
    "code": "77298",
    "epci_code": "200040251",
    "departement_code": "77",
    "region_code": "11",
    "postal_code": "77520"
  },
  {
    "name": "Montceaux-lès-Meaux",
    "code": "77300",
    "epci_code": "200072130",
    "departement_code": "77",
    "region_code": "11",
    "postal_code": "77470"
  },
  {
    "name": "Montceaux-lès-Provins",
    "code": "77301",
    "epci_code": "200037133",
    "departement_code": "77",
    "region_code": "11",
    "postal_code": "77151"
  },
  {
    "name": "Moncourt-Fromonville",
    "code": "77302",
    "epci_code": "200023240",
    "departement_code": "77",
    "region_code": "11",
    "postal_code": "77140"
  },
  {
    "name": "Montdauphin",
    "code": "77303",
    "epci_code": "200072544",
    "departement_code": "77",
    "region_code": "11",
    "postal_code": "77320"
  },
  {
    "name": "Montenils",
    "code": "77304",
    "epci_code": "200072544",
    "departement_code": "77",
    "region_code": "11",
    "postal_code": "77320"
  },
  {
    "name": "Montereau-Fault-Yonne",
    "code": "77305",
    "epci_code": "247700107",
    "departement_code": "77",
    "region_code": "11",
    "postal_code": "77130"
  },
  {
    "name": "Montereau-sur-le-Jard",
    "code": "77306",
    "epci_code": "247700057",
    "departement_code": "77",
    "region_code": "11",
    "postal_code": "77950"
  },
  {
    "name": "Montévrain",
    "code": "77307",
    "epci_code": "247700594",
    "departement_code": "77",
    "region_code": "11",
    "postal_code": "77144"
  },
  {
    "name": "Montgé-en-Goële",
    "code": "77308",
    "epci_code": "200033090",
    "departement_code": "77",
    "region_code": "11",
    "postal_code": "77230"
  },
  {
    "name": "Monthyon",
    "code": "77309",
    "epci_code": "200072130",
    "departement_code": "77",
    "region_code": "11",
    "postal_code": "77122"
  },
  {
    "name": "Montigny-le-Guesdier",
    "code": "77310",
    "epci_code": "200040251",
    "departement_code": "77",
    "region_code": "11",
    "postal_code": "77480"
  },
  {
    "name": "Montigny-Lencoup",
    "code": "77311",
    "epci_code": "200040251",
    "departement_code": "77",
    "region_code": "11",
    "postal_code": "77520"
  },
  {
    "name": "Montigny-sur-Loing",
    "code": "77312",
    "epci_code": "247700032",
    "departement_code": "77",
    "region_code": "11",
    "postal_code": "77690"
  },
  {
    "name": "Montmachoux",
    "code": "77313",
    "epci_code": "247700107",
    "departement_code": "77",
    "region_code": "11",
    "postal_code": "77940"
  },
  {
    "name": "Montolivet",
    "code": "77314",
    "epci_code": "200072544",
    "departement_code": "77",
    "region_code": "11",
    "postal_code": "77320"
  },
  {
    "name": "Montry",
    "code": "77315",
    "epci_code": "247700339",
    "departement_code": "77",
    "region_code": "11",
    "postal_code": "77450"
  },
  {
    "name": "Moret-Loing-et-Orvanne",
    "code": "77316",
    "epci_code": "247700032",
    "departement_code": "77",
    "region_code": "11",
    "postal_code": "77250"
  },
  {
    "name": "Mormant",
    "code": "77317",
    "epci_code": "247700701",
    "departement_code": "77",
    "region_code": "11",
    "postal_code": "77720"
  },
  {
    "name": "Mortcerf",
    "code": "77318",
    "epci_code": "200072874",
    "departement_code": "77",
    "region_code": "11",
    "postal_code": "77163"
  },
  {
    "name": "Mortery",
    "code": "77319",
    "epci_code": "200037133",
    "departement_code": "77",
    "region_code": "11",
    "postal_code": "77160"
  },
  {
    "name": "Mouroux",
    "code": "77320",
    "epci_code": "200090504",
    "departement_code": "77",
    "region_code": "11",
    "postal_code": "77120"
  },
  {
    "name": "Mousseaux-lès-Bray",
    "code": "77321",
    "epci_code": "200040251",
    "departement_code": "77",
    "region_code": "11",
    "postal_code": "77480"
  },
  {
    "name": "Moussy-le-Neuf",
    "code": "77322",
    "epci_code": "200055655",
    "departement_code": "77",
    "region_code": "11",
    "postal_code": "77230"
  },
  {
    "name": "Moussy-le-Vieux",
    "code": "77323",
    "epci_code": "200055655",
    "departement_code": "77",
    "region_code": "11",
    "postal_code": "77230"
  },
  {
    "name": "Mouy-sur-Seine",
    "code": "77325",
    "epci_code": "200040251",
    "departement_code": "77",
    "region_code": "11",
    "postal_code": "77480"
  },
  {
    "name": "Nandy",
    "code": "77326",
    "epci_code": "200059228",
    "departement_code": "77",
    "region_code": "11",
    "postal_code": "77176"
  },
  {
    "name": "Nangis",
    "code": "77327",
    "epci_code": "247700701",
    "departement_code": "77",
    "region_code": "11",
    "postal_code": "77370"
  },
  {
    "name": "Nanteau-sur-Essonne",
    "code": "77328",
    "epci_code": "200023240",
    "departement_code": "77",
    "region_code": "11",
    "postal_code": "77760"
  },
  {
    "name": "Nanteau-sur-Lunain",
    "code": "77329",
    "epci_code": "247700032",
    "departement_code": "77",
    "region_code": "11",
    "postal_code": "77710"
  },
  {
    "name": "Nanteuil-lès-Meaux",
    "code": "77330",
    "epci_code": "200072130",
    "departement_code": "77",
    "region_code": "11",
    "postal_code": "77100"
  },
  {
    "name": "Nanteuil-sur-Marne",
    "code": "77331",
    "epci_code": "200090504",
    "departement_code": "77",
    "region_code": "11",
    "postal_code": "77730"
  },
  {
    "name": "Nantouillet",
    "code": "77332",
    "epci_code": "200033090",
    "departement_code": "77",
    "region_code": "11",
    "postal_code": "77230"
  },
  {
    "name": "Nemours",
    "code": "77333",
    "epci_code": "200023240",
    "departement_code": "77",
    "region_code": "11",
    "postal_code": "77140"
  },
  {
    "name": "Chauconin-Neufmontiers",
    "code": "77335",
    "epci_code": "200072130",
    "departement_code": "77",
    "region_code": "11",
    "postal_code": "77124"
  },
  {
    "name": "Neufmoutiers-en-Brie",
    "code": "77336",
    "epci_code": "200072874",
    "departement_code": "77",
    "region_code": "11",
    "postal_code": "77610"
  },
  {
    "name": "Noisiel",
    "code": "77337",
    "epci_code": "200057958",
    "departement_code": "77",
    "region_code": "11",
    "postal_code": "77186"
  },
  {
    "name": "Noisy-Rudignon",
    "code": "77338",
    "epci_code": "247700107",
    "departement_code": "77",
    "region_code": "11",
    "postal_code": "77940"
  },
  {
    "name": "Noisy-sur-École",
    "code": "77339",
    "epci_code": "200072346",
    "departement_code": "77",
    "region_code": "11",
    "postal_code": "77123"
  },
  {
    "name": "Nonville",
    "code": "77340",
    "epci_code": "247700032",
    "departement_code": "77",
    "region_code": "11",
    "postal_code": "77140"
  },
  {
    "name": "Noyen-sur-Seine",
    "code": "77341",
    "epci_code": "200040251",
    "departement_code": "77",
    "region_code": "11",
    "postal_code": "77114"
  },
  {
    "name": "Obsonville",
    "code": "77342",
    "epci_code": "200023919",
    "departement_code": "77",
    "region_code": "11",
    "postal_code": "77890"
  },
  {
    "name": "Ocquerre",
    "code": "77343",
    "epci_code": "247700065",
    "departement_code": "77",
    "region_code": "11",
    "postal_code": "77440"
  },
  {
    "name": "Oissery",
    "code": "77344",
    "epci_code": "200033090",
    "departement_code": "77",
    "region_code": "11",
    "postal_code": "77178"
  },
  {
    "name": "Orly-sur-Morin",
    "code": "77345",
    "epci_code": "200072544",
    "departement_code": "77",
    "region_code": "11",
    "postal_code": "77750"
  },
  {
    "name": "Les Ormes-sur-Voulzie",
    "code": "77347",
    "epci_code": "200040251",
    "departement_code": "77",
    "region_code": "11",
    "postal_code": "77134"
  },
  {
    "name": "Ormesson",
    "code": "77348",
    "epci_code": "200023240",
    "departement_code": "77",
    "region_code": "11",
    "postal_code": "77167"
  },
  {
    "name": "Othis",
    "code": "77349",
    "epci_code": "200055655",
    "departement_code": "77",
    "region_code": "11",
    "postal_code": "77280"
  },
  {
    "name": "Ozoir-la-Ferrière",
    "code": "77350",
    "epci_code": "200023125",
    "departement_code": "77",
    "region_code": "11",
    "postal_code": "77330"
  },
  {
    "name": "Ozouer-le-Voulgis",
    "code": "77352",
    "epci_code": "200070779",
    "departement_code": "77",
    "region_code": "11",
    "postal_code": "77390"
  },
  {
    "name": "Paley",
    "code": "77353",
    "epci_code": "247700032",
    "departement_code": "77",
    "region_code": "11",
    "postal_code": "77710"
  },
  {
    "name": "Pamfou",
    "code": "77354",
    "epci_code": "200070779",
    "departement_code": "77",
    "region_code": "11",
    "postal_code": "77830"
  },
  {
    "name": "Paroy",
    "code": "77355",
    "epci_code": "200040251",
    "departement_code": "77",
    "region_code": "11",
    "postal_code": "77520"
  },
  {
    "name": "Passy-sur-Seine",
    "code": "77356",
    "epci_code": "200040251",
    "departement_code": "77",
    "region_code": "11",
    "postal_code": "77480"
  },
  {
    "name": "Pécy",
    "code": "77357",
    "epci_code": "200072874",
    "departement_code": "77",
    "region_code": "11",
    "postal_code": "77970"
  },
  {
    "name": "Penchard",
    "code": "77358",
    "epci_code": "200072130",
    "departement_code": "77",
    "region_code": "11",
    "postal_code": "77124"
  },
  {
    "name": "Perthes",
    "code": "77359",
    "epci_code": "200072346",
    "departement_code": "77",
    "region_code": "11",
    "postal_code": "77930"
  },
  {
    "name": "Pézarches",
    "code": "77360",
    "epci_code": "200090504",
    "departement_code": "77",
    "region_code": "11",
    "postal_code": "77131"
  },
  {
    "name": "Pierre-Levée",
    "code": "77361",
    "epci_code": "200090504",
    "departement_code": "77",
    "region_code": "11",
    "postal_code": "77580"
  },
  {
    "name": "Le Pin",
    "code": "77363",
    "epci_code": "200033090",
    "departement_code": "77",
    "region_code": "11",
    "postal_code": "77181"
  },
  {
    "name": "Le Plessis-aux-Bois",
    "code": "77364",
    "epci_code": "200033090",
    "departement_code": "77",
    "region_code": "11",
    "postal_code": "77165"
  },
  {
    "name": "Le Plessis-Feu-Aussoux",
    "code": "77365",
    "epci_code": "200072874",
    "departement_code": "77",
    "region_code": "11",
    "postal_code": "77540"
  },
  {
    "name": "Le Plessis-l’Évêque",
    "code": "77366",
    "epci_code": "200033090",
    "departement_code": "77",
    "region_code": "11",
    "postal_code": "77165"
  },
  {
    "name": "Le Plessis-Placy",
    "code": "77367",
    "epci_code": "247700065",
    "departement_code": "77",
    "region_code": "11",
    "postal_code": "77440"
  },
  {
    "name": "Poigny",
    "code": "77368",
    "epci_code": "200037133",
    "departement_code": "77",
    "region_code": "11",
    "postal_code": "77160"
  },
  {
    "name": "Poincy",
    "code": "77369",
    "epci_code": "200072130",
    "departement_code": "77",
    "region_code": "11",
    "postal_code": "77470"
  },
  {
    "name": "Poligny",
    "code": "77370",
    "epci_code": "200023919",
    "departement_code": "77",
    "region_code": "11",
    "postal_code": "77167"
  },
  {
    "name": "Pommeuse",
    "code": "77371",
    "epci_code": "200090504",
    "departement_code": "77",
    "region_code": "11",
    "postal_code": "77515"
  },
  {
    "name": "Pomponne",
    "code": "77372",
    "epci_code": "247700594",
    "departement_code": "77",
    "region_code": "11",
    "postal_code": "77400"
  },
  {
    "name": "Pontault-Combault",
    "code": "77373",
    "epci_code": "200057958",
    "departement_code": "77",
    "region_code": "11",
    "postal_code": "77340"
  },
  {
    "name": "Pontcarré",
    "code": "77374",
    "epci_code": "247700594",
    "departement_code": "77",
    "region_code": "11",
    "postal_code": "77135"
  },
  {
    "name": "Précy-sur-Marne",
    "code": "77376",
    "epci_code": "200033090",
    "departement_code": "77",
    "region_code": "11",
    "postal_code": "77410"
  },
  {
    "name": "Presles-en-Brie",
    "code": "77377",
    "epci_code": "200072874",
    "departement_code": "77",
    "region_code": "11",
    "postal_code": "77220"
  },
  {
    "name": "Pringy",
    "code": "77378",
    "epci_code": "247700057",
    "departement_code": "77",
    "region_code": "11",
    "postal_code": "77310"
  },
  {
    "name": "Provins",
    "code": "77379",
    "epci_code": "200037133",
    "departement_code": "77",
    "region_code": "11",
    "postal_code": "77160"
  },
  {
    "name": "Puisieux",
    "code": "77380",
    "epci_code": "247700065",
    "departement_code": "77",
    "region_code": "11",
    "postal_code": "77139"
  },
  {
    "name": "Quiers",
    "code": "77381",
    "epci_code": "247700701",
    "departement_code": "77",
    "region_code": "11",
    "postal_code": "77720"
  },
  {
    "name": "Quincy-Voisins",
    "code": "77382",
    "epci_code": "200072130",
    "departement_code": "77",
    "region_code": "11",
    "postal_code": "77860"
  },
  {
    "name": "Rampillon",
    "code": "77383",
    "epci_code": "247700701",
    "departement_code": "77",
    "region_code": "11",
    "postal_code": "77370"
  },
  {
    "name": "Réau",
    "code": "77384",
    "epci_code": "200059228",
    "departement_code": "77",
    "region_code": "11",
    "postal_code": "77550"
  },
  {
    "name": "Rebais",
    "code": "77385",
    "epci_code": "200072544",
    "departement_code": "77",
    "region_code": "11",
    "postal_code": "77510"
  },
  {
    "name": "Recloses",
    "code": "77386",
    "epci_code": "200072346",
    "departement_code": "77",
    "region_code": "11",
    "postal_code": "77760"
  },
  {
    "name": "Remauville",
    "code": "77387",
    "epci_code": "247700032",
    "departement_code": "77",
    "region_code": "11",
    "postal_code": "77710"
  },
  {
    "name": "Reuil-en-Brie",
    "code": "77388",
    "epci_code": "200090504",
    "departement_code": "77",
    "region_code": "11",
    "postal_code": "77260"
  },
  {
    "name": "La Rochette",
    "code": "77389",
    "epci_code": "247700057",
    "departement_code": "77",
    "region_code": "11",
    "postal_code": "77000"
  },
  {
    "name": "Roissy-en-Brie",
    "code": "77390",
    "epci_code": "200057958",
    "departement_code": "77",
    "region_code": "11",
    "postal_code": "77680"
  },
  {
    "name": "Rouilly",
    "code": "77391",
    "epci_code": "200037133",
    "departement_code": "77",
    "region_code": "11",
    "postal_code": "77160"
  },
  {
    "name": "Rouvres",
    "code": "77392",
    "epci_code": "200055655",
    "departement_code": "77",
    "region_code": "11",
    "postal_code": "77230"
  },
  {
    "name": "Rozay-en-Brie",
    "code": "77393",
    "epci_code": "200072874",
    "departement_code": "77",
    "region_code": "11",
    "postal_code": "77540"
  },
  {
    "name": "Rubelles",
    "code": "77394",
    "epci_code": "247700057",
    "departement_code": "77",
    "region_code": "11",
    "postal_code": "77950"
  },
  {
    "name": "Rumont",
    "code": "77395",
    "epci_code": "200023240",
    "departement_code": "77",
    "region_code": "11",
    "postal_code": "77760"
  },
  {
    "name": "Rupéreux",
    "code": "77396",
    "epci_code": "200037133",
    "departement_code": "77",
    "region_code": "11",
    "postal_code": "77560"
  },
  {
    "name": "Saâcy-sur-Marne",
    "code": "77397",
    "epci_code": "200090504",
    "departement_code": "77",
    "region_code": "11",
    "postal_code": "77730"
  },
  {
    "name": "Sablonnières",
    "code": "77398",
    "epci_code": "200072544",
    "departement_code": "77",
    "region_code": "11",
    "postal_code": "77510"
  },
  {
    "name": "Saint-Augustin",
    "code": "77400",
    "epci_code": "200090504",
    "departement_code": "77",
    "region_code": "11",
    "postal_code": "77515"
  },
  {
    "name": "Sainte-Aulde",
    "code": "77401",
    "epci_code": "200090504",
    "departement_code": "77",
    "region_code": "11",
    "postal_code": "77260"
  },
  {
    "name": "Saint-Barthélemy",
    "code": "77402",
    "epci_code": "200072544",
    "departement_code": "77",
    "region_code": "11",
    "postal_code": "77320"
  },
  {
    "name": "Saint-Brice",
    "code": "77403",
    "epci_code": "200037133",
    "departement_code": "77",
    "region_code": "11",
    "postal_code": "77160"
  },
  {
    "name": "Sainte-Colombe",
    "code": "77404",
    "epci_code": "200037133",
    "departement_code": "77",
    "region_code": "11",
    "postal_code": "77650"
  },
  {
    "name": "Saint-Cyr-sur-Morin",
    "code": "77405",
    "epci_code": "200072544",
    "departement_code": "77",
    "region_code": "11",
    "postal_code": "77750"
  },
  {
    "name": "Saint-Denis-lès-Rebais",
    "code": "77406",
    "epci_code": "200072544",
    "departement_code": "77",
    "region_code": "11",
    "postal_code": "77510"
  },
  {
    "name": "Saint-Fargeau-Ponthierry",
    "code": "77407",
    "epci_code": "247700057",
    "departement_code": "77",
    "region_code": "11",
    "postal_code": "77310"
  },
  {
    "name": "Saint-Fiacre",
    "code": "77408",
    "epci_code": "200072130",
    "departement_code": "77",
    "region_code": "11",
    "postal_code": "77470"
  },
  {
    "name": "Saint-Germain-Laval",
    "code": "77409",
    "epci_code": "247700107",
    "departement_code": "77",
    "region_code": "11",
    "postal_code": "77130"
  },
  {
    "name": "Saint-Germain-Laxis",
    "code": "77410",
    "epci_code": "247700057",
    "departement_code": "77",
    "region_code": "11",
    "postal_code": "77950"
  },
  {
    "name": "Saint-Germain-sous-Doue",
    "code": "77411",
    "epci_code": "200072544",
    "departement_code": "77",
    "region_code": "11",
    "postal_code": "77169"
  },
  {
    "name": "Saint-Germain-sur-École",
    "code": "77412",
    "epci_code": "200072346",
    "departement_code": "77",
    "region_code": "11",
    "postal_code": "77930"
  },
  {
    "name": "Saint-Germain-sur-Morin",
    "code": "77413",
    "epci_code": "247700339",
    "departement_code": "77",
    "region_code": "11",
    "postal_code": "77860"
  },
  {
    "name": "Saint-Hilliers",
    "code": "77414",
    "epci_code": "200037133",
    "departement_code": "77",
    "region_code": "11",
    "postal_code": "77160"
  },
  {
    "name": "Saint-Jean-les-Deux-Jumeaux",
    "code": "77415",
    "epci_code": "200090504",
    "departement_code": "77",
    "region_code": "11",
    "postal_code": "77660"
  },
  {
    "name": "Saint-Just-en-Brie",
    "code": "77416",
    "epci_code": "247700701",
    "departement_code": "77",
    "region_code": "11",
    "postal_code": "77370"
  },
  {
    "name": "Saint-Léger",
    "code": "77417",
    "epci_code": "200072544",
    "departement_code": "77",
    "region_code": "11",
    "postal_code": "77510"
  },
  {
    "name": "Saint-Loup-de-Naud",
    "code": "77418",
    "epci_code": "200037133",
    "departement_code": "77",
    "region_code": "11",
    "postal_code": "77650"
  },
  {
    "name": "Saint-Mammès",
    "code": "77419",
    "epci_code": "247700032",
    "departement_code": "77",
    "region_code": "11",
    "postal_code": "77670"
  },
  {
    "name": "Saint-Mard",
    "code": "77420",
    "epci_code": "200055655",
    "departement_code": "77",
    "region_code": "11",
    "postal_code": "77230"
  },
  {
    "name": "Saint-Mars-Vieux-Maisons",
    "code": "77421",
    "epci_code": "200072544",
    "departement_code": "77",
    "region_code": "11",
    "postal_code": "77320"
  },
  {
    "name": "Saint-Martin-des-Champs",
    "code": "77423",
    "epci_code": "200072544",
    "departement_code": "77",
    "region_code": "11",
    "postal_code": "77320"
  },
  {
    "name": "Saint-Martin-du-Boschet",
    "code": "77424",
    "epci_code": "200037133",
    "departement_code": "77",
    "region_code": "11",
    "postal_code": "77320"
  },
  {
    "name": "Saint-Martin-en-Bière",
    "code": "77425",
    "epci_code": "200072346",
    "departement_code": "77",
    "region_code": "11",
    "postal_code": "77630"
  },
  {
    "name": "Saint-Méry",
    "code": "77426",
    "epci_code": "200070779",
    "departement_code": "77",
    "region_code": "11",
    "postal_code": "77720"
  },
  {
    "name": "Saint-Mesmes",
    "code": "77427",
    "epci_code": "200033090",
    "departement_code": "77",
    "region_code": "11",
    "postal_code": "77410"
  },
  {
    "name": "Saint-Ouen-en-Brie",
    "code": "77428",
    "epci_code": "247700701",
    "departement_code": "77",
    "region_code": "11",
    "postal_code": "77720"
  },
  {
    "name": "Saint-Ouen-sur-Morin",
    "code": "77429",
    "epci_code": "200072544",
    "departement_code": "77",
    "region_code": "11",
    "postal_code": "77750"
  },
  {
    "name": "Saint-Pathus",
    "code": "77430",
    "epci_code": "200033090",
    "departement_code": "77",
    "region_code": "11",
    "postal_code": "77178"
  },
  {
    "name": "Saint-Pierre-lès-Nemours",
    "code": "77431",
    "epci_code": "200023240",
    "departement_code": "77",
    "region_code": "11",
    "postal_code": "77140"
  },
  {
    "name": "Saint-Rémy-de-la-Vanne",
    "code": "77432",
    "epci_code": "200072544",
    "departement_code": "77",
    "region_code": "11",
    "postal_code": "77320"
  },
  {
    "name": "Beautheil-Saints",
    "code": "77433",
    "epci_code": "200090504",
    "departement_code": "77",
    "region_code": "11",
    "postal_code": "77120"
  },
  {
    "name": "Saint-Sauveur-lès-Bray",
    "code": "77434",
    "epci_code": "200040251",
    "departement_code": "77",
    "region_code": "11",
    "postal_code": "77480"
  },
  {
    "name": "Saint-Sauveur-sur-École",
    "code": "77435",
    "epci_code": "200072346",
    "departement_code": "77",
    "region_code": "11",
    "postal_code": "77930"
  },
  {
    "name": "Saint-Siméon",
    "code": "77436",
    "epci_code": "200072544",
    "departement_code": "77",
    "region_code": "11",
    "postal_code": "77169"
  },
  {
    "name": "Saint-Soupplets",
    "code": "77437",
    "epci_code": "200072130",
    "departement_code": "77",
    "region_code": "11",
    "postal_code": "77165"
  },
  {
    "name": "Saint-Thibault-des-Vignes",
    "code": "77438",
    "epci_code": "247700594",
    "departement_code": "77",
    "region_code": "11",
    "postal_code": "77400"
  },
  {
    "name": "Salins",
    "code": "77439",
    "epci_code": "247700107",
    "departement_code": "77",
    "region_code": "11",
    "postal_code": "77148"
  },
  {
    "name": "Sammeron",
    "code": "77440",
    "epci_code": "200090504",
    "departement_code": "77",
    "region_code": "11",
    "postal_code": "77260"
  },
  {
    "name": "Samois-sur-Seine",
    "code": "77441",
    "epci_code": "200072346",
    "departement_code": "77",
    "region_code": "11",
    "postal_code": "77920"
  },
  {
    "name": "Samoreau",
    "code": "77442",
    "epci_code": "200072346",
    "departement_code": "77",
    "region_code": "11",
    "postal_code": "77210"
  },
  {
    "name": "Sancy",
    "code": "77443",
    "epci_code": "200090504",
    "departement_code": "77",
    "region_code": "11",
    "postal_code": "77580"
  },
  {
    "name": "Sancy-lès-Provins",
    "code": "77444",
    "epci_code": "200037133",
    "departement_code": "77",
    "region_code": "11",
    "postal_code": "77320"
  },
  {
    "name": "Savigny-le-Temple",
    "code": "77445",
    "epci_code": "200059228",
    "departement_code": "77",
    "region_code": "11",
    "postal_code": "77176"
  },
  {
    "name": "Savins",
    "code": "77446",
    "epci_code": "200040251",
    "departement_code": "77",
    "region_code": "11",
    "postal_code": "77650"
  },
  {
    "name": "Seine-Port",
    "code": "77447",
    "epci_code": "247700057",
    "departement_code": "77",
    "region_code": "11",
    "postal_code": "77240"
  },
  {
    "name": "Sept-Sorts",
    "code": "77448",
    "epci_code": "200090504",
    "departement_code": "77",
    "region_code": "11",
    "postal_code": "77260"
  },
  {
    "name": "Serris",
    "code": "77449",
    "epci_code": "247700339",
    "departement_code": "77",
    "region_code": "11",
    "postal_code": "77700"
  },
  {
    "name": "Servon",
    "code": "77450",
    "epci_code": "247700644",
    "departement_code": "77",
    "region_code": "11",
    "postal_code": "77170"
  },
  {
    "name": "Signy-Signets",
    "code": "77451",
    "epci_code": "200090504",
    "departement_code": "77",
    "region_code": "11",
    "postal_code": "77640"
  },
  {
    "name": "Sigy",
    "code": "77452",
    "epci_code": "200040251",
    "departement_code": "77",
    "region_code": "11",
    "postal_code": "77520"
  },
  {
    "name": "Sivry-Courtry",
    "code": "77453",
    "epci_code": "200070779",
    "departement_code": "77",
    "region_code": "11",
    "postal_code": "77115"
  },
  {
    "name": "Sognolles-en-Montois",
    "code": "77454",
    "epci_code": "200040251",
    "departement_code": "77",
    "region_code": "11",
    "postal_code": "77520"
  },
  {
    "name": "Soignolles-en-Brie",
    "code": "77455",
    "epci_code": "200070779",
    "departement_code": "77",
    "region_code": "11",
    "postal_code": "77111"
  },
  {
    "name": "Soisy-Bouy",
    "code": "77456",
    "epci_code": "200037133",
    "departement_code": "77",
    "region_code": "11",
    "postal_code": "77650"
  },
  {
    "name": "Solers",
    "code": "77457",
    "epci_code": "200070779",
    "departement_code": "77",
    "region_code": "11",
    "postal_code": "77111"
  },
  {
    "name": "Souppes-sur-Loing",
    "code": "77458",
    "epci_code": "200023919",
    "departement_code": "77",
    "region_code": "11",
    "postal_code": "77460"
  },
  {
    "name": "Sourdun",
    "code": "77459",
    "epci_code": "200037133",
    "departement_code": "77",
    "region_code": "11",
    "postal_code": "77171"
  },
  {
    "name": "Tancrou",
    "code": "77460",
    "epci_code": "247700065",
    "departement_code": "77",
    "region_code": "11",
    "postal_code": "77440"
  },
  {
    "name": "Thénisy",
    "code": "77461",
    "epci_code": "200040251",
    "departement_code": "77",
    "region_code": "11",
    "postal_code": "77520"
  },
  {
    "name": "Thieux",
    "code": "77462",
    "epci_code": "200055655",
    "departement_code": "77",
    "region_code": "11",
    "postal_code": "77230"
  },
  {
    "name": "Thomery",
    "code": "77463",
    "epci_code": "247700032",
    "departement_code": "77",
    "region_code": "11",
    "postal_code": "77810"
  },
  {
    "name": "Thorigny-sur-Marne",
    "code": "77464",
    "epci_code": "247700594",
    "departement_code": "77",
    "region_code": "11",
    "postal_code": "77400"
  },
  {
    "name": "Thoury-Férottes",
    "code": "77465",
    "epci_code": "247700107",
    "departement_code": "77",
    "region_code": "11",
    "postal_code": "77940"
  },
  {
    "name": "Tigeaux",
    "code": "77466",
    "epci_code": "200090504",
    "departement_code": "77",
    "region_code": "11",
    "postal_code": "77163"
  },
  {
    "name": "La Tombe",
    "code": "77467",
    "epci_code": "200040251",
    "departement_code": "77",
    "region_code": "11",
    "postal_code": "77130"
  },
  {
    "name": "Torcy",
    "code": "77468",
    "epci_code": "200057958",
    "departement_code": "77",
    "region_code": "11",
    "postal_code": "77200"
  },
  {
    "name": "Touquin",
    "code": "77469",
    "epci_code": "200090504",
    "departement_code": "77",
    "region_code": "11",
    "postal_code": "77131"
  },
  {
    "name": "Tournan-en-Brie",
    "code": "77470",
    "epci_code": "200023125",
    "departement_code": "77",
    "region_code": "11",
    "postal_code": "77220"
  },
  {
    "name": "Tousson",
    "code": "77471",
    "epci_code": "200072346",
    "departement_code": "77",
    "region_code": "11",
    "postal_code": "77123"
  },
  {
    "name": "La Trétoire",
    "code": "77472",
    "epci_code": "200072544",
    "departement_code": "77",
    "region_code": "11",
    "postal_code": "77510"
  },
  {
    "name": "Treuzy-Levelay",
    "code": "77473",
    "epci_code": "247700032",
    "departement_code": "77",
    "region_code": "11",
    "postal_code": "77710"
  },
  {
    "name": "Trilbardou",
    "code": "77474",
    "epci_code": "200072130",
    "departement_code": "77",
    "region_code": "11",
    "postal_code": "77450"
  },
  {
    "name": "Trilport",
    "code": "77475",
    "epci_code": "200072130",
    "departement_code": "77",
    "region_code": "11",
    "postal_code": "77470"
  },
  {
    "name": "Trocy-en-Multien",
    "code": "77476",
    "epci_code": "247700065",
    "departement_code": "77",
    "region_code": "11",
    "postal_code": "77440"
  },
  {
    "name": "Ury",
    "code": "77477",
    "epci_code": "200072346",
    "departement_code": "77",
    "region_code": "11",
    "postal_code": "77760"
  },
  {
    "name": "Ussy-sur-Marne",
    "code": "77478",
    "epci_code": "200090504",
    "departement_code": "77",
    "region_code": "11",
    "postal_code": "77260"
  },
  {
    "name": "Vaires-sur-Marne",
    "code": "77479",
    "epci_code": "200057958",
    "departement_code": "77",
    "region_code": "11",
    "postal_code": "77360"
  },
  {
    "name": "Valence-en-Brie",
    "code": "77480",
    "epci_code": "200070779",
    "departement_code": "77",
    "region_code": "11",
    "postal_code": "77830"
  },
  {
    "name": "Vanvillé",
    "code": "77481",
    "epci_code": "247700701",
    "departement_code": "77",
    "region_code": "11",
    "postal_code": "77370"
  },
  {
    "name": "Varennes-sur-Seine",
    "code": "77482",
    "epci_code": "247700107",
    "departement_code": "77",
    "region_code": "11",
    "postal_code": "77130"
  },
  {
    "name": "Varreddes",
    "code": "77483",
    "epci_code": "200072130",
    "departement_code": "77",
    "region_code": "11",
    "postal_code": "77910"
  },
  {
    "name": "Vaucourtois",
    "code": "77484",
    "epci_code": "200090504",
    "departement_code": "77",
    "region_code": "11",
    "postal_code": "77580"
  },
  {
    "name": "Le Vaudoué",
    "code": "77485",
    "epci_code": "200072346",
    "departement_code": "77",
    "region_code": "11",
    "postal_code": "77123"
  },
  {
    "name": "Vaudoy-en-Brie",
    "code": "77486",
    "epci_code": "200072874",
    "departement_code": "77",
    "region_code": "11",
    "postal_code": "77141"
  },
  {
    "name": "Vaux-le-Pénil",
    "code": "77487",
    "epci_code": "247700057",
    "departement_code": "77",
    "region_code": "11",
    "postal_code": "77000"
  },
  {
    "name": "Vaux-sur-Lunain",
    "code": "77489",
    "epci_code": "200023919",
    "departement_code": "77",
    "region_code": "11",
    "postal_code": "77710"
  },
  {
    "name": "Vendrest",
    "code": "77490",
    "epci_code": "247700065",
    "departement_code": "77",
    "region_code": "11",
    "postal_code": "77440"
  },
  {
    "name": "Verdelot",
    "code": "77492",
    "epci_code": "200072544",
    "departement_code": "77",
    "region_code": "11",
    "postal_code": "77510"
  },
  {
    "name": "Verneuil-lՃtang",
    "code": "77493",
    "epci_code": "247700701",
    "departement_code": "77",
    "region_code": "11",
    "postal_code": "77390"
  },
  {
    "name": "Vernou-la-Celle-sur-Seine",
    "code": "77494",
    "epci_code": "247700032",
    "departement_code": "77",
    "region_code": "11",
    "postal_code": "77670"
  },
  {
    "name": "Vert-Saint-Denis",
    "code": "77495",
    "epci_code": "200059228",
    "departement_code": "77",
    "region_code": "11",
    "postal_code": "77240"
  },
  {
    "name": "Vieux-Champagne",
    "code": "77496",
    "epci_code": "247700701",
    "departement_code": "77",
    "region_code": "11",
    "postal_code": "77370"
  },
  {
    "name": "Vignely",
    "code": "77498",
    "epci_code": "200072130",
    "departement_code": "77",
    "region_code": "11",
    "postal_code": "77450"
  },
  {
    "name": "Villebéon",
    "code": "77500",
    "epci_code": "200023919",
    "departement_code": "77",
    "region_code": "11",
    "postal_code": "77710"
  },
  {
    "name": "Villecerf",
    "code": "77501",
    "epci_code": "247700032",
    "departement_code": "77",
    "region_code": "11",
    "postal_code": "77250"
  },
  {
    "name": "Villemaréchal",
    "code": "77504",
    "epci_code": "247700032",
    "departement_code": "77",
    "region_code": "11",
    "postal_code": "77710"
  },
  {
    "name": "Villemareuil",
    "code": "77505",
    "epci_code": "200072130",
    "departement_code": "77",
    "region_code": "11",
    "postal_code": "77470"
  },
  {
    "name": "Villemer",
    "code": "77506",
    "epci_code": "247700032",
    "departement_code": "77",
    "region_code": "11",
    "postal_code": "77250"
  },
  {
    "name": "Villenauxe-la-Petite",
    "code": "77507",
    "epci_code": "200040251",
    "departement_code": "77",
    "region_code": "11",
    "postal_code": "77480"
  },
  {
    "name": "Villeneuve-le-Comte",
    "code": "77508",
    "epci_code": "247700339",
    "departement_code": "77",
    "region_code": "11",
    "postal_code": "77174"
  },
  {
    "name": "Villeneuve-les-Bordes",
    "code": "77509",
    "epci_code": "200040251",
    "departement_code": "77",
    "region_code": "11",
    "postal_code": "77154"
  },
  {
    "name": "Villeneuve-Saint-Denis",
    "code": "77510",
    "epci_code": "247700339",
    "departement_code": "77",
    "region_code": "11",
    "postal_code": "77174"
  },
  {
    "name": "Villeneuve-sous-Dammartin",
    "code": "77511",
    "epci_code": "200055655",
    "departement_code": "77",
    "region_code": "11",
    "postal_code": "77230"
  },
  {
    "name": "Villeneuve-sur-Bellot",
    "code": "77512",
    "epci_code": "200072544",
    "departement_code": "77",
    "region_code": "11",
    "postal_code": "77510"
  },
  {
    "name": "Villenoy",
    "code": "77513",
    "epci_code": "200072130",
    "departement_code": "77",
    "region_code": "11",
    "postal_code": "77124"
  },
  {
    "name": "Villeparisis",
    "code": "77514",
    "epci_code": "200055655",
    "departement_code": "77",
    "region_code": "11",
    "postal_code": "77270"
  },
  {
    "name": "Villeroy",
    "code": "77515",
    "epci_code": "200033090",
    "departement_code": "77",
    "region_code": "11",
    "postal_code": "77410"
  },
  {
    "name": "Ville-Saint-Jacques",
    "code": "77516",
    "epci_code": "247700032",
    "departement_code": "77",
    "region_code": "11",
    "postal_code": "77130"
  },
  {
    "name": "Villevaudé",
    "code": "77517",
    "epci_code": "200033090",
    "departement_code": "77",
    "region_code": "11",
    "postal_code": "77410"
  },
  {
    "name": "Villiers-en-Bière",
    "code": "77518",
    "epci_code": "247700057",
    "departement_code": "77",
    "region_code": "11",
    "postal_code": "77190"
  },
  {
    "name": "Villiers-Saint-Georges",
    "code": "77519",
    "epci_code": "200037133",
    "departement_code": "77",
    "region_code": "11",
    "postal_code": "77560"
  },
  {
    "name": "Villiers-sous-Grez",
    "code": "77520",
    "epci_code": "200023240",
    "departement_code": "77",
    "region_code": "11",
    "postal_code": "77760"
  },
  {
    "name": "Villiers-sur-Morin",
    "code": "77521",
    "epci_code": "200090504",
    "departement_code": "77",
    "region_code": "11",
    "postal_code": "77580"
  },
  {
    "name": "Villiers-sur-Seine",
    "code": "77522",
    "epci_code": "200040251",
    "departement_code": "77",
    "region_code": "11",
    "postal_code": "77114"
  },
  {
    "name": "Villuis",
    "code": "77523",
    "epci_code": "200040251",
    "departement_code": "77",
    "region_code": "11",
    "postal_code": "77480"
  },
  {
    "name": "Vimpelles",
    "code": "77524",
    "epci_code": "200040251",
    "departement_code": "77",
    "region_code": "11",
    "postal_code": "77520"
  },
  {
    "name": "Vinantes",
    "code": "77525",
    "epci_code": "200033090",
    "departement_code": "77",
    "region_code": "11",
    "postal_code": "77230"
  },
  {
    "name": "Vincy-Manœuvre",
    "code": "77526",
    "epci_code": "247700065",
    "departement_code": "77",
    "region_code": "11",
    "postal_code": "77139"
  },
  {
    "name": "Voinsles",
    "code": "77527",
    "epci_code": "200072874",
    "departement_code": "77",
    "region_code": "11",
    "postal_code": "77540"
  },
  {
    "name": "Voisenon",
    "code": "77528",
    "epci_code": "247700057",
    "departement_code": "77",
    "region_code": "11",
    "postal_code": "77950"
  },
  {
    "name": "Voulangis",
    "code": "77529",
    "epci_code": "200090504",
    "departement_code": "77",
    "region_code": "11",
    "postal_code": "77580"
  },
  {
    "name": "Voulton",
    "code": "77530",
    "epci_code": "200037133",
    "departement_code": "77",
    "region_code": "11",
    "postal_code": "77560"
  },
  {
    "name": "Voulx",
    "code": "77531",
    "epci_code": "247700107",
    "departement_code": "77",
    "region_code": "11",
    "postal_code": "77940"
  },
  {
    "name": "Vulaines-lès-Provins",
    "code": "77532",
    "epci_code": "200037133",
    "departement_code": "77",
    "region_code": "11",
    "postal_code": "77160"
  },
  {
    "name": "Vulaines-sur-Seine",
    "code": "77533",
    "epci_code": "200072346",
    "departement_code": "77",
    "region_code": "11",
    "postal_code": "77870"
  },
  {
    "name": "Yèbles",
    "code": "77534",
    "epci_code": "200070779",
    "departement_code": "77",
    "region_code": "11",
    "postal_code": "77390"
  }
]