[
  {
    "name": "Abzac",
    "code": "16001",
    "epci_code": "200072049",
    "departement_code": "16",
    "region_code": "75",
    "postal_code": "16500"
  },
  {
    "name": "Les Adjots",
    "code": "16002",
    "epci_code": "200043016",
    "departement_code": "16",
    "region_code": "75",
    "postal_code": "16700"
  },
  {
    "name": "Agris",
    "code": "16003",
    "epci_code": "200068914",
    "departement_code": "16",
    "region_code": "75",
    "postal_code": "16110"
  },
  {
    "name": "Aigre",
    "code": "16005",
    "epci_code": "200072023",
    "departement_code": "16",
    "region_code": "75",
    "postal_code": "16140"
  },
  {
    "name": "Alloue",
    "code": "16007",
    "epci_code": "200072049",
    "departement_code": "16",
    "region_code": "75",
    "postal_code": "16490"
  },
  {
    "name": "Ambérac",
    "code": "16008",
    "epci_code": "200072023",
    "departement_code": "16",
    "region_code": "75",
    "postal_code": "16140"
  },
  {
    "name": "Ambernac",
    "code": "16009",
    "epci_code": "200072049",
    "departement_code": "16",
    "region_code": "75",
    "postal_code": "16490"
  },
  {
    "name": "Anais",
    "code": "16011",
    "epci_code": "200072023",
    "departement_code": "16",
    "region_code": "75",
    "postal_code": "16560"
  },
  {
    "name": "Angeac-Champagne",
    "code": "16012",
    "epci_code": "200070514",
    "departement_code": "16",
    "region_code": "75",
    "postal_code": "16130"
  },
  {
    "name": "Angeac-Charente",
    "code": "16013",
    "epci_code": "200070514",
    "departement_code": "16",
    "region_code": "75",
    "postal_code": "16120"
  },
  {
    "name": "Angeduc",
    "code": "16014",
    "epci_code": "200029734",
    "departement_code": "16",
    "region_code": "75",
    "postal_code": "16300"
  },
  {
    "name": "Angoulême",
    "code": "16015",
    "epci_code": "200071827",
    "departement_code": "16",
    "region_code": "75",
    "postal_code": "16000"
  },
  {
    "name": "Ansac-sur-Vienne",
    "code": "16016",
    "epci_code": "200072049",
    "departement_code": "16",
    "region_code": "75",
    "postal_code": "16500"
  },
  {
    "name": "Ars",
    "code": "16018",
    "epci_code": "200070514",
    "departement_code": "16",
    "region_code": "75",
    "postal_code": "16130"
  },
  {
    "name": "Asnières-sur-Nouère",
    "code": "16019",
    "epci_code": "200071827",
    "departement_code": "16",
    "region_code": "75",
    "postal_code": "16290"
  },
  {
    "name": "Aubeterre-sur-Dronne",
    "code": "16020",
    "epci_code": "200070282",
    "departement_code": "16",
    "region_code": "75",
    "postal_code": "16390"
  },
  {
    "name": "Aunac-sur-Charente",
    "code": "16023",
    "epci_code": "200072023",
    "departement_code": "16",
    "region_code": "75",
    "postal_code": "16460"
  },
  {
    "name": "Aussac-Vadalle",
    "code": "16024",
    "epci_code": "200072023",
    "departement_code": "16",
    "region_code": "75",
    "postal_code": "16560"
  },
  {
    "name": "Baignes-Sainte-Radegonde",
    "code": "16025",
    "epci_code": "200029734",
    "departement_code": "16",
    "region_code": "75",
    "postal_code": "16360"
  },
  {
    "name": "Balzac",
    "code": "16026",
    "epci_code": "200071827",
    "departement_code": "16",
    "region_code": "75",
    "postal_code": "16430"
  },
  {
    "name": "Barbezières",
    "code": "16027",
    "epci_code": "200072023",
    "departement_code": "16",
    "region_code": "75",
    "postal_code": "16140"
  },
  {
    "name": "Barbezieux-Saint-Hilaire",
    "code": "16028",
    "epci_code": "200029734",
    "departement_code": "16",
    "region_code": "75",
    "postal_code": "16300"
  },
  {
    "name": "Bardenac",
    "code": "16029",
    "epci_code": "200070282",
    "departement_code": "16",
    "region_code": "75",
    "postal_code": "16210"
  },
  {
    "name": "Barret",
    "code": "16030",
    "epci_code": "200029734",
    "departement_code": "16",
    "region_code": "75",
    "postal_code": "16300"
  },
  {
    "name": "Barro",
    "code": "16031",
    "epci_code": "200043016",
    "departement_code": "16",
    "region_code": "75",
    "postal_code": "16700"
  },
  {
    "name": "Bassac",
    "code": "16032",
    "epci_code": "200070514",
    "departement_code": "16",
    "region_code": "75",
    "postal_code": "16120"
  },
  {
    "name": "Bazac",
    "code": "16034",
    "epci_code": "200070282",
    "departement_code": "16",
    "region_code": "75",
    "postal_code": "16210"
  },
  {
    "name": "Beaulieu-sur-Sonnette",
    "code": "16035",
    "epci_code": "200072049",
    "departement_code": "16",
    "region_code": "75",
    "postal_code": "16450"
  },
  {
    "name": "Bécheresse",
    "code": "16036",
    "epci_code": "200029734",
    "departement_code": "16",
    "region_code": "75",
    "postal_code": "16250"
  },
  {
    "name": "Bellon",
    "code": "16037",
    "epci_code": "200070282",
    "departement_code": "16",
    "region_code": "75",
    "postal_code": "16210"
  },
  {
    "name": "Benest",
    "code": "16038",
    "epci_code": "200072049",
    "departement_code": "16",
    "region_code": "75",
    "postal_code": "16350"
  },
  {
    "name": "Bernac",
    "code": "16039",
    "epci_code": "200043016",
    "departement_code": "16",
    "region_code": "75",
    "postal_code": "16700"
  },
  {
    "name": "Berneuil",
    "code": "16040",
    "epci_code": "200029734",
    "departement_code": "16",
    "region_code": "75",
    "postal_code": "16480"
  },
  {
    "name": "Bessac",
    "code": "16041",
    "epci_code": "200070282",
    "departement_code": "16",
    "region_code": "75",
    "postal_code": "16250"
  },
  {
    "name": "Bessé",
    "code": "16042",
    "epci_code": "200072023",
    "departement_code": "16",
    "region_code": "75",
    "postal_code": "16140"
  },
  {
    "name": "Bioussac",
    "code": "16044",
    "epci_code": "200043016",
    "departement_code": "16",
    "region_code": "75",
    "postal_code": "16700"
  },
  {
    "name": "Birac",
    "code": "16045",
    "epci_code": "200070514",
    "departement_code": "16",
    "region_code": "75",
    "postal_code": "16120"
  },
  {
    "name": "Coteaux-du-Blanzacais",
    "code": "16046",
    "epci_code": "200029734",
    "departement_code": "16",
    "region_code": "75",
    "postal_code": "16250"
  },
  {
    "name": "Blanzaguet-Saint-Cybard",
    "code": "16047",
    "epci_code": "200070282",
    "departement_code": "16",
    "region_code": "75",
    "postal_code": "16320"
  },
  {
    "name": "Boisbreteau",
    "code": "16048",
    "epci_code": "200029734",
    "departement_code": "16",
    "region_code": "75",
    "postal_code": "16480"
  },
  {
    "name": "Bonnes",
    "code": "16049",
    "epci_code": "200070282",
    "departement_code": "16",
    "region_code": "75",
    "postal_code": "16390"
  },
  {
    "name": "Bonneuil",
    "code": "16050",
    "epci_code": "200070514",
    "departement_code": "16",
    "region_code": "75",
    "postal_code": "16120"
  },
  {
    "name": "Bors (Canton de Tude-et-Lavalette)",
    "code": "16052",
    "epci_code": "200070282",
    "departement_code": "16",
    "region_code": "75",
    "postal_code": "16190"
  },
  {
    "name": "Bors (Canton de Charente-Sud)",
    "code": "16053",
    "epci_code": "200029734",
    "departement_code": "16",
    "region_code": "75",
    "postal_code": "16360"
  },
  {
    "name": "Le Bouchage",
    "code": "16054",
    "epci_code": "200072049",
    "departement_code": "16",
    "region_code": "75",
    "postal_code": "16350"
  },
  {
    "name": "Bouëx",
    "code": "16055",
    "epci_code": "200071827",
    "departement_code": "16",
    "region_code": "75",
    "postal_code": "16410"
  },
  {
    "name": "Bourg-Charente",
    "code": "16056",
    "epci_code": "200070514",
    "departement_code": "16",
    "region_code": "75",
    "postal_code": "16200"
  },
  {
    "name": "Bouteville",
    "code": "16057",
    "epci_code": "200070514",
    "departement_code": "16",
    "region_code": "75",
    "postal_code": "16120"
  },
  {
    "name": "Boutiers-Saint-Trojan",
    "code": "16058",
    "epci_code": "200070514",
    "departement_code": "16",
    "region_code": "75",
    "postal_code": "16100"
  },
  {
    "name": "Brettes",
    "code": "16059",
    "epci_code": "200043016",
    "departement_code": "16",
    "region_code": "75",
    "postal_code": "16240"
  },
  {
    "name": "Bréville",
    "code": "16060",
    "epci_code": "200070514",
    "departement_code": "16",
    "region_code": "75",
    "postal_code": "16370"
  },
  {
    "name": "Brie",
    "code": "16061",
    "epci_code": "200071827",
    "departement_code": "16",
    "region_code": "75",
    "postal_code": "16590"
  },
  {
    "name": "Brie-sous-Barbezieux",
    "code": "16062",
    "epci_code": "200029734",
    "departement_code": "16",
    "region_code": "75",
    "postal_code": "16300"
  },
  {
    "name": "Brie-sous-Chalais",
    "code": "16063",
    "epci_code": "200070282",
    "departement_code": "16",
    "region_code": "75",
    "postal_code": "16210"
  },
  {
    "name": "Brigueuil",
    "code": "16064",
    "epci_code": "200072049",
    "departement_code": "16",
    "region_code": "75",
    "postal_code": "16420"
  },
  {
    "name": "Brillac",
    "code": "16065",
    "epci_code": "200072049",
    "departement_code": "16",
    "region_code": "75",
    "postal_code": "16500"
  },
  {
    "name": "Brossac",
    "code": "16066",
    "epci_code": "200029734",
    "departement_code": "16",
    "region_code": "75",
    "postal_code": "16480"
  },
  {
    "name": "Bunzac",
    "code": "16067",
    "epci_code": "200068914",
    "departement_code": "16",
    "region_code": "75",
    "postal_code": "16110"
  },
  {
    "name": "Cellefrouin",
    "code": "16068",
    "epci_code": "200072023",
    "departement_code": "16",
    "region_code": "75",
    "postal_code": "16260"
  },
  {
    "name": "Cellettes",
    "code": "16069",
    "epci_code": "200072023",
    "departement_code": "16",
    "region_code": "75",
    "postal_code": "16230"
  },
  {
    "name": "Chabanais",
    "code": "16070",
    "epci_code": "200072049",
    "departement_code": "16",
    "region_code": "75",
    "postal_code": "16150"
  },
  {
    "name": "Chabrac",
    "code": "16071",
    "epci_code": "200072049",
    "departement_code": "16",
    "region_code": "75",
    "postal_code": "16150"
  },
  {
    "name": "Chadurie",
    "code": "16072",
    "epci_code": "200070282",
    "departement_code": "16",
    "region_code": "75",
    "postal_code": "16250"
  },
  {
    "name": "Chalais",
    "code": "16073",
    "epci_code": "200070282",
    "departement_code": "16",
    "region_code": "75",
    "postal_code": "16210"
  },
  {
    "name": "Challignac",
    "code": "16074",
    "epci_code": "200029734",
    "departement_code": "16",
    "region_code": "75",
    "postal_code": "16300"
  },
  {
    "name": "Champagne-Vigny",
    "code": "16075",
    "epci_code": "200029734",
    "departement_code": "16",
    "region_code": "75",
    "postal_code": "16250"
  },
  {
    "name": "Champagne-Mouton",
    "code": "16076",
    "epci_code": "200072049",
    "departement_code": "16",
    "region_code": "75",
    "postal_code": "16350"
  },
  {
    "name": "Champmillon",
    "code": "16077",
    "epci_code": "200070514",
    "departement_code": "16",
    "region_code": "75",
    "postal_code": "16290"
  },
  {
    "name": "Champniers",
    "code": "16078",
    "epci_code": "200071827",
    "departement_code": "16",
    "region_code": "75",
    "postal_code": "16430"
  },
  {
    "name": "Chantillac",
    "code": "16079",
    "epci_code": "200029734",
    "departement_code": "16",
    "region_code": "75",
    "postal_code": "16360"
  },
  {
    "name": "La Chapelle",
    "code": "16081",
    "epci_code": "200072023",
    "departement_code": "16",
    "region_code": "75",
    "postal_code": "16140"
  },
  {
    "name": "Boisné-La Tude",
    "code": "16082",
    "epci_code": "200070282",
    "departement_code": "16",
    "region_code": "75",
    "postal_code": "16320"
  },
  {
    "name": "Charmé",
    "code": "16083",
    "epci_code": "200072023",
    "departement_code": "16",
    "region_code": "75",
    "postal_code": "16140"
  },
  {
    "name": "Charras",
    "code": "16084",
    "epci_code": "200068914",
    "departement_code": "16",
    "region_code": "75",
    "postal_code": "16380"
  },
  {
    "name": "Chasseneuil-sur-Bonnieure",
    "code": "16085",
    "epci_code": "200072049",
    "departement_code": "16",
    "region_code": "75",
    "postal_code": "16260"
  },
  {
    "name": "Chassenon",
    "code": "16086",
    "epci_code": "200072049",
    "departement_code": "16",
    "region_code": "75",
    "postal_code": "16150"
  },
  {
    "name": "Chassiecq",
    "code": "16087",
    "epci_code": "200072049",
    "departement_code": "16",
    "region_code": "75",
    "postal_code": "16350"
  },
  {
    "name": "Chassors",
    "code": "16088",
    "epci_code": "200070514",
    "departement_code": "16",
    "region_code": "75",
    "postal_code": "16200"
  },
  {
    "name": "Châteaubernard",
    "code": "16089",
    "epci_code": "200070514",
    "departement_code": "16",
    "region_code": "75",
    "postal_code": "16100"
  },
  {
    "name": "Châteauneuf-sur-Charente",
    "code": "16090",
    "epci_code": "200070514",
    "departement_code": "16",
    "region_code": "75",
    "postal_code": "16120"
  },
  {
    "name": "Châtignac",
    "code": "16091",
    "epci_code": "200070282",
    "departement_code": "16",
    "region_code": "75",
    "postal_code": "16480"
  },
  {
    "name": "Chazelles",
    "code": "16093",
    "epci_code": "200068914",
    "departement_code": "16",
    "region_code": "75",
    "postal_code": "16380"
  },
  {
    "name": "Chenon",
    "code": "16095",
    "epci_code": "200072023",
    "departement_code": "16",
    "region_code": "75",
    "postal_code": "16460"
  },
  {
    "name": "Cherves-Châtelars",
    "code": "16096",
    "epci_code": "200072049",
    "departement_code": "16",
    "region_code": "75",
    "postal_code": "16310"
  },
  {
    "name": "Val-de-Cognac",
    "code": "16097",
    "epci_code": "200070514",
    "departement_code": "16",
    "region_code": "75",
    "postal_code": "16370"
  },
  {
    "name": "La Chèvrerie",
    "code": "16098",
    "epci_code": "200043016",
    "departement_code": "16",
    "region_code": "75",
    "postal_code": "16240"
  },
  {
    "name": "Chillac",
    "code": "16099",
    "epci_code": "200029734",
    "departement_code": "16",
    "region_code": "75",
    "postal_code": "16480"
  },
  {
    "name": "Chirac",
    "code": "16100",
    "epci_code": "200072049",
    "departement_code": "16",
    "region_code": "75",
    "postal_code": "16150"
  },
  {
    "name": "Claix",
    "code": "16101",
    "epci_code": "200071827",
    "departement_code": "16",
    "region_code": "75",
    "postal_code": "16440"
  },
  {
    "name": "Cognac",
    "code": "16102",
    "epci_code": "200070514",
    "departement_code": "16",
    "region_code": "75",
    "postal_code": "16100"
  },
  {
    "name": "Combiers",
    "code": "16103",
    "epci_code": "200070282",
    "departement_code": "16",
    "region_code": "75",
    "postal_code": "16320"
  },
  {
    "name": "Condac",
    "code": "16104",
    "epci_code": "200043016",
    "departement_code": "16",
    "region_code": "75",
    "postal_code": "16700"
  },
  {
    "name": "Condéon",
    "code": "16105",
    "epci_code": "200029734",
    "departement_code": "16",
    "region_code": "75",
    "postal_code": "16360"
  },
  {
    "name": "Confolens",
    "code": "16106",
    "epci_code": "200072049",
    "departement_code": "16",
    "region_code": "75",
    "postal_code": "16500"
  },
  {
    "name": "Coulgens",
    "code": "16107",
    "epci_code": "200068914",
    "departement_code": "16",
    "region_code": "75",
    "postal_code": "16560"
  },
  {
    "name": "Coulonges",
    "code": "16108",
    "epci_code": "200072023",
    "departement_code": "16",
    "region_code": "75",
    "postal_code": "16330"
  },
  {
    "name": "Courbillac",
    "code": "16109",
    "epci_code": "241600303",
    "departement_code": "16",
    "region_code": "75",
    "postal_code": "16200"
  },
  {
    "name": "Courcôme",
    "code": "16110",
    "epci_code": "200043016",
    "departement_code": "16",
    "region_code": "75",
    "postal_code": "16240"
  },
  {
    "name": "Courcôme",
    "code": "16110",
    "epci_code": "200043016",
    "departement_code": "16",
    "region_code": "75",
    "postal_code": "16700"
  },
  {
    "name": "Courgeac",
    "code": "16111",
    "epci_code": "200070282",
    "departement_code": "16",
    "region_code": "75",
    "postal_code": "16190"
  },
  {
    "name": "Courlac",
    "code": "16112",
    "epci_code": "200070282",
    "departement_code": "16",
    "region_code": "75",
    "postal_code": "16210"
  },
  {
    "name": "La Couronne",
    "code": "16113",
    "epci_code": "200071827",
    "departement_code": "16",
    "region_code": "75",
    "postal_code": "16400"
  },
  {
    "name": "Couture",
    "code": "16114",
    "epci_code": "200043016",
    "departement_code": "16",
    "region_code": "75",
    "postal_code": "16460"
  },
  {
    "name": "Criteuil-la-Magdeleine",
    "code": "16116",
    "epci_code": "200070514",
    "departement_code": "16",
    "region_code": "75",
    "postal_code": "16300"
  },
  {
    "name": "Curac",
    "code": "16117",
    "epci_code": "200070282",
    "departement_code": "16",
    "region_code": "75",
    "postal_code": "16210"
  },
  {
    "name": "Deviat",
    "code": "16118",
    "epci_code": "200070282",
    "departement_code": "16",
    "region_code": "75",
    "postal_code": "16190"
  },
  {
    "name": "Dignac",
    "code": "16119",
    "epci_code": "200071827",
    "departement_code": "16",
    "region_code": "75",
    "postal_code": "16410"
  },
  {
    "name": "Dirac",
    "code": "16120",
    "epci_code": "200071827",
    "departement_code": "16",
    "region_code": "75",
    "postal_code": "16410"
  },
  {
    "name": "Douzat",
    "code": "16121",
    "epci_code": "241600303",
    "departement_code": "16",
    "region_code": "75",
    "postal_code": "16290"
  },
  {
    "name": "Ébréon",
    "code": "16122",
    "epci_code": "200072023",
    "departement_code": "16",
    "region_code": "75",
    "postal_code": "16140"
  },
  {
    "name": "Échallat",
    "code": "16123",
    "epci_code": "241600303",
    "departement_code": "16",
    "region_code": "75",
    "postal_code": "16170"
  },
  {
    "name": "Écuras",
    "code": "16124",
    "epci_code": "200068914",
    "departement_code": "16",
    "region_code": "75",
    "postal_code": "16220"
  },
  {
    "name": "Édon",
    "code": "16125",
    "epci_code": "200070282",
    "departement_code": "16",
    "region_code": "75",
    "postal_code": "16320"
  },
  {
    "name": "Empuré",
    "code": "16127",
    "epci_code": "200043016",
    "departement_code": "16",
    "region_code": "75",
    "postal_code": "16240"
  },
  {
    "name": "Épenède",
    "code": "16128",
    "epci_code": "200072049",
    "departement_code": "16",
    "region_code": "75",
    "postal_code": "16490"
  },
  {
    "name": "Les Essards",
    "code": "16130",
    "epci_code": "200070282",
    "departement_code": "16",
    "region_code": "75",
    "postal_code": "16210"
  },
  {
    "name": "Esse",
    "code": "16131",
    "epci_code": "200072049",
    "departement_code": "16",
    "region_code": "75",
    "postal_code": "16500"
  },
  {
    "name": "Étagnac",
    "code": "16132",
    "epci_code": "200072049",
    "departement_code": "16",
    "region_code": "75",
    "postal_code": "16150"
  },
  {
    "name": "Étriac",
    "code": "16133",
    "epci_code": "200029734",
    "departement_code": "16",
    "region_code": "75",
    "postal_code": "16250"
  },
  {
    "name": "Exideuil-sur-Vienne",
    "code": "16134",
    "epci_code": "200072049",
    "departement_code": "16",
    "region_code": "75",
    "postal_code": "16150"
  },
  {
    "name": "Eymouthiers",
    "code": "16135",
    "epci_code": "200068914",
    "departement_code": "16",
    "region_code": "75",
    "postal_code": "16220"
  },
  {
    "name": "La Faye",
    "code": "16136",
    "epci_code": "200043016",
    "departement_code": "16",
    "region_code": "75",
    "postal_code": "16700"
  },
  {
    "name": "Feuillade",
    "code": "16137",
    "epci_code": "200068914",
    "departement_code": "16",
    "region_code": "75",
    "postal_code": "16380"
  },
  {
    "name": "Fléac",
    "code": "16138",
    "epci_code": "200071827",
    "departement_code": "16",
    "region_code": "75",
    "postal_code": "16730"
  },
  {
    "name": "Fleurac",
    "code": "16139",
    "epci_code": "200070514",
    "departement_code": "16",
    "region_code": "75",
    "postal_code": "16200"
  },
  {
    "name": "Fontenille",
    "code": "16141",
    "epci_code": "200072023",
    "departement_code": "16",
    "region_code": "75",
    "postal_code": "16230"
  },
  {
    "name": "La Forêt-de-Tessé",
    "code": "16142",
    "epci_code": "200043016",
    "departement_code": "16",
    "region_code": "75",
    "postal_code": "16240"
  },
  {
    "name": "Fouquebrune",
    "code": "16143",
    "epci_code": "200070282",
    "departement_code": "16",
    "region_code": "75",
    "postal_code": "16410"
  },
  {
    "name": "Fouqueure",
    "code": "16144",
    "epci_code": "200072023",
    "departement_code": "16",
    "region_code": "75",
    "postal_code": "16140"
  },
  {
    "name": "Foussignac",
    "code": "16145",
    "epci_code": "200070514",
    "departement_code": "16",
    "region_code": "75",
    "postal_code": "16200"
  },
  {
    "name": "Garat",
    "code": "16146",
    "epci_code": "200071827",
    "departement_code": "16",
    "region_code": "75",
    "postal_code": "16410"
  },
  {
    "name": "Genac-Bignac",
    "code": "16148",
    "epci_code": "241600303",
    "departement_code": "16",
    "region_code": "75",
    "postal_code": "16170"
  },
  {
    "name": "Gensac-la-Pallue",
    "code": "16150",
    "epci_code": "200070514",
    "departement_code": "16",
    "region_code": "75",
    "postal_code": "16130"
  },
  {
    "name": "Genté",
    "code": "16151",
    "epci_code": "200070514",
    "departement_code": "16",
    "region_code": "75",
    "postal_code": "16130"
  },
  {
    "name": "Gimeux",
    "code": "16152",
    "epci_code": "200070514",
    "departement_code": "16",
    "region_code": "75",
    "postal_code": "16130"
  },
  {
    "name": "Mainxe-Gondeville",
    "code": "16153",
    "epci_code": "200070514",
    "departement_code": "16",
    "region_code": "75",
    "postal_code": "16200"
  },
  {
    "name": "Gond-Pontouvre",
    "code": "16154",
    "epci_code": "200071827",
    "departement_code": "16",
    "region_code": "75",
    "postal_code": "16160"
  },
  {
    "name": "Les Gours",
    "code": "16155",
    "epci_code": "200072023",
    "departement_code": "16",
    "region_code": "75",
    "postal_code": "16140"
  },
  {
    "name": "Le Grand-Madieu",
    "code": "16157",
    "epci_code": "200072049",
    "departement_code": "16",
    "region_code": "75",
    "postal_code": "16450"
  },
  {
    "name": "Grassac",
    "code": "16158",
    "epci_code": "200068914",
    "departement_code": "16",
    "region_code": "75",
    "postal_code": "16380"
  },
  {
    "name": "Guimps",
    "code": "16160",
    "epci_code": "200029734",
    "departement_code": "16",
    "region_code": "75",
    "postal_code": "16300"
  },
  {
    "name": "Guizengeard",
    "code": "16161",
    "epci_code": "200029734",
    "departement_code": "16",
    "region_code": "75",
    "postal_code": "16480"
  },
  {
    "name": "Gurat",
    "code": "16162",
    "epci_code": "200070282",
    "departement_code": "16",
    "region_code": "75",
    "postal_code": "16320"
  },
  {
    "name": "Hiersac",
    "code": "16163",
    "epci_code": "200070514",
    "departement_code": "16",
    "region_code": "75",
    "postal_code": "16290"
  },
  {
    "name": "Hiesse",
    "code": "16164",
    "epci_code": "200072049",
    "departement_code": "16",
    "region_code": "75",
    "postal_code": "16490"
  },
  {
    "name": "Houlette",
    "code": "16165",
    "epci_code": "200070514",
    "departement_code": "16",
    "region_code": "75",
    "postal_code": "16200"
  },
  {
    "name": "L’Isle-d’Espagnac",
    "code": "16166",
    "epci_code": "200071827",
    "departement_code": "16",
    "region_code": "75",
    "postal_code": "16340"
  },
  {
    "name": "Jarnac",
    "code": "16167",
    "epci_code": "200070514",
    "departement_code": "16",
    "region_code": "75",
    "postal_code": "16200"
  },
  {
    "name": "Jauldes",
    "code": "16168",
    "epci_code": "200071827",
    "departement_code": "16",
    "region_code": "75",
    "postal_code": "16560"
  },
  {
    "name": "Javrezac",
    "code": "16169",
    "epci_code": "200070514",
    "departement_code": "16",
    "region_code": "75",
    "postal_code": "16100"
  },
  {
    "name": "Juignac",
    "code": "16170",
    "epci_code": "200070282",
    "departement_code": "16",
    "region_code": "75",
    "postal_code": "16190"
  },
  {
    "name": "Juillac-le-Coq",
    "code": "16171",
    "epci_code": "200070514",
    "departement_code": "16",
    "region_code": "75",
    "postal_code": "16130"
  },
  {
    "name": "Juillé",
    "code": "16173",
    "epci_code": "200072023",
    "departement_code": "16",
    "region_code": "75",
    "postal_code": "16230"
  },
  {
    "name": "Julienne",
    "code": "16174",
    "epci_code": "200070514",
    "departement_code": "16",
    "region_code": "75",
    "postal_code": "16200"
  },
  {
    "name": "Val des Vignes",
    "code": "16175",
    "epci_code": "200029734",
    "departement_code": "16",
    "region_code": "75",
    "postal_code": "16250"
  },
  {
    "name": "Lachaise",
    "code": "16176",
    "epci_code": "200029734",
    "departement_code": "16",
    "region_code": "75",
    "postal_code": "16300"
  },
  {
    "name": "Ladiville",
    "code": "16177",
    "epci_code": "200029734",
    "departement_code": "16",
    "region_code": "75",
    "postal_code": "16120"
  },
  {
    "name": "Lagarde-sur-le-Né",
    "code": "16178",
    "epci_code": "200029734",
    "departement_code": "16",
    "region_code": "75",
    "postal_code": "16300"
  },
  {
    "name": "Laprade",
    "code": "16180",
    "epci_code": "200070282",
    "departement_code": "16",
    "region_code": "75",
    "postal_code": "16390"
  },
  {
    "name": "Lessac",
    "code": "16181",
    "epci_code": "200072049",
    "departement_code": "16",
    "region_code": "75",
    "postal_code": "16500"
  },
  {
    "name": "Lesterps",
    "code": "16182",
    "epci_code": "200072049",
    "departement_code": "16",
    "region_code": "75",
    "postal_code": "16420"
  },
  {
    "name": "Lésignac-Durand",
    "code": "16183",
    "epci_code": "200072049",
    "departement_code": "16",
    "region_code": "75",
    "postal_code": "16310"
  },
  {
    "name": "Lichères",
    "code": "16184",
    "epci_code": "200072023",
    "departement_code": "16",
    "region_code": "75",
    "postal_code": "16460"
  },
  {
    "name": "Ligné",
    "code": "16185",
    "epci_code": "200072023",
    "departement_code": "16",
    "region_code": "75",
    "postal_code": "16140"
  },
  {
    "name": "Lignières-Ambleville",
    "code": "16186",
    "epci_code": "200070514",
    "departement_code": "16",
    "region_code": "75",
    "postal_code": "16130"
  },
  {
    "name": "Lignières-Ambleville",
    "code": "16186",
    "epci_code": "200070514",
    "departement_code": "16",
    "region_code": "75",
    "postal_code": "16300"
  },
  {
    "name": "Linars",
    "code": "16187",
    "epci_code": "200071827",
    "departement_code": "16",
    "region_code": "75",
    "postal_code": "16730"
  },
  {
    "name": "Le Lindois",
    "code": "16188",
    "epci_code": "200072049",
    "departement_code": "16",
    "region_code": "75",
    "postal_code": "16310"
  },
  {
    "name": "Londigny",
    "code": "16189",
    "epci_code": "200043016",
    "departement_code": "16",
    "region_code": "75",
    "postal_code": "16700"
  },
  {
    "name": "Longré",
    "code": "16190",
    "epci_code": "200043016",
    "departement_code": "16",
    "region_code": "75",
    "postal_code": "16240"
  },
  {
    "name": "Lonnes",
    "code": "16191",
    "epci_code": "200072023",
    "departement_code": "16",
    "region_code": "75",
    "postal_code": "16230"
  },
  {
    "name": "Terres-de-Haute-Charente",
    "code": "16192",
    "epci_code": "200072049",
    "departement_code": "16",
    "region_code": "75",
    "postal_code": "16270"
  },
  {
    "name": "Louzac-Saint-André",
    "code": "16193",
    "epci_code": "200070514",
    "departement_code": "16",
    "region_code": "75",
    "postal_code": "16100"
  },
  {
    "name": "Lupsault",
    "code": "16194",
    "epci_code": "200072023",
    "departement_code": "16",
    "region_code": "75",
    "postal_code": "16140"
  },
  {
    "name": "Lussac",
    "code": "16195",
    "epci_code": "200072049",
    "departement_code": "16",
    "region_code": "75",
    "postal_code": "16450"
  },
  {
    "name": "Luxé",
    "code": "16196",
    "epci_code": "200072023",
    "departement_code": "16",
    "region_code": "75",
    "postal_code": "16230"
  },
  {
    "name": "La Magdeleine",
    "code": "16197",
    "epci_code": "200043016",
    "departement_code": "16",
    "region_code": "75",
    "postal_code": "16240"
  },
  {
    "name": "Magnac-lès-Gardes",
    "code": "16198",
    "epci_code": "200070282",
    "departement_code": "16",
    "region_code": "75",
    "postal_code": "16320"
  },
  {
    "name": "Magnac-sur-Touvre",
    "code": "16199",
    "epci_code": "200071827",
    "departement_code": "16",
    "region_code": "75",
    "postal_code": "16600"
  },
  {
    "name": "Maine-de-Boixe",
    "code": "16200",
    "epci_code": "200072023",
    "departement_code": "16",
    "region_code": "75",
    "postal_code": "16230"
  },
  {
    "name": "Mainzac",
    "code": "16203",
    "epci_code": "200068914",
    "departement_code": "16",
    "region_code": "75",
    "postal_code": "16380"
  },
  {
    "name": "Bellevigne",
    "code": "16204",
    "epci_code": "200070514",
    "departement_code": "16",
    "region_code": "75",
    "postal_code": "16120"
  },
  {
    "name": "Manot",
    "code": "16205",
    "epci_code": "200072049",
    "departement_code": "16",
    "region_code": "75",
    "postal_code": "16500"
  },
  {
    "name": "Mansle-les-Fontaines",
    "code": "16206",
    "epci_code": "200072023",
    "departement_code": "16",
    "region_code": "75",
    "postal_code": "16230"
  },
  {
    "name": "Marcillac-Lanville",
    "code": "16207",
    "epci_code": "241600303",
    "departement_code": "16",
    "region_code": "75",
    "postal_code": "16140"
  },
  {
    "name": "Mareuil",
    "code": "16208",
    "epci_code": "241600303",
    "departement_code": "16",
    "region_code": "75",
    "postal_code": "16170"
  },
  {
    "name": "Marillac-le-Franc",
    "code": "16209",
    "epci_code": "200068914",
    "departement_code": "16",
    "region_code": "75",
    "postal_code": "16110"
  },
  {
    "name": "Marsac",
    "code": "16210",
    "epci_code": "200071827",
    "departement_code": "16",
    "region_code": "75",
    "postal_code": "16570"
  },
  {
    "name": "Marthon",
    "code": "16211",
    "epci_code": "200068914",
    "departement_code": "16",
    "region_code": "75",
    "postal_code": "16380"
  },
  {
    "name": "Massignac",
    "code": "16212",
    "epci_code": "200072049",
    "departement_code": "16",
    "region_code": "75",
    "postal_code": "16310"
  },
  {
    "name": "Mazerolles",
    "code": "16213",
    "epci_code": "200072049",
    "departement_code": "16",
    "region_code": "75",
    "postal_code": "16310"
  },
  {
    "name": "Médillac",
    "code": "16215",
    "epci_code": "200070282",
    "departement_code": "16",
    "region_code": "75",
    "postal_code": "16210"
  },
  {
    "name": "Mérignac",
    "code": "16216",
    "epci_code": "200070514",
    "departement_code": "16",
    "region_code": "75",
    "postal_code": "16200"
  },
  {
    "name": "Merpins",
    "code": "16217",
    "epci_code": "200070514",
    "departement_code": "16",
    "region_code": "75",
    "postal_code": "16100"
  },
  {
    "name": "Mesnac",
    "code": "16218",
    "epci_code": "200070514",
    "departement_code": "16",
    "region_code": "75",
    "postal_code": "16370"
  },
  {
    "name": "Les Métairies",
    "code": "16220",
    "epci_code": "200070514",
    "departement_code": "16",
    "region_code": "75",
    "postal_code": "16200"
  },
  {
    "name": "Mons",
    "code": "16221",
    "epci_code": "241600303",
    "departement_code": "16",
    "region_code": "75",
    "postal_code": "16140"
  },
  {
    "name": "Montboyer",
    "code": "16222",
    "epci_code": "200070282",
    "departement_code": "16",
    "region_code": "75",
    "postal_code": "16620"
  },
  {
    "name": "Montbron",
    "code": "16223",
    "epci_code": "200068914",
    "departement_code": "16",
    "region_code": "75",
    "postal_code": "16220"
  },
  {
    "name": "Montmérac",
    "code": "16224",
    "epci_code": "200029734",
    "departement_code": "16",
    "region_code": "75",
    "postal_code": "16300"
  },
  {
    "name": "Montembœuf",
    "code": "16225",
    "epci_code": "200072049",
    "departement_code": "16",
    "region_code": "75",
    "postal_code": "16310"
  },
  {
    "name": "Montignac-le-Coq",
    "code": "16227",
    "epci_code": "200070282",
    "departement_code": "16",
    "region_code": "75",
    "postal_code": "16390"
  },
  {
    "name": "Montjean",
    "code": "16229",
    "epci_code": "200043016",
    "departement_code": "16",
    "region_code": "75",
    "postal_code": "16240"
  },
  {
    "name": "Montmoreau",
    "code": "16230",
    "epci_code": "200070282",
    "departement_code": "16",
    "region_code": "75",
    "postal_code": "16190"
  },
  {
    "name": "Montrollet",
    "code": "16231",
    "epci_code": "200072049",
    "departement_code": "16",
    "region_code": "75",
    "postal_code": "16420"
  },
  {
    "name": "Mornac",
    "code": "16232",
    "epci_code": "200071827",
    "departement_code": "16",
    "region_code": "75",
    "postal_code": "16600"
  },
  {
    "name": "Mosnac-Saint-Simeux",
    "code": "16233",
    "epci_code": "200070514",
    "departement_code": "16",
    "region_code": "75",
    "postal_code": "16120"
  },
  {
    "name": "Moulidars",
    "code": "16234",
    "epci_code": "200070514",
    "departement_code": "16",
    "region_code": "75",
    "postal_code": "16290"
  },
  {
    "name": "Mouthiers-sur-Boëme",
    "code": "16236",
    "epci_code": "200071827",
    "departement_code": "16",
    "region_code": "75",
    "postal_code": "16440"
  },
  {
    "name": "Mouton",
    "code": "16237",
    "epci_code": "200072023",
    "departement_code": "16",
    "region_code": "75",
    "postal_code": "16460"
  },
  {
    "name": "Mouzon",
    "code": "16239",
    "epci_code": "200072049",
    "departement_code": "16",
    "region_code": "75",
    "postal_code": "16310"
  },
  {
    "name": "Nabinaud",
    "code": "16240",
    "epci_code": "200070282",
    "departement_code": "16",
    "region_code": "75",
    "postal_code": "16390"
  },
  {
    "name": "Nanclars",
    "code": "16241",
    "epci_code": "200072023",
    "departement_code": "16",
    "region_code": "75",
    "postal_code": "16230"
  },
  {
    "name": "Nanteuil-en-Vallée",
    "code": "16242",
    "epci_code": "200043016",
    "departement_code": "16",
    "region_code": "75",
    "postal_code": "16700"
  },
  {
    "name": "Nercillac",
    "code": "16243",
    "epci_code": "200070514",
    "departement_code": "16",
    "region_code": "75",
    "postal_code": "16200"
  },
  {
    "name": "Nersac",
    "code": "16244",
    "epci_code": "200071827",
    "departement_code": "16",
    "region_code": "75",
    "postal_code": "16440"
  },
  {
    "name": "Nieuil",
    "code": "16245",
    "epci_code": "200072049",
    "departement_code": "16",
    "region_code": "75",
    "postal_code": "16270"
  },
  {
    "name": "Nonac",
    "code": "16246",
    "epci_code": "200070282",
    "departement_code": "16",
    "region_code": "75",
    "postal_code": "16190"
  },
  {
    "name": "Oradour",
    "code": "16248",
    "epci_code": "200072023",
    "departement_code": "16",
    "region_code": "75",
    "postal_code": "16140"
  },
  {
    "name": "Oradour-Fanais",
    "code": "16249",
    "epci_code": "200072049",
    "departement_code": "16",
    "region_code": "75",
    "postal_code": "16500"
  },
  {
    "name": "Orgedeuil",
    "code": "16250",
    "epci_code": "200068914",
    "departement_code": "16",
    "region_code": "75",
    "postal_code": "16220"
  },
  {
    "name": "Oriolles",
    "code": "16251",
    "epci_code": "200029734",
    "departement_code": "16",
    "region_code": "75",
    "postal_code": "16480"
  },
  {
    "name": "Orival",
    "code": "16252",
    "epci_code": "200070282",
    "departement_code": "16",
    "region_code": "75",
    "postal_code": "16210"
  },
  {
    "name": "Paizay-Naudouin-Embourie",
    "code": "16253",
    "epci_code": "200043016",
    "departement_code": "16",
    "region_code": "75",
    "postal_code": "16240"
  },
  {
    "name": "Palluaud",
    "code": "16254",
    "epci_code": "200070282",
    "departement_code": "16",
    "region_code": "75",
    "postal_code": "16390"
  },
  {
    "name": "Parzac",
    "code": "16255",
    "epci_code": "200072049",
    "departement_code": "16",
    "region_code": "75",
    "postal_code": "16450"
  },
  {
    "name": "Passirac",
    "code": "16256",
    "epci_code": "200029734",
    "departement_code": "16",
    "region_code": "75",
    "postal_code": "16480"
  },
  {
    "name": "Pérignac",
    "code": "16258",
    "epci_code": "200029734",
    "departement_code": "16",
    "region_code": "75",
    "postal_code": "16250"
  },
  {
    "name": "Pillac",
    "code": "16260",
    "epci_code": "200070282",
    "departement_code": "16",
    "region_code": "75",
    "postal_code": "16390"
  },
  {
    "name": "Les Pins",
    "code": "16261",
    "epci_code": "200072049",
    "departement_code": "16",
    "region_code": "75",
    "postal_code": "16260"
  },
  {
    "name": "Plassac-Rouffiac",
    "code": "16263",
    "epci_code": "200071827",
    "departement_code": "16",
    "region_code": "75",
    "postal_code": "16250"
  },
  {
    "name": "Pleuville",
    "code": "16264",
    "epci_code": "200072049",
    "departement_code": "16",
    "region_code": "75",
    "postal_code": "16490"
  },
  {
    "name": "Poullignac",
    "code": "16267",
    "epci_code": "200070282",
    "departement_code": "16",
    "region_code": "75",
    "postal_code": "16190"
  },
  {
    "name": "Poursac",
    "code": "16268",
    "epci_code": "200043016",
    "departement_code": "16",
    "region_code": "75",
    "postal_code": "16700"
  },
  {
    "name": "Pranzac",
    "code": "16269",
    "epci_code": "200068914",
    "departement_code": "16",
    "region_code": "75",
    "postal_code": "16110"
  },
  {
    "name": "Pressignac",
    "code": "16270",
    "epci_code": "200072049",
    "departement_code": "16",
    "region_code": "75",
    "postal_code": "16150"
  },
  {
    "name": "Puymoyen",
    "code": "16271",
    "epci_code": "200071827",
    "departement_code": "16",
    "region_code": "75",
    "postal_code": "16400"
  },
  {
    "name": "Puyréaux",
    "code": "16272",
    "epci_code": "200072023",
    "departement_code": "16",
    "region_code": "75",
    "postal_code": "16230"
  },
  {
    "name": "Raix",
    "code": "16273",
    "epci_code": "200043016",
    "departement_code": "16",
    "region_code": "75",
    "postal_code": "16240"
  },
  {
    "name": "Ranville-Breuillaud",
    "code": "16275",
    "epci_code": "200072023",
    "departement_code": "16",
    "region_code": "75",
    "postal_code": "16140"
  },
  {
    "name": "Reignac",
    "code": "16276",
    "epci_code": "200029734",
    "departement_code": "16",
    "region_code": "75",
    "postal_code": "16360"
  },
  {
    "name": "Réparsac",
    "code": "16277",
    "epci_code": "200070514",
    "departement_code": "16",
    "region_code": "75",
    "postal_code": "16200"
  },
  {
    "name": "Rioux-Martin",
    "code": "16279",
    "epci_code": "200070282",
    "departement_code": "16",
    "region_code": "75",
    "postal_code": "16210"
  },
  {
    "name": "Rivières",
    "code": "16280",
    "epci_code": "200068914",
    "departement_code": "16",
    "region_code": "75",
    "postal_code": "16110"
  },
  {
    "name": "La Rochefoucauld-en-Angoumois",
    "code": "16281",
    "epci_code": "200068914",
    "departement_code": "16",
    "region_code": "75",
    "postal_code": "16110"
  },
  {
    "name": "La Rochette",
    "code": "16282",
    "epci_code": "200068914",
    "departement_code": "16",
    "region_code": "75",
    "postal_code": "16110"
  },
  {
    "name": "Ronsenac",
    "code": "16283",
    "epci_code": "200070282",
    "departement_code": "16",
    "region_code": "75",
    "postal_code": "16320"
  },
  {
    "name": "Rouffiac",
    "code": "16284",
    "epci_code": "200070282",
    "departement_code": "16",
    "region_code": "75",
    "postal_code": "16210"
  },
  {
    "name": "Rougnac",
    "code": "16285",
    "epci_code": "200070282",
    "departement_code": "16",
    "region_code": "75",
    "postal_code": "16320"
  },
  {
    "name": "Rouillac",
    "code": "16286",
    "epci_code": "241600303",
    "departement_code": "16",
    "region_code": "75",
    "postal_code": "16170"
  },
  {
    "name": "Roullet-Saint-Estèphe",
    "code": "16287",
    "epci_code": "200071827",
    "departement_code": "16",
    "region_code": "75",
    "postal_code": "16440"
  },
  {
    "name": "Roussines",
    "code": "16289",
    "epci_code": "200072049",
    "departement_code": "16",
    "region_code": "75",
    "postal_code": "16310"
  },
  {
    "name": "Rouzède",
    "code": "16290",
    "epci_code": "200068914",
    "departement_code": "16",
    "region_code": "75",
    "postal_code": "16220"
  },
  {
    "name": "Ruelle-sur-Touvre",
    "code": "16291",
    "epci_code": "200071827",
    "departement_code": "16",
    "region_code": "75",
    "postal_code": "16600"
  },
  {
    "name": "Ruffec",
    "code": "16292",
    "epci_code": "200043016",
    "departement_code": "16",
    "region_code": "75",
    "postal_code": "16700"
  },
  {
    "name": "Saint-Adjutory",
    "code": "16293",
    "epci_code": "200068914",
    "departement_code": "16",
    "region_code": "75",
    "postal_code": "16310"
  },
  {
    "name": "Saint-Amant-de-Boixe",
    "code": "16295",
    "epci_code": "200072023",
    "departement_code": "16",
    "region_code": "75",
    "postal_code": "16330"
  },
  {
    "name": "Graves-Saint-Amant",
    "code": "16297",
    "epci_code": "200070514",
    "departement_code": "16",
    "region_code": "75",
    "postal_code": "16120"
  },
  {
    "name": "Saint-Amant-de-Nouère",
    "code": "16298",
    "epci_code": "241600303",
    "departement_code": "16",
    "region_code": "75",
    "postal_code": "16170"
  },
  {
    "name": "Val-de-Bonnieure",
    "code": "16300",
    "epci_code": "200072023",
    "departement_code": "16",
    "region_code": "75",
    "postal_code": "16230"
  },
  {
    "name": "Saint-Aulais-la-Chapelle",
    "code": "16301",
    "epci_code": "200029734",
    "departement_code": "16",
    "region_code": "75",
    "postal_code": "16300"
  },
  {
    "name": "Saint-Avit",
    "code": "16302",
    "epci_code": "200070282",
    "departement_code": "16",
    "region_code": "75",
    "postal_code": "16210"
  },
  {
    "name": "Saint-Bonnet",
    "code": "16303",
    "epci_code": "200029734",
    "departement_code": "16",
    "region_code": "75",
    "postal_code": "16300"
  },
  {
    "name": "Saint-Brice",
    "code": "16304",
    "epci_code": "200070514",
    "departement_code": "16",
    "region_code": "75",
    "postal_code": "16100"
  },
  {
    "name": "Saint-Christophe",
    "code": "16306",
    "epci_code": "200072049",
    "departement_code": "16",
    "region_code": "75",
    "postal_code": "16420"
  },
  {
    "name": "Saint-Ciers-sur-Bonnieure",
    "code": "16307",
    "epci_code": "200072023",
    "departement_code": "16",
    "region_code": "75",
    "postal_code": "16230"
  },
  {
    "name": "Saint-Claud",
    "code": "16308",
    "epci_code": "200072049",
    "departement_code": "16",
    "region_code": "75",
    "postal_code": "16450"
  },
  {
    "name": "Saint-Coutant",
    "code": "16310",
    "epci_code": "200072049",
    "departement_code": "16",
    "region_code": "75",
    "postal_code": "16350"
  },
  {
    "name": "Saint-Cybardeaux",
    "code": "16312",
    "epci_code": "241600303",
    "departement_code": "16",
    "region_code": "75",
    "postal_code": "16170"
  },
  {
    "name": "Saint-Félix",
    "code": "16315",
    "epci_code": "200029734",
    "departement_code": "16",
    "region_code": "75",
    "postal_code": "16480"
  },
  {
    "name": "Saint-Fort-sur-le-Né",
    "code": "16316",
    "epci_code": "200070514",
    "departement_code": "16",
    "region_code": "75",
    "postal_code": "16130"
  },
  {
    "name": "Saint-Fraigne",
    "code": "16317",
    "epci_code": "200072023",
    "departement_code": "16",
    "region_code": "75",
    "postal_code": "16140"
  },
  {
    "name": "Saint-Front",
    "code": "16318",
    "epci_code": "200072023",
    "departement_code": "16",
    "region_code": "75",
    "postal_code": "16460"
  },
  {
    "name": "Saint-Genis-d’Hiersac",
    "code": "16320",
    "epci_code": "241600303",
    "departement_code": "16",
    "region_code": "75",
    "postal_code": "16570"
  },
  {
    "name": "Saint-Georges",
    "code": "16321",
    "epci_code": "200043016",
    "departement_code": "16",
    "region_code": "75",
    "postal_code": "16700"
  },
  {
    "name": "Saint-Germain-de-Montbron",
    "code": "16323",
    "epci_code": "200068914",
    "departement_code": "16",
    "region_code": "75",
    "postal_code": "16380"
  },
  {
    "name": "Saint-Gourson",
    "code": "16325",
    "epci_code": "200043016",
    "departement_code": "16",
    "region_code": "75",
    "postal_code": "16700"
  },
  {
    "name": "Saint-Groux",
    "code": "16326",
    "epci_code": "200072023",
    "departement_code": "16",
    "region_code": "75",
    "postal_code": "16230"
  },
  {
    "name": "Saint-Laurent-de-Céris",
    "code": "16329",
    "epci_code": "200072049",
    "departement_code": "16",
    "region_code": "75",
    "postal_code": "16450"
  },
  {
    "name": "Saint-Laurent-de-Cognac",
    "code": "16330",
    "epci_code": "200070514",
    "departement_code": "16",
    "region_code": "75",
    "postal_code": "16100"
  },
  {
    "name": "Saint-Laurent-des-Combes",
    "code": "16331",
    "epci_code": "200070282",
    "departement_code": "16",
    "region_code": "75",
    "postal_code": "16480"
  },
  {
    "name": "Saint-Martial",
    "code": "16334",
    "epci_code": "200070282",
    "departement_code": "16",
    "region_code": "75",
    "postal_code": "16190"
  },
  {
    "name": "Saint-Martin-du-Clocher",
    "code": "16335",
    "epci_code": "200043016",
    "departement_code": "16",
    "region_code": "75",
    "postal_code": "16700"
  },
  {
    "name": "Saint-Mary",
    "code": "16336",
    "epci_code": "200072049",
    "departement_code": "16",
    "region_code": "75",
    "postal_code": "16260"
  },
  {
    "name": "Saint-Maurice-des-Lions",
    "code": "16337",
    "epci_code": "200072049",
    "departement_code": "16",
    "region_code": "75",
    "postal_code": "16500"
  },
  {
    "name": "Saint-Médard",
    "code": "16338",
    "epci_code": "200029734",
    "departement_code": "16",
    "region_code": "75",
    "postal_code": "16300"
  },
  {
    "name": "Val-d’Auge",
    "code": "16339",
    "epci_code": "241600303",
    "departement_code": "16",
    "region_code": "75",
    "postal_code": "16170"
  },
  {
    "name": "Saint-Même-les-Carrières",
    "code": "16340",
    "epci_code": "200070514",
    "departement_code": "16",
    "region_code": "75",
    "postal_code": "16720"
  },
  {
    "name": "Saint-Michel",
    "code": "16341",
    "epci_code": "200071827",
    "departement_code": "16",
    "region_code": "75",
    "postal_code": "16470"
  },
  {
    "name": "Saint-Palais-du-Né",
    "code": "16342",
    "epci_code": "200029734",
    "departement_code": "16",
    "region_code": "75",
    "postal_code": "16300"
  },
  {
    "name": "Saint-Preuil",
    "code": "16343",
    "epci_code": "200070514",
    "departement_code": "16",
    "region_code": "75",
    "postal_code": "16130"
  },
  {
    "name": "Saint-Quentin-sur-Charente",
    "code": "16345",
    "epci_code": "200072049",
    "departement_code": "16",
    "region_code": "75",
    "postal_code": "16150"
  },
  {
    "name": "Saint-Quentin-de-Chalais",
    "code": "16346",
    "epci_code": "200070282",
    "departement_code": "16",
    "region_code": "75",
    "postal_code": "16210"
  },
  {
    "name": "Saint-Romain",
    "code": "16347",
    "epci_code": "200070282",
    "departement_code": "16",
    "region_code": "75",
    "postal_code": "16210"
  },
  {
    "name": "Saint-Saturnin",
    "code": "16348",
    "epci_code": "200071827",
    "departement_code": "16",
    "region_code": "75",
    "postal_code": "16290"
  },
  {
    "name": "Sainte-Sévère",
    "code": "16349",
    "epci_code": "200070514",
    "departement_code": "16",
    "region_code": "75",
    "postal_code": "16200"
  },
  {
    "name": "Saint-Séverin",
    "code": "16350",
    "epci_code": "200070282",
    "departement_code": "16",
    "region_code": "75",
    "postal_code": "16390"
  },
  {
    "name": "Saint-Simon",
    "code": "16352",
    "epci_code": "200070514",
    "departement_code": "16",
    "region_code": "75",
    "postal_code": "16120"
  },
  {
    "name": "Saint-Sornin",
    "code": "16353",
    "epci_code": "200068914",
    "departement_code": "16",
    "region_code": "75",
    "postal_code": "16220"
  },
  {
    "name": "Sainte-Souline",
    "code": "16354",
    "epci_code": "200029734",
    "departement_code": "16",
    "region_code": "75",
    "postal_code": "16480"
  },
  {
    "name": "Saint-Sulpice-de-Ruffec",
    "code": "16356",
    "epci_code": "200043016",
    "departement_code": "16",
    "region_code": "75",
    "postal_code": "16460"
  },
  {
    "name": "Saint-Vallier",
    "code": "16357",
    "epci_code": "200029734",
    "departement_code": "16",
    "region_code": "75",
    "postal_code": "16480"
  },
  {
    "name": "Saint-Yrieix-sur-Charente",
    "code": "16358",
    "epci_code": "200071827",
    "departement_code": "16",
    "region_code": "75",
    "postal_code": "16710"
  },
  {
    "name": "Salles-d’Angles",
    "code": "16359",
    "epci_code": "200070514",
    "departement_code": "16",
    "region_code": "75",
    "postal_code": "16130"
  },
  {
    "name": "Salles-de-Barbezieux",
    "code": "16360",
    "epci_code": "200029734",
    "departement_code": "16",
    "region_code": "75",
    "postal_code": "16300"
  },
  {
    "name": "Salles-de-Villefagnan",
    "code": "16361",
    "epci_code": "200043016",
    "departement_code": "16",
    "region_code": "75",
    "postal_code": "16700"
  },
  {
    "name": "Salles-Lavalette",
    "code": "16362",
    "epci_code": "200070282",
    "departement_code": "16",
    "region_code": "75",
    "postal_code": "16190"
  },
  {
    "name": "Saulgond",
    "code": "16363",
    "epci_code": "200072049",
    "departement_code": "16",
    "region_code": "75",
    "postal_code": "16420"
  },
  {
    "name": "Sauvagnac",
    "code": "16364",
    "epci_code": "200072049",
    "departement_code": "16",
    "region_code": "75",
    "postal_code": "16310"
  },
  {
    "name": "Sauvignac",
    "code": "16365",
    "epci_code": "200029734",
    "departement_code": "16",
    "region_code": "75",
    "postal_code": "16480"
  },
  {
    "name": "Segonzac",
    "code": "16366",
    "epci_code": "200070514",
    "departement_code": "16",
    "region_code": "75",
    "postal_code": "16130"
  },
  {
    "name": "Sers",
    "code": "16368",
    "epci_code": "200071827",
    "departement_code": "16",
    "region_code": "75",
    "postal_code": "16410"
  },
  {
    "name": "Sigogne",
    "code": "16369",
    "epci_code": "200070514",
    "departement_code": "16",
    "region_code": "75",
    "postal_code": "16200"
  },
  {
    "name": "Sireuil",
    "code": "16370",
    "epci_code": "200071827",
    "departement_code": "16",
    "region_code": "75",
    "postal_code": "16440"
  },
  {
    "name": "Souffrignac",
    "code": "16372",
    "epci_code": "200068914",
    "departement_code": "16",
    "region_code": "75",
    "postal_code": "16380"
  },
  {
    "name": "Souvigné",
    "code": "16373",
    "epci_code": "200043016",
    "departement_code": "16",
    "region_code": "75",
    "postal_code": "16240"
  },
  {
    "name": "Soyaux",
    "code": "16374",
    "epci_code": "200071827",
    "departement_code": "16",
    "region_code": "75",
    "postal_code": "16800"
  },
  {
    "name": "Suaux",
    "code": "16375",
    "epci_code": "200072049",
    "departement_code": "16",
    "region_code": "75",
    "postal_code": "16260"
  },
  {
    "name": "La Tâche",
    "code": "16377",
    "epci_code": "200072023",
    "departement_code": "16",
    "region_code": "75",
    "postal_code": "16260"
  },
  {
    "name": "Taizé-Aizie",
    "code": "16378",
    "epci_code": "200043016",
    "departement_code": "16",
    "region_code": "75",
    "postal_code": "16700"
  },
  {
    "name": "Taponnat-Fleurignac",
    "code": "16379",
    "epci_code": "200068914",
    "departement_code": "16",
    "region_code": "75",
    "postal_code": "16110"
  },
  {
    "name": "Le Tâtre",
    "code": "16380",
    "epci_code": "200029734",
    "departement_code": "16",
    "region_code": "75",
    "postal_code": "16360"
  },
  {
    "name": "Theil-Rabier",
    "code": "16381",
    "epci_code": "200043016",
    "departement_code": "16",
    "region_code": "75",
    "postal_code": "16240"
  },
  {
    "name": "Torsac",
    "code": "16382",
    "epci_code": "200071827",
    "departement_code": "16",
    "region_code": "75",
    "postal_code": "16410"
  },
  {
    "name": "Tourriers",
    "code": "16383",
    "epci_code": "200072023",
    "departement_code": "16",
    "region_code": "75",
    "postal_code": "16560"
  },
  {
    "name": "Touvérac",
    "code": "16384",
    "epci_code": "200029734",
    "departement_code": "16",
    "region_code": "75",
    "postal_code": "16360"
  },
  {
    "name": "Touvre",
    "code": "16385",
    "epci_code": "200071827",
    "departement_code": "16",
    "region_code": "75",
    "postal_code": "16600"
  },
  {
    "name": "Triac-Lautrait",
    "code": "16387",
    "epci_code": "200070514",
    "departement_code": "16",
    "region_code": "75",
    "postal_code": "16200"
  },
  {
    "name": "Trois-Palis",
    "code": "16388",
    "epci_code": "200071827",
    "departement_code": "16",
    "region_code": "75",
    "postal_code": "16730"
  },
  {
    "name": "Turgon",
    "code": "16389",
    "epci_code": "200072049",
    "departement_code": "16",
    "region_code": "75",
    "postal_code": "16350"
  },
  {
    "name": "Tusson",
    "code": "16390",
    "epci_code": "200072023",
    "departement_code": "16",
    "region_code": "75",
    "postal_code": "16140"
  },
  {
    "name": "Valence",
    "code": "16392",
    "epci_code": "200072023",
    "departement_code": "16",
    "region_code": "75",
    "postal_code": "16460"
  },
  {
    "name": "La Boixe",
    "code": "16393",
    "epci_code": "200072023",
    "departement_code": "16",
    "region_code": "75",
    "postal_code": "16330"
  },
  {
    "name": "Vaux-Lavalette",
    "code": "16394",
    "epci_code": "200070282",
    "departement_code": "16",
    "region_code": "75",
    "postal_code": "16320"
  },
  {
    "name": "Vaux-Rouillac",
    "code": "16395",
    "epci_code": "241600303",
    "departement_code": "16",
    "region_code": "75",
    "postal_code": "16170"
  },
  {
    "name": "Ventouse",
    "code": "16396",
    "epci_code": "200072023",
    "departement_code": "16",
    "region_code": "75",
    "postal_code": "16460"
  },
  {
    "name": "Verdille",
    "code": "16397",
    "epci_code": "200072023",
    "departement_code": "16",
    "region_code": "75",
    "postal_code": "16140"
  },
  {
    "name": "Verneuil",
    "code": "16398",
    "epci_code": "200072049",
    "departement_code": "16",
    "region_code": "75",
    "postal_code": "16310"
  },
  {
    "name": "Verrières",
    "code": "16399",
    "epci_code": "200070514",
    "departement_code": "16",
    "region_code": "75",
    "postal_code": "16130"
  },
  {
    "name": "Verteuil-sur-Charente",
    "code": "16400",
    "epci_code": "200043016",
    "departement_code": "16",
    "region_code": "75",
    "postal_code": "16510"
  },
  {
    "name": "Vervant",
    "code": "16401",
    "epci_code": "200072023",
    "departement_code": "16",
    "region_code": "75",
    "postal_code": "16330"
  },
  {
    "name": "Vibrac",
    "code": "16402",
    "epci_code": "200070514",
    "departement_code": "16",
    "region_code": "75",
    "postal_code": "16120"
  },
  {
    "name": "Le Vieux-Cérier",
    "code": "16403",
    "epci_code": "200072049",
    "departement_code": "16",
    "region_code": "75",
    "postal_code": "16350"
  },
  {
    "name": "Vieux-Ruffec",
    "code": "16404",
    "epci_code": "200072049",
    "departement_code": "16",
    "region_code": "75",
    "postal_code": "16350"
  },
  {
    "name": "Vignolles",
    "code": "16405",
    "epci_code": "200029734",
    "departement_code": "16",
    "region_code": "75",
    "postal_code": "16300"
  },
  {
    "name": "Moulins-sur-Tardoire",
    "code": "16406",
    "epci_code": "200068914",
    "departement_code": "16",
    "region_code": "75",
    "postal_code": "16110"
  },
  {
    "name": "Moulins-sur-Tardoire",
    "code": "16406",
    "epci_code": "200068914",
    "departement_code": "16",
    "region_code": "75",
    "postal_code": "16220"
  },
  {
    "name": "Villebois-Lavalette",
    "code": "16408",
    "epci_code": "200070282",
    "departement_code": "16",
    "region_code": "75",
    "postal_code": "16320"
  },
  {
    "name": "Villefagnan",
    "code": "16409",
    "epci_code": "200043016",
    "departement_code": "16",
    "region_code": "75",
    "postal_code": "16240"
  },
  {
    "name": "Villejoubert",
    "code": "16412",
    "epci_code": "200072023",
    "departement_code": "16",
    "region_code": "75",
    "postal_code": "16560"
  },
  {
    "name": "Villiers-le-Roux",
    "code": "16413",
    "epci_code": "200043016",
    "departement_code": "16",
    "region_code": "75",
    "postal_code": "16240"
  },
  {
    "name": "Villognon",
    "code": "16414",
    "epci_code": "200072023",
    "departement_code": "16",
    "region_code": "75",
    "postal_code": "16230"
  },
  {
    "name": "Vindelle",
    "code": "16415",
    "epci_code": "200071827",
    "departement_code": "16",
    "region_code": "75",
    "postal_code": "16430"
  },
  {
    "name": "Vitrac-Saint-Vincent",
    "code": "16416",
    "epci_code": "200072049",
    "departement_code": "16",
    "region_code": "75",
    "postal_code": "16310"
  },
  {
    "name": "Vœuil-et-Giget",
    "code": "16418",
    "epci_code": "200071827",
    "departement_code": "16",
    "region_code": "75",
    "postal_code": "16400"
  },
  {
    "name": "Vouharte",
    "code": "16419",
    "epci_code": "200072023",
    "departement_code": "16",
    "region_code": "75",
    "postal_code": "16330"
  },
  {
    "name": "Voulgézac",
    "code": "16420",
    "epci_code": "200071827",
    "departement_code": "16",
    "region_code": "75",
    "postal_code": "16250"
  },
  {
    "name": "Vouthon",
    "code": "16421",
    "epci_code": "200068914",
    "departement_code": "16",
    "region_code": "75",
    "postal_code": "16220"
  },
  {
    "name": "Vouzan",
    "code": "16422",
    "epci_code": "200071827",
    "departement_code": "16",
    "region_code": "75",
    "postal_code": "16410"
  },
  {
    "name": "Xambes",
    "code": "16423",
    "epci_code": "200072023",
    "departement_code": "16",
    "region_code": "75",
    "postal_code": "16330"
  },
  {
    "name": "Yviers",
    "code": "16424",
    "epci_code": "200070282",
    "departement_code": "16",
    "region_code": "75",
    "postal_code": "16210"
  },
  {
    "name": "Yvrac-et-Malleyrand",
    "code": "16425",
    "epci_code": "200068914",
    "departement_code": "16",
    "region_code": "75",
    "postal_code": "16110"
  }
]