[
  {
    "name": "Acy-Romance",
    "code": "08001",
    "epci_code": "200043156",
    "departement_code": "08",
    "region_code": "44",
    "postal_code": "08300"
  },
  {
    "name": "Aiglemont",
    "code": "08003",
    "epci_code": "200041630",
    "departement_code": "08",
    "region_code": "44",
    "postal_code": "08090"
  },
  {
    "name": "Aire",
    "code": "08004",
    "epci_code": "200043156",
    "departement_code": "08",
    "region_code": "44",
    "postal_code": "08190"
  },
  {
    "name": "Alincourt",
    "code": "08005",
    "epci_code": "200043156",
    "departement_code": "08",
    "region_code": "44",
    "postal_code": "08310"
  },
  {
    "name": "Alland’Huy-et-Sausseuil",
    "code": "08006",
    "epci_code": "240800862",
    "departement_code": "08",
    "region_code": "44",
    "postal_code": "08130"
  },
  {
    "name": "Amagne",
    "code": "08008",
    "epci_code": "200043156",
    "departement_code": "08",
    "region_code": "44",
    "postal_code": "08300"
  },
  {
    "name": "Ambly-Fleury",
    "code": "08010",
    "epci_code": "200043156",
    "departement_code": "08",
    "region_code": "44",
    "postal_code": "08130"
  },
  {
    "name": "Anchamps",
    "code": "08011",
    "epci_code": "240800821",
    "departement_code": "08",
    "region_code": "44",
    "postal_code": "08500"
  },
  {
    "name": "Angecourt",
    "code": "08013",
    "epci_code": "240800847",
    "departement_code": "08",
    "region_code": "44",
    "postal_code": "08450"
  },
  {
    "name": "Annelles",
    "code": "08014",
    "epci_code": "200043156",
    "departement_code": "08",
    "region_code": "44",
    "postal_code": "08310"
  },
  {
    "name": "Antheny",
    "code": "08015",
    "epci_code": "200041622",
    "departement_code": "08",
    "region_code": "44",
    "postal_code": "08260"
  },
  {
    "name": "Aouste",
    "code": "08016",
    "epci_code": "200041622",
    "departement_code": "08",
    "region_code": "44",
    "postal_code": "08290"
  },
  {
    "name": "Apremont",
    "code": "08017",
    "epci_code": "240800920",
    "departement_code": "08",
    "region_code": "44",
    "postal_code": "08250"
  },
  {
    "name": "Ardeuil-et-Montfauxelles",
    "code": "08018",
    "epci_code": "240800920",
    "departement_code": "08",
    "region_code": "44",
    "postal_code": "08400"
  },
  {
    "name": "Les Grandes-Armoises",
    "code": "08019",
    "epci_code": "240800920",
    "departement_code": "08",
    "region_code": "44",
    "postal_code": "08390"
  },
  {
    "name": "Les Petites-Armoises",
    "code": "08020",
    "epci_code": "240800920",
    "departement_code": "08",
    "region_code": "44",
    "postal_code": "08390"
  },
  {
    "name": "Arnicourt",
    "code": "08021",
    "epci_code": "200043156",
    "departement_code": "08",
    "region_code": "44",
    "postal_code": "08300"
  },
  {
    "name": "Arreux",
    "code": "08022",
    "epci_code": "200041630",
    "departement_code": "08",
    "region_code": "44",
    "postal_code": "08090"
  },
  {
    "name": "Artaise-le-Vivier",
    "code": "08023",
    "epci_code": "240800847",
    "departement_code": "08",
    "region_code": "44",
    "postal_code": "08390"
  },
  {
    "name": "Asfeld",
    "code": "08024",
    "epci_code": "200043156",
    "departement_code": "08",
    "region_code": "44",
    "postal_code": "08190"
  },
  {
    "name": "Attigny",
    "code": "08025",
    "epci_code": "240800862",
    "departement_code": "08",
    "region_code": "44",
    "postal_code": "08130"
  },
  {
    "name": "Aubigny-les-Pothées",
    "code": "08026",
    "epci_code": "200041622",
    "departement_code": "08",
    "region_code": "44",
    "postal_code": "08150"
  },
  {
    "name": "Auboncourt-Vauzelles",
    "code": "08027",
    "epci_code": "240800862",
    "departement_code": "08",
    "region_code": "44",
    "postal_code": "08270"
  },
  {
    "name": "Aubrives",
    "code": "08028",
    "epci_code": "240800821",
    "departement_code": "08",
    "region_code": "44",
    "postal_code": "08320"
  },
  {
    "name": "Auflance",
    "code": "08029",
    "epci_code": "240800847",
    "departement_code": "08",
    "region_code": "44",
    "postal_code": "08370"
  },
  {
    "name": "Auge",
    "code": "08030",
    "epci_code": "200041622",
    "departement_code": "08",
    "region_code": "44",
    "postal_code": "08380"
  },
  {
    "name": "Aure",
    "code": "08031",
    "epci_code": "240800920",
    "departement_code": "08",
    "region_code": "44",
    "postal_code": "08400"
  },
  {
    "name": "Aussonce",
    "code": "08032",
    "epci_code": "200043156",
    "departement_code": "08",
    "region_code": "44",
    "postal_code": "08310"
  },
  {
    "name": "Authe",
    "code": "08033",
    "epci_code": "240800920",
    "departement_code": "08",
    "region_code": "44",
    "postal_code": "08240"
  },
  {
    "name": "Autrecourt-et-Pourron",
    "code": "08034",
    "epci_code": "240800847",
    "departement_code": "08",
    "region_code": "44",
    "postal_code": "08210"
  },
  {
    "name": "Autruche",
    "code": "08035",
    "epci_code": "240800920",
    "departement_code": "08",
    "region_code": "44",
    "postal_code": "08240"
  },
  {
    "name": "Autry",
    "code": "08036",
    "epci_code": "240800920",
    "departement_code": "08",
    "region_code": "44",
    "postal_code": "08250"
  },
  {
    "name": "Auvillers-les-Forges",
    "code": "08037",
    "epci_code": "200041622",
    "departement_code": "08",
    "region_code": "44",
    "postal_code": "08260"
  },
  {
    "name": "Avançon",
    "code": "08038",
    "epci_code": "200043156",
    "departement_code": "08",
    "region_code": "44",
    "postal_code": "08300"
  },
  {
    "name": "Avaux",
    "code": "08039",
    "epci_code": "200043156",
    "departement_code": "08",
    "region_code": "44",
    "postal_code": "08190"
  },
  {
    "name": "Les Ayvelles",
    "code": "08040",
    "epci_code": "200041630",
    "departement_code": "08",
    "region_code": "44",
    "postal_code": "08000"
  },
  {
    "name": "Baâlons",
    "code": "08041",
    "epci_code": "240800862",
    "departement_code": "08",
    "region_code": "44",
    "postal_code": "08430"
  },
  {
    "name": "Balan",
    "code": "08043",
    "epci_code": "200041630",
    "departement_code": "08",
    "region_code": "44",
    "postal_code": "08200"
  },
  {
    "name": "Balham",
    "code": "08044",
    "epci_code": "200043156",
    "departement_code": "08",
    "region_code": "44",
    "postal_code": "08190"
  },
  {
    "name": "Ballay",
    "code": "08045",
    "epci_code": "240800920",
    "departement_code": "08",
    "region_code": "44",
    "postal_code": "08400"
  },
  {
    "name": "Banogne-Recouvrance",
    "code": "08046",
    "epci_code": "200043156",
    "departement_code": "08",
    "region_code": "44",
    "postal_code": "08220"
  },
  {
    "name": "Barbaise",
    "code": "08047",
    "epci_code": "240800862",
    "departement_code": "08",
    "region_code": "44",
    "postal_code": "08430"
  },
  {
    "name": "Barby",
    "code": "08048",
    "epci_code": "200043156",
    "departement_code": "08",
    "region_code": "44",
    "postal_code": "08300"
  },
  {
    "name": "Bar-lès-Buzancy",
    "code": "08049",
    "epci_code": "240800920",
    "departement_code": "08",
    "region_code": "44",
    "postal_code": "08240"
  },
  {
    "name": "Bayonville",
    "code": "08052",
    "epci_code": "240800920",
    "departement_code": "08",
    "region_code": "44",
    "postal_code": "08240"
  },
  {
    "name": "Bazeilles",
    "code": "08053",
    "epci_code": "200041630",
    "departement_code": "08",
    "region_code": "44",
    "postal_code": "08140"
  },
  {
    "name": "Beaumont-en-Argonne",
    "code": "08055",
    "epci_code": "240800847",
    "departement_code": "08",
    "region_code": "44",
    "postal_code": "08210"
  },
  {
    "name": "Beffu-et-le-Morthomme",
    "code": "08056",
    "epci_code": "240800920",
    "departement_code": "08",
    "region_code": "44",
    "postal_code": "08250"
  },
  {
    "name": "Belleville-et-Châtillon-sur-Bar",
    "code": "08057",
    "epci_code": "240800920",
    "departement_code": "08",
    "region_code": "44",
    "postal_code": "08240"
  },
  {
    "name": "Belval",
    "code": "08058",
    "epci_code": "200041630",
    "departement_code": "08",
    "region_code": "44",
    "postal_code": "08090"
  },
  {
    "name": "Belval-Bois-des-Dames",
    "code": "08059",
    "epci_code": "240800920",
    "departement_code": "08",
    "region_code": "44",
    "postal_code": "08240"
  },
  {
    "name": "Bergnicourt",
    "code": "08060",
    "epci_code": "200043156",
    "departement_code": "08",
    "region_code": "44",
    "postal_code": "08300"
  },
  {
    "name": "La Berlière",
    "code": "08061",
    "epci_code": "240800920",
    "departement_code": "08",
    "region_code": "44",
    "postal_code": "08240"
  },
  {
    "name": "Bertoncourt",
    "code": "08062",
    "epci_code": "200043156",
    "departement_code": "08",
    "region_code": "44",
    "postal_code": "08300"
  },
  {
    "name": "La Besace",
    "code": "08063",
    "epci_code": "240800847",
    "departement_code": "08",
    "region_code": "44",
    "postal_code": "08450"
  },
  {
    "name": "Biermes",
    "code": "08064",
    "epci_code": "200043156",
    "departement_code": "08",
    "region_code": "44",
    "postal_code": "08300"
  },
  {
    "name": "Bièvres",
    "code": "08065",
    "epci_code": "240800847",
    "departement_code": "08",
    "region_code": "44",
    "postal_code": "08370"
  },
  {
    "name": "Bignicourt",
    "code": "08066",
    "epci_code": "200043156",
    "departement_code": "08",
    "region_code": "44",
    "postal_code": "08310"
  },
  {
    "name": "Blagny",
    "code": "08067",
    "epci_code": "240800847",
    "departement_code": "08",
    "region_code": "44",
    "postal_code": "08110"
  },
  {
    "name": "Blanchefosse-et-Bay",
    "code": "08069",
    "epci_code": "200041622",
    "departement_code": "08",
    "region_code": "44",
    "postal_code": "08290"
  },
  {
    "name": "Blanzy-la-Salonnaise",
    "code": "08070",
    "epci_code": "200043156",
    "departement_code": "08",
    "region_code": "44",
    "postal_code": "08190"
  },
  {
    "name": "Blombay",
    "code": "08071",
    "epci_code": "200067759",
    "departement_code": "08",
    "region_code": "44",
    "postal_code": "08260"
  },
  {
    "name": "Bossus-lès-Rumigny",
    "code": "08073",
    "epci_code": "200041622",
    "departement_code": "08",
    "region_code": "44",
    "postal_code": "08290"
  },
  {
    "name": "Bouconville",
    "code": "08074",
    "epci_code": "240800920",
    "departement_code": "08",
    "region_code": "44",
    "postal_code": "08250"
  },
  {
    "name": "Boult-aux-Bois",
    "code": "08075",
    "epci_code": "240800920",
    "departement_code": "08",
    "region_code": "44",
    "postal_code": "08240"
  },
  {
    "name": "Boulzicourt",
    "code": "08076",
    "epci_code": "240800862",
    "departement_code": "08",
    "region_code": "44",
    "postal_code": "08410"
  },
  {
    "name": "Bourcq",
    "code": "08077",
    "epci_code": "240800920",
    "departement_code": "08",
    "region_code": "44",
    "postal_code": "08400"
  },
  {
    "name": "Bourg-Fidèle",
    "code": "08078",
    "epci_code": "200067759",
    "departement_code": "08",
    "region_code": "44",
    "postal_code": "08230"
  },
  {
    "name": "Bouvellemont",
    "code": "08080",
    "epci_code": "240800862",
    "departement_code": "08",
    "region_code": "44",
    "postal_code": "08430"
  },
  {
    "name": "Bogny-sur-Meuse",
    "code": "08081",
    "epci_code": "200067759",
    "departement_code": "08",
    "region_code": "44",
    "postal_code": "08120"
  },
  {
    "name": "Brécy-Brières",
    "code": "08082",
    "epci_code": "240800920",
    "departement_code": "08",
    "region_code": "44",
    "postal_code": "08400"
  },
  {
    "name": "Brévilly",
    "code": "08083",
    "epci_code": "240800847",
    "departement_code": "08",
    "region_code": "44",
    "postal_code": "08140"
  },
  {
    "name": "Brienne-sur-Aisne",
    "code": "08084",
    "epci_code": "200043156",
    "departement_code": "08",
    "region_code": "44",
    "postal_code": "08190"
  },
  {
    "name": "Brieulles-sur-Bar",
    "code": "08085",
    "epci_code": "240800920",
    "departement_code": "08",
    "region_code": "44",
    "postal_code": "08240"
  },
  {
    "name": "Briquenay",
    "code": "08086",
    "epci_code": "240800920",
    "departement_code": "08",
    "region_code": "44",
    "postal_code": "08240"
  },
  {
    "name": "Brognon",
    "code": "08087",
    "epci_code": "200041622",
    "departement_code": "08",
    "region_code": "44",
    "postal_code": "08380"
  },
  {
    "name": "Bulson",
    "code": "08088",
    "epci_code": "240800847",
    "departement_code": "08",
    "region_code": "44",
    "postal_code": "08450"
  },
  {
    "name": "Buzancy",
    "code": "08089",
    "epci_code": "240800920",
    "departement_code": "08",
    "region_code": "44",
    "postal_code": "08240"
  },
  {
    "name": "Carignan",
    "code": "08090",
    "epci_code": "240800847",
    "departement_code": "08",
    "region_code": "44",
    "postal_code": "08110"
  },
  {
    "name": "Cauroy",
    "code": "08092",
    "epci_code": "240800920",
    "departement_code": "08",
    "region_code": "44",
    "postal_code": "08310"
  },
  {
    "name": "Cernion",
    "code": "08094",
    "epci_code": "200041622",
    "departement_code": "08",
    "region_code": "44",
    "postal_code": "08260"
  },
  {
    "name": "Chagny",
    "code": "08095",
    "epci_code": "240800862",
    "departement_code": "08",
    "region_code": "44",
    "postal_code": "08430"
  },
  {
    "name": "Chalandry-Elaire",
    "code": "08096",
    "epci_code": "200041630",
    "departement_code": "08",
    "region_code": "44",
    "postal_code": "08160"
  },
  {
    "name": "Challerange",
    "code": "08097",
    "epci_code": "240800920",
    "departement_code": "08",
    "region_code": "44",
    "postal_code": "08400"
  },
  {
    "name": "Champigneulle",
    "code": "08098",
    "epci_code": "240800920",
    "departement_code": "08",
    "region_code": "44",
    "postal_code": "08250"
  },
  {
    "name": "Champigneul-sur-Vence",
    "code": "08099",
    "epci_code": "240800862",
    "departement_code": "08",
    "region_code": "44",
    "postal_code": "08430"
  },
  {
    "name": "Champlin",
    "code": "08100",
    "epci_code": "200041622",
    "departement_code": "08",
    "region_code": "44",
    "postal_code": "08260"
  },
  {
    "name": "La Chapelle",
    "code": "08101",
    "epci_code": "200041630",
    "departement_code": "08",
    "region_code": "44",
    "postal_code": "08200"
  },
  {
    "name": "Chappes",
    "code": "08102",
    "epci_code": "240800862",
    "departement_code": "08",
    "region_code": "44",
    "postal_code": "08220"
  },
  {
    "name": "Charbogne",
    "code": "08103",
    "epci_code": "240800862",
    "departement_code": "08",
    "region_code": "44",
    "postal_code": "08130"
  },
  {
    "name": "Chardeny",
    "code": "08104",
    "epci_code": "240800920",
    "departement_code": "08",
    "region_code": "44",
    "postal_code": "08400"
  },
  {
    "name": "Charleville-Mézières",
    "code": "08105",
    "epci_code": "200041630",
    "departement_code": "08",
    "region_code": "44",
    "postal_code": "08000"
  },
  {
    "name": "Charnois",
    "code": "08106",
    "epci_code": "240800821",
    "departement_code": "08",
    "region_code": "44",
    "postal_code": "08600"
  },
  {
    "name": "Château-Porcien",
    "code": "08107",
    "epci_code": "200043156",
    "departement_code": "08",
    "region_code": "44",
    "postal_code": "08360"
  },
  {
    "name": "Chatel-Chéhéry",
    "code": "08109",
    "epci_code": "240800920",
    "departement_code": "08",
    "region_code": "44",
    "postal_code": "08250"
  },
  {
    "name": "Le Châtelet-sur-Sormonne",
    "code": "08110",
    "epci_code": "200067759",
    "departement_code": "08",
    "region_code": "44",
    "postal_code": "08150"
  },
  {
    "name": "Le Châtelet-sur-Retourne",
    "code": "08111",
    "epci_code": "200043156",
    "departement_code": "08",
    "region_code": "44",
    "postal_code": "08300"
  },
  {
    "name": "Chaumont-Porcien",
    "code": "08113",
    "epci_code": "240800862",
    "departement_code": "08",
    "region_code": "44",
    "postal_code": "08220"
  },
  {
    "name": "Chémery-Chéhéry",
    "code": "08115",
    "epci_code": "240800847",
    "departement_code": "08",
    "region_code": "44",
    "postal_code": "08350"
  },
  {
    "name": "Chémery-Chéhéry",
    "code": "08115",
    "epci_code": "240800847",
    "departement_code": "08",
    "region_code": "44",
    "postal_code": "08450"
  },
  {
    "name": "Bairon et ses environs",
    "code": "08116",
    "epci_code": "240800920",
    "departement_code": "08",
    "region_code": "44",
    "postal_code": "08390"
  },
  {
    "name": "Bairon et ses environs",
    "code": "08116",
    "epci_code": "240800920",
    "departement_code": "08",
    "region_code": "44",
    "postal_code": "08400"
  },
  {
    "name": "Chesnois-Auboncourt",
    "code": "08117",
    "epci_code": "240800862",
    "departement_code": "08",
    "region_code": "44",
    "postal_code": "08270"
  },
  {
    "name": "Cheveuges",
    "code": "08119",
    "epci_code": "200041630",
    "departement_code": "08",
    "region_code": "44",
    "postal_code": "08350"
  },
  {
    "name": "Chevières",
    "code": "08120",
    "epci_code": "240800920",
    "departement_code": "08",
    "region_code": "44",
    "postal_code": "08250"
  },
  {
    "name": "Chilly",
    "code": "08121",
    "epci_code": "200041622",
    "departement_code": "08",
    "region_code": "44",
    "postal_code": "08260"
  },
  {
    "name": "Chooz",
    "code": "08122",
    "epci_code": "240800821",
    "departement_code": "08",
    "region_code": "44",
    "postal_code": "08600"
  },
  {
    "name": "Chuffilly-Roche",
    "code": "08123",
    "epci_code": "240800862",
    "departement_code": "08",
    "region_code": "44",
    "postal_code": "08130"
  },
  {
    "name": "Clavy-Warby",
    "code": "08124",
    "epci_code": "240800862",
    "departement_code": "08",
    "region_code": "44",
    "postal_code": "08460"
  },
  {
    "name": "Cliron",
    "code": "08125",
    "epci_code": "200041630",
    "departement_code": "08",
    "region_code": "44",
    "postal_code": "08090"
  },
  {
    "name": "Condé-lès-Herpy",
    "code": "08126",
    "epci_code": "200043156",
    "departement_code": "08",
    "region_code": "44",
    "postal_code": "08360"
  },
  {
    "name": "Condé-lès-Autry",
    "code": "08128",
    "epci_code": "240800920",
    "departement_code": "08",
    "region_code": "44",
    "postal_code": "08250"
  },
  {
    "name": "Contreuve",
    "code": "08130",
    "epci_code": "240800920",
    "departement_code": "08",
    "region_code": "44",
    "postal_code": "08400"
  },
  {
    "name": "Cornay",
    "code": "08131",
    "epci_code": "240800920",
    "departement_code": "08",
    "region_code": "44",
    "postal_code": "08250"
  },
  {
    "name": "Corny-Machéroménil",
    "code": "08132",
    "epci_code": "200043156",
    "departement_code": "08",
    "region_code": "44",
    "postal_code": "08270"
  },
  {
    "name": "Coucy",
    "code": "08133",
    "epci_code": "200043156",
    "departement_code": "08",
    "region_code": "44",
    "postal_code": "08300"
  },
  {
    "name": "Coulommes-et-Marqueny",
    "code": "08134",
    "epci_code": "240800862",
    "departement_code": "08",
    "region_code": "44",
    "postal_code": "08130"
  },
  {
    "name": "La Croix-aux-Bois",
    "code": "08135",
    "epci_code": "240800920",
    "departement_code": "08",
    "region_code": "44",
    "postal_code": "08400"
  },
  {
    "name": "Daigny",
    "code": "08136",
    "epci_code": "200041630",
    "departement_code": "08",
    "region_code": "44",
    "postal_code": "08140"
  },
  {
    "name": "Damouzy",
    "code": "08137",
    "epci_code": "200041630",
    "departement_code": "08",
    "region_code": "44",
    "postal_code": "08090"
  },
  {
    "name": "Les Deux-Villes",
    "code": "08138",
    "epci_code": "240800847",
    "departement_code": "08",
    "region_code": "44",
    "postal_code": "08110"
  },
  {
    "name": "Deville",
    "code": "08139",
    "epci_code": "200067759",
    "departement_code": "08",
    "region_code": "44",
    "postal_code": "08800"
  },
  {
    "name": "Dom-le-Mesnil",
    "code": "08140",
    "epci_code": "200041630",
    "departement_code": "08",
    "region_code": "44",
    "postal_code": "08160"
  },
  {
    "name": "Dommery",
    "code": "08141",
    "epci_code": "240800862",
    "departement_code": "08",
    "region_code": "44",
    "postal_code": "08460"
  },
  {
    "name": "Donchery",
    "code": "08142",
    "epci_code": "200041630",
    "departement_code": "08",
    "region_code": "44",
    "postal_code": "08350"
  },
  {
    "name": "Doumely-Bégny",
    "code": "08143",
    "epci_code": "240800862",
    "departement_code": "08",
    "region_code": "44",
    "postal_code": "08220"
  },
  {
    "name": "Doux",
    "code": "08144",
    "epci_code": "200043156",
    "departement_code": "08",
    "region_code": "44",
    "postal_code": "08300"
  },
  {
    "name": "Douzy",
    "code": "08145",
    "epci_code": "240800847",
    "departement_code": "08",
    "region_code": "44",
    "postal_code": "08140"
  },
  {
    "name": "Draize",
    "code": "08146",
    "epci_code": "240800862",
    "departement_code": "08",
    "region_code": "44",
    "postal_code": "08220"
  },
  {
    "name": "Dricourt",
    "code": "08147",
    "epci_code": "240800920",
    "departement_code": "08",
    "region_code": "44",
    "postal_code": "08310"
  },
  {
    "name": "LՃcaille",
    "code": "08148",
    "epci_code": "200043156",
    "departement_code": "08",
    "region_code": "44",
    "postal_code": "08300"
  },
  {
    "name": "LՃchelle",
    "code": "08149",
    "epci_code": "200041622",
    "departement_code": "08",
    "region_code": "44",
    "postal_code": "08150"
  },
  {
    "name": "Écly",
    "code": "08150",
    "epci_code": "200043156",
    "departement_code": "08",
    "region_code": "44",
    "postal_code": "08300"
  },
  {
    "name": "Écordal",
    "code": "08151",
    "epci_code": "240800862",
    "departement_code": "08",
    "region_code": "44",
    "postal_code": "08130"
  },
  {
    "name": "Escombres-et-le-Chesnois",
    "code": "08153",
    "epci_code": "240800847",
    "departement_code": "08",
    "region_code": "44",
    "postal_code": "08110"
  },
  {
    "name": "Estrebay",
    "code": "08154",
    "epci_code": "200041622",
    "departement_code": "08",
    "region_code": "44",
    "postal_code": "08260"
  },
  {
    "name": "Étalle",
    "code": "08155",
    "epci_code": "200041622",
    "departement_code": "08",
    "region_code": "44",
    "postal_code": "08260"
  },
  {
    "name": "Éteignières",
    "code": "08156",
    "epci_code": "200041622",
    "departement_code": "08",
    "region_code": "44",
    "postal_code": "08260"
  },
  {
    "name": "Étrépigny",
    "code": "08158",
    "epci_code": "200041630",
    "departement_code": "08",
    "region_code": "44",
    "postal_code": "08160"
  },
  {
    "name": "Euilly-et-Lombut",
    "code": "08159",
    "epci_code": "240800847",
    "departement_code": "08",
    "region_code": "44",
    "postal_code": "08210"
  },
  {
    "name": "Évigny",
    "code": "08160",
    "epci_code": "240800862",
    "departement_code": "08",
    "region_code": "44",
    "postal_code": "08090"
  },
  {
    "name": "Exermont",
    "code": "08161",
    "epci_code": "240800920",
    "departement_code": "08",
    "region_code": "44",
    "postal_code": "08250"
  },
  {
    "name": "Fagnon",
    "code": "08162",
    "epci_code": "200041630",
    "departement_code": "08",
    "region_code": "44",
    "postal_code": "08090"
  },
  {
    "name": "Faissault",
    "code": "08163",
    "epci_code": "240800862",
    "departement_code": "08",
    "region_code": "44",
    "postal_code": "08270"
  },
  {
    "name": "Falaise",
    "code": "08164",
    "epci_code": "240800920",
    "departement_code": "08",
    "region_code": "44",
    "postal_code": "08400"
  },
  {
    "name": "Faux",
    "code": "08165",
    "epci_code": "240800862",
    "departement_code": "08",
    "region_code": "44",
    "postal_code": "08270"
  },
  {
    "name": "Fépin",
    "code": "08166",
    "epci_code": "240800821",
    "departement_code": "08",
    "region_code": "44",
    "postal_code": "08170"
  },
  {
    "name": "La Férée",
    "code": "08167",
    "epci_code": "200041622",
    "departement_code": "08",
    "region_code": "44",
    "postal_code": "08290"
  },
  {
    "name": "La Ferté-sur-Chiers",
    "code": "08168",
    "epci_code": "240800847",
    "departement_code": "08",
    "region_code": "44",
    "postal_code": "08370"
  },
  {
    "name": "Flaignes-Havys",
    "code": "08169",
    "epci_code": "200041622",
    "departement_code": "08",
    "region_code": "44",
    "postal_code": "08260"
  },
  {
    "name": "Fleigneux",
    "code": "08170",
    "epci_code": "200041630",
    "departement_code": "08",
    "region_code": "44",
    "postal_code": "08200"
  },
  {
    "name": "Fléville",
    "code": "08171",
    "epci_code": "240800920",
    "departement_code": "08",
    "region_code": "44",
    "postal_code": "08250"
  },
  {
    "name": "Fligny",
    "code": "08172",
    "epci_code": "200041622",
    "departement_code": "08",
    "region_code": "44",
    "postal_code": "08380"
  },
  {
    "name": "Flize",
    "code": "08173",
    "epci_code": "200041630",
    "departement_code": "08",
    "region_code": "44",
    "postal_code": "08160"
  },
  {
    "name": "Floing",
    "code": "08174",
    "epci_code": "200041630",
    "departement_code": "08",
    "region_code": "44",
    "postal_code": "08200"
  },
  {
    "name": "Foisches",
    "code": "08175",
    "epci_code": "240800821",
    "departement_code": "08",
    "region_code": "44",
    "postal_code": "08600"
  },
  {
    "name": "Fossé",
    "code": "08176",
    "epci_code": "240800920",
    "departement_code": "08",
    "region_code": "44",
    "postal_code": "08240"
  },
  {
    "name": "Fraillicourt",
    "code": "08178",
    "epci_code": "240800862",
    "departement_code": "08",
    "region_code": "44",
    "postal_code": "08220"
  },
  {
    "name": "Francheval",
    "code": "08179",
    "epci_code": "200041630",
    "departement_code": "08",
    "region_code": "44",
    "postal_code": "08140"
  },
  {
    "name": "La Francheville",
    "code": "08180",
    "epci_code": "200041630",
    "departement_code": "08",
    "region_code": "44",
    "postal_code": "08000"
  },
  {
    "name": "Le Fréty",
    "code": "08182",
    "epci_code": "200041622",
    "departement_code": "08",
    "region_code": "44",
    "postal_code": "08290"
  },
  {
    "name": "Fromelennes",
    "code": "08183",
    "epci_code": "240800821",
    "departement_code": "08",
    "region_code": "44",
    "postal_code": "08600"
  },
  {
    "name": "Fromy",
    "code": "08184",
    "epci_code": "240800847",
    "departement_code": "08",
    "region_code": "44",
    "postal_code": "08370"
  },
  {
    "name": "Fumay",
    "code": "08185",
    "epci_code": "240800821",
    "departement_code": "08",
    "region_code": "44",
    "postal_code": "08170"
  },
  {
    "name": "Germont",
    "code": "08186",
    "epci_code": "240800920",
    "departement_code": "08",
    "region_code": "44",
    "postal_code": "08240"
  },
  {
    "name": "Gernelle",
    "code": "08187",
    "epci_code": "200041630",
    "departement_code": "08",
    "region_code": "44",
    "postal_code": "08440"
  },
  {
    "name": "Gespunsart",
    "code": "08188",
    "epci_code": "200041630",
    "departement_code": "08",
    "region_code": "44",
    "postal_code": "08700"
  },
  {
    "name": "Girondelle",
    "code": "08189",
    "epci_code": "200041622",
    "departement_code": "08",
    "region_code": "44",
    "postal_code": "08260"
  },
  {
    "name": "Givet",
    "code": "08190",
    "epci_code": "240800821",
    "departement_code": "08",
    "region_code": "44",
    "postal_code": "08600"
  },
  {
    "name": "Givonne",
    "code": "08191",
    "epci_code": "200041630",
    "departement_code": "08",
    "region_code": "44",
    "postal_code": "08200"
  },
  {
    "name": "Givron",
    "code": "08192",
    "epci_code": "240800862",
    "departement_code": "08",
    "region_code": "44",
    "postal_code": "08220"
  },
  {
    "name": "Givry",
    "code": "08193",
    "epci_code": "240800862",
    "departement_code": "08",
    "region_code": "44",
    "postal_code": "08130"
  },
  {
    "name": "Glaire",
    "code": "08194",
    "epci_code": "200041630",
    "departement_code": "08",
    "region_code": "44",
    "postal_code": "08200"
  },
  {
    "name": "Gomont",
    "code": "08195",
    "epci_code": "200043156",
    "departement_code": "08",
    "region_code": "44",
    "postal_code": "08190"
  },
  {
    "name": "Grandchamp",
    "code": "08196",
    "epci_code": "240800862",
    "departement_code": "08",
    "region_code": "44",
    "postal_code": "08270"
  },
  {
    "name": "Grandham",
    "code": "08197",
    "epci_code": "240800920",
    "departement_code": "08",
    "region_code": "44",
    "postal_code": "08250"
  },
  {
    "name": "Grandpré",
    "code": "08198",
    "epci_code": "240800920",
    "departement_code": "08",
    "region_code": "44",
    "postal_code": "08250"
  },
  {
    "name": "La Grandville",
    "code": "08199",
    "epci_code": "200041630",
    "departement_code": "08",
    "region_code": "44",
    "postal_code": "08700"
  },
  {
    "name": "Grivy-Loisy",
    "code": "08200",
    "epci_code": "240800920",
    "departement_code": "08",
    "region_code": "44",
    "postal_code": "08400"
  },
  {
    "name": "Gruyères",
    "code": "08201",
    "epci_code": "240800862",
    "departement_code": "08",
    "region_code": "44",
    "postal_code": "08430"
  },
  {
    "name": "Gué-d’Hossus",
    "code": "08202",
    "epci_code": "200067759",
    "departement_code": "08",
    "region_code": "44",
    "postal_code": "08230"
  },
  {
    "name": "Guignicourt-sur-Vence",
    "code": "08203",
    "epci_code": "240800862",
    "departement_code": "08",
    "region_code": "44",
    "postal_code": "08430"
  },
  {
    "name": "Guincourt",
    "code": "08204",
    "epci_code": "240800862",
    "departement_code": "08",
    "region_code": "44",
    "postal_code": "08130"
  },
  {
    "name": "Hagnicourt",
    "code": "08205",
    "epci_code": "240800862",
    "departement_code": "08",
    "region_code": "44",
    "postal_code": "08430"
  },
  {
    "name": "Ham-les-Moines",
    "code": "08206",
    "epci_code": "200067759",
    "departement_code": "08",
    "region_code": "44",
    "postal_code": "08090"
  },
  {
    "name": "Ham-sur-Meuse",
    "code": "08207",
    "epci_code": "240800821",
    "departement_code": "08",
    "region_code": "44",
    "postal_code": "08600"
  },
  {
    "name": "Hannappes",
    "code": "08208",
    "epci_code": "200041622",
    "departement_code": "08",
    "region_code": "44",
    "postal_code": "08290"
  },
  {
    "name": "Hannogne-Saint-Martin",
    "code": "08209",
    "epci_code": "200041630",
    "departement_code": "08",
    "region_code": "44",
    "postal_code": "08160"
  },
  {
    "name": "Hannogne-Saint-Rémy",
    "code": "08210",
    "epci_code": "200043156",
    "departement_code": "08",
    "region_code": "44",
    "postal_code": "08220"
  },
  {
    "name": "Haraucourt",
    "code": "08211",
    "epci_code": "240800847",
    "departement_code": "08",
    "region_code": "44",
    "postal_code": "08450"
  },
  {
    "name": "Harcy",
    "code": "08212",
    "epci_code": "200067759",
    "departement_code": "08",
    "region_code": "44",
    "postal_code": "08150"
  },
  {
    "name": "Hargnies",
    "code": "08214",
    "epci_code": "240800821",
    "departement_code": "08",
    "region_code": "44",
    "postal_code": "08170"
  },
  {
    "name": "Harricourt",
    "code": "08215",
    "epci_code": "240800920",
    "departement_code": "08",
    "region_code": "44",
    "postal_code": "08240"
  },
  {
    "name": "Haudrecy",
    "code": "08216",
    "epci_code": "200041630",
    "departement_code": "08",
    "region_code": "44",
    "postal_code": "08090"
  },
  {
    "name": "Haulmé",
    "code": "08217",
    "epci_code": "200067759",
    "departement_code": "08",
    "region_code": "44",
    "postal_code": "08800"
  },
  {
    "name": "Les Hautes-Rivières",
    "code": "08218",
    "epci_code": "200067759",
    "departement_code": "08",
    "region_code": "44",
    "postal_code": "08800"
  },
  {
    "name": "Hauteville",
    "code": "08219",
    "epci_code": "200043156",
    "departement_code": "08",
    "region_code": "44",
    "postal_code": "08300"
  },
  {
    "name": "Hauviné",
    "code": "08220",
    "epci_code": "240800920",
    "departement_code": "08",
    "region_code": "44",
    "postal_code": "08310"
  },
  {
    "name": "Haybes",
    "code": "08222",
    "epci_code": "240800821",
    "departement_code": "08",
    "region_code": "44",
    "postal_code": "08170"
  },
  {
    "name": "Herbeuval",
    "code": "08223",
    "epci_code": "240800847",
    "departement_code": "08",
    "region_code": "44",
    "postal_code": "08370"
  },
  {
    "name": "Herpy-l’Arlésienne",
    "code": "08225",
    "epci_code": "200043156",
    "departement_code": "08",
    "region_code": "44",
    "postal_code": "08360"
  },
  {
    "name": "Hierges",
    "code": "08226",
    "epci_code": "240800821",
    "departement_code": "08",
    "region_code": "44",
    "postal_code": "08320"
  },
  {
    "name": "La Horgne",
    "code": "08228",
    "epci_code": "240800862",
    "departement_code": "08",
    "region_code": "44",
    "postal_code": "08430"
  },
  {
    "name": "Houdilcourt",
    "code": "08229",
    "epci_code": "200043156",
    "departement_code": "08",
    "region_code": "44",
    "postal_code": "08190"
  },
  {
    "name": "Houldizy",
    "code": "08230",
    "epci_code": "200041630",
    "departement_code": "08",
    "region_code": "44",
    "postal_code": "08090"
  },
  {
    "name": "Illy",
    "code": "08232",
    "epci_code": "200041630",
    "departement_code": "08",
    "region_code": "44",
    "postal_code": "08200"
  },
  {
    "name": "Imécourt",
    "code": "08233",
    "epci_code": "240800920",
    "departement_code": "08",
    "region_code": "44",
    "postal_code": "08240"
  },
  {
    "name": "Inaumont",
    "code": "08234",
    "epci_code": "200043156",
    "departement_code": "08",
    "region_code": "44",
    "postal_code": "08300"
  },
  {
    "name": "Issancourt-et-Rumel",
    "code": "08235",
    "epci_code": "200041630",
    "departement_code": "08",
    "region_code": "44",
    "postal_code": "08440"
  },
  {
    "name": "Jandun",
    "code": "08236",
    "epci_code": "240800862",
    "departement_code": "08",
    "region_code": "44",
    "postal_code": "08430"
  },
  {
    "name": "Joigny-sur-Meuse",
    "code": "08237",
    "epci_code": "200067759",
    "departement_code": "08",
    "region_code": "44",
    "postal_code": "08700"
  },
  {
    "name": "Jonval",
    "code": "08238",
    "epci_code": "240800862",
    "departement_code": "08",
    "region_code": "44",
    "postal_code": "08130"
  },
  {
    "name": "Juniville",
    "code": "08239",
    "epci_code": "200043156",
    "departement_code": "08",
    "region_code": "44",
    "postal_code": "08310"
  },
  {
    "name": "Justine-Herbigny",
    "code": "08240",
    "epci_code": "240800862",
    "departement_code": "08",
    "region_code": "44",
    "postal_code": "08270"
  },
  {
    "name": "Laifour",
    "code": "08242",
    "epci_code": "200067759",
    "departement_code": "08",
    "region_code": "44",
    "postal_code": "08800"
  },
  {
    "name": "Lalobbe",
    "code": "08243",
    "epci_code": "240800862",
    "departement_code": "08",
    "region_code": "44",
    "postal_code": "08460"
  },
  {
    "name": "Lametz",
    "code": "08244",
    "epci_code": "240800862",
    "departement_code": "08",
    "region_code": "44",
    "postal_code": "08130"
  },
  {
    "name": "Lançon",
    "code": "08245",
    "epci_code": "240800920",
    "departement_code": "08",
    "region_code": "44",
    "postal_code": "08250"
  },
  {
    "name": "Landres-et-Saint-Georges",
    "code": "08246",
    "epci_code": "240800920",
    "departement_code": "08",
    "region_code": "44",
    "postal_code": "08240"
  },
  {
    "name": "Landrichamps",
    "code": "08247",
    "epci_code": "240800821",
    "departement_code": "08",
    "region_code": "44",
    "postal_code": "08600"
  },
  {
    "name": "Launois-sur-Vence",
    "code": "08248",
    "epci_code": "240800862",
    "departement_code": "08",
    "region_code": "44",
    "postal_code": "08430"
  },
  {
    "name": "Laval-Morency",
    "code": "08249",
    "epci_code": "200067759",
    "departement_code": "08",
    "region_code": "44",
    "postal_code": "08150"
  },
  {
    "name": "Leffincourt",
    "code": "08250",
    "epci_code": "240800920",
    "departement_code": "08",
    "region_code": "44",
    "postal_code": "08310"
  },
  {
    "name": "Lépron-les-Vallées",
    "code": "08251",
    "epci_code": "200041622",
    "departement_code": "08",
    "region_code": "44",
    "postal_code": "08150"
  },
  {
    "name": "Létanne",
    "code": "08252",
    "epci_code": "240800847",
    "departement_code": "08",
    "region_code": "44",
    "postal_code": "08210"
  },
  {
    "name": "Liart",
    "code": "08254",
    "epci_code": "200041622",
    "departement_code": "08",
    "region_code": "44",
    "postal_code": "08290"
  },
  {
    "name": "Linay",
    "code": "08255",
    "epci_code": "240800847",
    "departement_code": "08",
    "region_code": "44",
    "postal_code": "08110"
  },
  {
    "name": "Liry",
    "code": "08256",
    "epci_code": "240800920",
    "departement_code": "08",
    "region_code": "44",
    "postal_code": "08400"
  },
  {
    "name": "Logny-Bogny",
    "code": "08257",
    "epci_code": "200041622",
    "departement_code": "08",
    "region_code": "44",
    "postal_code": "08150"
  },
  {
    "name": "Longwé",
    "code": "08259",
    "epci_code": "240800920",
    "departement_code": "08",
    "region_code": "44",
    "postal_code": "08400"
  },
  {
    "name": "Lonny",
    "code": "08260",
    "epci_code": "200067759",
    "departement_code": "08",
    "region_code": "44",
    "postal_code": "08150"
  },
  {
    "name": "Lucquy",
    "code": "08262",
    "epci_code": "240800862",
    "departement_code": "08",
    "region_code": "44",
    "postal_code": "08300"
  },
  {
    "name": "Lumes",
    "code": "08263",
    "epci_code": "200041630",
    "departement_code": "08",
    "region_code": "44",
    "postal_code": "08440"
  },
  {
    "name": "Machault",
    "code": "08264",
    "epci_code": "240800920",
    "departement_code": "08",
    "region_code": "44",
    "postal_code": "08310"
  },
  {
    "name": "Maisoncelle-et-Villers",
    "code": "08268",
    "epci_code": "240800847",
    "departement_code": "08",
    "region_code": "44",
    "postal_code": "08450"
  },
  {
    "name": "Malandry",
    "code": "08269",
    "epci_code": "240800847",
    "departement_code": "08",
    "region_code": "44",
    "postal_code": "08370"
  },
  {
    "name": "Manre",
    "code": "08271",
    "epci_code": "240800920",
    "departement_code": "08",
    "region_code": "44",
    "postal_code": "08400"
  },
  {
    "name": "Maranwez",
    "code": "08272",
    "epci_code": "240800862",
    "departement_code": "08",
    "region_code": "44",
    "postal_code": "08460"
  },
  {
    "name": "Marby",
    "code": "08273",
    "epci_code": "200041622",
    "departement_code": "08",
    "region_code": "44",
    "postal_code": "08260"
  },
  {
    "name": "Marcq",
    "code": "08274",
    "epci_code": "240800920",
    "departement_code": "08",
    "region_code": "44",
    "postal_code": "08250"
  },
  {
    "name": "Margny",
    "code": "08275",
    "epci_code": "240800847",
    "departement_code": "08",
    "region_code": "44",
    "postal_code": "08370"
  },
  {
    "name": "Margut",
    "code": "08276",
    "epci_code": "240800847",
    "departement_code": "08",
    "region_code": "44",
    "postal_code": "08370"
  },
  {
    "name": "Marlemont",
    "code": "08277",
    "epci_code": "200041622",
    "departement_code": "08",
    "region_code": "44",
    "postal_code": "08290"
  },
  {
    "name": "Marquigny",
    "code": "08278",
    "epci_code": "240800862",
    "departement_code": "08",
    "region_code": "44",
    "postal_code": "08390"
  },
  {
    "name": "Mars-sous-Bourcq",
    "code": "08279",
    "epci_code": "240800920",
    "departement_code": "08",
    "region_code": "44",
    "postal_code": "08400"
  },
  {
    "name": "Marvaux-Vieux",
    "code": "08280",
    "epci_code": "240800920",
    "departement_code": "08",
    "region_code": "44",
    "postal_code": "08400"
  },
  {
    "name": "Matton-et-Clémency",
    "code": "08281",
    "epci_code": "240800847",
    "departement_code": "08",
    "region_code": "44",
    "postal_code": "08110"
  },
  {
    "name": "Maubert-Fontaine",
    "code": "08282",
    "epci_code": "200041622",
    "departement_code": "08",
    "region_code": "44",
    "postal_code": "08260"
  },
  {
    "name": "Mazerny",
    "code": "08283",
    "epci_code": "240800862",
    "departement_code": "08",
    "region_code": "44",
    "postal_code": "08430"
  },
  {
    "name": "Les Mazures",
    "code": "08284",
    "epci_code": "200067759",
    "departement_code": "08",
    "region_code": "44",
    "postal_code": "08500"
  },
  {
    "name": "Ménil-Annelles",
    "code": "08286",
    "epci_code": "200043156",
    "departement_code": "08",
    "region_code": "44",
    "postal_code": "08310"
  },
  {
    "name": "Ménil-Lépinois",
    "code": "08287",
    "epci_code": "200043156",
    "departement_code": "08",
    "region_code": "44",
    "postal_code": "08310"
  },
  {
    "name": "Mesmont",
    "code": "08288",
    "epci_code": "240800862",
    "departement_code": "08",
    "region_code": "44",
    "postal_code": "08270"
  },
  {
    "name": "Messincourt",
    "code": "08289",
    "epci_code": "240800847",
    "departement_code": "08",
    "region_code": "44",
    "postal_code": "08110"
  },
  {
    "name": "Mogues",
    "code": "08291",
    "epci_code": "240800847",
    "departement_code": "08",
    "region_code": "44",
    "postal_code": "08110"
  },
  {
    "name": "Moiry",
    "code": "08293",
    "epci_code": "240800847",
    "departement_code": "08",
    "region_code": "44",
    "postal_code": "08370"
  },
  {
    "name": "Mondigny",
    "code": "08295",
    "epci_code": "240800862",
    "departement_code": "08",
    "region_code": "44",
    "postal_code": "08430"
  },
  {
    "name": "Montcheutin",
    "code": "08296",
    "epci_code": "240800920",
    "departement_code": "08",
    "region_code": "44",
    "postal_code": "08250"
  },
  {
    "name": "Montcornet",
    "code": "08297",
    "epci_code": "200067759",
    "departement_code": "08",
    "region_code": "44",
    "postal_code": "08090"
  },
  {
    "name": "Montcy-Notre-Dame",
    "code": "08298",
    "epci_code": "200041630",
    "departement_code": "08",
    "region_code": "44",
    "postal_code": "08090"
  },
  {
    "name": "Montgon",
    "code": "08301",
    "epci_code": "240800920",
    "departement_code": "08",
    "region_code": "44",
    "postal_code": "08390"
  },
  {
    "name": "Monthermé",
    "code": "08302",
    "epci_code": "200067759",
    "departement_code": "08",
    "region_code": "44",
    "postal_code": "08800"
  },
  {
    "name": "Monthois",
    "code": "08303",
    "epci_code": "240800920",
    "departement_code": "08",
    "region_code": "44",
    "postal_code": "08400"
  },
  {
    "name": "Montigny-sur-Meuse",
    "code": "08304",
    "epci_code": "240800821",
    "departement_code": "08",
    "region_code": "44",
    "postal_code": "08170"
  },
  {
    "name": "Montigny-sur-Vence",
    "code": "08305",
    "epci_code": "240800862",
    "departement_code": "08",
    "region_code": "44",
    "postal_code": "08430"
  },
  {
    "name": "Mont-Laurent",
    "code": "08306",
    "epci_code": "200043156",
    "departement_code": "08",
    "region_code": "44",
    "postal_code": "08130"
  },
  {
    "name": "Montmeillant",
    "code": "08307",
    "epci_code": "240800862",
    "departement_code": "08",
    "region_code": "44",
    "postal_code": "08220"
  },
  {
    "name": "Mont-Saint-Martin",
    "code": "08308",
    "epci_code": "240800920",
    "departement_code": "08",
    "region_code": "44",
    "postal_code": "08400"
  },
  {
    "name": "Mont-Saint-Remy",
    "code": "08309",
    "epci_code": "240800920",
    "departement_code": "08",
    "region_code": "44",
    "postal_code": "08310"
  },
  {
    "name": "Mouron",
    "code": "08310",
    "epci_code": "240800920",
    "departement_code": "08",
    "region_code": "44",
    "postal_code": "08250"
  },
  {
    "name": "Mouzon",
    "code": "08311",
    "epci_code": "240800847",
    "departement_code": "08",
    "region_code": "44",
    "postal_code": "08210"
  },
  {
    "name": "Murtin-et-Bogny",
    "code": "08312",
    "epci_code": "200067759",
    "departement_code": "08",
    "region_code": "44",
    "postal_code": "08150"
  },
  {
    "name": "Nanteuil-sur-Aisne",
    "code": "08313",
    "epci_code": "200043156",
    "departement_code": "08",
    "region_code": "44",
    "postal_code": "08300"
  },
  {
    "name": "Neuflize",
    "code": "08314",
    "epci_code": "200043156",
    "departement_code": "08",
    "region_code": "44",
    "postal_code": "08300"
  },
  {
    "name": "Neufmaison",
    "code": "08315",
    "epci_code": "240800862",
    "departement_code": "08",
    "region_code": "44",
    "postal_code": "08460"
  },
  {
    "name": "Neufmanil",
    "code": "08316",
    "epci_code": "200041630",
    "departement_code": "08",
    "region_code": "44",
    "postal_code": "08700"
  },
  {
    "name": "La Neuville-à-Maire",
    "code": "08317",
    "epci_code": "240800847",
    "departement_code": "08",
    "region_code": "44",
    "postal_code": "08450"
  },
  {
    "name": "La Neuville-aux-Joûtes",
    "code": "08318",
    "epci_code": "200041622",
    "departement_code": "08",
    "region_code": "44",
    "postal_code": "08380"
  },
  {
    "name": "Neuville-lez-Beaulieu",
    "code": "08319",
    "epci_code": "200041622",
    "departement_code": "08",
    "region_code": "44",
    "postal_code": "08380"
  },
  {
    "name": "La Neuville-en-Tourne-à-Fuy",
    "code": "08320",
    "epci_code": "200043156",
    "departement_code": "08",
    "region_code": "44",
    "postal_code": "08310"
  },
  {
    "name": "Neuville-Day",
    "code": "08321",
    "epci_code": "240800862",
    "departement_code": "08",
    "region_code": "44",
    "postal_code": "08130"
  },
  {
    "name": "Neuville-lès-This",
    "code": "08322",
    "epci_code": "200067759",
    "departement_code": "08",
    "region_code": "44",
    "postal_code": "08090"
  },
  {
    "name": "La Neuville-lès-Wasigny",
    "code": "08323",
    "epci_code": "240800862",
    "departement_code": "08",
    "region_code": "44",
    "postal_code": "08270"
  },
  {
    "name": "Neuvizy",
    "code": "08324",
    "epci_code": "240800862",
    "departement_code": "08",
    "region_code": "44",
    "postal_code": "08430"
  },
  {
    "name": "Noirval",
    "code": "08325",
    "epci_code": "240800920",
    "departement_code": "08",
    "region_code": "44",
    "postal_code": "08400"
  },
  {
    "name": "Nouart",
    "code": "08326",
    "epci_code": "240800920",
    "departement_code": "08",
    "region_code": "44",
    "postal_code": "08240"
  },
  {
    "name": "Nouvion-sur-Meuse",
    "code": "08327",
    "epci_code": "200041630",
    "departement_code": "08",
    "region_code": "44",
    "postal_code": "08160"
  },
  {
    "name": "Nouzonville",
    "code": "08328",
    "epci_code": "200041630",
    "departement_code": "08",
    "region_code": "44",
    "postal_code": "08700"
  },
  {
    "name": "Novion-Porcien",
    "code": "08329",
    "epci_code": "240800862",
    "departement_code": "08",
    "region_code": "44",
    "postal_code": "08270"
  },
  {
    "name": "Novy-Chevrières",
    "code": "08330",
    "epci_code": "200043156",
    "departement_code": "08",
    "region_code": "44",
    "postal_code": "08300"
  },
  {
    "name": "Noyers-Pont-Maugis",
    "code": "08331",
    "epci_code": "200041630",
    "departement_code": "08",
    "region_code": "44",
    "postal_code": "08350"
  },
  {
    "name": "Oches",
    "code": "08332",
    "epci_code": "240800920",
    "departement_code": "08",
    "region_code": "44",
    "postal_code": "08240"
  },
  {
    "name": "Olizy-Primat",
    "code": "08333",
    "epci_code": "240800920",
    "departement_code": "08",
    "region_code": "44",
    "postal_code": "08250"
  },
  {
    "name": "Omicourt",
    "code": "08334",
    "epci_code": "240800862",
    "departement_code": "08",
    "region_code": "44",
    "postal_code": "08450"
  },
  {
    "name": "Omont",
    "code": "08335",
    "epci_code": "240800862",
    "departement_code": "08",
    "region_code": "44",
    "postal_code": "08430"
  },
  {
    "name": "Osnes",
    "code": "08336",
    "epci_code": "240800847",
    "departement_code": "08",
    "region_code": "44",
    "postal_code": "08110"
  },
  {
    "name": "Pauvres",
    "code": "08338",
    "epci_code": "240800920",
    "departement_code": "08",
    "region_code": "44",
    "postal_code": "08310"
  },
  {
    "name": "Perthes",
    "code": "08339",
    "epci_code": "200043156",
    "departement_code": "08",
    "region_code": "44",
    "postal_code": "08300"
  },
  {
    "name": "Poilcourt-Sydney",
    "code": "08340",
    "epci_code": "200043156",
    "departement_code": "08",
    "region_code": "44",
    "postal_code": "08190"
  },
  {
    "name": "Poix-Terron",
    "code": "08341",
    "epci_code": "240800862",
    "departement_code": "08",
    "region_code": "44",
    "postal_code": "08430"
  },
  {
    "name": "Pouru-aux-Bois",
    "code": "08342",
    "epci_code": "200041630",
    "departement_code": "08",
    "region_code": "44",
    "postal_code": "08140"
  },
  {
    "name": "Pouru-Saint-Remy",
    "code": "08343",
    "epci_code": "200041630",
    "departement_code": "08",
    "region_code": "44",
    "postal_code": "08140"
  },
  {
    "name": "Prez",
    "code": "08344",
    "epci_code": "200041622",
    "departement_code": "08",
    "region_code": "44",
    "postal_code": "08290"
  },
  {
    "name": "Prix-lès-Mézières",
    "code": "08346",
    "epci_code": "200041630",
    "departement_code": "08",
    "region_code": "44",
    "postal_code": "08000"
  },
  {
    "name": "Puilly-et-Charbeaux",
    "code": "08347",
    "epci_code": "240800847",
    "departement_code": "08",
    "region_code": "44",
    "postal_code": "08370"
  },
  {
    "name": "Puiseux",
    "code": "08348",
    "epci_code": "240800862",
    "departement_code": "08",
    "region_code": "44",
    "postal_code": "08270"
  },
  {
    "name": "Pure",
    "code": "08349",
    "epci_code": "240800847",
    "departement_code": "08",
    "region_code": "44",
    "postal_code": "08110"
  },
  {
    "name": "Quatre-Champs",
    "code": "08350",
    "epci_code": "240800920",
    "departement_code": "08",
    "region_code": "44",
    "postal_code": "08400"
  },
  {
    "name": "Quilly",
    "code": "08351",
    "epci_code": "240800920",
    "departement_code": "08",
    "region_code": "44",
    "postal_code": "08400"
  },
  {
    "name": "Raillicourt",
    "code": "08352",
    "epci_code": "240800862",
    "departement_code": "08",
    "region_code": "44",
    "postal_code": "08430"
  },
  {
    "name": "Rancennes",
    "code": "08353",
    "epci_code": "240800821",
    "departement_code": "08",
    "region_code": "44",
    "postal_code": "08600"
  },
  {
    "name": "Raucourt-et-Flaba",
    "code": "08354",
    "epci_code": "240800847",
    "departement_code": "08",
    "region_code": "44",
    "postal_code": "08450"
  },
  {
    "name": "Regniowez",
    "code": "08355",
    "epci_code": "200041622",
    "departement_code": "08",
    "region_code": "44",
    "postal_code": "08230"
  },
  {
    "name": "Remaucourt",
    "code": "08356",
    "epci_code": "240800862",
    "departement_code": "08",
    "region_code": "44",
    "postal_code": "08220"
  },
  {
    "name": "Remilly-Aillicourt",
    "code": "08357",
    "epci_code": "240800847",
    "departement_code": "08",
    "region_code": "44",
    "postal_code": "08450"
  },
  {
    "name": "Remilly-les-Pothées",
    "code": "08358",
    "epci_code": "200041622",
    "departement_code": "08",
    "region_code": "44",
    "postal_code": "08150"
  },
  {
    "name": "Renneville",
    "code": "08360",
    "epci_code": "240800862",
    "departement_code": "08",
    "region_code": "44",
    "postal_code": "08220"
  },
  {
    "name": "Renwez",
    "code": "08361",
    "epci_code": "200067759",
    "departement_code": "08",
    "region_code": "44",
    "postal_code": "08150"
  },
  {
    "name": "Rethel",
    "code": "08362",
    "epci_code": "200043156",
    "departement_code": "08",
    "region_code": "44",
    "postal_code": "08300"
  },
  {
    "name": "Revin",
    "code": "08363",
    "epci_code": "240800821",
    "departement_code": "08",
    "region_code": "44",
    "postal_code": "08500"
  },
  {
    "name": "Rilly-sur-Aisne",
    "code": "08364",
    "epci_code": "240800862",
    "departement_code": "08",
    "region_code": "44",
    "postal_code": "08130"
  },
  {
    "name": "Rimogne",
    "code": "08365",
    "epci_code": "200067759",
    "departement_code": "08",
    "region_code": "44",
    "postal_code": "08150"
  },
  {
    "name": "Rocquigny",
    "code": "08366",
    "epci_code": "240800862",
    "departement_code": "08",
    "region_code": "44",
    "postal_code": "08220"
  },
  {
    "name": "Rocroi",
    "code": "08367",
    "epci_code": "200067759",
    "departement_code": "08",
    "region_code": "44",
    "postal_code": "08230"
  },
  {
    "name": "Roizy",
    "code": "08368",
    "epci_code": "200043156",
    "departement_code": "08",
    "region_code": "44",
    "postal_code": "08190"
  },
  {
    "name": "La Romagne",
    "code": "08369",
    "epci_code": "240800862",
    "departement_code": "08",
    "region_code": "44",
    "postal_code": "08220"
  },
  {
    "name": "Rouvroy-sur-Audry",
    "code": "08370",
    "epci_code": "200041622",
    "departement_code": "08",
    "region_code": "44",
    "postal_code": "08150"
  },
  {
    "name": "Rubigny",
    "code": "08372",
    "epci_code": "240800862",
    "departement_code": "08",
    "region_code": "44",
    "postal_code": "08220"
  },
  {
    "name": "Rumigny",
    "code": "08373",
    "epci_code": "200041622",
    "departement_code": "08",
    "region_code": "44",
    "postal_code": "08290"
  },
  {
    "name": "La Sabotterie",
    "code": "08374",
    "epci_code": "240800862",
    "departement_code": "08",
    "region_code": "44",
    "postal_code": "08130"
  },
  {
    "name": "Sachy",
    "code": "08375",
    "epci_code": "240800847",
    "departement_code": "08",
    "region_code": "44",
    "postal_code": "08110"
  },
  {
    "name": "Sailly",
    "code": "08376",
    "epci_code": "240800847",
    "departement_code": "08",
    "region_code": "44",
    "postal_code": "08110"
  },
  {
    "name": "Saint-Aignan",
    "code": "08377",
    "epci_code": "200041630",
    "departement_code": "08",
    "region_code": "44",
    "postal_code": "08350"
  },
  {
    "name": "Saint-Clément-à-Arnes",
    "code": "08378",
    "epci_code": "240800920",
    "departement_code": "08",
    "region_code": "44",
    "postal_code": "08310"
  },
  {
    "name": "Saint-Étienne-à-Arnes",
    "code": "08379",
    "epci_code": "240800920",
    "departement_code": "08",
    "region_code": "44",
    "postal_code": "08310"
  },
  {
    "name": "Saint-Fergeux",
    "code": "08380",
    "epci_code": "200043156",
    "departement_code": "08",
    "region_code": "44",
    "postal_code": "08360"
  },
  {
    "name": "Saint-Germainmont",
    "code": "08381",
    "epci_code": "200043156",
    "departement_code": "08",
    "region_code": "44",
    "postal_code": "08190"
  },
  {
    "name": "Saint-Jean-aux-Bois",
    "code": "08382",
    "epci_code": "240800862",
    "departement_code": "08",
    "region_code": "44",
    "postal_code": "08220"
  },
  {
    "name": "Saint-Juvin",
    "code": "08383",
    "epci_code": "240800920",
    "departement_code": "08",
    "region_code": "44",
    "postal_code": "08250"
  },
  {
    "name": "Saint-Lambert-et-Mont-de-Jeux",
    "code": "08384",
    "epci_code": "240800862",
    "departement_code": "08",
    "region_code": "44",
    "postal_code": "08130"
  },
  {
    "name": "Saint-Laurent",
    "code": "08385",
    "epci_code": "200041630",
    "departement_code": "08",
    "region_code": "44",
    "postal_code": "08090"
  },
  {
    "name": "Saint-Loup-en-Champagne",
    "code": "08386",
    "epci_code": "200043156",
    "departement_code": "08",
    "region_code": "44",
    "postal_code": "08300"
  },
  {
    "name": "Saint-Loup-Terrier",
    "code": "08387",
    "epci_code": "240800862",
    "departement_code": "08",
    "region_code": "44",
    "postal_code": "08130"
  },
  {
    "name": "Saint-Marceau",
    "code": "08388",
    "epci_code": "240800862",
    "departement_code": "08",
    "region_code": "44",
    "postal_code": "08160"
  },
  {
    "name": "Saint-Marcel",
    "code": "08389",
    "epci_code": "200067759",
    "departement_code": "08",
    "region_code": "44",
    "postal_code": "08460"
  },
  {
    "name": "Sainte-Marie",
    "code": "08390",
    "epci_code": "240800920",
    "departement_code": "08",
    "region_code": "44",
    "postal_code": "08400"
  },
  {
    "name": "Saint-Menges",
    "code": "08391",
    "epci_code": "200041630",
    "departement_code": "08",
    "region_code": "44",
    "postal_code": "08200"
  },
  {
    "name": "Saint-Morel",
    "code": "08392",
    "epci_code": "240800920",
    "departement_code": "08",
    "region_code": "44",
    "postal_code": "08400"
  },
  {
    "name": "Saint-Pierre-à-Arnes",
    "code": "08393",
    "epci_code": "240800920",
    "departement_code": "08",
    "region_code": "44",
    "postal_code": "08310"
  },
  {
    "name": "Saint-Pierremont",
    "code": "08394",
    "epci_code": "240800920",
    "departement_code": "08",
    "region_code": "44",
    "postal_code": "08240"
  },
  {
    "name": "Saint-Pierre-sur-Vence",
    "code": "08395",
    "epci_code": "240800862",
    "departement_code": "08",
    "region_code": "44",
    "postal_code": "08430"
  },
  {
    "name": "Saint-Quentin-le-Petit",
    "code": "08396",
    "epci_code": "200043156",
    "departement_code": "08",
    "region_code": "44",
    "postal_code": "08220"
  },
  {
    "name": "Saint-Remy-le-Petit",
    "code": "08397",
    "epci_code": "200043156",
    "departement_code": "08",
    "region_code": "44",
    "postal_code": "08300"
  },
  {
    "name": "Sainte-Vaubourg",
    "code": "08398",
    "epci_code": "240800862",
    "departement_code": "08",
    "region_code": "44",
    "postal_code": "08130"
  },
  {
    "name": "Sapogne-sur-Marche",
    "code": "08399",
    "epci_code": "240800847",
    "departement_code": "08",
    "region_code": "44",
    "postal_code": "08370"
  },
  {
    "name": "Sapogne-et-Feuchères",
    "code": "08400",
    "epci_code": "200041630",
    "departement_code": "08",
    "region_code": "44",
    "postal_code": "08160"
  },
  {
    "name": "Saulces-Champenoises",
    "code": "08401",
    "epci_code": "240800862",
    "departement_code": "08",
    "region_code": "44",
    "postal_code": "08130"
  },
  {
    "name": "Saulces-Monclin",
    "code": "08402",
    "epci_code": "240800862",
    "departement_code": "08",
    "region_code": "44",
    "postal_code": "08270"
  },
  {
    "name": "Sault-lès-Rethel",
    "code": "08403",
    "epci_code": "200043156",
    "departement_code": "08",
    "region_code": "44",
    "postal_code": "08300"
  },
  {
    "name": "Sault-Saint-Remy",
    "code": "08404",
    "epci_code": "200043156",
    "departement_code": "08",
    "region_code": "44",
    "postal_code": "08190"
  },
  {
    "name": "Sauville",
    "code": "08405",
    "epci_code": "240800920",
    "departement_code": "08",
    "region_code": "44",
    "postal_code": "08390"
  },
  {
    "name": "Savigny-sur-Aisne",
    "code": "08406",
    "epci_code": "240800920",
    "departement_code": "08",
    "region_code": "44",
    "postal_code": "08400"
  },
  {
    "name": "Séchault",
    "code": "08407",
    "epci_code": "240800920",
    "departement_code": "08",
    "region_code": "44",
    "postal_code": "08250"
  },
  {
    "name": "Sécheval",
    "code": "08408",
    "epci_code": "200041630",
    "departement_code": "08",
    "region_code": "44",
    "postal_code": "08150"
  },
  {
    "name": "Sedan",
    "code": "08409",
    "epci_code": "200041630",
    "departement_code": "08",
    "region_code": "44",
    "postal_code": "08200"
  },
  {
    "name": "Semide",
    "code": "08410",
    "epci_code": "240800920",
    "departement_code": "08",
    "region_code": "44",
    "postal_code": "08400"
  },
  {
    "name": "Semuy",
    "code": "08411",
    "epci_code": "240800862",
    "departement_code": "08",
    "region_code": "44",
    "postal_code": "08130"
  },
  {
    "name": "Senuc",
    "code": "08412",
    "epci_code": "240800920",
    "departement_code": "08",
    "region_code": "44",
    "postal_code": "08250"
  },
  {
    "name": "Seraincourt",
    "code": "08413",
    "epci_code": "200043156",
    "departement_code": "08",
    "region_code": "44",
    "postal_code": "08220"
  },
  {
    "name": "Sery",
    "code": "08415",
    "epci_code": "240800862",
    "departement_code": "08",
    "region_code": "44",
    "postal_code": "08270"
  },
  {
    "name": "Seuil",
    "code": "08416",
    "epci_code": "200043156",
    "departement_code": "08",
    "region_code": "44",
    "postal_code": "08300"
  },
  {
    "name": "Sévigny-la-Forêt",
    "code": "08417",
    "epci_code": "200067759",
    "departement_code": "08",
    "region_code": "44",
    "postal_code": "08230"
  },
  {
    "name": "Sévigny-Waleppe",
    "code": "08418",
    "epci_code": "200043156",
    "departement_code": "08",
    "region_code": "44",
    "postal_code": "08220"
  },
  {
    "name": "Signy-l’Abbaye",
    "code": "08419",
    "epci_code": "240800862",
    "departement_code": "08",
    "region_code": "44",
    "postal_code": "08460"
  },
  {
    "name": "Signy-le-Petit",
    "code": "08420",
    "epci_code": "200041622",
    "departement_code": "08",
    "region_code": "44",
    "postal_code": "08380"
  },
  {
    "name": "Signy-Montlibert",
    "code": "08421",
    "epci_code": "240800847",
    "departement_code": "08",
    "region_code": "44",
    "postal_code": "08370"
  },
  {
    "name": "Singly",
    "code": "08422",
    "epci_code": "240800862",
    "departement_code": "08",
    "region_code": "44",
    "postal_code": "08430"
  },
  {
    "name": "Sommauthe",
    "code": "08424",
    "epci_code": "240800920",
    "departement_code": "08",
    "region_code": "44",
    "postal_code": "08240"
  },
  {
    "name": "Sommerance",
    "code": "08425",
    "epci_code": "240800920",
    "departement_code": "08",
    "region_code": "44",
    "postal_code": "08250"
  },
  {
    "name": "Son",
    "code": "08426",
    "epci_code": "200043156",
    "departement_code": "08",
    "region_code": "44",
    "postal_code": "08300"
  },
  {
    "name": "Sorbon",
    "code": "08427",
    "epci_code": "200043156",
    "departement_code": "08",
    "region_code": "44",
    "postal_code": "08300"
  },
  {
    "name": "Sorcy-Bauthémont",
    "code": "08428",
    "epci_code": "240800862",
    "departement_code": "08",
    "region_code": "44",
    "postal_code": "08270"
  },
  {
    "name": "Sormonne",
    "code": "08429",
    "epci_code": "200067759",
    "departement_code": "08",
    "region_code": "44",
    "postal_code": "08150"
  },
  {
    "name": "Stonne",
    "code": "08430",
    "epci_code": "240800847",
    "departement_code": "08",
    "region_code": "44",
    "postal_code": "08390"
  },
  {
    "name": "Sugny",
    "code": "08431",
    "epci_code": "240800920",
    "departement_code": "08",
    "region_code": "44",
    "postal_code": "08400"
  },
  {
    "name": "Sury",
    "code": "08432",
    "epci_code": "200067759",
    "departement_code": "08",
    "region_code": "44",
    "postal_code": "08090"
  },
  {
    "name": "Suzanne",
    "code": "08433",
    "epci_code": "240800862",
    "departement_code": "08",
    "region_code": "44",
    "postal_code": "08130"
  },
  {
    "name": "Sy",
    "code": "08434",
    "epci_code": "240800920",
    "departement_code": "08",
    "region_code": "44",
    "postal_code": "08390"
  },
  {
    "name": "Tagnon",
    "code": "08435",
    "epci_code": "200043156",
    "departement_code": "08",
    "region_code": "44",
    "postal_code": "08300"
  },
  {
    "name": "Taillette",
    "code": "08436",
    "epci_code": "200067759",
    "departement_code": "08",
    "region_code": "44",
    "postal_code": "08230"
  },
  {
    "name": "Tailly",
    "code": "08437",
    "epci_code": "240800920",
    "departement_code": "08",
    "region_code": "44",
    "postal_code": "08240"
  },
  {
    "name": "Taizy",
    "code": "08438",
    "epci_code": "200043156",
    "departement_code": "08",
    "region_code": "44",
    "postal_code": "08360"
  },
  {
    "name": "Tannay-le-Mont-Dieu",
    "code": "08439",
    "epci_code": "240800920",
    "departement_code": "08",
    "region_code": "44",
    "postal_code": "08390"
  },
  {
    "name": "Tarzy",
    "code": "08440",
    "epci_code": "200041622",
    "departement_code": "08",
    "region_code": "44",
    "postal_code": "08380"
  },
  {
    "name": "Tétaigne",
    "code": "08444",
    "epci_code": "240800847",
    "departement_code": "08",
    "region_code": "44",
    "postal_code": "08110"
  },
  {
    "name": "Thelonne",
    "code": "08445",
    "epci_code": "200041630",
    "departement_code": "08",
    "region_code": "44",
    "postal_code": "08350"
  },
  {
    "name": "Thénorgues",
    "code": "08446",
    "epci_code": "240800920",
    "departement_code": "08",
    "region_code": "44",
    "postal_code": "08240"
  },
  {
    "name": "Thilay",
    "code": "08448",
    "epci_code": "200067759",
    "departement_code": "08",
    "region_code": "44",
    "postal_code": "08800"
  },
  {
    "name": "Thin-le-Moutier",
    "code": "08449",
    "epci_code": "240800862",
    "departement_code": "08",
    "region_code": "44",
    "postal_code": "08460"
  },
  {
    "name": "This",
    "code": "08450",
    "epci_code": "200067759",
    "departement_code": "08",
    "region_code": "44",
    "postal_code": "08090"
  },
  {
    "name": "Le Thour",
    "code": "08451",
    "epci_code": "200043156",
    "departement_code": "08",
    "region_code": "44",
    "postal_code": "08190"
  },
  {
    "name": "Thugny-Trugny",
    "code": "08452",
    "epci_code": "200043156",
    "departement_code": "08",
    "region_code": "44",
    "postal_code": "08300"
  },
  {
    "name": "Toges",
    "code": "08453",
    "epci_code": "240800920",
    "departement_code": "08",
    "region_code": "44",
    "postal_code": "08400"
  },
  {
    "name": "Touligny",
    "code": "08454",
    "epci_code": "240800862",
    "departement_code": "08",
    "region_code": "44",
    "postal_code": "08430"
  },
  {
    "name": "Tourcelles-Chaumont",
    "code": "08455",
    "epci_code": "240800920",
    "departement_code": "08",
    "region_code": "44",
    "postal_code": "08400"
  },
  {
    "name": "Tournavaux",
    "code": "08456",
    "epci_code": "200067759",
    "departement_code": "08",
    "region_code": "44",
    "postal_code": "08800"
  },
  {
    "name": "Tournes",
    "code": "08457",
    "epci_code": "200041630",
    "departement_code": "08",
    "region_code": "44",
    "postal_code": "08090"
  },
  {
    "name": "Tourteron",
    "code": "08458",
    "epci_code": "240800862",
    "departement_code": "08",
    "region_code": "44",
    "postal_code": "08130"
  },
  {
    "name": "Tremblois-lès-Carignan",
    "code": "08459",
    "epci_code": "240800847",
    "departement_code": "08",
    "region_code": "44",
    "postal_code": "08110"
  },
  {
    "name": "Tremblois-lès-Rocroi",
    "code": "08460",
    "epci_code": "200067759",
    "departement_code": "08",
    "region_code": "44",
    "postal_code": "08150"
  },
  {
    "name": "Vandy",
    "code": "08461",
    "epci_code": "240800920",
    "departement_code": "08",
    "region_code": "44",
    "postal_code": "08400"
  },
  {
    "name": "Vaux-Champagne",
    "code": "08462",
    "epci_code": "240800862",
    "departement_code": "08",
    "region_code": "44",
    "postal_code": "08130"
  },
  {
    "name": "Vaux-en-Dieulet",
    "code": "08463",
    "epci_code": "240800920",
    "departement_code": "08",
    "region_code": "44",
    "postal_code": "08240"
  },
  {
    "name": "Vaux-lès-Mouron",
    "code": "08464",
    "epci_code": "240800920",
    "departement_code": "08",
    "region_code": "44",
    "postal_code": "08250"
  },
  {
    "name": "Vaux-lès-Rubigny",
    "code": "08465",
    "epci_code": "240800862",
    "departement_code": "08",
    "region_code": "44",
    "postal_code": "08220"
  },
  {
    "name": "Vaux-lès-Mouzon",
    "code": "08466",
    "epci_code": "240800847",
    "departement_code": "08",
    "region_code": "44",
    "postal_code": "08210"
  },
  {
    "name": "Vaux-Montreuil",
    "code": "08467",
    "epci_code": "240800862",
    "departement_code": "08",
    "region_code": "44",
    "postal_code": "08270"
  },
  {
    "name": "Vaux-Villaine",
    "code": "08468",
    "epci_code": "200041622",
    "departement_code": "08",
    "region_code": "44",
    "postal_code": "08150"
  },
  {
    "name": "Vendresse",
    "code": "08469",
    "epci_code": "240800862",
    "departement_code": "08",
    "region_code": "44",
    "postal_code": "08160"
  },
  {
    "name": "Verpel",
    "code": "08470",
    "epci_code": "240800920",
    "departement_code": "08",
    "region_code": "44",
    "postal_code": "08240"
  },
  {
    "name": "Verrières",
    "code": "08471",
    "epci_code": "240800920",
    "departement_code": "08",
    "region_code": "44",
    "postal_code": "08390"
  },
  {
    "name": "Viel-Saint-Remy",
    "code": "08472",
    "epci_code": "240800862",
    "departement_code": "08",
    "region_code": "44",
    "postal_code": "08270"
  },
  {
    "name": "Vieux-lès-Asfeld",
    "code": "08473",
    "epci_code": "200043156",
    "departement_code": "08",
    "region_code": "44",
    "postal_code": "08190"
  },
  {
    "name": "Villers-devant-le-Thour",
    "code": "08476",
    "epci_code": "200043156",
    "departement_code": "08",
    "region_code": "44",
    "postal_code": "08190"
  },
  {
    "name": "Villers-devant-Mouzon",
    "code": "08477",
    "epci_code": "240800847",
    "departement_code": "08",
    "region_code": "44",
    "postal_code": "08210"
  },
  {
    "name": "Villers-le-Tilleul",
    "code": "08478",
    "epci_code": "240800862",
    "departement_code": "08",
    "region_code": "44",
    "postal_code": "08430"
  },
  {
    "name": "Villers-le-Tourneur",
    "code": "08479",
    "epci_code": "240800862",
    "departement_code": "08",
    "region_code": "44",
    "postal_code": "08430"
  },
  {
    "name": "Villers-Semeuse",
    "code": "08480",
    "epci_code": "200041630",
    "departement_code": "08",
    "region_code": "44",
    "postal_code": "08000"
  },
  {
    "name": "Villers-sur-Bar",
    "code": "08481",
    "epci_code": "200041630",
    "departement_code": "08",
    "region_code": "44",
    "postal_code": "08350"
  },
  {
    "name": "Villers-sur-le-Mont",
    "code": "08482",
    "epci_code": "240800862",
    "departement_code": "08",
    "region_code": "44",
    "postal_code": "08430"
  },
  {
    "name": "Ville-sur-Lumes",
    "code": "08483",
    "epci_code": "200041630",
    "departement_code": "08",
    "region_code": "44",
    "postal_code": "08440"
  },
  {
    "name": "Ville-sur-Retourne",
    "code": "08484",
    "epci_code": "200043156",
    "departement_code": "08",
    "region_code": "44",
    "postal_code": "08310"
  },
  {
    "name": "Villy",
    "code": "08485",
    "epci_code": "240800847",
    "departement_code": "08",
    "region_code": "44",
    "postal_code": "08370"
  },
  {
    "name": "Vireux-Molhain",
    "code": "08486",
    "epci_code": "240800821",
    "departement_code": "08",
    "region_code": "44",
    "postal_code": "08320"
  },
  {
    "name": "Vireux-Wallerand",
    "code": "08487",
    "epci_code": "240800821",
    "departement_code": "08",
    "region_code": "44",
    "postal_code": "08320"
  },
  {
    "name": "Vivier-au-Court",
    "code": "08488",
    "epci_code": "200041630",
    "departement_code": "08",
    "region_code": "44",
    "postal_code": "08440"
  },
  {
    "name": "Voncq",
    "code": "08489",
    "epci_code": "240800862",
    "departement_code": "08",
    "region_code": "44",
    "postal_code": "08400"
  },
  {
    "name": "Vouziers",
    "code": "08490",
    "epci_code": "240800920",
    "departement_code": "08",
    "region_code": "44",
    "postal_code": "08400"
  },
  {
    "name": "Vrigne aux Bois",
    "code": "08491",
    "epci_code": "200041630",
    "departement_code": "08",
    "region_code": "44",
    "postal_code": "08330"
  },
  {
    "name": "Vrigne aux Bois",
    "code": "08491",
    "epci_code": "200041630",
    "departement_code": "08",
    "region_code": "44",
    "postal_code": "08350"
  },
  {
    "name": "Vrigne-Meuse",
    "code": "08492",
    "epci_code": "200041630",
    "departement_code": "08",
    "region_code": "44",
    "postal_code": "08350"
  },
  {
    "name": "Wadelincourt",
    "code": "08494",
    "epci_code": "200041630",
    "departement_code": "08",
    "region_code": "44",
    "postal_code": "08200"
  },
  {
    "name": "Wagnon",
    "code": "08496",
    "epci_code": "240800862",
    "departement_code": "08",
    "region_code": "44",
    "postal_code": "08270"
  },
  {
    "name": "Warcq",
    "code": "08497",
    "epci_code": "200041630",
    "departement_code": "08",
    "region_code": "44",
    "postal_code": "08000"
  },
  {
    "name": "Warnécourt",
    "code": "08498",
    "epci_code": "240800862",
    "departement_code": "08",
    "region_code": "44",
    "postal_code": "08090"
  },
  {
    "name": "Wasigny",
    "code": "08499",
    "epci_code": "240800862",
    "departement_code": "08",
    "region_code": "44",
    "postal_code": "08270"
  },
  {
    "name": "Wignicourt",
    "code": "08500",
    "epci_code": "240800862",
    "departement_code": "08",
    "region_code": "44",
    "postal_code": "08270"
  },
  {
    "name": "Williers",
    "code": "08501",
    "epci_code": "240800847",
    "departement_code": "08",
    "region_code": "44",
    "postal_code": "08110"
  },
  {
    "name": "Yoncq",
    "code": "08502",
    "epci_code": "240800847",
    "departement_code": "08",
    "region_code": "44",
    "postal_code": "08210"
  },
  {
    "name": "Yvernaumont",
    "code": "08503",
    "epci_code": "240800862",
    "departement_code": "08",
    "region_code": "44",
    "postal_code": "08430"
  }
]