[
  {
    "name": "Abergement-la-Ronce",
    "code": "39001",
    "epci_code": "200010650",
    "departement_code": "39",
    "region_code": "27",
    "postal_code": "39500"
  },
  {
    "name": "Abergement-le-Grand",
    "code": "39002",
    "epci_code": "200071595",
    "departement_code": "39",
    "region_code": "27",
    "postal_code": "39600"
  },
  {
    "name": "Abergement-le-Petit",
    "code": "39003",
    "epci_code": "200071595",
    "departement_code": "39",
    "region_code": "27",
    "postal_code": "39800"
  },
  {
    "name": "Abergement-lès-Thésy",
    "code": "39004",
    "epci_code": "200071595",
    "departement_code": "39",
    "region_code": "27",
    "postal_code": "39110"
  },
  {
    "name": "Aiglepierre",
    "code": "39006",
    "epci_code": "200071595",
    "departement_code": "39",
    "region_code": "27",
    "postal_code": "39110"
  },
  {
    "name": "Alièze",
    "code": "39007",
    "epci_code": "200090579",
    "departement_code": "39",
    "region_code": "27",
    "postal_code": "39270"
  },
  {
    "name": "Amange",
    "code": "39008",
    "epci_code": "200010650",
    "departement_code": "39",
    "region_code": "27",
    "postal_code": "39700"
  },
  {
    "name": "Andelot-en-Montagne",
    "code": "39009",
    "epci_code": "200069623",
    "departement_code": "39",
    "region_code": "27",
    "postal_code": "39110"
  },
  {
    "name": "Andelot-Morval",
    "code": "39010",
    "epci_code": "200090579",
    "departement_code": "39",
    "region_code": "27",
    "postal_code": "39320"
  },
  {
    "name": "Annoire",
    "code": "39011",
    "epci_code": "243901089",
    "departement_code": "39",
    "region_code": "27",
    "postal_code": "39120"
  },
  {
    "name": "Arbois",
    "code": "39013",
    "epci_code": "200071595",
    "departement_code": "39",
    "region_code": "27",
    "postal_code": "39600"
  },
  {
    "name": "Archelange",
    "code": "39014",
    "epci_code": "200010650",
    "departement_code": "39",
    "region_code": "27",
    "postal_code": "39290"
  },
  {
    "name": "Ardon",
    "code": "39015",
    "epci_code": "200069623",
    "departement_code": "39",
    "region_code": "27",
    "postal_code": "39300"
  },
  {
    "name": "Arinthod",
    "code": "39016",
    "epci_code": "200090579",
    "departement_code": "39",
    "region_code": "27",
    "postal_code": "39240"
  },
  {
    "name": "Arlay",
    "code": "39017",
    "epci_code": "200069615",
    "departement_code": "39",
    "region_code": "27",
    "postal_code": "39140"
  },
  {
    "name": "Arlay",
    "code": "39017",
    "epci_code": "200069615",
    "departement_code": "39",
    "region_code": "27",
    "postal_code": "39210"
  },
  {
    "name": "Aromas",
    "code": "39018",
    "epci_code": "200090579",
    "departement_code": "39",
    "region_code": "27",
    "postal_code": "39240"
  },
  {
    "name": "Les Arsures",
    "code": "39019",
    "epci_code": "200071595",
    "departement_code": "39",
    "region_code": "27",
    "postal_code": "39600"
  },
  {
    "name": "Arsure-Arsurette",
    "code": "39020",
    "epci_code": "200069623",
    "departement_code": "39",
    "region_code": "27",
    "postal_code": "39250"
  },
  {
    "name": "La Chailleuse",
    "code": "39021",
    "epci_code": "200090579",
    "departement_code": "39",
    "region_code": "27",
    "postal_code": "39270"
  },
  {
    "name": "La Chailleuse",
    "code": "39021",
    "epci_code": "200090579",
    "departement_code": "39",
    "region_code": "27",
    "postal_code": "39570"
  },
  {
    "name": "Asnans-Beauvoisin",
    "code": "39022",
    "epci_code": "243901089",
    "departement_code": "39",
    "region_code": "27",
    "postal_code": "39120"
  },
  {
    "name": "Audelange",
    "code": "39024",
    "epci_code": "200010650",
    "departement_code": "39",
    "region_code": "27",
    "postal_code": "39700"
  },
  {
    "name": "Augea",
    "code": "39025",
    "epci_code": "200072056",
    "departement_code": "39",
    "region_code": "27",
    "postal_code": "39190"
  },
  {
    "name": "Augerans",
    "code": "39026",
    "epci_code": "243900420",
    "departement_code": "39",
    "region_code": "27",
    "postal_code": "39380"
  },
  {
    "name": "Augisey",
    "code": "39027",
    "epci_code": "200072056",
    "departement_code": "39",
    "region_code": "27",
    "postal_code": "39270"
  },
  {
    "name": "Aumont",
    "code": "39028",
    "epci_code": "200071595",
    "departement_code": "39",
    "region_code": "27",
    "postal_code": "39800"
  },
  {
    "name": "Aumur",
    "code": "39029",
    "epci_code": "200010650",
    "departement_code": "39",
    "region_code": "27",
    "postal_code": "39410"
  },
  {
    "name": "Authume",
    "code": "39030",
    "epci_code": "200010650",
    "departement_code": "39",
    "region_code": "27",
    "postal_code": "39100"
  },
  {
    "name": "Auxange",
    "code": "39031",
    "epci_code": "200010650",
    "departement_code": "39",
    "region_code": "27",
    "postal_code": "39700"
  },
  {
    "name": "Avignon-lès-Saint-Claude",
    "code": "39032",
    "epci_code": "200026573",
    "departement_code": "39",
    "region_code": "27",
    "postal_code": "39200"
  },
  {
    "name": "Balaiseaux",
    "code": "39034",
    "epci_code": "243901089",
    "departement_code": "39",
    "region_code": "27",
    "postal_code": "39120"
  },
  {
    "name": "Balanod",
    "code": "39035",
    "epci_code": "200072056",
    "departement_code": "39",
    "region_code": "27",
    "postal_code": "39160"
  },
  {
    "name": "Bans",
    "code": "39037",
    "epci_code": "243900420",
    "departement_code": "39",
    "region_code": "27",
    "postal_code": "39380"
  },
  {
    "name": "Barésia-sur-l’Ain",
    "code": "39038",
    "epci_code": "200090579",
    "departement_code": "39",
    "region_code": "27",
    "postal_code": "39130"
  },
  {
    "name": "La Barre",
    "code": "39039",
    "epci_code": "243900560",
    "departement_code": "39",
    "region_code": "27",
    "postal_code": "39700"
  },
  {
    "name": "Barretaine",
    "code": "39040",
    "epci_code": "200071595",
    "departement_code": "39",
    "region_code": "27",
    "postal_code": "39800"
  },
  {
    "name": "Baume-les-Messieurs",
    "code": "39041",
    "epci_code": "200071116",
    "departement_code": "39",
    "region_code": "27",
    "postal_code": "39210"
  },
  {
    "name": "Baume-les-Messieurs",
    "code": "39041",
    "epci_code": "200071116",
    "departement_code": "39",
    "region_code": "27",
    "postal_code": "39570"
  },
  {
    "name": "Baverans",
    "code": "39042",
    "epci_code": "200010650",
    "departement_code": "39",
    "region_code": "27",
    "postal_code": "39100"
  },
  {
    "name": "Beaufort-Orbagna",
    "code": "39043",
    "epci_code": "200072056",
    "departement_code": "39",
    "region_code": "27",
    "postal_code": "39190"
  },
  {
    "name": "Beffia",
    "code": "39045",
    "epci_code": "200090579",
    "departement_code": "39",
    "region_code": "27",
    "postal_code": "39270"
  },
  {
    "name": "Bellecombe",
    "code": "39046",
    "epci_code": "200026573",
    "departement_code": "39",
    "region_code": "27",
    "postal_code": "39310"
  },
  {
    "name": "Bellefontaine",
    "code": "39047",
    "epci_code": "243900479",
    "departement_code": "39",
    "region_code": "27",
    "postal_code": "39400"
  },
  {
    "name": "Belmont",
    "code": "39048",
    "epci_code": "243900420",
    "departement_code": "39",
    "region_code": "27",
    "postal_code": "39380"
  },
  {
    "name": "Bersaillin",
    "code": "39049",
    "epci_code": "200071595",
    "departement_code": "39",
    "region_code": "27",
    "postal_code": "39800"
  },
  {
    "name": "Besain",
    "code": "39050",
    "epci_code": "200071595",
    "departement_code": "39",
    "region_code": "27",
    "postal_code": "39800"
  },
  {
    "name": "Biarne",
    "code": "39051",
    "epci_code": "200010650",
    "departement_code": "39",
    "region_code": "27",
    "postal_code": "39290"
  },
  {
    "name": "Bief-des-Maisons",
    "code": "39052",
    "epci_code": "200069623",
    "departement_code": "39",
    "region_code": "27",
    "postal_code": "39150"
  },
  {
    "name": "Bief-du-Fourg",
    "code": "39053",
    "epci_code": "200069623",
    "departement_code": "39",
    "region_code": "27",
    "postal_code": "39250"
  },
  {
    "name": "Biefmorin",
    "code": "39054",
    "epci_code": "200071595",
    "departement_code": "39",
    "region_code": "27",
    "postal_code": "39800"
  },
  {
    "name": "Billecul",
    "code": "39055",
    "epci_code": "200069623",
    "departement_code": "39",
    "region_code": "27",
    "postal_code": "39250"
  },
  {
    "name": "Bletterans",
    "code": "39056",
    "epci_code": "200069615",
    "departement_code": "39",
    "region_code": "27",
    "postal_code": "39140"
  },
  {
    "name": "Blois-sur-Seille",
    "code": "39057",
    "epci_code": "200069615",
    "departement_code": "39",
    "region_code": "27",
    "postal_code": "39210"
  },
  {
    "name": "Blye",
    "code": "39058",
    "epci_code": "200090579",
    "departement_code": "39",
    "region_code": "27",
    "postal_code": "39130"
  },
  {
    "name": "Bois-d’Amont",
    "code": "39059",
    "epci_code": "243900354",
    "departement_code": "39",
    "region_code": "27",
    "postal_code": "39220"
  },
  {
    "name": "Bois-de-Gand",
    "code": "39060",
    "epci_code": "200069615",
    "departement_code": "39",
    "region_code": "27",
    "postal_code": "39230"
  },
  {
    "name": "Boissia",
    "code": "39061",
    "epci_code": "200090579",
    "departement_code": "39",
    "region_code": "27",
    "postal_code": "39130"
  },
  {
    "name": "La Boissière",
    "code": "39062",
    "epci_code": "200090579",
    "departement_code": "39",
    "region_code": "27",
    "postal_code": "39240"
  },
  {
    "name": "Bonlieu",
    "code": "39063",
    "epci_code": "200090579",
    "departement_code": "39",
    "region_code": "27",
    "postal_code": "39130"
  },
  {
    "name": "Bonnefontaine",
    "code": "39065",
    "epci_code": "200069615",
    "departement_code": "39",
    "region_code": "27",
    "postal_code": "39800"
  },
  {
    "name": "Bornay",
    "code": "39066",
    "epci_code": "200071116",
    "departement_code": "39",
    "region_code": "27",
    "postal_code": "39570"
  },
  {
    "name": "Les Bouchoux",
    "code": "39068",
    "epci_code": "200026573",
    "departement_code": "39",
    "region_code": "27",
    "postal_code": "39370"
  },
  {
    "name": "Bourg-de-Sirod",
    "code": "39070",
    "epci_code": "200069623",
    "departement_code": "39",
    "region_code": "27",
    "postal_code": "39300"
  },
  {
    "name": "Bracon",
    "code": "39072",
    "epci_code": "200071595",
    "departement_code": "39",
    "region_code": "27",
    "postal_code": "39110"
  },
  {
    "name": "Brainans",
    "code": "39073",
    "epci_code": "200071595",
    "departement_code": "39",
    "region_code": "27",
    "postal_code": "39800"
  },
  {
    "name": "Brans",
    "code": "39074",
    "epci_code": "243900560",
    "departement_code": "39",
    "region_code": "27",
    "postal_code": "39290"
  },
  {
    "name": "La Bretenière",
    "code": "39076",
    "epci_code": "243900560",
    "departement_code": "39",
    "region_code": "27",
    "postal_code": "39700"
  },
  {
    "name": "Bretenières",
    "code": "39077",
    "epci_code": "243901089",
    "departement_code": "39",
    "region_code": "27",
    "postal_code": "39120"
  },
  {
    "name": "Brevans",
    "code": "39078",
    "epci_code": "200010650",
    "departement_code": "39",
    "region_code": "27",
    "postal_code": "39100"
  },
  {
    "name": "Briod",
    "code": "39079",
    "epci_code": "200071116",
    "departement_code": "39",
    "region_code": "27",
    "postal_code": "39570"
  },
  {
    "name": "Broissia",
    "code": "39080",
    "epci_code": "200090579",
    "departement_code": "39",
    "region_code": "27",
    "postal_code": "39320"
  },
  {
    "name": "Buvilly",
    "code": "39081",
    "epci_code": "200071595",
    "departement_code": "39",
    "region_code": "27",
    "postal_code": "39800"
  },
  {
    "name": "Censeau",
    "code": "39083",
    "epci_code": "200069623",
    "departement_code": "39",
    "region_code": "27",
    "postal_code": "39250"
  },
  {
    "name": "Cernans",
    "code": "39084",
    "epci_code": "200071595",
    "departement_code": "39",
    "region_code": "27",
    "postal_code": "39110"
  },
  {
    "name": "Cerniébaud",
    "code": "39085",
    "epci_code": "200069623",
    "departement_code": "39",
    "region_code": "27",
    "postal_code": "39250"
  },
  {
    "name": "Cernon",
    "code": "39086",
    "epci_code": "200090579",
    "departement_code": "39",
    "region_code": "27",
    "postal_code": "39240"
  },
  {
    "name": "Cesancey",
    "code": "39088",
    "epci_code": "200071116",
    "departement_code": "39",
    "region_code": "27",
    "postal_code": "39570"
  },
  {
    "name": "Chaînée-des-Coupis",
    "code": "39090",
    "epci_code": "243901089",
    "departement_code": "39",
    "region_code": "27",
    "postal_code": "39120"
  },
  {
    "name": "Les Chalesmes",
    "code": "39091",
    "epci_code": "200069623",
    "departement_code": "39",
    "region_code": "27",
    "postal_code": "39150"
  },
  {
    "name": "Chambéria",
    "code": "39092",
    "epci_code": "200090579",
    "departement_code": "39",
    "region_code": "27",
    "postal_code": "39270"
  },
  {
    "name": "Chamblay",
    "code": "39093",
    "epci_code": "243900420",
    "departement_code": "39",
    "region_code": "27",
    "postal_code": "39380"
  },
  {
    "name": "Chamole",
    "code": "39094",
    "epci_code": "200071595",
    "departement_code": "39",
    "region_code": "27",
    "postal_code": "39800"
  },
  {
    "name": "Champagne-sur-Loue",
    "code": "39095",
    "epci_code": "243900420",
    "departement_code": "39",
    "region_code": "27",
    "postal_code": "39600"
  },
  {
    "name": "Champagney",
    "code": "39096",
    "epci_code": "200010650",
    "departement_code": "39",
    "region_code": "27",
    "postal_code": "39290"
  },
  {
    "name": "Champagnole",
    "code": "39097",
    "epci_code": "200069623",
    "departement_code": "39",
    "region_code": "27",
    "postal_code": "39300"
  },
  {
    "name": "Champdivers",
    "code": "39099",
    "epci_code": "200010650",
    "departement_code": "39",
    "region_code": "27",
    "postal_code": "39500"
  },
  {
    "name": "Champrougier",
    "code": "39100",
    "epci_code": "200069615",
    "departement_code": "39",
    "region_code": "27",
    "postal_code": "39230"
  },
  {
    "name": "Champvans",
    "code": "39101",
    "epci_code": "200010650",
    "departement_code": "39",
    "region_code": "27",
    "postal_code": "39100"
  },
  {
    "name": "Chancia",
    "code": "39102",
    "epci_code": "200090579",
    "departement_code": "39",
    "region_code": "27",
    "postal_code": "01590"
  },
  {
    "name": "La Chapelle-sur-Furieuse",
    "code": "39103",
    "epci_code": "200071595",
    "departement_code": "39",
    "region_code": "27",
    "postal_code": "39110"
  },
  {
    "name": "Chapelle-Voland",
    "code": "39104",
    "epci_code": "200069615",
    "departement_code": "39",
    "region_code": "27",
    "postal_code": "39140"
  },
  {
    "name": "Chapois",
    "code": "39105",
    "epci_code": "200069623",
    "departement_code": "39",
    "region_code": "27",
    "postal_code": "39300"
  },
  {
    "name": "Charchilla",
    "code": "39106",
    "epci_code": "200090579",
    "departement_code": "39",
    "region_code": "27",
    "postal_code": "39260"
  },
  {
    "name": "Charcier",
    "code": "39107",
    "epci_code": "200090579",
    "departement_code": "39",
    "region_code": "27",
    "postal_code": "39130"
  },
  {
    "name": "Charency",
    "code": "39108",
    "epci_code": "200069623",
    "departement_code": "39",
    "region_code": "27",
    "postal_code": "39250"
  },
  {
    "name": "Charézier",
    "code": "39109",
    "epci_code": "200090579",
    "departement_code": "39",
    "region_code": "27",
    "postal_code": "39130"
  },
  {
    "name": "La Charme",
    "code": "39110",
    "epci_code": "200069615",
    "departement_code": "39",
    "region_code": "27",
    "postal_code": "39230"
  },
  {
    "name": "Charnod",
    "code": "39111",
    "epci_code": "200090579",
    "departement_code": "39",
    "region_code": "27",
    "postal_code": "39240"
  },
  {
    "name": "La Chassagne",
    "code": "39112",
    "epci_code": "200069615",
    "departement_code": "39",
    "region_code": "27",
    "postal_code": "39230"
  },
  {
    "name": "Château-Chalon",
    "code": "39114",
    "epci_code": "200069615",
    "departement_code": "39",
    "region_code": "27",
    "postal_code": "39210"
  },
  {
    "name": "La Châtelaine",
    "code": "39116",
    "epci_code": "200071595",
    "departement_code": "39",
    "region_code": "27",
    "postal_code": "39600"
  },
  {
    "name": "Chatelay",
    "code": "39117",
    "epci_code": "243900420",
    "departement_code": "39",
    "region_code": "27",
    "postal_code": "39380"
  },
  {
    "name": "Châtel-de-Joux",
    "code": "39118",
    "epci_code": "200090579",
    "departement_code": "39",
    "region_code": "27",
    "postal_code": "39130"
  },
  {
    "name": "Le Chateley",
    "code": "39119",
    "epci_code": "200071595",
    "departement_code": "39",
    "region_code": "27",
    "postal_code": "39230"
  },
  {
    "name": "Châtelneuf",
    "code": "39120",
    "epci_code": "200069623",
    "departement_code": "39",
    "region_code": "27",
    "postal_code": "39300"
  },
  {
    "name": "Châtenois",
    "code": "39121",
    "epci_code": "200010650",
    "departement_code": "39",
    "region_code": "27",
    "postal_code": "39700"
  },
  {
    "name": "Châtillon",
    "code": "39122",
    "epci_code": "200090579",
    "departement_code": "39",
    "region_code": "27",
    "postal_code": "39130"
  },
  {
    "name": "Chaumergy",
    "code": "39124",
    "epci_code": "200069615",
    "departement_code": "39",
    "region_code": "27",
    "postal_code": "39230"
  },
  {
    "name": "La Chaumusse",
    "code": "39126",
    "epci_code": "243900610",
    "departement_code": "39",
    "region_code": "27",
    "postal_code": "39150"
  },
  {
    "name": "Chaussenans",
    "code": "39127",
    "epci_code": "200071595",
    "departement_code": "39",
    "region_code": "27",
    "postal_code": "39800"
  },
  {
    "name": "Chaussin",
    "code": "39128",
    "epci_code": "243901089",
    "departement_code": "39",
    "region_code": "27",
    "postal_code": "39120"
  },
  {
    "name": "Chaux-des-Crotenay",
    "code": "39129",
    "epci_code": "200069623",
    "departement_code": "39",
    "region_code": "27",
    "postal_code": "39150"
  },
  {
    "name": "Nanchez",
    "code": "39130",
    "epci_code": "243900610",
    "departement_code": "39",
    "region_code": "27",
    "postal_code": "39150"
  },
  {
    "name": "Nanchez",
    "code": "39130",
    "epci_code": "243900610",
    "departement_code": "39",
    "region_code": "27",
    "postal_code": "39200"
  },
  {
    "name": "La Chaux-du-Dombief",
    "code": "39131",
    "epci_code": "243900610",
    "departement_code": "39",
    "region_code": "27",
    "postal_code": "39150"
  },
  {
    "name": "La Chaux-en-Bresse",
    "code": "39132",
    "epci_code": "200069615",
    "departement_code": "39",
    "region_code": "27",
    "postal_code": "39230"
  },
  {
    "name": "Chaux-Champagny",
    "code": "39133",
    "epci_code": "200071595",
    "departement_code": "39",
    "region_code": "27",
    "postal_code": "39110"
  },
  {
    "name": "Chavéria",
    "code": "39134",
    "epci_code": "200090579",
    "departement_code": "39",
    "region_code": "27",
    "postal_code": "39270"
  },
  {
    "name": "Chemenot",
    "code": "39136",
    "epci_code": "200069615",
    "departement_code": "39",
    "region_code": "27",
    "postal_code": "39230"
  },
  {
    "name": "Saint-Hymetière-sur-Valouse",
    "code": "39137",
    "epci_code": "200090579",
    "departement_code": "39",
    "region_code": "27",
    "postal_code": "39240"
  },
  {
    "name": "Chemin",
    "code": "39138",
    "epci_code": "243901089",
    "departement_code": "39",
    "region_code": "27",
    "postal_code": "39120"
  },
  {
    "name": "Chêne-Bernard",
    "code": "39139",
    "epci_code": "243901089",
    "departement_code": "39",
    "region_code": "27",
    "postal_code": "39120"
  },
  {
    "name": "Chêne-Sec",
    "code": "39140",
    "epci_code": "200069615",
    "departement_code": "39",
    "region_code": "27",
    "postal_code": "39230"
  },
  {
    "name": "Chevigny",
    "code": "39141",
    "epci_code": "200010650",
    "departement_code": "39",
    "region_code": "27",
    "postal_code": "39290"
  },
  {
    "name": "Chevreaux",
    "code": "39142",
    "epci_code": "200072056",
    "departement_code": "39",
    "region_code": "27",
    "postal_code": "39190"
  },
  {
    "name": "Chevrotaine",
    "code": "39143",
    "epci_code": "200090579",
    "departement_code": "39",
    "region_code": "27",
    "postal_code": "39130"
  },
  {
    "name": "Chille",
    "code": "39145",
    "epci_code": "200071116",
    "departement_code": "39",
    "region_code": "27",
    "postal_code": "39570"
  },
  {
    "name": "Chilly-le-Vignoble",
    "code": "39146",
    "epci_code": "200071116",
    "departement_code": "39",
    "region_code": "27",
    "postal_code": "39570"
  },
  {
    "name": "Chilly-sur-Salins",
    "code": "39147",
    "epci_code": "200071595",
    "departement_code": "39",
    "region_code": "27",
    "postal_code": "39110"
  },
  {
    "name": "Chissey-sur-Loue",
    "code": "39149",
    "epci_code": "243900420",
    "departement_code": "39",
    "region_code": "27",
    "postal_code": "39380"
  },
  {
    "name": "Choisey",
    "code": "39150",
    "epci_code": "200010650",
    "departement_code": "39",
    "region_code": "27",
    "postal_code": "39100"
  },
  {
    "name": "Choux",
    "code": "39151",
    "epci_code": "200026573",
    "departement_code": "39",
    "region_code": "27",
    "postal_code": "39370"
  },
  {
    "name": "Cize",
    "code": "39153",
    "epci_code": "200069623",
    "departement_code": "39",
    "region_code": "27",
    "postal_code": "39300"
  },
  {
    "name": "Clairvaux-les-Lacs",
    "code": "39154",
    "epci_code": "200090579",
    "departement_code": "39",
    "region_code": "27",
    "postal_code": "39130"
  },
  {
    "name": "Clucy",
    "code": "39155",
    "epci_code": "200071595",
    "departement_code": "39",
    "region_code": "27",
    "postal_code": "39110"
  },
  {
    "name": "Cogna",
    "code": "39156",
    "epci_code": "200090579",
    "departement_code": "39",
    "region_code": "27",
    "postal_code": "39130"
  },
  {
    "name": "Coiserette",
    "code": "39157",
    "epci_code": "200026573",
    "departement_code": "39",
    "region_code": "27",
    "postal_code": "39200"
  },
  {
    "name": "Colonne",
    "code": "39159",
    "epci_code": "200071595",
    "departement_code": "39",
    "region_code": "27",
    "postal_code": "39800"
  },
  {
    "name": "Commenailles",
    "code": "39160",
    "epci_code": "200069615",
    "departement_code": "39",
    "region_code": "27",
    "postal_code": "39140"
  },
  {
    "name": "Condamine",
    "code": "39162",
    "epci_code": "200071116",
    "departement_code": "39",
    "region_code": "27",
    "postal_code": "39570"
  },
  {
    "name": "Condes",
    "code": "39163",
    "epci_code": "200090579",
    "departement_code": "39",
    "region_code": "27",
    "postal_code": "39240"
  },
  {
    "name": "Conliège",
    "code": "39164",
    "epci_code": "200071116",
    "departement_code": "39",
    "region_code": "27",
    "postal_code": "39570"
  },
  {
    "name": "Conte",
    "code": "39165",
    "epci_code": "200069623",
    "departement_code": "39",
    "region_code": "27",
    "postal_code": "39300"
  },
  {
    "name": "Cornod",
    "code": "39166",
    "epci_code": "200090579",
    "departement_code": "39",
    "region_code": "27",
    "postal_code": "39240"
  },
  {
    "name": "Cosges",
    "code": "39167",
    "epci_code": "200069615",
    "departement_code": "39",
    "region_code": "27",
    "postal_code": "39140"
  },
  {
    "name": "Courbette",
    "code": "39168",
    "epci_code": "200090579",
    "departement_code": "39",
    "region_code": "27",
    "postal_code": "39570"
  },
  {
    "name": "Courbouzon",
    "code": "39169",
    "epci_code": "200071116",
    "departement_code": "39",
    "region_code": "27",
    "postal_code": "39570"
  },
  {
    "name": "Courlans",
    "code": "39170",
    "epci_code": "200071116",
    "departement_code": "39",
    "region_code": "27",
    "postal_code": "39570"
  },
  {
    "name": "Courlaoux",
    "code": "39171",
    "epci_code": "200071116",
    "departement_code": "39",
    "region_code": "27",
    "postal_code": "39570"
  },
  {
    "name": "Courtefontaine",
    "code": "39172",
    "epci_code": "243900560",
    "departement_code": "39",
    "region_code": "27",
    "postal_code": "39700"
  },
  {
    "name": "Cousance",
    "code": "39173",
    "epci_code": "200072056",
    "departement_code": "39",
    "region_code": "27",
    "postal_code": "39190"
  },
  {
    "name": "Coyrière",
    "code": "39174",
    "epci_code": "200026573",
    "departement_code": "39",
    "region_code": "27",
    "postal_code": "39200"
  },
  {
    "name": "Coyron",
    "code": "39175",
    "epci_code": "200090579",
    "departement_code": "39",
    "region_code": "27",
    "postal_code": "39260"
  },
  {
    "name": "Cramans",
    "code": "39176",
    "epci_code": "243900420",
    "departement_code": "39",
    "region_code": "27",
    "postal_code": "39600"
  },
  {
    "name": "Hauteroche",
    "code": "39177",
    "epci_code": "200069615",
    "departement_code": "39",
    "region_code": "27",
    "postal_code": "39210"
  },
  {
    "name": "Hauteroche",
    "code": "39177",
    "epci_code": "200069615",
    "departement_code": "39",
    "region_code": "27",
    "postal_code": "39570"
  },
  {
    "name": "Crans",
    "code": "39178",
    "epci_code": "200069623",
    "departement_code": "39",
    "region_code": "27",
    "postal_code": "39300"
  },
  {
    "name": "Crenans",
    "code": "39179",
    "epci_code": "200090579",
    "departement_code": "39",
    "region_code": "27",
    "postal_code": "39260"
  },
  {
    "name": "Cressia",
    "code": "39180",
    "epci_code": "200090579",
    "departement_code": "39",
    "region_code": "27",
    "postal_code": "39270"
  },
  {
    "name": "Crissey",
    "code": "39182",
    "epci_code": "200010650",
    "departement_code": "39",
    "region_code": "27",
    "postal_code": "39100"
  },
  {
    "name": "Crotenay",
    "code": "39183",
    "epci_code": "200069623",
    "departement_code": "39",
    "region_code": "27",
    "postal_code": "39300"
  },
  {
    "name": "Les Crozets",
    "code": "39184",
    "epci_code": "200090579",
    "departement_code": "39",
    "region_code": "27",
    "postal_code": "39260"
  },
  {
    "name": "Cuisia",
    "code": "39185",
    "epci_code": "200072056",
    "departement_code": "39",
    "region_code": "27",
    "postal_code": "39190"
  },
  {
    "name": "Cuvier",
    "code": "39187",
    "epci_code": "200069623",
    "departement_code": "39",
    "region_code": "27",
    "postal_code": "39250"
  },
  {
    "name": "Dammartin-Marpain",
    "code": "39188",
    "epci_code": "243900560",
    "departement_code": "39",
    "region_code": "27",
    "postal_code": "39290"
  },
  {
    "name": "Damparis",
    "code": "39189",
    "epci_code": "200010650",
    "departement_code": "39",
    "region_code": "27",
    "postal_code": "39500"
  },
  {
    "name": "Dampierre",
    "code": "39190",
    "epci_code": "243900560",
    "departement_code": "39",
    "region_code": "27",
    "postal_code": "39350"
  },
  {
    "name": "Dampierre",
    "code": "39190",
    "epci_code": "243900560",
    "departement_code": "39",
    "region_code": "27",
    "postal_code": "39700"
  },
  {
    "name": "Darbonnay",
    "code": "39191",
    "epci_code": "200071595",
    "departement_code": "39",
    "region_code": "27",
    "postal_code": "39230"
  },
  {
    "name": "Denezières",
    "code": "39192",
    "epci_code": "200090579",
    "departement_code": "39",
    "region_code": "27",
    "postal_code": "39130"
  },
  {
    "name": "Le Deschaux",
    "code": "39193",
    "epci_code": "200010650",
    "departement_code": "39",
    "region_code": "27",
    "postal_code": "39120"
  },
  {
    "name": "Desnes",
    "code": "39194",
    "epci_code": "200069615",
    "departement_code": "39",
    "region_code": "27",
    "postal_code": "39140"
  },
  {
    "name": "Les Deux-Fays",
    "code": "39196",
    "epci_code": "200069615",
    "departement_code": "39",
    "region_code": "27",
    "postal_code": "39230"
  },
  {
    "name": "Digna",
    "code": "39197",
    "epci_code": "200072056",
    "departement_code": "39",
    "region_code": "27",
    "postal_code": "39190"
  },
  {
    "name": "Dole",
    "code": "39198",
    "epci_code": "200010650",
    "departement_code": "39",
    "region_code": "27",
    "postal_code": "39100"
  },
  {
    "name": "Domblans",
    "code": "39199",
    "epci_code": "200069615",
    "departement_code": "39",
    "region_code": "27",
    "postal_code": "39210"
  },
  {
    "name": "Domblans",
    "code": "39199",
    "epci_code": "200069615",
    "departement_code": "39",
    "region_code": "27",
    "postal_code": "39230"
  },
  {
    "name": "Dompierre-sur-Mont",
    "code": "39200",
    "epci_code": "200090579",
    "departement_code": "39",
    "region_code": "27",
    "postal_code": "39270"
  },
  {
    "name": "Doucier",
    "code": "39201",
    "epci_code": "200090579",
    "departement_code": "39",
    "region_code": "27",
    "postal_code": "39130"
  },
  {
    "name": "Dournon",
    "code": "39202",
    "epci_code": "200071595",
    "departement_code": "39",
    "region_code": "27",
    "postal_code": "39110"
  },
  {
    "name": "Doye",
    "code": "39203",
    "epci_code": "200069623",
    "departement_code": "39",
    "region_code": "27",
    "postal_code": "39250"
  },
  {
    "name": "Dramelay",
    "code": "39204",
    "epci_code": "200090579",
    "departement_code": "39",
    "region_code": "27",
    "postal_code": "39240"
  },
  {
    "name": "Éclans-Nenon",
    "code": "39205",
    "epci_code": "200010650",
    "departement_code": "39",
    "region_code": "27",
    "postal_code": "39700"
  },
  {
    "name": "Écleux",
    "code": "39206",
    "epci_code": "243900420",
    "departement_code": "39",
    "region_code": "27",
    "postal_code": "39600"
  },
  {
    "name": "Écrille",
    "code": "39207",
    "epci_code": "200090579",
    "departement_code": "39",
    "region_code": "27",
    "postal_code": "39270"
  },
  {
    "name": "Entre-deux-Monts",
    "code": "39208",
    "epci_code": "200069623",
    "departement_code": "39",
    "region_code": "27",
    "postal_code": "39150"
  },
  {
    "name": "Val-dՃpy",
    "code": "39209",
    "epci_code": "200072056",
    "departement_code": "39",
    "region_code": "27",
    "postal_code": "39160"
  },
  {
    "name": "Val-dՃpy",
    "code": "39209",
    "epci_code": "200072056",
    "departement_code": "39",
    "region_code": "27",
    "postal_code": "39320"
  },
  {
    "name": "Équevillon",
    "code": "39210",
    "epci_code": "200069623",
    "departement_code": "39",
    "region_code": "27",
    "postal_code": "39300"
  },
  {
    "name": "Les Essards-Taignevaux",
    "code": "39211",
    "epci_code": "243901089",
    "departement_code": "39",
    "region_code": "27",
    "postal_code": "39120"
  },
  {
    "name": "Esserval-Tartre",
    "code": "39214",
    "epci_code": "200069623",
    "departement_code": "39",
    "region_code": "27",
    "postal_code": "39250"
  },
  {
    "name": "Étival",
    "code": "39216",
    "epci_code": "200090579",
    "departement_code": "39",
    "region_code": "27",
    "postal_code": "39130"
  },
  {
    "name": "LՃtoile",
    "code": "39217",
    "epci_code": "200071116",
    "departement_code": "39",
    "region_code": "27",
    "postal_code": "39570"
  },
  {
    "name": "Étrepigney",
    "code": "39218",
    "epci_code": "243900560",
    "departement_code": "39",
    "region_code": "27",
    "postal_code": "39700"
  },
  {
    "name": "Évans",
    "code": "39219",
    "epci_code": "243900560",
    "departement_code": "39",
    "region_code": "27",
    "postal_code": "39700"
  },
  {
    "name": "Falletans",
    "code": "39220",
    "epci_code": "200010650",
    "departement_code": "39",
    "region_code": "27",
    "postal_code": "39700"
  },
  {
    "name": "La Favière",
    "code": "39221",
    "epci_code": "200069623",
    "departement_code": "39",
    "region_code": "27",
    "postal_code": "39250"
  },
  {
    "name": "Fay-en-Montagne",
    "code": "39222",
    "epci_code": "200071595",
    "departement_code": "39",
    "region_code": "27",
    "postal_code": "39800"
  },
  {
    "name": "La Ferté",
    "code": "39223",
    "epci_code": "200071595",
    "departement_code": "39",
    "region_code": "27",
    "postal_code": "39600"
  },
  {
    "name": "Le Fied",
    "code": "39225",
    "epci_code": "200071595",
    "departement_code": "39",
    "region_code": "27",
    "postal_code": "39800"
  },
  {
    "name": "Foncine-le-Bas",
    "code": "39227",
    "epci_code": "200069623",
    "departement_code": "39",
    "region_code": "27",
    "postal_code": "39520"
  },
  {
    "name": "Foncine-le-Haut",
    "code": "39228",
    "epci_code": "200069623",
    "departement_code": "39",
    "region_code": "27",
    "postal_code": "39460"
  },
  {
    "name": "Fontainebrux",
    "code": "39229",
    "epci_code": "200069615",
    "departement_code": "39",
    "region_code": "27",
    "postal_code": "39140"
  },
  {
    "name": "Fontenu",
    "code": "39230",
    "epci_code": "200090579",
    "departement_code": "39",
    "region_code": "27",
    "postal_code": "39130"
  },
  {
    "name": "Fort-du-Plasne",
    "code": "39232",
    "epci_code": "243900610",
    "departement_code": "39",
    "region_code": "27",
    "postal_code": "39150"
  },
  {
    "name": "Foucherans",
    "code": "39233",
    "epci_code": "200010650",
    "departement_code": "39",
    "region_code": "27",
    "postal_code": "39100"
  },
  {
    "name": "Foulenay",
    "code": "39234",
    "epci_code": "200069615",
    "departement_code": "39",
    "region_code": "27",
    "postal_code": "39230"
  },
  {
    "name": "Fraisans",
    "code": "39235",
    "epci_code": "243900560",
    "departement_code": "39",
    "region_code": "27",
    "postal_code": "39700"
  },
  {
    "name": "Francheville",
    "code": "39236",
    "epci_code": "200069615",
    "departement_code": "39",
    "region_code": "27",
    "postal_code": "39230"
  },
  {
    "name": "Fraroz",
    "code": "39237",
    "epci_code": "200069623",
    "departement_code": "39",
    "region_code": "27",
    "postal_code": "39250"
  },
  {
    "name": "Frasne-les-Meulières",
    "code": "39238",
    "epci_code": "200010650",
    "departement_code": "39",
    "region_code": "27",
    "postal_code": "39290"
  },
  {
    "name": "La Frasnée",
    "code": "39239",
    "epci_code": "200090579",
    "departement_code": "39",
    "region_code": "27",
    "postal_code": "39130"
  },
  {
    "name": "Le Frasnois",
    "code": "39240",
    "epci_code": "200069623",
    "departement_code": "39",
    "region_code": "27",
    "postal_code": "39130"
  },
  {
    "name": "Frébuans",
    "code": "39241",
    "epci_code": "200071116",
    "departement_code": "39",
    "region_code": "27",
    "postal_code": "39570"
  },
  {
    "name": "Frontenay",
    "code": "39244",
    "epci_code": "200069615",
    "departement_code": "39",
    "region_code": "27",
    "postal_code": "39210"
  },
  {
    "name": "Gatey",
    "code": "39245",
    "epci_code": "243901089",
    "departement_code": "39",
    "region_code": "27",
    "postal_code": "39120"
  },
  {
    "name": "Gendrey",
    "code": "39246",
    "epci_code": "243900560",
    "departement_code": "39",
    "region_code": "27",
    "postal_code": "39350"
  },
  {
    "name": "Genod",
    "code": "39247",
    "epci_code": "200090579",
    "departement_code": "39",
    "region_code": "27",
    "postal_code": "39240"
  },
  {
    "name": "Geraise",
    "code": "39248",
    "epci_code": "200071595",
    "departement_code": "39",
    "region_code": "27",
    "postal_code": "39110"
  },
  {
    "name": "Germigney",
    "code": "39249",
    "epci_code": "243900420",
    "departement_code": "39",
    "region_code": "27",
    "postal_code": "39380"
  },
  {
    "name": "Geruge",
    "code": "39250",
    "epci_code": "200071116",
    "departement_code": "39",
    "region_code": "27",
    "postal_code": "39570"
  },
  {
    "name": "Gevingey",
    "code": "39251",
    "epci_code": "200071116",
    "departement_code": "39",
    "region_code": "27",
    "postal_code": "39570"
  },
  {
    "name": "Gevry",
    "code": "39252",
    "epci_code": "200010650",
    "departement_code": "39",
    "region_code": "27",
    "postal_code": "39100"
  },
  {
    "name": "Gigny",
    "code": "39253",
    "epci_code": "200090579",
    "departement_code": "39",
    "region_code": "27",
    "postal_code": "39320"
  },
  {
    "name": "Gillois",
    "code": "39254",
    "epci_code": "200069623",
    "departement_code": "39",
    "region_code": "27",
    "postal_code": "39250"
  },
  {
    "name": "Gizia",
    "code": "39255",
    "epci_code": "200072056",
    "departement_code": "39",
    "region_code": "27",
    "postal_code": "39190"
  },
  {
    "name": "Grande-Rivière Château",
    "code": "39258",
    "epci_code": "243900610",
    "departement_code": "39",
    "region_code": "27",
    "postal_code": "39150"
  },
  {
    "name": "Grange-de-Vaivre",
    "code": "39259",
    "epci_code": "243900420",
    "departement_code": "39",
    "region_code": "27",
    "postal_code": "39600"
  },
  {
    "name": "Graye-et-Charnay",
    "code": "39261",
    "epci_code": "200072056",
    "departement_code": "39",
    "region_code": "27",
    "postal_code": "39320"
  },
  {
    "name": "Gredisans",
    "code": "39262",
    "epci_code": "200010650",
    "departement_code": "39",
    "region_code": "27",
    "postal_code": "39290"
  },
  {
    "name": "Grozon",
    "code": "39263",
    "epci_code": "200071595",
    "departement_code": "39",
    "region_code": "27",
    "postal_code": "39800"
  },
  {
    "name": "Hautecour",
    "code": "39265",
    "epci_code": "200090579",
    "departement_code": "39",
    "region_code": "27",
    "postal_code": "39130"
  },
  {
    "name": "Les Hays",
    "code": "39266",
    "epci_code": "243901089",
    "departement_code": "39",
    "region_code": "27",
    "postal_code": "39120"
  },
  {
    "name": "Ivory",
    "code": "39267",
    "epci_code": "200071595",
    "departement_code": "39",
    "region_code": "27",
    "postal_code": "39110"
  },
  {
    "name": "Ivrey",
    "code": "39268",
    "epci_code": "200071595",
    "departement_code": "39",
    "region_code": "27",
    "postal_code": "39110"
  },
  {
    "name": "Jeurre",
    "code": "39269",
    "epci_code": "200090579",
    "departement_code": "39",
    "region_code": "27",
    "postal_code": "39360"
  },
  {
    "name": "Jouhe",
    "code": "39270",
    "epci_code": "200010650",
    "departement_code": "39",
    "region_code": "27",
    "postal_code": "39100"
  },
  {
    "name": "Lac-des-Rouges-Truites",
    "code": "39271",
    "epci_code": "243900610",
    "departement_code": "39",
    "region_code": "27",
    "postal_code": "39150"
  },
  {
    "name": "Ladoye-sur-Seille",
    "code": "39272",
    "epci_code": "200069615",
    "departement_code": "39",
    "region_code": "27",
    "postal_code": "39210"
  },
  {
    "name": "Montlainsia",
    "code": "39273",
    "epci_code": "200090579",
    "departement_code": "39",
    "region_code": "27",
    "postal_code": "39320"
  },
  {
    "name": "Lajoux",
    "code": "39274",
    "epci_code": "200026573",
    "departement_code": "39",
    "region_code": "27",
    "postal_code": "01410"
  },
  {
    "name": "Lajoux",
    "code": "39274",
    "epci_code": "200026573",
    "departement_code": "39",
    "region_code": "27",
    "postal_code": "39310"
  },
  {
    "name": "Lamoura",
    "code": "39275",
    "epci_code": "243900354",
    "departement_code": "39",
    "region_code": "27",
    "postal_code": "39310"
  },
  {
    "name": "Le Larderet",
    "code": "39277",
    "epci_code": "200069623",
    "departement_code": "39",
    "region_code": "27",
    "postal_code": "39300"
  },
  {
    "name": "Largillay-Marsonnay",
    "code": "39278",
    "epci_code": "200090579",
    "departement_code": "39",
    "region_code": "27",
    "postal_code": "39130"
  },
  {
    "name": "Larnaud",
    "code": "39279",
    "epci_code": "200069615",
    "departement_code": "39",
    "region_code": "27",
    "postal_code": "39140"
  },
  {
    "name": "Larrivoire",
    "code": "39280",
    "epci_code": "200026573",
    "departement_code": "39",
    "region_code": "27",
    "postal_code": "39360"
  },
  {
    "name": "Le Latet",
    "code": "39281",
    "epci_code": "200069623",
    "departement_code": "39",
    "region_code": "27",
    "postal_code": "39300"
  },
  {
    "name": "La Latette",
    "code": "39282",
    "epci_code": "200069623",
    "departement_code": "39",
    "region_code": "27",
    "postal_code": "39250"
  },
  {
    "name": "Lavancia-Epercy",
    "code": "39283",
    "epci_code": "200090579",
    "departement_code": "39",
    "region_code": "27",
    "postal_code": "01590"
  },
  {
    "name": "Lavangeot",
    "code": "39284",
    "epci_code": "200010650",
    "departement_code": "39",
    "region_code": "27",
    "postal_code": "39700"
  },
  {
    "name": "Lavans-lès-Dole",
    "code": "39285",
    "epci_code": "200010650",
    "departement_code": "39",
    "region_code": "27",
    "postal_code": "39700"
  },
  {
    "name": "Lavans-lès-Saint-Claude",
    "code": "39286",
    "epci_code": "200026573",
    "departement_code": "39",
    "region_code": "27",
    "postal_code": "39170"
  },
  {
    "name": "Lavigny",
    "code": "39288",
    "epci_code": "200069615",
    "departement_code": "39",
    "region_code": "27",
    "postal_code": "39210"
  },
  {
    "name": "Lect",
    "code": "39289",
    "epci_code": "200090579",
    "departement_code": "39",
    "region_code": "27",
    "postal_code": "39260"
  },
  {
    "name": "Valzin en Petite Montagne",
    "code": "39290",
    "epci_code": "200090579",
    "departement_code": "39",
    "region_code": "27",
    "postal_code": "39240"
  },
  {
    "name": "Lemuy",
    "code": "39291",
    "epci_code": "200071595",
    "departement_code": "39",
    "region_code": "27",
    "postal_code": "39110"
  },
  {
    "name": "Lent",
    "code": "39292",
    "epci_code": "200069623",
    "departement_code": "39",
    "region_code": "27",
    "postal_code": "39300"
  },
  {
    "name": "Leschères",
    "code": "39293",
    "epci_code": "200026573",
    "departement_code": "39",
    "region_code": "27",
    "postal_code": "39170"
  },
  {
    "name": "Loisia",
    "code": "39295",
    "epci_code": "200072056",
    "departement_code": "39",
    "region_code": "27",
    "postal_code": "39320"
  },
  {
    "name": "Lombard",
    "code": "39296",
    "epci_code": "200069615",
    "departement_code": "39",
    "region_code": "27",
    "postal_code": "39230"
  },
  {
    "name": "Longchaumois",
    "code": "39297",
    "epci_code": "243900479",
    "departement_code": "39",
    "region_code": "27",
    "postal_code": "39400"
  },
  {
    "name": "Longcochon",
    "code": "39298",
    "epci_code": "200069623",
    "departement_code": "39",
    "region_code": "27",
    "postal_code": "39250"
  },
  {
    "name": "Longwy-sur-le-Doubs",
    "code": "39299",
    "epci_code": "243901089",
    "departement_code": "39",
    "region_code": "27",
    "postal_code": "39120"
  },
  {
    "name": "Lons-le-Saunier",
    "code": "39300",
    "epci_code": "200071116",
    "departement_code": "39",
    "region_code": "27",
    "postal_code": "39000"
  },
  {
    "name": "Loulle",
    "code": "39301",
    "epci_code": "200069623",
    "departement_code": "39",
    "region_code": "27",
    "postal_code": "39300"
  },
  {
    "name": "Louvatange",
    "code": "39302",
    "epci_code": "243900560",
    "departement_code": "39",
    "region_code": "27",
    "postal_code": "39350"
  },
  {
    "name": "Le Louverot",
    "code": "39304",
    "epci_code": "200069615",
    "departement_code": "39",
    "region_code": "27",
    "postal_code": "39210"
  },
  {
    "name": "La Loye",
    "code": "39305",
    "epci_code": "243900420",
    "departement_code": "39",
    "region_code": "27",
    "postal_code": "39380"
  },
  {
    "name": "Macornay",
    "code": "39306",
    "epci_code": "200071116",
    "departement_code": "39",
    "region_code": "27",
    "postal_code": "39570"
  },
  {
    "name": "Maisod",
    "code": "39307",
    "epci_code": "200090579",
    "departement_code": "39",
    "region_code": "27",
    "postal_code": "39260"
  },
  {
    "name": "Malange",
    "code": "39308",
    "epci_code": "200010650",
    "departement_code": "39",
    "region_code": "27",
    "postal_code": "39700"
  },
  {
    "name": "Mantry",
    "code": "39310",
    "epci_code": "200069615",
    "departement_code": "39",
    "region_code": "27",
    "postal_code": "39230"
  },
  {
    "name": "Marigna-sur-Valouse",
    "code": "39312",
    "epci_code": "200090579",
    "departement_code": "39",
    "region_code": "27",
    "postal_code": "39240"
  },
  {
    "name": "Marigny",
    "code": "39313",
    "epci_code": "200069623",
    "departement_code": "39",
    "region_code": "27",
    "postal_code": "39130"
  },
  {
    "name": "Marnézia",
    "code": "39314",
    "epci_code": "200090579",
    "departement_code": "39",
    "region_code": "27",
    "postal_code": "39270"
  },
  {
    "name": "Marnoz",
    "code": "39315",
    "epci_code": "200071595",
    "departement_code": "39",
    "region_code": "27",
    "postal_code": "39110"
  },
  {
    "name": "La Marre",
    "code": "39317",
    "epci_code": "200069615",
    "departement_code": "39",
    "region_code": "27",
    "postal_code": "39210"
  },
  {
    "name": "Martigna",
    "code": "39318",
    "epci_code": "200090579",
    "departement_code": "39",
    "region_code": "27",
    "postal_code": "39260"
  },
  {
    "name": "Mathenay",
    "code": "39319",
    "epci_code": "200071595",
    "departement_code": "39",
    "region_code": "27",
    "postal_code": "39600"
  },
  {
    "name": "Maynal",
    "code": "39320",
    "epci_code": "200072056",
    "departement_code": "39",
    "region_code": "27",
    "postal_code": "39190"
  },
  {
    "name": "Menétru-le-Vignoble",
    "code": "39321",
    "epci_code": "200069615",
    "departement_code": "39",
    "region_code": "27",
    "postal_code": "39210"
  },
  {
    "name": "Menétrux-en-Joux",
    "code": "39322",
    "epci_code": "200090579",
    "departement_code": "39",
    "region_code": "27",
    "postal_code": "39130"
  },
  {
    "name": "Menotey",
    "code": "39323",
    "epci_code": "200010650",
    "departement_code": "39",
    "region_code": "27",
    "postal_code": "39290"
  },
  {
    "name": "Mérona",
    "code": "39324",
    "epci_code": "200090579",
    "departement_code": "39",
    "region_code": "27",
    "postal_code": "39270"
  },
  {
    "name": "Mesnay",
    "code": "39325",
    "epci_code": "200071595",
    "departement_code": "39",
    "region_code": "27",
    "postal_code": "39600"
  },
  {
    "name": "Mesnois",
    "code": "39326",
    "epci_code": "200090579",
    "departement_code": "39",
    "region_code": "27",
    "postal_code": "39130"
  },
  {
    "name": "Messia-sur-Sorne",
    "code": "39327",
    "epci_code": "200071116",
    "departement_code": "39",
    "region_code": "27",
    "postal_code": "39570"
  },
  {
    "name": "Meussia",
    "code": "39328",
    "epci_code": "200090579",
    "departement_code": "39",
    "region_code": "27",
    "postal_code": "39260"
  },
  {
    "name": "Mièges",
    "code": "39329",
    "epci_code": "200069623",
    "departement_code": "39",
    "region_code": "27",
    "postal_code": "39250"
  },
  {
    "name": "Miéry",
    "code": "39330",
    "epci_code": "200071595",
    "departement_code": "39",
    "region_code": "27",
    "postal_code": "39800"
  },
  {
    "name": "Mignovillard",
    "code": "39331",
    "epci_code": "200069623",
    "departement_code": "39",
    "region_code": "27",
    "postal_code": "39250"
  },
  {
    "name": "Moirans-en-Montagne",
    "code": "39333",
    "epci_code": "200090579",
    "departement_code": "39",
    "region_code": "27",
    "postal_code": "39260"
  },
  {
    "name": "Moiron",
    "code": "39334",
    "epci_code": "200071116",
    "departement_code": "39",
    "region_code": "27",
    "postal_code": "39570"
  },
  {
    "name": "Moissey",
    "code": "39335",
    "epci_code": "200010650",
    "departement_code": "39",
    "region_code": "27",
    "postal_code": "39290"
  },
  {
    "name": "Molain",
    "code": "39336",
    "epci_code": "200071595",
    "departement_code": "39",
    "region_code": "27",
    "postal_code": "39800"
  },
  {
    "name": "Molamboz",
    "code": "39337",
    "epci_code": "200071595",
    "departement_code": "39",
    "region_code": "27",
    "postal_code": "39600"
  },
  {
    "name": "Molay",
    "code": "39338",
    "epci_code": "243901089",
    "departement_code": "39",
    "region_code": "27",
    "postal_code": "39500"
  },
  {
    "name": "Chassal-Molinges",
    "code": "39339",
    "epci_code": "200026573",
    "departement_code": "39",
    "region_code": "27",
    "postal_code": "39360"
  },
  {
    "name": "Monay",
    "code": "39342",
    "epci_code": "200071595",
    "departement_code": "39",
    "region_code": "27",
    "postal_code": "39230"
  },
  {
    "name": "Monnetay",
    "code": "39343",
    "epci_code": "200090579",
    "departement_code": "39",
    "region_code": "27",
    "postal_code": "39320"
  },
  {
    "name": "Monnet-la-Ville",
    "code": "39344",
    "epci_code": "200069623",
    "departement_code": "39",
    "region_code": "27",
    "postal_code": "39300"
  },
  {
    "name": "Monnières",
    "code": "39345",
    "epci_code": "200010650",
    "departement_code": "39",
    "region_code": "27",
    "postal_code": "39100"
  },
  {
    "name": "Montagna-le-Reconduit",
    "code": "39346",
    "epci_code": "200072056",
    "departement_code": "39",
    "region_code": "27",
    "postal_code": "39160"
  },
  {
    "name": "Montaigu",
    "code": "39348",
    "epci_code": "200071116",
    "departement_code": "39",
    "region_code": "27",
    "postal_code": "39570"
  },
  {
    "name": "Montain",
    "code": "39349",
    "epci_code": "200069615",
    "departement_code": "39",
    "region_code": "27",
    "postal_code": "39210"
  },
  {
    "name": "Montbarrey",
    "code": "39350",
    "epci_code": "243900420",
    "departement_code": "39",
    "region_code": "27",
    "postal_code": "39380"
  },
  {
    "name": "Montcusel",
    "code": "39351",
    "epci_code": "200090579",
    "departement_code": "39",
    "region_code": "27",
    "postal_code": "39260"
  },
  {
    "name": "Monteplain",
    "code": "39352",
    "epci_code": "243900560",
    "departement_code": "39",
    "region_code": "27",
    "postal_code": "39700"
  },
  {
    "name": "Montfleur",
    "code": "39353",
    "epci_code": "200090579",
    "departement_code": "39",
    "region_code": "27",
    "postal_code": "39320"
  },
  {
    "name": "Montholier",
    "code": "39354",
    "epci_code": "200071595",
    "departement_code": "39",
    "region_code": "27",
    "postal_code": "39800"
  },
  {
    "name": "Montigny-lès-Arsures",
    "code": "39355",
    "epci_code": "200071595",
    "departement_code": "39",
    "region_code": "27",
    "postal_code": "39600"
  },
  {
    "name": "Montigny-sur-l’Ain",
    "code": "39356",
    "epci_code": "200069623",
    "departement_code": "39",
    "region_code": "27",
    "postal_code": "39300"
  },
  {
    "name": "Montmarlon",
    "code": "39359",
    "epci_code": "200071595",
    "departement_code": "39",
    "region_code": "27",
    "postal_code": "39110"
  },
  {
    "name": "Montmirey-la-Ville",
    "code": "39360",
    "epci_code": "243900560",
    "departement_code": "39",
    "region_code": "27",
    "postal_code": "39290"
  },
  {
    "name": "Montmirey-le-Château",
    "code": "39361",
    "epci_code": "243900560",
    "departement_code": "39",
    "region_code": "27",
    "postal_code": "39290"
  },
  {
    "name": "Montmorot",
    "code": "39362",
    "epci_code": "200071116",
    "departement_code": "39",
    "region_code": "27",
    "postal_code": "39570"
  },
  {
    "name": "Montrevel",
    "code": "39363",
    "epci_code": "200090579",
    "departement_code": "39",
    "region_code": "27",
    "postal_code": "39320"
  },
  {
    "name": "Montrond",
    "code": "39364",
    "epci_code": "200069623",
    "departement_code": "39",
    "region_code": "27",
    "postal_code": "39300"
  },
  {
    "name": "Mont-sous-Vaudrey",
    "code": "39365",
    "epci_code": "243900420",
    "departement_code": "39",
    "region_code": "27",
    "postal_code": "39380"
  },
  {
    "name": "Mont-sur-Monnet",
    "code": "39366",
    "epci_code": "200069623",
    "departement_code": "39",
    "region_code": "27",
    "postal_code": "39300"
  },
  {
    "name": "Morbier",
    "code": "39367",
    "epci_code": "243900479",
    "departement_code": "39",
    "region_code": "27",
    "postal_code": "39400"
  },
  {
    "name": "Hauts de Bienne",
    "code": "39368",
    "epci_code": "243900479",
    "departement_code": "39",
    "region_code": "27",
    "postal_code": "39400"
  },
  {
    "name": "Mouchard",
    "code": "39370",
    "epci_code": "243900420",
    "departement_code": "39",
    "region_code": "27",
    "postal_code": "39330"
  },
  {
    "name": "Mournans-Charbonny",
    "code": "39372",
    "epci_code": "200069623",
    "departement_code": "39",
    "region_code": "27",
    "postal_code": "39250"
  },
  {
    "name": "Les Moussières",
    "code": "39373",
    "epci_code": "200026573",
    "departement_code": "39",
    "region_code": "27",
    "postal_code": "39310"
  },
  {
    "name": "Moutonne",
    "code": "39375",
    "epci_code": "200090579",
    "departement_code": "39",
    "region_code": "27",
    "postal_code": "39270"
  },
  {
    "name": "Moutoux",
    "code": "39376",
    "epci_code": "200069623",
    "departement_code": "39",
    "region_code": "27",
    "postal_code": "39300"
  },
  {
    "name": "Mutigney",
    "code": "39377",
    "epci_code": "243900560",
    "departement_code": "39",
    "region_code": "27",
    "postal_code": "39290"
  },
  {
    "name": "Les Trois-Châteaux",
    "code": "39378",
    "epci_code": "200072056",
    "departement_code": "39",
    "region_code": "27",
    "postal_code": "39160"
  },
  {
    "name": "Nance",
    "code": "39379",
    "epci_code": "200069615",
    "departement_code": "39",
    "region_code": "27",
    "postal_code": "39140"
  },
  {
    "name": "Nancuise",
    "code": "39380",
    "epci_code": "200090579",
    "departement_code": "39",
    "region_code": "27",
    "postal_code": "39270"
  },
  {
    "name": "Les Nans",
    "code": "39381",
    "epci_code": "200069623",
    "departement_code": "39",
    "region_code": "27",
    "postal_code": "39300"
  },
  {
    "name": "Neublans-Abergement",
    "code": "39385",
    "epci_code": "243901089",
    "departement_code": "39",
    "region_code": "27",
    "postal_code": "39120"
  },
  {
    "name": "Neuvilley",
    "code": "39386",
    "epci_code": "200071595",
    "departement_code": "39",
    "region_code": "27",
    "postal_code": "39800"
  },
  {
    "name": "Nevy-lès-Dole",
    "code": "39387",
    "epci_code": "200010650",
    "departement_code": "39",
    "region_code": "27",
    "postal_code": "39380"
  },
  {
    "name": "Nevy-sur-Seille",
    "code": "39388",
    "epci_code": "200069615",
    "departement_code": "39",
    "region_code": "27",
    "postal_code": "39210"
  },
  {
    "name": "Ney",
    "code": "39389",
    "epci_code": "200069623",
    "departement_code": "39",
    "region_code": "27",
    "postal_code": "39300"
  },
  {
    "name": "Nogna",
    "code": "39390",
    "epci_code": "200090579",
    "departement_code": "39",
    "region_code": "27",
    "postal_code": "39570"
  },
  {
    "name": "Nozeroy",
    "code": "39391",
    "epci_code": "200069623",
    "departement_code": "39",
    "region_code": "27",
    "postal_code": "39250"
  },
  {
    "name": "Offlanges",
    "code": "39392",
    "epci_code": "243900560",
    "departement_code": "39",
    "region_code": "27",
    "postal_code": "39290"
  },
  {
    "name": "Onglières",
    "code": "39393",
    "epci_code": "200069623",
    "departement_code": "39",
    "region_code": "27",
    "postal_code": "39250"
  },
  {
    "name": "Onoz",
    "code": "39394",
    "epci_code": "200090579",
    "departement_code": "39",
    "region_code": "27",
    "postal_code": "39270"
  },
  {
    "name": "Orchamps",
    "code": "39396",
    "epci_code": "243900560",
    "departement_code": "39",
    "region_code": "27",
    "postal_code": "39700"
  },
  {
    "name": "Orgelet",
    "code": "39397",
    "epci_code": "200090579",
    "departement_code": "39",
    "region_code": "27",
    "postal_code": "39270"
  },
  {
    "name": "Ougney",
    "code": "39398",
    "epci_code": "243900560",
    "departement_code": "39",
    "region_code": "27",
    "postal_code": "39350"
  },
  {
    "name": "Ounans",
    "code": "39399",
    "epci_code": "243900420",
    "departement_code": "39",
    "region_code": "27",
    "postal_code": "39380"
  },
  {
    "name": "Our",
    "code": "39400",
    "epci_code": "243900560",
    "departement_code": "39",
    "region_code": "27",
    "postal_code": "39700"
  },
  {
    "name": "Oussières",
    "code": "39401",
    "epci_code": "200071595",
    "departement_code": "39",
    "region_code": "27",
    "postal_code": "39800"
  },
  {
    "name": "Pagney",
    "code": "39402",
    "epci_code": "243900560",
    "departement_code": "39",
    "region_code": "27",
    "postal_code": "39350"
  },
  {
    "name": "Pagnoz",
    "code": "39403",
    "epci_code": "243900420",
    "departement_code": "39",
    "region_code": "27",
    "postal_code": "39330"
  },
  {
    "name": "Pannessières",
    "code": "39404",
    "epci_code": "200071116",
    "departement_code": "39",
    "region_code": "27",
    "postal_code": "39570"
  },
  {
    "name": "Parcey",
    "code": "39405",
    "epci_code": "200010650",
    "departement_code": "39",
    "region_code": "27",
    "postal_code": "39100"
  },
  {
    "name": "Le Pasquier",
    "code": "39406",
    "epci_code": "200069623",
    "departement_code": "39",
    "region_code": "27",
    "postal_code": "39300"
  },
  {
    "name": "Passenans",
    "code": "39407",
    "epci_code": "200069615",
    "departement_code": "39",
    "region_code": "27",
    "postal_code": "39230"
  },
  {
    "name": "Patornay",
    "code": "39408",
    "epci_code": "200090579",
    "departement_code": "39",
    "region_code": "27",
    "postal_code": "39130"
  },
  {
    "name": "Peintre",
    "code": "39409",
    "epci_code": "200010650",
    "departement_code": "39",
    "region_code": "27",
    "postal_code": "39290"
  },
  {
    "name": "Perrigny",
    "code": "39411",
    "epci_code": "200071116",
    "departement_code": "39",
    "region_code": "27",
    "postal_code": "39570"
  },
  {
    "name": "Peseux",
    "code": "39412",
    "epci_code": "200010650",
    "departement_code": "39",
    "region_code": "27",
    "postal_code": "39120"
  },
  {
    "name": "La Pesse",
    "code": "39413",
    "epci_code": "200026573",
    "departement_code": "39",
    "region_code": "27",
    "postal_code": "39370"
  },
  {
    "name": "Petit-Noir",
    "code": "39415",
    "epci_code": "243901089",
    "departement_code": "39",
    "region_code": "27",
    "postal_code": "39120"
  },
  {
    "name": "Picarreau",
    "code": "39418",
    "epci_code": "200071595",
    "departement_code": "39",
    "region_code": "27",
    "postal_code": "39800"
  },
  {
    "name": "Pillemoine",
    "code": "39419",
    "epci_code": "200069623",
    "departement_code": "39",
    "region_code": "27",
    "postal_code": "39300"
  },
  {
    "name": "Pimorin",
    "code": "39420",
    "epci_code": "200090579",
    "departement_code": "39",
    "region_code": "27",
    "postal_code": "39270"
  },
  {
    "name": "Le Pin",
    "code": "39421",
    "epci_code": "200071116",
    "departement_code": "39",
    "region_code": "27",
    "postal_code": "39210"
  },
  {
    "name": "Plainoiseau",
    "code": "39422",
    "epci_code": "200069615",
    "departement_code": "39",
    "region_code": "27",
    "postal_code": "39210"
  },
  {
    "name": "Plaisia",
    "code": "39423",
    "epci_code": "200090579",
    "departement_code": "39",
    "region_code": "27",
    "postal_code": "39270"
  },
  {
    "name": "Les Planches-en-Montagne",
    "code": "39424",
    "epci_code": "200069623",
    "departement_code": "39",
    "region_code": "27",
    "postal_code": "39150"
  },
  {
    "name": "Les Planches-près-Arbois",
    "code": "39425",
    "epci_code": "200071595",
    "departement_code": "39",
    "region_code": "27",
    "postal_code": "39600"
  },
  {
    "name": "Plasne",
    "code": "39426",
    "epci_code": "200071595",
    "departement_code": "39",
    "region_code": "27",
    "postal_code": "39210"
  },
  {
    "name": "Plasne",
    "code": "39426",
    "epci_code": "200071595",
    "departement_code": "39",
    "region_code": "27",
    "postal_code": "39800"
  },
  {
    "name": "Plénise",
    "code": "39427",
    "epci_code": "200069623",
    "departement_code": "39",
    "region_code": "27",
    "postal_code": "39250"
  },
  {
    "name": "Plénisette",
    "code": "39428",
    "epci_code": "200069623",
    "departement_code": "39",
    "region_code": "27",
    "postal_code": "39250"
  },
  {
    "name": "Pleure",
    "code": "39429",
    "epci_code": "243901089",
    "departement_code": "39",
    "region_code": "27",
    "postal_code": "39120"
  },
  {
    "name": "Plumont",
    "code": "39430",
    "epci_code": "243900560",
    "departement_code": "39",
    "region_code": "27",
    "postal_code": "39700"
  },
  {
    "name": "Poids-de-Fiole",
    "code": "39431",
    "epci_code": "200090579",
    "departement_code": "39",
    "region_code": "27",
    "postal_code": "39570"
  },
  {
    "name": "Pointre",
    "code": "39432",
    "epci_code": "200010650",
    "departement_code": "39",
    "region_code": "27",
    "postal_code": "39290"
  },
  {
    "name": "Poligny",
    "code": "39434",
    "epci_code": "200071595",
    "departement_code": "39",
    "region_code": "27",
    "postal_code": "39800"
  },
  {
    "name": "Pont-de-Poitte",
    "code": "39435",
    "epci_code": "200090579",
    "departement_code": "39",
    "region_code": "27",
    "postal_code": "39130"
  },
  {
    "name": "Pont-d’Héry",
    "code": "39436",
    "epci_code": "200071595",
    "departement_code": "39",
    "region_code": "27",
    "postal_code": "39110"
  },
  {
    "name": "Pont-du-Navoy",
    "code": "39437",
    "epci_code": "200069623",
    "departement_code": "39",
    "region_code": "27",
    "postal_code": "39300"
  },
  {
    "name": "Port-Lesney",
    "code": "39439",
    "epci_code": "243900420",
    "departement_code": "39",
    "region_code": "27",
    "postal_code": "39330"
  },
  {
    "name": "Port-Lesney",
    "code": "39439",
    "epci_code": "243900420",
    "departement_code": "39",
    "region_code": "27",
    "postal_code": "39600"
  },
  {
    "name": "Prémanon",
    "code": "39441",
    "epci_code": "243900354",
    "departement_code": "39",
    "region_code": "27",
    "postal_code": "39220"
  },
  {
    "name": "Prémanon",
    "code": "39441",
    "epci_code": "243900354",
    "departement_code": "39",
    "region_code": "27",
    "postal_code": "39400"
  },
  {
    "name": "Présilly",
    "code": "39443",
    "epci_code": "200090579",
    "departement_code": "39",
    "region_code": "27",
    "postal_code": "39270"
  },
  {
    "name": "Pretin",
    "code": "39444",
    "epci_code": "200071595",
    "departement_code": "39",
    "region_code": "27",
    "postal_code": "39110"
  },
  {
    "name": "Publy",
    "code": "39445",
    "epci_code": "200071116",
    "departement_code": "39",
    "region_code": "27",
    "postal_code": "39570"
  },
  {
    "name": "Pupillin",
    "code": "39446",
    "epci_code": "200071595",
    "departement_code": "39",
    "region_code": "27",
    "postal_code": "39600"
  },
  {
    "name": "Quintigny",
    "code": "39447",
    "epci_code": "200069615",
    "departement_code": "39",
    "region_code": "27",
    "postal_code": "39570"
  },
  {
    "name": "Rahon",
    "code": "39448",
    "epci_code": "243901089",
    "departement_code": "39",
    "region_code": "27",
    "postal_code": "39120"
  },
  {
    "name": "Rainans",
    "code": "39449",
    "epci_code": "200010650",
    "departement_code": "39",
    "region_code": "27",
    "postal_code": "39290"
  },
  {
    "name": "Ranchot",
    "code": "39451",
    "epci_code": "243900560",
    "departement_code": "39",
    "region_code": "27",
    "postal_code": "39700"
  },
  {
    "name": "Rans",
    "code": "39452",
    "epci_code": "243900560",
    "departement_code": "39",
    "region_code": "27",
    "postal_code": "39700"
  },
  {
    "name": "Ravilloles",
    "code": "39453",
    "epci_code": "200026573",
    "departement_code": "39",
    "region_code": "27",
    "postal_code": "39170"
  },
  {
    "name": "Recanoz",
    "code": "39454",
    "epci_code": "200069615",
    "departement_code": "39",
    "region_code": "27",
    "postal_code": "39230"
  },
  {
    "name": "Reithouse",
    "code": "39455",
    "epci_code": "200090579",
    "departement_code": "39",
    "region_code": "27",
    "postal_code": "39270"
  },
  {
    "name": "Relans",
    "code": "39456",
    "epci_code": "200069615",
    "departement_code": "39",
    "region_code": "27",
    "postal_code": "39140"
  },
  {
    "name": "Les Repôts",
    "code": "39457",
    "epci_code": "200069615",
    "departement_code": "39",
    "region_code": "27",
    "postal_code": "39140"
  },
  {
    "name": "Revigny",
    "code": "39458",
    "epci_code": "200071116",
    "departement_code": "39",
    "region_code": "27",
    "postal_code": "39570"
  },
  {
    "name": "La Rixouse",
    "code": "39460",
    "epci_code": "200026573",
    "departement_code": "39",
    "region_code": "27",
    "postal_code": "39200"
  },
  {
    "name": "Rix",
    "code": "39461",
    "epci_code": "200069623",
    "departement_code": "39",
    "region_code": "27",
    "postal_code": "39250"
  },
  {
    "name": "Rochefort-sur-Nenon",
    "code": "39462",
    "epci_code": "200010650",
    "departement_code": "39",
    "region_code": "27",
    "postal_code": "39700"
  },
  {
    "name": "Rogna",
    "code": "39463",
    "epci_code": "200026573",
    "departement_code": "39",
    "region_code": "27",
    "postal_code": "39360"
  },
  {
    "name": "Romain",
    "code": "39464",
    "epci_code": "243900560",
    "departement_code": "39",
    "region_code": "27",
    "postal_code": "39350"
  },
  {
    "name": "Romange",
    "code": "39465",
    "epci_code": "200010650",
    "departement_code": "39",
    "region_code": "27",
    "postal_code": "39700"
  },
  {
    "name": "Rosay",
    "code": "39466",
    "epci_code": "200072056",
    "departement_code": "39",
    "region_code": "27",
    "postal_code": "39190"
  },
  {
    "name": "Rotalier",
    "code": "39467",
    "epci_code": "200072056",
    "departement_code": "39",
    "region_code": "27",
    "postal_code": "39190"
  },
  {
    "name": "Rothonay",
    "code": "39468",
    "epci_code": "200090579",
    "departement_code": "39",
    "region_code": "27",
    "postal_code": "39270"
  },
  {
    "name": "Rouffange",
    "code": "39469",
    "epci_code": "243900560",
    "departement_code": "39",
    "region_code": "27",
    "postal_code": "39350"
  },
  {
    "name": "Les Rousses",
    "code": "39470",
    "epci_code": "243900354",
    "departement_code": "39",
    "region_code": "27",
    "postal_code": "39220"
  },
  {
    "name": "Les Rousses",
    "code": "39470",
    "epci_code": "243900354",
    "departement_code": "39",
    "region_code": "27",
    "postal_code": "39400"
  },
  {
    "name": "Ruffey-sur-Seille",
    "code": "39471",
    "epci_code": "200069615",
    "departement_code": "39",
    "region_code": "27",
    "postal_code": "39140"
  },
  {
    "name": "Rye",
    "code": "39472",
    "epci_code": "200069615",
    "departement_code": "39",
    "region_code": "27",
    "postal_code": "39230"
  },
  {
    "name": "Saffloz",
    "code": "39473",
    "epci_code": "200069623",
    "departement_code": "39",
    "region_code": "27",
    "postal_code": "39130"
  },
  {
    "name": "Saint-Amour",
    "code": "39475",
    "epci_code": "200072056",
    "departement_code": "39",
    "region_code": "27",
    "postal_code": "39160"
  },
  {
    "name": "Saint-Aubin",
    "code": "39476",
    "epci_code": "200010650",
    "departement_code": "39",
    "region_code": "27",
    "postal_code": "39410"
  },
  {
    "name": "Saint-Baraing",
    "code": "39477",
    "epci_code": "243901089",
    "departement_code": "39",
    "region_code": "27",
    "postal_code": "39120"
  },
  {
    "name": "Saint-Claude",
    "code": "39478",
    "epci_code": "200026573",
    "departement_code": "39",
    "region_code": "27",
    "postal_code": "39200"
  },
  {
    "name": "Saint-Cyr-Montmalin",
    "code": "39479",
    "epci_code": "200071595",
    "departement_code": "39",
    "region_code": "27",
    "postal_code": "39600"
  },
  {
    "name": "Saint-Didier",
    "code": "39480",
    "epci_code": "200071116",
    "departement_code": "39",
    "region_code": "27",
    "postal_code": "39570"
  },
  {
    "name": "Saint-Germain-en-Montagne",
    "code": "39481",
    "epci_code": "200069623",
    "departement_code": "39",
    "region_code": "27",
    "postal_code": "39300"
  },
  {
    "name": "Val Suran",
    "code": "39485",
    "epci_code": "200090579",
    "departement_code": "39",
    "region_code": "27",
    "postal_code": "39320"
  },
  {
    "name": "Saint-Lamain",
    "code": "39486",
    "epci_code": "200069615",
    "departement_code": "39",
    "region_code": "27",
    "postal_code": "39230"
  },
  {
    "name": "Saint-Laurent-en-Grandvaux",
    "code": "39487",
    "epci_code": "243900610",
    "departement_code": "39",
    "region_code": "27",
    "postal_code": "39150"
  },
  {
    "name": "Saint-Lothain",
    "code": "39489",
    "epci_code": "200071595",
    "departement_code": "39",
    "region_code": "27",
    "postal_code": "39230"
  },
  {
    "name": "Saint-Loup",
    "code": "39490",
    "epci_code": "243901089",
    "departement_code": "39",
    "region_code": "27",
    "postal_code": "39120"
  },
  {
    "name": "Coteaux du Lizon",
    "code": "39491",
    "epci_code": "200026573",
    "departement_code": "39",
    "region_code": "27",
    "postal_code": "39170"
  },
  {
    "name": "Saint-Maur",
    "code": "39492",
    "epci_code": "200090579",
    "departement_code": "39",
    "region_code": "27",
    "postal_code": "39570"
  },
  {
    "name": "Saint-Maurice-Crillat",
    "code": "39493",
    "epci_code": "200090579",
    "departement_code": "39",
    "region_code": "27",
    "postal_code": "39130"
  },
  {
    "name": "Saint-Pierre",
    "code": "39494",
    "epci_code": "243900610",
    "departement_code": "39",
    "region_code": "27",
    "postal_code": "39150"
  },
  {
    "name": "Saint-Thiébaud",
    "code": "39495",
    "epci_code": "200071595",
    "departement_code": "39",
    "region_code": "27",
    "postal_code": "39110"
  },
  {
    "name": "Saizenay",
    "code": "39497",
    "epci_code": "200071595",
    "departement_code": "39",
    "region_code": "27",
    "postal_code": "39110"
  },
  {
    "name": "Salans",
    "code": "39498",
    "epci_code": "243900560",
    "departement_code": "39",
    "region_code": "27",
    "postal_code": "39700"
  },
  {
    "name": "Saligney",
    "code": "39499",
    "epci_code": "243900560",
    "departement_code": "39",
    "region_code": "27",
    "postal_code": "39350"
  },
  {
    "name": "Salins-les-Bains",
    "code": "39500",
    "epci_code": "200071595",
    "departement_code": "39",
    "region_code": "27",
    "postal_code": "39110"
  },
  {
    "name": "Sampans",
    "code": "39501",
    "epci_code": "200010650",
    "departement_code": "39",
    "region_code": "27",
    "postal_code": "39100"
  },
  {
    "name": "Santans",
    "code": "39502",
    "epci_code": "243900420",
    "departement_code": "39",
    "region_code": "27",
    "postal_code": "39380"
  },
  {
    "name": "Sapois",
    "code": "39503",
    "epci_code": "200069623",
    "departement_code": "39",
    "region_code": "27",
    "postal_code": "39300"
  },
  {
    "name": "Sarrogna",
    "code": "39504",
    "epci_code": "200090579",
    "departement_code": "39",
    "region_code": "27",
    "postal_code": "39270"
  },
  {
    "name": "Saugeot",
    "code": "39505",
    "epci_code": "200090579",
    "departement_code": "39",
    "region_code": "27",
    "postal_code": "39130"
  },
  {
    "name": "Séligney",
    "code": "39507",
    "epci_code": "243901089",
    "departement_code": "39",
    "region_code": "27",
    "postal_code": "39120"
  },
  {
    "name": "Sellières",
    "code": "39508",
    "epci_code": "200069615",
    "departement_code": "39",
    "region_code": "27",
    "postal_code": "39230"
  },
  {
    "name": "Septmoncel les Molunes",
    "code": "39510",
    "epci_code": "200026573",
    "departement_code": "39",
    "region_code": "27",
    "postal_code": "39310"
  },
  {
    "name": "Sergenaux",
    "code": "39511",
    "epci_code": "200069615",
    "departement_code": "39",
    "region_code": "27",
    "postal_code": "39230"
  },
  {
    "name": "Sergenon",
    "code": "39512",
    "epci_code": "200069615",
    "departement_code": "39",
    "region_code": "27",
    "postal_code": "39120"
  },
  {
    "name": "Sermange",
    "code": "39513",
    "epci_code": "243900560",
    "departement_code": "39",
    "region_code": "27",
    "postal_code": "39700"
  },
  {
    "name": "Serre-les-Moulières",
    "code": "39514",
    "epci_code": "243900560",
    "departement_code": "39",
    "region_code": "27",
    "postal_code": "39700"
  },
  {
    "name": "Sirod",
    "code": "39517",
    "epci_code": "200069623",
    "departement_code": "39",
    "region_code": "27",
    "postal_code": "39300"
  },
  {
    "name": "Songeson",
    "code": "39518",
    "epci_code": "200090579",
    "departement_code": "39",
    "region_code": "27",
    "postal_code": "39130"
  },
  {
    "name": "Soucia",
    "code": "39519",
    "epci_code": "200090579",
    "departement_code": "39",
    "region_code": "27",
    "postal_code": "39130"
  },
  {
    "name": "Souvans",
    "code": "39520",
    "epci_code": "243900420",
    "departement_code": "39",
    "region_code": "27",
    "postal_code": "39380"
  },
  {
    "name": "Supt",
    "code": "39522",
    "epci_code": "200069623",
    "departement_code": "39",
    "region_code": "27",
    "postal_code": "39300"
  },
  {
    "name": "Syam",
    "code": "39523",
    "epci_code": "200069623",
    "departement_code": "39",
    "region_code": "27",
    "postal_code": "39300"
  },
  {
    "name": "Tassenières",
    "code": "39525",
    "epci_code": "243901089",
    "departement_code": "39",
    "region_code": "27",
    "postal_code": "39120"
  },
  {
    "name": "Tavaux",
    "code": "39526",
    "epci_code": "200010650",
    "departement_code": "39",
    "region_code": "27",
    "postal_code": "39500"
  },
  {
    "name": "Taxenne",
    "code": "39527",
    "epci_code": "243900560",
    "departement_code": "39",
    "region_code": "27",
    "postal_code": "39350"
  },
  {
    "name": "Thervay",
    "code": "39528",
    "epci_code": "243900560",
    "departement_code": "39",
    "region_code": "27",
    "postal_code": "39290"
  },
  {
    "name": "Thésy",
    "code": "39529",
    "epci_code": "200071595",
    "departement_code": "39",
    "region_code": "27",
    "postal_code": "39110"
  },
  {
    "name": "Thoirette-Coisia",
    "code": "39530",
    "epci_code": "200090579",
    "departement_code": "39",
    "region_code": "27",
    "postal_code": "39240"
  },
  {
    "name": "Thoiria",
    "code": "39531",
    "epci_code": "200090579",
    "departement_code": "39",
    "region_code": "27",
    "postal_code": "39130"
  },
  {
    "name": "Thoissia",
    "code": "39532",
    "epci_code": "200072056",
    "departement_code": "39",
    "region_code": "27",
    "postal_code": "39160"
  },
  {
    "name": "Toulouse-le-Château",
    "code": "39533",
    "epci_code": "200069615",
    "departement_code": "39",
    "region_code": "27",
    "postal_code": "39230"
  },
  {
    "name": "La Tour-du-Meix",
    "code": "39534",
    "epci_code": "200090579",
    "departement_code": "39",
    "region_code": "27",
    "postal_code": "39270"
  },
  {
    "name": "Tourmont",
    "code": "39535",
    "epci_code": "200071595",
    "departement_code": "39",
    "region_code": "27",
    "postal_code": "39800"
  },
  {
    "name": "Trenal",
    "code": "39537",
    "epci_code": "200071116",
    "departement_code": "39",
    "region_code": "27",
    "postal_code": "39190"
  },
  {
    "name": "Trenal",
    "code": "39537",
    "epci_code": "200071116",
    "departement_code": "39",
    "region_code": "27",
    "postal_code": "39570"
  },
  {
    "name": "Uxelles",
    "code": "39538",
    "epci_code": "200090579",
    "departement_code": "39",
    "region_code": "27",
    "postal_code": "39130"
  },
  {
    "name": "Vadans",
    "code": "39539",
    "epci_code": "200071595",
    "departement_code": "39",
    "region_code": "27",
    "postal_code": "39600"
  },
  {
    "name": "Valempoulières",
    "code": "39540",
    "epci_code": "200069623",
    "departement_code": "39",
    "region_code": "27",
    "postal_code": "39300"
  },
  {
    "name": "Vannoz",
    "code": "39543",
    "epci_code": "200069623",
    "departement_code": "39",
    "region_code": "27",
    "postal_code": "39300"
  },
  {
    "name": "Le Vaudioux",
    "code": "39545",
    "epci_code": "200069623",
    "departement_code": "39",
    "region_code": "27",
    "postal_code": "39300"
  },
  {
    "name": "Vaudrey",
    "code": "39546",
    "epci_code": "243900420",
    "departement_code": "39",
    "region_code": "27",
    "postal_code": "39380"
  },
  {
    "name": "Vaux-lès-Saint-Claude",
    "code": "39547",
    "epci_code": "200090579",
    "departement_code": "39",
    "region_code": "27",
    "postal_code": "39360"
  },
  {
    "name": "Verges",
    "code": "39550",
    "epci_code": "200071116",
    "departement_code": "39",
    "region_code": "27",
    "postal_code": "39570"
  },
  {
    "name": "Véria",
    "code": "39551",
    "epci_code": "200072056",
    "departement_code": "39",
    "region_code": "27",
    "postal_code": "39160"
  },
  {
    "name": "Vernantois",
    "code": "39552",
    "epci_code": "200071116",
    "departement_code": "39",
    "region_code": "27",
    "postal_code": "39570"
  },
  {
    "name": "Le Vernois",
    "code": "39553",
    "epci_code": "200069615",
    "departement_code": "39",
    "region_code": "27",
    "postal_code": "39210"
  },
  {
    "name": "Vers-en-Montagne",
    "code": "39554",
    "epci_code": "200069623",
    "departement_code": "39",
    "region_code": "27",
    "postal_code": "39300"
  },
  {
    "name": "Vers-sous-Sellières",
    "code": "39555",
    "epci_code": "200069615",
    "departement_code": "39",
    "region_code": "27",
    "postal_code": "39230"
  },
  {
    "name": "Vertamboz",
    "code": "39556",
    "epci_code": "200090579",
    "departement_code": "39",
    "region_code": "27",
    "postal_code": "39130"
  },
  {
    "name": "Vescles",
    "code": "39557",
    "epci_code": "200090579",
    "departement_code": "39",
    "region_code": "27",
    "postal_code": "39240"
  },
  {
    "name": "Vevy",
    "code": "39558",
    "epci_code": "200071116",
    "departement_code": "39",
    "region_code": "27",
    "postal_code": "39570"
  },
  {
    "name": "La Vieille-Loye",
    "code": "39559",
    "epci_code": "243900420",
    "departement_code": "39",
    "region_code": "27",
    "postal_code": "39380"
  },
  {
    "name": "Villard-Saint-Sauveur",
    "code": "39560",
    "epci_code": "200026573",
    "departement_code": "39",
    "region_code": "27",
    "postal_code": "39200"
  },
  {
    "name": "Villards-d’Héria",
    "code": "39561",
    "epci_code": "200090579",
    "departement_code": "39",
    "region_code": "27",
    "postal_code": "39260"
  },
  {
    "name": "Villeneuve-d’Aval",
    "code": "39565",
    "epci_code": "243900420",
    "departement_code": "39",
    "region_code": "27",
    "postal_code": "39600"
  },
  {
    "name": "Villeneuve-sous-Pymont",
    "code": "39567",
    "epci_code": "200071116",
    "departement_code": "39",
    "region_code": "27",
    "postal_code": "39570"
  },
  {
    "name": "Villerserine",
    "code": "39568",
    "epci_code": "200071595",
    "departement_code": "39",
    "region_code": "27",
    "postal_code": "39800"
  },
  {
    "name": "Villers-Farlay",
    "code": "39569",
    "epci_code": "243900420",
    "departement_code": "39",
    "region_code": "27",
    "postal_code": "39600"
  },
  {
    "name": "Villers-les-Bois",
    "code": "39570",
    "epci_code": "200071595",
    "departement_code": "39",
    "region_code": "27",
    "postal_code": "39120"
  },
  {
    "name": "Villers-les-Bois",
    "code": "39570",
    "epci_code": "200071595",
    "departement_code": "39",
    "region_code": "27",
    "postal_code": "39800"
  },
  {
    "name": "Villers-Robert",
    "code": "39571",
    "epci_code": "200010650",
    "departement_code": "39",
    "region_code": "27",
    "postal_code": "39120"
  },
  {
    "name": "Villette-lès-Arbois",
    "code": "39572",
    "epci_code": "200071595",
    "departement_code": "39",
    "region_code": "27",
    "postal_code": "39600"
  },
  {
    "name": "Villette-lès-Dole",
    "code": "39573",
    "epci_code": "200010650",
    "departement_code": "39",
    "region_code": "27",
    "postal_code": "39100"
  },
  {
    "name": "Villevieux",
    "code": "39574",
    "epci_code": "200069615",
    "departement_code": "39",
    "region_code": "27",
    "postal_code": "39140"
  },
  {
    "name": "Le Villey",
    "code": "39575",
    "epci_code": "200069615",
    "departement_code": "39",
    "region_code": "27",
    "postal_code": "39230"
  },
  {
    "name": "Val-Sonnette",
    "code": "39576",
    "epci_code": "200072056",
    "departement_code": "39",
    "region_code": "27",
    "postal_code": "39190"
  },
  {
    "name": "Vincent-Froideville",
    "code": "39577",
    "epci_code": "200069615",
    "departement_code": "39",
    "region_code": "27",
    "postal_code": "39230"
  },
  {
    "name": "Viry",
    "code": "39579",
    "epci_code": "200026573",
    "departement_code": "39",
    "region_code": "27",
    "postal_code": "39360"
  },
  {
    "name": "Vitreux",
    "code": "39581",
    "epci_code": "243900560",
    "departement_code": "39",
    "region_code": "27",
    "postal_code": "39350"
  },
  {
    "name": "Voiteur",
    "code": "39582",
    "epci_code": "200069615",
    "departement_code": "39",
    "region_code": "27",
    "postal_code": "39210"
  },
  {
    "name": "Vosbles-Valfin",
    "code": "39583",
    "epci_code": "200090579",
    "departement_code": "39",
    "region_code": "27",
    "postal_code": "39240"
  },
  {
    "name": "Vriange",
    "code": "39584",
    "epci_code": "200010650",
    "departement_code": "39",
    "region_code": "27",
    "postal_code": "39700"
  },
  {
    "name": "Vulvoz",
    "code": "39585",
    "epci_code": "200026573",
    "departement_code": "39",
    "region_code": "27",
    "postal_code": "39360"
  },
  {
    "name": "Aresches",
    "code": "39586",
    "epci_code": "200071595",
    "departement_code": "39",
    "region_code": "27",
    "postal_code": "39110"
  }
]