[
  {
    "name": "Agen-d’Aveyron",
    "code": "12001",
    "epci_code": "241200658",
    "departement_code": "12",
    "region_code": "76",
    "postal_code": "12630"
  },
  {
    "name": "Aguessac",
    "code": "12002",
    "epci_code": "241200567",
    "departement_code": "12",
    "region_code": "76",
    "postal_code": "12520"
  },
  {
    "name": "Les Albres",
    "code": "12003",
    "epci_code": "241200674",
    "departement_code": "12",
    "region_code": "76",
    "postal_code": "12220"
  },
  {
    "name": "Almont-les-Junies",
    "code": "12004",
    "epci_code": "200067064",
    "departement_code": "12",
    "region_code": "76",
    "postal_code": "12300"
  },
  {
    "name": "Alrance",
    "code": "12006",
    "epci_code": "241200765",
    "departement_code": "12",
    "region_code": "76",
    "postal_code": "12430"
  },
  {
    "name": "Ambeyrac",
    "code": "12007",
    "epci_code": "200069383",
    "departement_code": "12",
    "region_code": "76",
    "postal_code": "12260"
  },
  {
    "name": "Anglars-Saint-Félix",
    "code": "12008",
    "epci_code": "241200625",
    "departement_code": "12",
    "region_code": "76",
    "postal_code": "12390"
  },
  {
    "name": "Arnac-sur-Dourdou",
    "code": "12009",
    "epci_code": "200067163",
    "departement_code": "12",
    "region_code": "76",
    "postal_code": "12360"
  },
  {
    "name": "Arques",
    "code": "12010",
    "epci_code": "241200658",
    "departement_code": "12",
    "region_code": "76",
    "postal_code": "12290"
  },
  {
    "name": "Arvieu",
    "code": "12011",
    "epci_code": "241200765",
    "departement_code": "12",
    "region_code": "76",
    "postal_code": "12120"
  },
  {
    "name": "Asprières",
    "code": "12012",
    "epci_code": "200067361",
    "departement_code": "12",
    "region_code": "76",
    "postal_code": "12700"
  },
  {
    "name": "Aubin",
    "code": "12013",
    "epci_code": "200067064",
    "departement_code": "12",
    "region_code": "76",
    "postal_code": "12110"
  },
  {
    "name": "Auriac-Lagast",
    "code": "12015",
    "epci_code": "241200542",
    "departement_code": "12",
    "region_code": "76",
    "postal_code": "12120"
  },
  {
    "name": "Auzits",
    "code": "12016",
    "epci_code": "241200625",
    "departement_code": "12",
    "region_code": "76",
    "postal_code": "12390"
  },
  {
    "name": "Ayssènes",
    "code": "12017",
    "epci_code": "241200914",
    "departement_code": "12",
    "region_code": "76",
    "postal_code": "12430"
  },
  {
    "name": "Balaguier-d’Olt",
    "code": "12018",
    "epci_code": "200067361",
    "departement_code": "12",
    "region_code": "76",
    "postal_code": "12260"
  },
  {
    "name": "Balaguier-sur-Rance",
    "code": "12019",
    "epci_code": "200067163",
    "departement_code": "12",
    "region_code": "76",
    "postal_code": "12380"
  },
  {
    "name": "Le Bas Ségala",
    "code": "12021",
    "epci_code": "241200807",
    "departement_code": "12",
    "region_code": "76",
    "postal_code": "12200"
  },
  {
    "name": "Le Bas Ségala",
    "code": "12021",
    "epci_code": "241200807",
    "departement_code": "12",
    "region_code": "76",
    "postal_code": "12240"
  },
  {
    "name": "La Bastide-Pradines",
    "code": "12022",
    "epci_code": "241200906",
    "departement_code": "12",
    "region_code": "76",
    "postal_code": "12490"
  },
  {
    "name": "La Bastide-Solages",
    "code": "12023",
    "epci_code": "241200542",
    "departement_code": "12",
    "region_code": "76",
    "postal_code": "12550"
  },
  {
    "name": "Belcastel",
    "code": "12024",
    "epci_code": "241200625",
    "departement_code": "12",
    "region_code": "76",
    "postal_code": "12390"
  },
  {
    "name": "Belmont-sur-Rance",
    "code": "12025",
    "epci_code": "200067163",
    "departement_code": "12",
    "region_code": "76",
    "postal_code": "12370"
  },
  {
    "name": "Bertholène",
    "code": "12026",
    "epci_code": "200068484",
    "departement_code": "12",
    "region_code": "76",
    "postal_code": "12310"
  },
  {
    "name": "Bessuéjouls",
    "code": "12027",
    "epci_code": "200067478",
    "departement_code": "12",
    "region_code": "76",
    "postal_code": "12500"
  },
  {
    "name": "Boisse-Penchot",
    "code": "12028",
    "epci_code": "200067064",
    "departement_code": "12",
    "region_code": "76",
    "postal_code": "12300"
  },
  {
    "name": "Bor-et-Bar",
    "code": "12029",
    "epci_code": "200069383",
    "departement_code": "12",
    "region_code": "76",
    "postal_code": "12270"
  },
  {
    "name": "Bouillac",
    "code": "12030",
    "epci_code": "200067064",
    "departement_code": "12",
    "region_code": "76",
    "postal_code": "12300"
  },
  {
    "name": "Bournazel",
    "code": "12031",
    "epci_code": "241200625",
    "departement_code": "12",
    "region_code": "76",
    "postal_code": "12390"
  },
  {
    "name": "Boussac",
    "code": "12032",
    "epci_code": "200068831",
    "departement_code": "12",
    "region_code": "76",
    "postal_code": "12160"
  },
  {
    "name": "Bozouls",
    "code": "12033",
    "epci_code": "200067478",
    "departement_code": "12",
    "region_code": "76",
    "postal_code": "12340"
  },
  {
    "name": "Brandonnet",
    "code": "12034",
    "epci_code": "241200674",
    "departement_code": "12",
    "region_code": "76",
    "postal_code": "12350"
  },
  {
    "name": "Brasc",
    "code": "12035",
    "epci_code": "241200542",
    "departement_code": "12",
    "region_code": "76",
    "postal_code": "12550"
  },
  {
    "name": "Brommat",
    "code": "12036",
    "epci_code": "200067171",
    "departement_code": "12",
    "region_code": "76",
    "postal_code": "12600"
  },
  {
    "name": "Broquiès",
    "code": "12037",
    "epci_code": "241200914",
    "departement_code": "12",
    "region_code": "76",
    "postal_code": "12480"
  },
  {
    "name": "Brousse-le-Château",
    "code": "12038",
    "epci_code": "241200914",
    "departement_code": "12",
    "region_code": "76",
    "postal_code": "12480"
  },
  {
    "name": "Brusque",
    "code": "12039",
    "epci_code": "200067163",
    "departement_code": "12",
    "region_code": "76",
    "postal_code": "12360"
  },
  {
    "name": "Cabanès",
    "code": "12041",
    "epci_code": "200068831",
    "departement_code": "12",
    "region_code": "76",
    "postal_code": "12800"
  },
  {
    "name": "Calmels-et-le-Viala",
    "code": "12042",
    "epci_code": "200067155",
    "departement_code": "12",
    "region_code": "76",
    "postal_code": "12400"
  },
  {
    "name": "Calmont",
    "code": "12043",
    "epci_code": "200068831",
    "departement_code": "12",
    "region_code": "76",
    "postal_code": "12450"
  },
  {
    "name": "Camarès",
    "code": "12044",
    "epci_code": "200067163",
    "departement_code": "12",
    "region_code": "76",
    "postal_code": "12360"
  },
  {
    "name": "Camboulazet",
    "code": "12045",
    "epci_code": "200068831",
    "departement_code": "12",
    "region_code": "76",
    "postal_code": "12160"
  },
  {
    "name": "Camjac",
    "code": "12046",
    "epci_code": "200068831",
    "departement_code": "12",
    "region_code": "76",
    "postal_code": "12800"
  },
  {
    "name": "Campagnac",
    "code": "12047",
    "epci_code": "200068484",
    "departement_code": "12",
    "region_code": "76",
    "postal_code": "12560"
  },
  {
    "name": "Campouriez",
    "code": "12048",
    "epci_code": "200067171",
    "departement_code": "12",
    "region_code": "76",
    "postal_code": "12140"
  },
  {
    "name": "Campouriez",
    "code": "12048",
    "epci_code": "200067171",
    "departement_code": "12",
    "region_code": "76",
    "postal_code": "12460"
  },
  {
    "name": "Campuac",
    "code": "12049",
    "epci_code": "200067478",
    "departement_code": "12",
    "region_code": "76",
    "postal_code": "12580"
  },
  {
    "name": "Canet-de-Salars",
    "code": "12050",
    "epci_code": "241200765",
    "departement_code": "12",
    "region_code": "76",
    "postal_code": "12290"
  },
  {
    "name": "Cantoin",
    "code": "12051",
    "epci_code": "200067171",
    "departement_code": "12",
    "region_code": "76",
    "postal_code": "12420"
  },
  {
    "name": "Capdenac-Gare",
    "code": "12052",
    "epci_code": "200067361",
    "departement_code": "12",
    "region_code": "76",
    "postal_code": "12700"
  },
  {
    "name": "La Capelle-Balaguier",
    "code": "12053",
    "epci_code": "200069383",
    "departement_code": "12",
    "region_code": "76",
    "postal_code": "12260"
  },
  {
    "name": "La Capelle-Bleys",
    "code": "12054",
    "epci_code": "241200807",
    "departement_code": "12",
    "region_code": "76",
    "postal_code": "12240"
  },
  {
    "name": "La Capelle-Bonance",
    "code": "12055",
    "epci_code": "200068484",
    "departement_code": "12",
    "region_code": "76",
    "postal_code": "12130"
  },
  {
    "name": "Baraqueville",
    "code": "12056",
    "epci_code": "200068831",
    "departement_code": "12",
    "region_code": "76",
    "postal_code": "12160"
  },
  {
    "name": "Cassagnes-Bégonhès",
    "code": "12057",
    "epci_code": "200068831",
    "departement_code": "12",
    "region_code": "76",
    "postal_code": "12120"
  },
  {
    "name": "Cassuéjouls",
    "code": "12058",
    "epci_code": "200067171",
    "departement_code": "12",
    "region_code": "76",
    "postal_code": "12210"
  },
  {
    "name": "Castanet",
    "code": "12059",
    "epci_code": "200068831",
    "departement_code": "12",
    "region_code": "76",
    "postal_code": "12240"
  },
  {
    "name": "Castelmary",
    "code": "12060",
    "epci_code": "200068831",
    "departement_code": "12",
    "region_code": "76",
    "postal_code": "12800"
  },
  {
    "name": "Castelnau-de-Mandailles",
    "code": "12061",
    "epci_code": "200068484",
    "departement_code": "12",
    "region_code": "76",
    "postal_code": "12500"
  },
  {
    "name": "Castelnau-Pégayrols",
    "code": "12062",
    "epci_code": "241200914",
    "departement_code": "12",
    "region_code": "76",
    "postal_code": "12620"
  },
  {
    "name": "La Cavalerie",
    "code": "12063",
    "epci_code": "241200906",
    "departement_code": "12",
    "region_code": "76",
    "postal_code": "12230"
  },
  {
    "name": "Le Cayrol",
    "code": "12064",
    "epci_code": "200067478",
    "departement_code": "12",
    "region_code": "76",
    "postal_code": "12500"
  },
  {
    "name": "Centrès",
    "code": "12065",
    "epci_code": "200068831",
    "departement_code": "12",
    "region_code": "76",
    "postal_code": "12120"
  },
  {
    "name": "Clairvaux-d’Aveyron",
    "code": "12066",
    "epci_code": "241200641",
    "departement_code": "12",
    "region_code": "76",
    "postal_code": "12330"
  },
  {
    "name": "Le Clapier",
    "code": "12067",
    "epci_code": "241200906",
    "departement_code": "12",
    "region_code": "76",
    "postal_code": "12540"
  },
  {
    "name": "Colombiès",
    "code": "12068",
    "epci_code": "200068831",
    "departement_code": "12",
    "region_code": "76",
    "postal_code": "12240"
  },
  {
    "name": "Combret",
    "code": "12069",
    "epci_code": "200067163",
    "departement_code": "12",
    "region_code": "76",
    "postal_code": "12370"
  },
  {
    "name": "Compeyre",
    "code": "12070",
    "epci_code": "241200567",
    "departement_code": "12",
    "region_code": "76",
    "postal_code": "12520"
  },
  {
    "name": "Compolibat",
    "code": "12071",
    "epci_code": "241200674",
    "departement_code": "12",
    "region_code": "76",
    "postal_code": "12350"
  },
  {
    "name": "Comprégnac",
    "code": "12072",
    "epci_code": "241200567",
    "departement_code": "12",
    "region_code": "76",
    "postal_code": "12100"
  },
  {
    "name": "Comps-la-Grand-Ville",
    "code": "12073",
    "epci_code": "241200658",
    "departement_code": "12",
    "region_code": "76",
    "postal_code": "12120"
  },
  {
    "name": "Condom-d’Aubrac",
    "code": "12074",
    "epci_code": "200067171",
    "departement_code": "12",
    "region_code": "76",
    "postal_code": "12470"
  },
  {
    "name": "Connac",
    "code": "12075",
    "epci_code": "241200542",
    "departement_code": "12",
    "region_code": "76",
    "postal_code": "12170"
  },
  {
    "name": "Cornus",
    "code": "12077",
    "epci_code": "241200906",
    "departement_code": "12",
    "region_code": "76",
    "postal_code": "12540"
  },
  {
    "name": "Les Costes-Gozon",
    "code": "12078",
    "epci_code": "241200914",
    "departement_code": "12",
    "region_code": "76",
    "postal_code": "12400"
  },
  {
    "name": "Coubisou",
    "code": "12079",
    "epci_code": "200067478",
    "departement_code": "12",
    "region_code": "76",
    "postal_code": "12190"
  },
  {
    "name": "Coupiac",
    "code": "12080",
    "epci_code": "200067155",
    "departement_code": "12",
    "region_code": "76",
    "postal_code": "12550"
  },
  {
    "name": "La Couvertoirade",
    "code": "12082",
    "epci_code": "241200906",
    "departement_code": "12",
    "region_code": "76",
    "postal_code": "12230"
  },
  {
    "name": "Cransac",
    "code": "12083",
    "epci_code": "200067064",
    "departement_code": "12",
    "region_code": "76",
    "postal_code": "12110"
  },
  {
    "name": "Creissels",
    "code": "12084",
    "epci_code": "241200567",
    "departement_code": "12",
    "region_code": "76",
    "postal_code": "12100"
  },
  {
    "name": "Crespin",
    "code": "12085",
    "epci_code": "200068831",
    "departement_code": "12",
    "region_code": "76",
    "postal_code": "12800"
  },
  {
    "name": "La Cresse",
    "code": "12086",
    "epci_code": "241200567",
    "departement_code": "12",
    "region_code": "76",
    "postal_code": "12640"
  },
  {
    "name": "Curières",
    "code": "12088",
    "epci_code": "200067171",
    "departement_code": "12",
    "region_code": "76",
    "postal_code": "12210"
  },
  {
    "name": "Decazeville",
    "code": "12089",
    "epci_code": "200067064",
    "departement_code": "12",
    "region_code": "76",
    "postal_code": "12300"
  },
  {
    "name": "Druelle Balsac",
    "code": "12090",
    "epci_code": "241200187",
    "departement_code": "12",
    "region_code": "76",
    "postal_code": "12000"
  },
  {
    "name": "Druelle Balsac",
    "code": "12090",
    "epci_code": "241200187",
    "departement_code": "12",
    "region_code": "76",
    "postal_code": "12510"
  },
  {
    "name": "Drulhe",
    "code": "12091",
    "epci_code": "241200674",
    "departement_code": "12",
    "region_code": "76",
    "postal_code": "12350"
  },
  {
    "name": "Durenque",
    "code": "12092",
    "epci_code": "241200542",
    "departement_code": "12",
    "region_code": "76",
    "postal_code": "12170"
  },
  {
    "name": "Le Fel",
    "code": "12093",
    "epci_code": "200067478",
    "departement_code": "12",
    "region_code": "76",
    "postal_code": "12140"
  },
  {
    "name": "Entraygues-sur-Truyère",
    "code": "12094",
    "epci_code": "200067478",
    "departement_code": "12",
    "region_code": "76",
    "postal_code": "12140"
  },
  {
    "name": "Escandolières",
    "code": "12095",
    "epci_code": "241200625",
    "departement_code": "12",
    "region_code": "76",
    "postal_code": "12390"
  },
  {
    "name": "Espalion",
    "code": "12096",
    "epci_code": "200067478",
    "departement_code": "12",
    "region_code": "76",
    "postal_code": "12500"
  },
  {
    "name": "Espeyrac",
    "code": "12097",
    "epci_code": "200067478",
    "departement_code": "12",
    "region_code": "76",
    "postal_code": "12140"
  },
  {
    "name": "Estaing",
    "code": "12098",
    "epci_code": "200067478",
    "departement_code": "12",
    "region_code": "76",
    "postal_code": "12190"
  },
  {
    "name": "Fayet",
    "code": "12099",
    "epci_code": "200067163",
    "departement_code": "12",
    "region_code": "76",
    "postal_code": "12360"
  },
  {
    "name": "Firmi",
    "code": "12100",
    "epci_code": "200067064",
    "departement_code": "12",
    "region_code": "76",
    "postal_code": "12300"
  },
  {
    "name": "Flagnac",
    "code": "12101",
    "epci_code": "200067064",
    "departement_code": "12",
    "region_code": "76",
    "postal_code": "12300"
  },
  {
    "name": "Flavin",
    "code": "12102",
    "epci_code": "241200658",
    "departement_code": "12",
    "region_code": "76",
    "postal_code": "12450"
  },
  {
    "name": "Florentin-la-Capelle",
    "code": "12103",
    "epci_code": "200067171",
    "departement_code": "12",
    "region_code": "76",
    "postal_code": "12140"
  },
  {
    "name": "Foissac",
    "code": "12104",
    "epci_code": "200069383",
    "departement_code": "12",
    "region_code": "76",
    "postal_code": "12260"
  },
  {
    "name": "La Fouillade",
    "code": "12105",
    "epci_code": "200069383",
    "departement_code": "12",
    "region_code": "76",
    "postal_code": "12270"
  },
  {
    "name": "Gabriac",
    "code": "12106",
    "epci_code": "200067478",
    "departement_code": "12",
    "region_code": "76",
    "postal_code": "12340"
  },
  {
    "name": "Gaillac-d’Aveyron",
    "code": "12107",
    "epci_code": "200068484",
    "departement_code": "12",
    "region_code": "76",
    "postal_code": "12310"
  },
  {
    "name": "Galgan",
    "code": "12108",
    "epci_code": "241200674",
    "departement_code": "12",
    "region_code": "76",
    "postal_code": "12220"
  },
  {
    "name": "Gissac",
    "code": "12109",
    "epci_code": "200067163",
    "departement_code": "12",
    "region_code": "76",
    "postal_code": "12360"
  },
  {
    "name": "Golinhac",
    "code": "12110",
    "epci_code": "200067478",
    "departement_code": "12",
    "region_code": "76",
    "postal_code": "12140"
  },
  {
    "name": "Goutrens",
    "code": "12111",
    "epci_code": "241200625",
    "departement_code": "12",
    "region_code": "76",
    "postal_code": "12390"
  },
  {
    "name": "Gramond",
    "code": "12113",
    "epci_code": "200068831",
    "departement_code": "12",
    "region_code": "76",
    "postal_code": "12160"
  },
  {
    "name": "L’Hospitalet-du-Larzac",
    "code": "12115",
    "epci_code": "241200906",
    "departement_code": "12",
    "region_code": "76",
    "postal_code": "12230"
  },
  {
    "name": "Huparlac",
    "code": "12116",
    "epci_code": "200067171",
    "departement_code": "12",
    "region_code": "76",
    "postal_code": "12460"
  },
  {
    "name": "Lacroix-Barrez",
    "code": "12118",
    "epci_code": "200067171",
    "departement_code": "12",
    "region_code": "76",
    "postal_code": "12600"
  },
  {
    "name": "Laguiole",
    "code": "12119",
    "epci_code": "200067171",
    "departement_code": "12",
    "region_code": "76",
    "postal_code": "12210"
  },
  {
    "name": "Laissac-Sévérac l’Église",
    "code": "12120",
    "epci_code": "200068484",
    "departement_code": "12",
    "region_code": "76",
    "postal_code": "12310"
  },
  {
    "name": "Lanuéjouls",
    "code": "12121",
    "epci_code": "241200674",
    "departement_code": "12",
    "region_code": "76",
    "postal_code": "12350"
  },
  {
    "name": "Lapanouse-de-Cernon",
    "code": "12122",
    "epci_code": "241200906",
    "departement_code": "12",
    "region_code": "76",
    "postal_code": "12230"
  },
  {
    "name": "Lassouts",
    "code": "12124",
    "epci_code": "200067478",
    "departement_code": "12",
    "region_code": "76",
    "postal_code": "12500"
  },
  {
    "name": "Laval-Roquecezière",
    "code": "12125",
    "epci_code": "200067163",
    "departement_code": "12",
    "region_code": "76",
    "postal_code": "12380"
  },
  {
    "name": "Lédergues",
    "code": "12127",
    "epci_code": "241200542",
    "departement_code": "12",
    "region_code": "76",
    "postal_code": "12170"
  },
  {
    "name": "Lescure-Jaoul",
    "code": "12128",
    "epci_code": "241200807",
    "departement_code": "12",
    "region_code": "76",
    "postal_code": "12440"
  },
  {
    "name": "Lestrade-et-Thouels",
    "code": "12129",
    "epci_code": "241200914",
    "departement_code": "12",
    "region_code": "76",
    "postal_code": "12430"
  },
  {
    "name": "Livinhac-le-Haut",
    "code": "12130",
    "epci_code": "200067064",
    "departement_code": "12",
    "region_code": "76",
    "postal_code": "12300"
  },
  {
    "name": "La Loubière",
    "code": "12131",
    "epci_code": "200067478",
    "departement_code": "12",
    "region_code": "76",
    "postal_code": "12740"
  },
  {
    "name": "Luc-la-Primaube",
    "code": "12133",
    "epci_code": "241200187",
    "departement_code": "12",
    "region_code": "76",
    "postal_code": "12450"
  },
  {
    "name": "Lugan",
    "code": "12134",
    "epci_code": "241200674",
    "departement_code": "12",
    "region_code": "76",
    "postal_code": "12220"
  },
  {
    "name": "Lunac",
    "code": "12135",
    "epci_code": "200069383",
    "departement_code": "12",
    "region_code": "76",
    "postal_code": "12270"
  },
  {
    "name": "Maleville",
    "code": "12136",
    "epci_code": "200069383",
    "departement_code": "12",
    "region_code": "76",
    "postal_code": "12350"
  },
  {
    "name": "Manhac",
    "code": "12137",
    "epci_code": "200068831",
    "departement_code": "12",
    "region_code": "76",
    "postal_code": "12160"
  },
  {
    "name": "Marcillac-Vallon",
    "code": "12138",
    "epci_code": "241200641",
    "departement_code": "12",
    "region_code": "76",
    "postal_code": "12330"
  },
  {
    "name": "Marnhagues-et-Latour",
    "code": "12139",
    "epci_code": "241200906",
    "departement_code": "12",
    "region_code": "76",
    "postal_code": "12540"
  },
  {
    "name": "Martiel",
    "code": "12140",
    "epci_code": "200069383",
    "departement_code": "12",
    "region_code": "76",
    "postal_code": "12200"
  },
  {
    "name": "Martrin",
    "code": "12141",
    "epci_code": "200067155",
    "departement_code": "12",
    "region_code": "76",
    "postal_code": "12550"
  },
  {
    "name": "Mayran",
    "code": "12142",
    "epci_code": "241200625",
    "departement_code": "12",
    "region_code": "76",
    "postal_code": "12390"
  },
  {
    "name": "Mélagues",
    "code": "12143",
    "epci_code": "200067163",
    "departement_code": "12",
    "region_code": "76",
    "postal_code": "12360"
  },
  {
    "name": "Meljac",
    "code": "12144",
    "epci_code": "200068831",
    "departement_code": "12",
    "region_code": "76",
    "postal_code": "12120"
  },
  {
    "name": "Millau",
    "code": "12145",
    "epci_code": "241200567",
    "departement_code": "12",
    "region_code": "76",
    "postal_code": "12100"
  },
  {
    "name": "Le Monastère",
    "code": "12146",
    "epci_code": "241200187",
    "departement_code": "12",
    "region_code": "76",
    "postal_code": "12000"
  },
  {
    "name": "Montagnol",
    "code": "12147",
    "epci_code": "200067163",
    "departement_code": "12",
    "region_code": "76",
    "postal_code": "12360"
  },
  {
    "name": "Montbazens",
    "code": "12148",
    "epci_code": "241200674",
    "departement_code": "12",
    "region_code": "76",
    "postal_code": "12220"
  },
  {
    "name": "Montclar",
    "code": "12149",
    "epci_code": "241200542",
    "departement_code": "12",
    "region_code": "76",
    "postal_code": "12550"
  },
  {
    "name": "Monteils",
    "code": "12150",
    "epci_code": "200069383",
    "departement_code": "12",
    "region_code": "76",
    "postal_code": "12200"
  },
  {
    "name": "Montézic",
    "code": "12151",
    "epci_code": "200067171",
    "departement_code": "12",
    "region_code": "76",
    "postal_code": "12460"
  },
  {
    "name": "Montfranc",
    "code": "12152",
    "epci_code": "200067163",
    "departement_code": "12",
    "region_code": "76",
    "postal_code": "12380"
  },
  {
    "name": "Montjaux",
    "code": "12153",
    "epci_code": "241200914",
    "departement_code": "12",
    "region_code": "76",
    "postal_code": "12490"
  },
  {
    "name": "Montlaur",
    "code": "12154",
    "epci_code": "200067163",
    "departement_code": "12",
    "region_code": "76",
    "postal_code": "12400"
  },
  {
    "name": "Fondamente",
    "code": "12155",
    "epci_code": "241200906",
    "departement_code": "12",
    "region_code": "76",
    "postal_code": "12540"
  },
  {
    "name": "Montpeyroux",
    "code": "12156",
    "epci_code": "200067171",
    "departement_code": "12",
    "region_code": "76",
    "postal_code": "12210"
  },
  {
    "name": "Montrozier",
    "code": "12157",
    "epci_code": "200067478",
    "departement_code": "12",
    "region_code": "76",
    "postal_code": "12630"
  },
  {
    "name": "Montsalès",
    "code": "12158",
    "epci_code": "200069383",
    "departement_code": "12",
    "region_code": "76",
    "postal_code": "12260"
  },
  {
    "name": "Morlhon-le-Haut",
    "code": "12159",
    "epci_code": "200069383",
    "departement_code": "12",
    "region_code": "76",
    "postal_code": "12200"
  },
  {
    "name": "Mostuéjouls",
    "code": "12160",
    "epci_code": "241200567",
    "departement_code": "12",
    "region_code": "76",
    "postal_code": "12720"
  },
  {
    "name": "Mouret",
    "code": "12161",
    "epci_code": "241200641",
    "departement_code": "12",
    "region_code": "76",
    "postal_code": "12330"
  },
  {
    "name": "Moyrazès",
    "code": "12162",
    "epci_code": "200068831",
    "departement_code": "12",
    "region_code": "76",
    "postal_code": "12160"
  },
  {
    "name": "Murasson",
    "code": "12163",
    "epci_code": "200067163",
    "departement_code": "12",
    "region_code": "76",
    "postal_code": "12370"
  },
  {
    "name": "Mur-de-Barrez",
    "code": "12164",
    "epci_code": "200067171",
    "departement_code": "12",
    "region_code": "76",
    "postal_code": "12600"
  },
  {
    "name": "Muret-le-Château",
    "code": "12165",
    "epci_code": "241200641",
    "departement_code": "12",
    "region_code": "76",
    "postal_code": "12330"
  },
  {
    "name": "Murols",
    "code": "12166",
    "epci_code": "200067171",
    "departement_code": "12",
    "region_code": "76",
    "postal_code": "12600"
  },
  {
    "name": "Najac",
    "code": "12167",
    "epci_code": "200069383",
    "departement_code": "12",
    "region_code": "76",
    "postal_code": "12270"
  },
  {
    "name": "Nant",
    "code": "12168",
    "epci_code": "241200906",
    "departement_code": "12",
    "region_code": "76",
    "postal_code": "12230"
  },
  {
    "name": "Naucelle",
    "code": "12169",
    "epci_code": "200068831",
    "departement_code": "12",
    "region_code": "76",
    "postal_code": "12800"
  },
  {
    "name": "Naussac",
    "code": "12170",
    "epci_code": "200069383",
    "departement_code": "12",
    "region_code": "76",
    "postal_code": "12700"
  },
  {
    "name": "Nauviale",
    "code": "12171",
    "epci_code": "241200641",
    "departement_code": "12",
    "region_code": "76",
    "postal_code": "12330"
  },
  {
    "name": "Le Nayrac",
    "code": "12172",
    "epci_code": "200067478",
    "departement_code": "12",
    "region_code": "76",
    "postal_code": "12190"
  },
  {
    "name": "Olemps",
    "code": "12174",
    "epci_code": "241200187",
    "departement_code": "12",
    "region_code": "76",
    "postal_code": "12510"
  },
  {
    "name": "Ols-et-Rinhodes",
    "code": "12175",
    "epci_code": "200069383",
    "departement_code": "12",
    "region_code": "76",
    "postal_code": "12260"
  },
  {
    "name": "Onet-le-Château",
    "code": "12176",
    "epci_code": "241200187",
    "departement_code": "12",
    "region_code": "76",
    "postal_code": "12000"
  },
  {
    "name": "Onet-le-Château",
    "code": "12176",
    "epci_code": "241200187",
    "departement_code": "12",
    "region_code": "76",
    "postal_code": "12850"
  },
  {
    "name": "Palmas d’Aveyron",
    "code": "12177",
    "epci_code": "200068484",
    "departement_code": "12",
    "region_code": "76",
    "postal_code": "12310"
  },
  {
    "name": "Palmas d’Aveyron",
    "code": "12177",
    "epci_code": "200068484",
    "departement_code": "12",
    "region_code": "76",
    "postal_code": "12340"
  },
  {
    "name": "Paulhe",
    "code": "12178",
    "epci_code": "241200567",
    "departement_code": "12",
    "region_code": "76",
    "postal_code": "12520"
  },
  {
    "name": "Peux-et-Couffouleux",
    "code": "12179",
    "epci_code": "200067163",
    "departement_code": "12",
    "region_code": "76",
    "postal_code": "12360"
  },
  {
    "name": "Peyreleau",
    "code": "12180",
    "epci_code": "241200567",
    "departement_code": "12",
    "region_code": "76",
    "postal_code": "12720"
  },
  {
    "name": "Peyrusse-le-Roc",
    "code": "12181",
    "epci_code": "241200674",
    "departement_code": "12",
    "region_code": "76",
    "postal_code": "12220"
  },
  {
    "name": "Pierrefiche",
    "code": "12182",
    "epci_code": "200068484",
    "departement_code": "12",
    "region_code": "76",
    "postal_code": "12130"
  },
  {
    "name": "Plaisance",
    "code": "12183",
    "epci_code": "200067155",
    "departement_code": "12",
    "region_code": "76",
    "postal_code": "12550"
  },
  {
    "name": "Pomayrols",
    "code": "12184",
    "epci_code": "200068484",
    "departement_code": "12",
    "region_code": "76",
    "postal_code": "12130"
  },
  {
    "name": "Pont-de-Salars",
    "code": "12185",
    "epci_code": "241200658",
    "departement_code": "12",
    "region_code": "76",
    "postal_code": "12290"
  },
  {
    "name": "Pousthomy",
    "code": "12186",
    "epci_code": "200067163",
    "departement_code": "12",
    "region_code": "76",
    "postal_code": "12380"
  },
  {
    "name": "Prades-d’Aubrac",
    "code": "12187",
    "epci_code": "200068484",
    "departement_code": "12",
    "region_code": "76",
    "postal_code": "12470"
  },
  {
    "name": "Prades-Salars",
    "code": "12188",
    "epci_code": "241200658",
    "departement_code": "12",
    "region_code": "76",
    "postal_code": "12290"
  },
  {
    "name": "Pradinas",
    "code": "12189",
    "epci_code": "200068831",
    "departement_code": "12",
    "region_code": "76",
    "postal_code": "12240"
  },
  {
    "name": "Prévinquières",
    "code": "12190",
    "epci_code": "241200807",
    "departement_code": "12",
    "region_code": "76",
    "postal_code": "12350"
  },
  {
    "name": "Privezac",
    "code": "12191",
    "epci_code": "241200674",
    "departement_code": "12",
    "region_code": "76",
    "postal_code": "12350"
  },
  {
    "name": "Mounes-Prohencoux",
    "code": "12192",
    "epci_code": "200067163",
    "departement_code": "12",
    "region_code": "76",
    "postal_code": "12370"
  },
  {
    "name": "Pruines",
    "code": "12193",
    "epci_code": "241200641",
    "departement_code": "12",
    "region_code": "76",
    "postal_code": "12320"
  },
  {
    "name": "Quins",
    "code": "12194",
    "epci_code": "200068831",
    "departement_code": "12",
    "region_code": "76",
    "postal_code": "12800"
  },
  {
    "name": "Rebourguil",
    "code": "12195",
    "epci_code": "200067163",
    "departement_code": "12",
    "region_code": "76",
    "postal_code": "12400"
  },
  {
    "name": "Réquista",
    "code": "12197",
    "epci_code": "241200542",
    "departement_code": "12",
    "region_code": "76",
    "postal_code": "12170"
  },
  {
    "name": "Rieupeyroux",
    "code": "12198",
    "epci_code": "241200807",
    "departement_code": "12",
    "region_code": "76",
    "postal_code": "12240"
  },
  {
    "name": "Rignac",
    "code": "12199",
    "epci_code": "241200625",
    "departement_code": "12",
    "region_code": "76",
    "postal_code": "12390"
  },
  {
    "name": "Rivière-sur-Tarn",
    "code": "12200",
    "epci_code": "241200567",
    "departement_code": "12",
    "region_code": "76",
    "postal_code": "12640"
  },
  {
    "name": "Rodelle",
    "code": "12201",
    "epci_code": "200067478",
    "departement_code": "12",
    "region_code": "76",
    "postal_code": "12340"
  },
  {
    "name": "Rodez",
    "code": "12202",
    "epci_code": "241200187",
    "departement_code": "12",
    "region_code": "76",
    "postal_code": "12000"
  },
  {
    "name": "Roquefort-sur-Soulzon",
    "code": "12203",
    "epci_code": "200067155",
    "departement_code": "12",
    "region_code": "76",
    "postal_code": "12250"
  },
  {
    "name": "La Roque-Sainte-Marguerite",
    "code": "12204",
    "epci_code": "241200567",
    "departement_code": "12",
    "region_code": "76",
    "postal_code": "12100"
  },
  {
    "name": "La Rouquette",
    "code": "12205",
    "epci_code": "200069383",
    "departement_code": "12",
    "region_code": "76",
    "postal_code": "12200"
  },
  {
    "name": "Roussennac",
    "code": "12206",
    "epci_code": "241200674",
    "departement_code": "12",
    "region_code": "76",
    "postal_code": "12220"
  },
  {
    "name": "Rullac-Saint-Cirq",
    "code": "12207",
    "epci_code": "241200542",
    "departement_code": "12",
    "region_code": "76",
    "postal_code": "12120"
  },
  {
    "name": "Saint-Affrique",
    "code": "12208",
    "epci_code": "200067155",
    "departement_code": "12",
    "region_code": "76",
    "postal_code": "12400"
  },
  {
    "name": "Saint-Amans-des-Cots",
    "code": "12209",
    "epci_code": "200067171",
    "departement_code": "12",
    "region_code": "76",
    "postal_code": "12460"
  },
  {
    "name": "Saint-André-de-Najac",
    "code": "12210",
    "epci_code": "200069383",
    "departement_code": "12",
    "region_code": "76",
    "postal_code": "12270"
  },
  {
    "name": "Saint-André-de-Vézines",
    "code": "12211",
    "epci_code": "241200567",
    "departement_code": "12",
    "region_code": "76",
    "postal_code": "12720"
  },
  {
    "name": "Saint-Beaulize",
    "code": "12212",
    "epci_code": "241200906",
    "departement_code": "12",
    "region_code": "76",
    "postal_code": "12540"
  },
  {
    "name": "Saint-Beauzély",
    "code": "12213",
    "epci_code": "241200914",
    "departement_code": "12",
    "region_code": "76",
    "postal_code": "12620"
  },
  {
    "name": "Saint-Chély-d’Aubrac",
    "code": "12214",
    "epci_code": "200067171",
    "departement_code": "12",
    "region_code": "76",
    "postal_code": "12470"
  },
  {
    "name": "Saint-Christophe-Vallon",
    "code": "12215",
    "epci_code": "241200641",
    "departement_code": "12",
    "region_code": "76",
    "postal_code": "12330"
  },
  {
    "name": "Saint-Côme-d’Olt",
    "code": "12216",
    "epci_code": "200067478",
    "departement_code": "12",
    "region_code": "76",
    "postal_code": "12500"
  },
  {
    "name": "Sainte-Croix",
    "code": "12217",
    "epci_code": "200069383",
    "departement_code": "12",
    "region_code": "76",
    "postal_code": "12260"
  },
  {
    "name": "Conques-en-Rouergue",
    "code": "12218",
    "epci_code": "241200641",
    "departement_code": "12",
    "region_code": "76",
    "postal_code": "12320"
  },
  {
    "name": "Sainte-Eulalie-d’Olt",
    "code": "12219",
    "epci_code": "200068484",
    "departement_code": "12",
    "region_code": "76",
    "postal_code": "12130"
  },
  {
    "name": "Sainte-Eulalie-de-Cernon",
    "code": "12220",
    "epci_code": "241200906",
    "departement_code": "12",
    "region_code": "76",
    "postal_code": "12230"
  },
  {
    "name": "Saint-Félix-de-Lunel",
    "code": "12221",
    "epci_code": "241200641",
    "departement_code": "12",
    "region_code": "76",
    "postal_code": "12320"
  },
  {
    "name": "Saint-Félix-de-Sorgues",
    "code": "12222",
    "epci_code": "200067155",
    "departement_code": "12",
    "region_code": "76",
    "postal_code": "12400"
  },
  {
    "name": "Argences en Aubrac",
    "code": "12223",
    "epci_code": "200067171",
    "departement_code": "12",
    "region_code": "76",
    "postal_code": "12210"
  },
  {
    "name": "Argences en Aubrac",
    "code": "12223",
    "epci_code": "200067171",
    "departement_code": "12",
    "region_code": "76",
    "postal_code": "12420"
  },
  {
    "name": "Saint Geniez d’Olt et d’Aubrac",
    "code": "12224",
    "epci_code": "200068484",
    "departement_code": "12",
    "region_code": "76",
    "postal_code": "12130"
  },
  {
    "name": "Saint-Georges-de-Luzençon",
    "code": "12225",
    "epci_code": "241200567",
    "departement_code": "12",
    "region_code": "76",
    "postal_code": "12100"
  },
  {
    "name": "Saint-Hippolyte",
    "code": "12226",
    "epci_code": "200067478",
    "departement_code": "12",
    "region_code": "76",
    "postal_code": "12140"
  },
  {
    "name": "Saint-Igest",
    "code": "12227",
    "epci_code": "200069383",
    "departement_code": "12",
    "region_code": "76",
    "postal_code": "12260"
  },
  {
    "name": "Saint-Izaire",
    "code": "12228",
    "epci_code": "200067155",
    "departement_code": "12",
    "region_code": "76",
    "postal_code": "12480"
  },
  {
    "name": "Saint-Jean-d’Alcapiès",
    "code": "12229",
    "epci_code": "200067155",
    "departement_code": "12",
    "region_code": "76",
    "postal_code": "12250"
  },
  {
    "name": "Saint-Jean-Delnous",
    "code": "12230",
    "epci_code": "241200542",
    "departement_code": "12",
    "region_code": "76",
    "postal_code": "12170"
  },
  {
    "name": "Saint-Jean-du-Bruel",
    "code": "12231",
    "epci_code": "241200906",
    "departement_code": "12",
    "region_code": "76",
    "postal_code": "12230"
  },
  {
    "name": "Saint-Jean-et-Saint-Paul",
    "code": "12232",
    "epci_code": "241200906",
    "departement_code": "12",
    "region_code": "76",
    "postal_code": "12250"
  },
  {
    "name": "Saint-Juéry",
    "code": "12233",
    "epci_code": "200067155",
    "departement_code": "12",
    "region_code": "76",
    "postal_code": "12550"
  },
  {
    "name": "Sainte-Juliette-sur-Viaur",
    "code": "12234",
    "epci_code": "200068831",
    "departement_code": "12",
    "region_code": "76",
    "postal_code": "12120"
  },
  {
    "name": "Saint-Just-sur-Viaur",
    "code": "12235",
    "epci_code": "200068831",
    "departement_code": "12",
    "region_code": "76",
    "postal_code": "12170"
  },
  {
    "name": "Saint-Just-sur-Viaur",
    "code": "12235",
    "epci_code": "200068831",
    "departement_code": "12",
    "region_code": "76",
    "postal_code": "12800"
  },
  {
    "name": "Saint-Laurent-de-Lévézou",
    "code": "12236",
    "epci_code": "241200765",
    "departement_code": "12",
    "region_code": "76",
    "postal_code": "12620"
  },
  {
    "name": "Saint-Laurent-d’Olt",
    "code": "12237",
    "epci_code": "200068484",
    "departement_code": "12",
    "region_code": "76",
    "postal_code": "12560"
  },
  {
    "name": "Saint-Léons",
    "code": "12238",
    "epci_code": "241200765",
    "departement_code": "12",
    "region_code": "76",
    "postal_code": "12780"
  },
  {
    "name": "Saint-Martin-de-Lenne",
    "code": "12239",
    "epci_code": "200068484",
    "departement_code": "12",
    "region_code": "76",
    "postal_code": "12130"
  },
  {
    "name": "Saint-Parthem",
    "code": "12240",
    "epci_code": "200067064",
    "departement_code": "12",
    "region_code": "76",
    "postal_code": "12300"
  },
  {
    "name": "Sainte-Radegonde",
    "code": "12241",
    "epci_code": "241200187",
    "departement_code": "12",
    "region_code": "76",
    "postal_code": "12850"
  },
  {
    "name": "Saint-Rémy",
    "code": "12242",
    "epci_code": "200069383",
    "departement_code": "12",
    "region_code": "76",
    "postal_code": "12200"
  },
  {
    "name": "Saint-Rome-de-Cernon",
    "code": "12243",
    "epci_code": "200067155",
    "departement_code": "12",
    "region_code": "76",
    "postal_code": "12490"
  },
  {
    "name": "Saint-Rome-de-Tarn",
    "code": "12244",
    "epci_code": "241200914",
    "departement_code": "12",
    "region_code": "76",
    "postal_code": "12490"
  },
  {
    "name": "Saint-Santin",
    "code": "12246",
    "epci_code": "200067064",
    "departement_code": "12",
    "region_code": "76",
    "postal_code": "12300"
  },
  {
    "name": "Saint-Saturnin-de-Lenne",
    "code": "12247",
    "epci_code": "200068484",
    "departement_code": "12",
    "region_code": "76",
    "postal_code": "12560"
  },
  {
    "name": "Saint-Sernin-sur-Rance",
    "code": "12248",
    "epci_code": "200067163",
    "departement_code": "12",
    "region_code": "76",
    "postal_code": "12380"
  },
  {
    "name": "Saint-Sever-du-Moustier",
    "code": "12249",
    "epci_code": "200067163",
    "departement_code": "12",
    "region_code": "76",
    "postal_code": "12370"
  },
  {
    "name": "Saint-Symphorien-de-Thénières",
    "code": "12250",
    "epci_code": "200067171",
    "departement_code": "12",
    "region_code": "76",
    "postal_code": "12460"
  },
  {
    "name": "Saint-Victor-et-Melvieu",
    "code": "12251",
    "epci_code": "241200914",
    "departement_code": "12",
    "region_code": "76",
    "postal_code": "12400"
  },
  {
    "name": "Salles-Courbatiès",
    "code": "12252",
    "epci_code": "200069383",
    "departement_code": "12",
    "region_code": "76",
    "postal_code": "12260"
  },
  {
    "name": "Salles-Curan",
    "code": "12253",
    "epci_code": "241200765",
    "departement_code": "12",
    "region_code": "76",
    "postal_code": "12410"
  },
  {
    "name": "Salles-la-Source",
    "code": "12254",
    "epci_code": "241200641",
    "departement_code": "12",
    "region_code": "76",
    "postal_code": "12330"
  },
  {
    "name": "Salmiech",
    "code": "12255",
    "epci_code": "241200658",
    "departement_code": "12",
    "region_code": "76",
    "postal_code": "12120"
  },
  {
    "name": "Salvagnac-Cajarc",
    "code": "12256",
    "epci_code": "200067361",
    "departement_code": "12",
    "region_code": "76",
    "postal_code": "12260"
  },
  {
    "name": "Causse-et-Diège",
    "code": "12257",
    "epci_code": "200067361",
    "departement_code": "12",
    "region_code": "76",
    "postal_code": "12700"
  },
  {
    "name": "La Salvetat-Peyralès",
    "code": "12258",
    "epci_code": "241200807",
    "departement_code": "12",
    "region_code": "76",
    "postal_code": "12440"
  },
  {
    "name": "Sanvensa",
    "code": "12259",
    "epci_code": "200069383",
    "departement_code": "12",
    "region_code": "76",
    "postal_code": "12200"
  },
  {
    "name": "Sauclières",
    "code": "12260",
    "epci_code": "241200906",
    "departement_code": "12",
    "region_code": "76",
    "postal_code": "12230"
  },
  {
    "name": "Saujac",
    "code": "12261",
    "epci_code": "200069383",
    "departement_code": "12",
    "region_code": "76",
    "postal_code": "12260"
  },
  {
    "name": "Sauveterre-de-Rouergue",
    "code": "12262",
    "epci_code": "200068831",
    "departement_code": "12",
    "region_code": "76",
    "postal_code": "12800"
  },
  {
    "name": "Savignac",
    "code": "12263",
    "epci_code": "200069383",
    "departement_code": "12",
    "region_code": "76",
    "postal_code": "12200"
  },
  {
    "name": "Sébazac-Concourès",
    "code": "12264",
    "epci_code": "241200187",
    "departement_code": "12",
    "region_code": "76",
    "postal_code": "12740"
  },
  {
    "name": "Sébrazac",
    "code": "12265",
    "epci_code": "200067478",
    "departement_code": "12",
    "region_code": "76",
    "postal_code": "12190"
  },
  {
    "name": "Ségur",
    "code": "12266",
    "epci_code": "241200765",
    "departement_code": "12",
    "region_code": "76",
    "postal_code": "12290"
  },
  {
    "name": "La Selve",
    "code": "12267",
    "epci_code": "241200542",
    "departement_code": "12",
    "region_code": "76",
    "postal_code": "12170"
  },
  {
    "name": "Sénergues",
    "code": "12268",
    "epci_code": "241200641",
    "departement_code": "12",
    "region_code": "76",
    "postal_code": "12320"
  },
  {
    "name": "La Serre",
    "code": "12269",
    "epci_code": "200067163",
    "departement_code": "12",
    "region_code": "76",
    "postal_code": "12380"
  },
  {
    "name": "Sévérac d’Aveyron",
    "code": "12270",
    "epci_code": "200068484",
    "departement_code": "12",
    "region_code": "76",
    "postal_code": "12150"
  },
  {
    "name": "Sonnac",
    "code": "12272",
    "epci_code": "200067361",
    "departement_code": "12",
    "region_code": "76",
    "postal_code": "12700"
  },
  {
    "name": "Soulages-Bonneval",
    "code": "12273",
    "epci_code": "200067171",
    "departement_code": "12",
    "region_code": "76",
    "postal_code": "12210"
  },
  {
    "name": "Sylvanès",
    "code": "12274",
    "epci_code": "200067163",
    "departement_code": "12",
    "region_code": "76",
    "postal_code": "12360"
  },
  {
    "name": "Tauriac-de-Camarès",
    "code": "12275",
    "epci_code": "200067163",
    "departement_code": "12",
    "region_code": "76",
    "postal_code": "12360"
  },
  {
    "name": "Tauriac-de-Naucelle",
    "code": "12276",
    "epci_code": "200068831",
    "departement_code": "12",
    "region_code": "76",
    "postal_code": "12800"
  },
  {
    "name": "Taussac",
    "code": "12277",
    "epci_code": "200067171",
    "departement_code": "12",
    "region_code": "76",
    "postal_code": "12600"
  },
  {
    "name": "Tayrac",
    "code": "12278",
    "epci_code": "241200807",
    "departement_code": "12",
    "region_code": "76",
    "postal_code": "12440"
  },
  {
    "name": "Thérondels",
    "code": "12280",
    "epci_code": "200067171",
    "departement_code": "12",
    "region_code": "76",
    "postal_code": "12600"
  },
  {
    "name": "Toulonjac",
    "code": "12281",
    "epci_code": "200069383",
    "departement_code": "12",
    "region_code": "76",
    "postal_code": "12200"
  },
  {
    "name": "Tournemire",
    "code": "12282",
    "epci_code": "200067155",
    "departement_code": "12",
    "region_code": "76",
    "postal_code": "12250"
  },
  {
    "name": "Trémouilles",
    "code": "12283",
    "epci_code": "241200658",
    "departement_code": "12",
    "region_code": "76",
    "postal_code": "12290"
  },
  {
    "name": "Le Truel",
    "code": "12284",
    "epci_code": "241200914",
    "departement_code": "12",
    "region_code": "76",
    "postal_code": "12430"
  },
  {
    "name": "Vabres-l’Abbaye",
    "code": "12286",
    "epci_code": "200067155",
    "departement_code": "12",
    "region_code": "76",
    "postal_code": "12400"
  },
  {
    "name": "Vailhourles",
    "code": "12287",
    "epci_code": "200069383",
    "departement_code": "12",
    "region_code": "76",
    "postal_code": "12200"
  },
  {
    "name": "Valady",
    "code": "12288",
    "epci_code": "241200641",
    "departement_code": "12",
    "region_code": "76",
    "postal_code": "12330"
  },
  {
    "name": "Valzergues",
    "code": "12289",
    "epci_code": "241200674",
    "departement_code": "12",
    "region_code": "76",
    "postal_code": "12220"
  },
  {
    "name": "Vaureilles",
    "code": "12290",
    "epci_code": "241200674",
    "departement_code": "12",
    "region_code": "76",
    "postal_code": "12220"
  },
  {
    "name": "Verrières",
    "code": "12291",
    "epci_code": "241200914",
    "departement_code": "12",
    "region_code": "76",
    "postal_code": "12520"
  },
  {
    "name": "Versols-et-Lapeyre",
    "code": "12292",
    "epci_code": "200067155",
    "departement_code": "12",
    "region_code": "76",
    "postal_code": "12400"
  },
  {
    "name": "Veyreau",
    "code": "12293",
    "epci_code": "241200567",
    "departement_code": "12",
    "region_code": "76",
    "postal_code": "12720"
  },
  {
    "name": "Vézins-de-Lévézou",
    "code": "12294",
    "epci_code": "241200765",
    "departement_code": "12",
    "region_code": "76",
    "postal_code": "12780"
  },
  {
    "name": "Viala-du-Pas-de-Jaux",
    "code": "12295",
    "epci_code": "241200906",
    "departement_code": "12",
    "region_code": "76",
    "postal_code": "12250"
  },
  {
    "name": "Viala-du-Tarn",
    "code": "12296",
    "epci_code": "241200914",
    "departement_code": "12",
    "region_code": "76",
    "postal_code": "12490"
  },
  {
    "name": "Le Vibal",
    "code": "12297",
    "epci_code": "241200658",
    "departement_code": "12",
    "region_code": "76",
    "postal_code": "12290"
  },
  {
    "name": "Villecomtal",
    "code": "12298",
    "epci_code": "200067478",
    "departement_code": "12",
    "region_code": "76",
    "postal_code": "12580"
  },
  {
    "name": "Villefranche-de-Panat",
    "code": "12299",
    "epci_code": "241200765",
    "departement_code": "12",
    "region_code": "76",
    "postal_code": "12430"
  },
  {
    "name": "Villefranche-de-Rouergue",
    "code": "12300",
    "epci_code": "200069383",
    "departement_code": "12",
    "region_code": "76",
    "postal_code": "12200"
  },
  {
    "name": "Villeneuve",
    "code": "12301",
    "epci_code": "200069383",
    "departement_code": "12",
    "region_code": "76",
    "postal_code": "12260"
  },
  {
    "name": "Vimenet",
    "code": "12303",
    "epci_code": "200068484",
    "departement_code": "12",
    "region_code": "76",
    "postal_code": "12310"
  },
  {
    "name": "Viviez",
    "code": "12305",
    "epci_code": "200067064",
    "departement_code": "12",
    "region_code": "76",
    "postal_code": "12110"
  },
  {
    "name": "Curan",
    "code": "12307",
    "epci_code": "241200765",
    "departement_code": "12",
    "region_code": "76",
    "postal_code": "12410"
  }
]