[
  {
    "name": "Solaure en Diois",
    "code": "26001",
    "epci_code": "242600534",
    "departement_code": "26",
    "region_code": "84",
    "postal_code": "26150"
  },
  {
    "name": "Albon",
    "code": "26002",
    "epci_code": "200040491",
    "departement_code": "26",
    "region_code": "84",
    "postal_code": "26140"
  },
  {
    "name": "Aleyrac",
    "code": "26003",
    "epci_code": "242600492",
    "departement_code": "26",
    "region_code": "84",
    "postal_code": "26770"
  },
  {
    "name": "Alixan",
    "code": "26004",
    "epci_code": "200068781",
    "departement_code": "26",
    "region_code": "84",
    "postal_code": "26300"
  },
  {
    "name": "Allan",
    "code": "26005",
    "epci_code": "200040459",
    "departement_code": "26",
    "region_code": "84",
    "postal_code": "26780"
  },
  {
    "name": "Allex",
    "code": "26006",
    "epci_code": "242600252",
    "departement_code": "26",
    "region_code": "84",
    "postal_code": "26400"
  },
  {
    "name": "Ambonil",
    "code": "26007",
    "epci_code": "242600252",
    "departement_code": "26",
    "region_code": "84",
    "postal_code": "26800"
  },
  {
    "name": "Ancône",
    "code": "26008",
    "epci_code": "200040459",
    "departement_code": "26",
    "region_code": "84",
    "postal_code": "26200"
  },
  {
    "name": "Andancette",
    "code": "26009",
    "epci_code": "200040491",
    "departement_code": "26",
    "region_code": "84",
    "postal_code": "26140"
  },
  {
    "name": "Anneyron",
    "code": "26010",
    "epci_code": "200040491",
    "departement_code": "26",
    "region_code": "84",
    "postal_code": "26140"
  },
  {
    "name": "Aouste-sur-Sye",
    "code": "26011",
    "epci_code": "200040509",
    "departement_code": "26",
    "region_code": "84",
    "postal_code": "26400"
  },
  {
    "name": "Arnayon",
    "code": "26012",
    "epci_code": "242600534",
    "departement_code": "26",
    "region_code": "84",
    "postal_code": "26470"
  },
  {
    "name": "Arpavon",
    "code": "26013",
    "epci_code": "200068229",
    "departement_code": "26",
    "region_code": "84",
    "postal_code": "26110"
  },
  {
    "name": "Arthémonay",
    "code": "26014",
    "epci_code": "200073096",
    "departement_code": "26",
    "region_code": "84",
    "postal_code": "26260"
  },
  {
    "name": "Aubenasson",
    "code": "26015",
    "epci_code": "200040509",
    "departement_code": "26",
    "region_code": "84",
    "postal_code": "26340"
  },
  {
    "name": "Aubres",
    "code": "26016",
    "epci_code": "200068229",
    "departement_code": "26",
    "region_code": "84",
    "postal_code": "26110"
  },
  {
    "name": "Aucelon",
    "code": "26017",
    "epci_code": "242600534",
    "departement_code": "26",
    "region_code": "84",
    "postal_code": "26340"
  },
  {
    "name": "Aulan",
    "code": "26018",
    "epci_code": "200068229",
    "departement_code": "26",
    "region_code": "84",
    "postal_code": "26570"
  },
  {
    "name": "Aurel",
    "code": "26019",
    "epci_code": "200040509",
    "departement_code": "26",
    "region_code": "84",
    "postal_code": "26340"
  },
  {
    "name": "La Répara-Auriples",
    "code": "26020",
    "epci_code": "242600252",
    "departement_code": "26",
    "region_code": "84",
    "postal_code": "26400"
  },
  {
    "name": "Autichamp",
    "code": "26021",
    "epci_code": "242600252",
    "departement_code": "26",
    "region_code": "84",
    "postal_code": "26400"
  },
  {
    "name": "Ballons",
    "code": "26022",
    "epci_code": "200068229",
    "departement_code": "26",
    "region_code": "84",
    "postal_code": "26560"
  },
  {
    "name": "Barbières",
    "code": "26023",
    "epci_code": "200068781",
    "departement_code": "26",
    "region_code": "84",
    "postal_code": "26300"
  },
  {
    "name": "Barcelonne",
    "code": "26024",
    "epci_code": "200068781",
    "departement_code": "26",
    "region_code": "84",
    "postal_code": "26120"
  },
  {
    "name": "Barnave",
    "code": "26025",
    "epci_code": "242600534",
    "departement_code": "26",
    "region_code": "84",
    "postal_code": "26310"
  },
  {
    "name": "Barret-de-Lioure",
    "code": "26026",
    "epci_code": "200068229",
    "departement_code": "26",
    "region_code": "84",
    "postal_code": "26570"
  },
  {
    "name": "Barsac",
    "code": "26027",
    "epci_code": "242600534",
    "departement_code": "26",
    "region_code": "84",
    "postal_code": "26150"
  },
  {
    "name": "Bathernay",
    "code": "26028",
    "epci_code": "200073096",
    "departement_code": "26",
    "region_code": "84",
    "postal_code": "26260"
  },
  {
    "name": "La Bâtie-des-Fonds",
    "code": "26030",
    "epci_code": "242600534",
    "departement_code": "26",
    "region_code": "84",
    "postal_code": "26310"
  },
  {
    "name": "La Bâtie-Rolland",
    "code": "26031",
    "epci_code": "200040459",
    "departement_code": "26",
    "region_code": "84",
    "postal_code": "26160"
  },
  {
    "name": "La Baume-Cornillane",
    "code": "26032",
    "epci_code": "200068781",
    "departement_code": "26",
    "region_code": "84",
    "postal_code": "26120"
  },
  {
    "name": "La Baume-de-Transit",
    "code": "26033",
    "epci_code": "200042901",
    "departement_code": "26",
    "region_code": "84",
    "postal_code": "26790"
  },
  {
    "name": "La Baume-d’Hostun",
    "code": "26034",
    "epci_code": "200068781",
    "departement_code": "26",
    "region_code": "84",
    "postal_code": "26730"
  },
  {
    "name": "Beaufort-sur-Gervanne",
    "code": "26035",
    "epci_code": "242600252",
    "departement_code": "26",
    "region_code": "84",
    "postal_code": "26400"
  },
  {
    "name": "Beaumont-en-Diois",
    "code": "26036",
    "epci_code": "242600534",
    "departement_code": "26",
    "region_code": "84",
    "postal_code": "26310"
  },
  {
    "name": "Beaumont-lès-Valence",
    "code": "26037",
    "epci_code": "200068781",
    "departement_code": "26",
    "region_code": "84",
    "postal_code": "26760"
  },
  {
    "name": "Beaumont-Monteux",
    "code": "26038",
    "epci_code": "200073096",
    "departement_code": "26",
    "region_code": "84",
    "postal_code": "26600"
  },
  {
    "name": "Beauregard-Baret",
    "code": "26039",
    "epci_code": "200068781",
    "departement_code": "26",
    "region_code": "84",
    "postal_code": "26300"
  },
  {
    "name": "Beaurières",
    "code": "26040",
    "epci_code": "242600534",
    "departement_code": "26",
    "region_code": "84",
    "postal_code": "26310"
  },
  {
    "name": "Beausemblant",
    "code": "26041",
    "epci_code": "200040491",
    "departement_code": "26",
    "region_code": "84",
    "postal_code": "26240"
  },
  {
    "name": "Beauvallon",
    "code": "26042",
    "epci_code": "200068781",
    "departement_code": "26",
    "region_code": "84",
    "postal_code": "26800"
  },
  {
    "name": "Beauvoisin",
    "code": "26043",
    "epci_code": "200068229",
    "departement_code": "26",
    "region_code": "84",
    "postal_code": "26170"
  },
  {
    "name": "La Bégude-de-Mazenc",
    "code": "26045",
    "epci_code": "242600492",
    "departement_code": "26",
    "region_code": "84",
    "postal_code": "26160"
  },
  {
    "name": "Bellecombe-Tarendol",
    "code": "26046",
    "epci_code": "200068229",
    "departement_code": "26",
    "region_code": "84",
    "postal_code": "26110"
  },
  {
    "name": "Bellegarde-en-Diois",
    "code": "26047",
    "epci_code": "242600534",
    "departement_code": "26",
    "region_code": "84",
    "postal_code": "26470"
  },
  {
    "name": "Bénivay-Ollon",
    "code": "26048",
    "epci_code": "200068229",
    "departement_code": "26",
    "region_code": "84",
    "postal_code": "26170"
  },
  {
    "name": "Bésayes",
    "code": "26049",
    "epci_code": "200068781",
    "departement_code": "26",
    "region_code": "84",
    "postal_code": "26300"
  },
  {
    "name": "Bésignan",
    "code": "26050",
    "epci_code": "200068229",
    "departement_code": "26",
    "region_code": "84",
    "postal_code": "26110"
  },
  {
    "name": "Bézaudun-sur-Bîne",
    "code": "26051",
    "epci_code": "242600492",
    "departement_code": "26",
    "region_code": "84",
    "postal_code": "26460"
  },
  {
    "name": "Bonlieu-sur-Roubion",
    "code": "26052",
    "epci_code": "200040459",
    "departement_code": "26",
    "region_code": "84",
    "postal_code": "26160"
  },
  {
    "name": "Bouchet",
    "code": "26054",
    "epci_code": "200042901",
    "departement_code": "26",
    "region_code": "84",
    "postal_code": "26790"
  },
  {
    "name": "Boulc",
    "code": "26055",
    "epci_code": "242600534",
    "departement_code": "26",
    "region_code": "84",
    "postal_code": "26410"
  },
  {
    "name": "Bourdeaux",
    "code": "26056",
    "epci_code": "242600492",
    "departement_code": "26",
    "region_code": "84",
    "postal_code": "26460"
  },
  {
    "name": "Bourg-de-Péage",
    "code": "26057",
    "epci_code": "200068781",
    "departement_code": "26",
    "region_code": "84",
    "postal_code": "26300"
  },
  {
    "name": "Bourg-lès-Valence",
    "code": "26058",
    "epci_code": "200068781",
    "departement_code": "26",
    "region_code": "84",
    "postal_code": "26500"
  },
  {
    "name": "Bouvante",
    "code": "26059",
    "epci_code": "200067767",
    "departement_code": "26",
    "region_code": "84",
    "postal_code": "26190"
  },
  {
    "name": "Bouvières",
    "code": "26060",
    "epci_code": "242600492",
    "departement_code": "26",
    "region_code": "84",
    "postal_code": "26460"
  },
  {
    "name": "Bren",
    "code": "26061",
    "epci_code": "200073096",
    "departement_code": "26",
    "region_code": "84",
    "postal_code": "26260"
  },
  {
    "name": "Brette",
    "code": "26062",
    "epci_code": "242600534",
    "departement_code": "26",
    "region_code": "84",
    "postal_code": "26340"
  },
  {
    "name": "Buis-les-Baronnies",
    "code": "26063",
    "epci_code": "200068229",
    "departement_code": "26",
    "region_code": "84",
    "postal_code": "26170"
  },
  {
    "name": "Chabeuil",
    "code": "26064",
    "epci_code": "200068781",
    "departement_code": "26",
    "region_code": "84",
    "postal_code": "26120"
  },
  {
    "name": "Chabrillan",
    "code": "26065",
    "epci_code": "242600252",
    "departement_code": "26",
    "region_code": "84",
    "postal_code": "26400"
  },
  {
    "name": "Le Chaffal",
    "code": "26066",
    "epci_code": "200067767",
    "departement_code": "26",
    "region_code": "84",
    "postal_code": "26190"
  },
  {
    "name": "Chalancon",
    "code": "26067",
    "epci_code": "242600534",
    "departement_code": "26",
    "region_code": "84",
    "postal_code": "26470"
  },
  {
    "name": "Le Chalon",
    "code": "26068",
    "epci_code": "200068781",
    "departement_code": "26",
    "region_code": "84",
    "postal_code": "26350"
  },
  {
    "name": "Chamaloc",
    "code": "26069",
    "epci_code": "242600534",
    "departement_code": "26",
    "region_code": "84",
    "postal_code": "26150"
  },
  {
    "name": "Chamaret",
    "code": "26070",
    "epci_code": "200040681",
    "departement_code": "26",
    "region_code": "84",
    "postal_code": "26230"
  },
  {
    "name": "Chanos-Curson",
    "code": "26071",
    "epci_code": "200073096",
    "departement_code": "26",
    "region_code": "84",
    "postal_code": "26600"
  },
  {
    "name": "Chantemerle-les-Blés",
    "code": "26072",
    "epci_code": "200073096",
    "departement_code": "26",
    "region_code": "84",
    "postal_code": "26600"
  },
  {
    "name": "Chantemerle-lès-Grignan",
    "code": "26073",
    "epci_code": "200040681",
    "departement_code": "26",
    "region_code": "84",
    "postal_code": "26230"
  },
  {
    "name": "La Chapelle-en-Vercors",
    "code": "26074",
    "epci_code": "200067767",
    "departement_code": "26",
    "region_code": "84",
    "postal_code": "26420"
  },
  {
    "name": "La Charce",
    "code": "26075",
    "epci_code": "200068229",
    "departement_code": "26",
    "region_code": "84",
    "postal_code": "26470"
  },
  {
    "name": "Charens",
    "code": "26076",
    "epci_code": "242600534",
    "departement_code": "26",
    "region_code": "84",
    "postal_code": "26310"
  },
  {
    "name": "Charmes-sur-l’Herbasse",
    "code": "26077",
    "epci_code": "200073096",
    "departement_code": "26",
    "region_code": "84",
    "postal_code": "26260"
  },
  {
    "name": "Charols",
    "code": "26078",
    "epci_code": "200040459",
    "departement_code": "26",
    "region_code": "84",
    "postal_code": "26450"
  },
  {
    "name": "Charpey",
    "code": "26079",
    "epci_code": "200068781",
    "departement_code": "26",
    "region_code": "84",
    "postal_code": "26300"
  },
  {
    "name": "Chastel-Arnaud",
    "code": "26080",
    "epci_code": "200040509",
    "departement_code": "26",
    "region_code": "84",
    "postal_code": "26340"
  },
  {
    "name": "Châteaudouble",
    "code": "26081",
    "epci_code": "200068781",
    "departement_code": "26",
    "region_code": "84",
    "postal_code": "26120"
  },
  {
    "name": "Châteauneuf-de-Bordette",
    "code": "26082",
    "epci_code": "200068229",
    "departement_code": "26",
    "region_code": "84",
    "postal_code": "26110"
  },
  {
    "name": "Châteauneuf-de-Galaure",
    "code": "26083",
    "epci_code": "200040491",
    "departement_code": "26",
    "region_code": "84",
    "postal_code": "26330"
  },
  {
    "name": "Châteauneuf-sur-Isère",
    "code": "26084",
    "epci_code": "200068781",
    "departement_code": "26",
    "region_code": "84",
    "postal_code": "26300"
  },
  {
    "name": "Châteauneuf-du-Rhône",
    "code": "26085",
    "epci_code": "200040459",
    "departement_code": "26",
    "region_code": "84",
    "postal_code": "26780"
  },
  {
    "name": "Châtillon-en-Diois",
    "code": "26086",
    "epci_code": "242600534",
    "departement_code": "26",
    "region_code": "84",
    "postal_code": "26410"
  },
  {
    "name": "Châtillon-Saint-Jean",
    "code": "26087",
    "epci_code": "200068781",
    "departement_code": "26",
    "region_code": "84",
    "postal_code": "26750"
  },
  {
    "name": "Chatuzange-le-Goubet",
    "code": "26088",
    "epci_code": "200068781",
    "departement_code": "26",
    "region_code": "84",
    "postal_code": "26300"
  },
  {
    "name": "Chaudebonne",
    "code": "26089",
    "epci_code": "200068229",
    "departement_code": "26",
    "region_code": "84",
    "postal_code": "26110"
  },
  {
    "name": "La Chaudière",
    "code": "26090",
    "epci_code": "200040509",
    "departement_code": "26",
    "region_code": "84",
    "postal_code": "26340"
  },
  {
    "name": "Chauvac-Laux-Montaux",
    "code": "26091",
    "epci_code": "200068229",
    "departement_code": "26",
    "region_code": "84",
    "postal_code": "26510"
  },
  {
    "name": "Chavannes",
    "code": "26092",
    "epci_code": "200073096",
    "departement_code": "26",
    "region_code": "84",
    "postal_code": "26260"
  },
  {
    "name": "Clansayes",
    "code": "26093",
    "epci_code": "200042901",
    "departement_code": "26",
    "region_code": "84",
    "postal_code": "26130"
  },
  {
    "name": "Claveyson",
    "code": "26094",
    "epci_code": "200040491",
    "departement_code": "26",
    "region_code": "84",
    "postal_code": "26240"
  },
  {
    "name": "Cléon-d’Andran",
    "code": "26095",
    "epci_code": "200040459",
    "departement_code": "26",
    "region_code": "84",
    "postal_code": "26450"
  },
  {
    "name": "Clérieux",
    "code": "26096",
    "epci_code": "200068781",
    "departement_code": "26",
    "region_code": "84",
    "postal_code": "26260"
  },
  {
    "name": "Cliousclat",
    "code": "26097",
    "epci_code": "242600252",
    "departement_code": "26",
    "region_code": "84",
    "postal_code": "26270"
  },
  {
    "name": "Cobonne",
    "code": "26098",
    "epci_code": "242600252",
    "departement_code": "26",
    "region_code": "84",
    "postal_code": "26400"
  },
  {
    "name": "Colonzelle",
    "code": "26099",
    "epci_code": "200040681",
    "departement_code": "26",
    "region_code": "84",
    "postal_code": "26230"
  },
  {
    "name": "Combovin",
    "code": "26100",
    "epci_code": "200068781",
    "departement_code": "26",
    "region_code": "84",
    "postal_code": "26120"
  },
  {
    "name": "Comps",
    "code": "26101",
    "epci_code": "242600492",
    "departement_code": "26",
    "region_code": "84",
    "postal_code": "26220"
  },
  {
    "name": "Condillac",
    "code": "26102",
    "epci_code": "200040459",
    "departement_code": "26",
    "region_code": "84",
    "postal_code": "26740"
  },
  {
    "name": "Condorcet",
    "code": "26103",
    "epci_code": "200068229",
    "departement_code": "26",
    "region_code": "84",
    "postal_code": "26110"
  },
  {
    "name": "Cornillac",
    "code": "26104",
    "epci_code": "200068229",
    "departement_code": "26",
    "region_code": "84",
    "postal_code": "26510"
  },
  {
    "name": "Cornillon-sur-l’Oule",
    "code": "26105",
    "epci_code": "200068229",
    "departement_code": "26",
    "region_code": "84",
    "postal_code": "26510"
  },
  {
    "name": "La Coucourde",
    "code": "26106",
    "epci_code": "200040459",
    "departement_code": "26",
    "region_code": "84",
    "postal_code": "26740"
  },
  {
    "name": "Crépol",
    "code": "26107",
    "epci_code": "200068781",
    "departement_code": "26",
    "region_code": "84",
    "postal_code": "26350"
  },
  {
    "name": "Crest",
    "code": "26108",
    "epci_code": "200040509",
    "departement_code": "26",
    "region_code": "84",
    "postal_code": "26400"
  },
  {
    "name": "Crozes-Hermitage",
    "code": "26110",
    "epci_code": "200073096",
    "departement_code": "26",
    "region_code": "84",
    "postal_code": "26600"
  },
  {
    "name": "Crupies",
    "code": "26111",
    "epci_code": "242600492",
    "departement_code": "26",
    "region_code": "84",
    "postal_code": "26460"
  },
  {
    "name": "Curnier",
    "code": "26112",
    "epci_code": "200068229",
    "departement_code": "26",
    "region_code": "84",
    "postal_code": "26110"
  },
  {
    "name": "Die",
    "code": "26113",
    "epci_code": "242600534",
    "departement_code": "26",
    "region_code": "84",
    "postal_code": "26150"
  },
  {
    "name": "Dieulefit",
    "code": "26114",
    "epci_code": "242600492",
    "departement_code": "26",
    "region_code": "84",
    "postal_code": "26220"
  },
  {
    "name": "Divajeu",
    "code": "26115",
    "epci_code": "242600252",
    "departement_code": "26",
    "region_code": "84",
    "postal_code": "26400"
  },
  {
    "name": "Donzère",
    "code": "26116",
    "epci_code": "200042901",
    "departement_code": "26",
    "region_code": "84",
    "postal_code": "26290"
  },
  {
    "name": "Échevis",
    "code": "26117",
    "epci_code": "200067767",
    "departement_code": "26",
    "region_code": "84",
    "postal_code": "26190"
  },
  {
    "name": "Épinouze",
    "code": "26118",
    "epci_code": "200040491",
    "departement_code": "26",
    "region_code": "84",
    "postal_code": "26210"
  },
  {
    "name": "Érôme",
    "code": "26119",
    "epci_code": "200073096",
    "departement_code": "26",
    "region_code": "84",
    "postal_code": "26600"
  },
  {
    "name": "Espeluche",
    "code": "26121",
    "epci_code": "200040459",
    "departement_code": "26",
    "region_code": "84",
    "postal_code": "26780"
  },
  {
    "name": "Espenel",
    "code": "26122",
    "epci_code": "200040509",
    "departement_code": "26",
    "region_code": "84",
    "postal_code": "26340"
  },
  {
    "name": "Establet",
    "code": "26123",
    "epci_code": "242600534",
    "departement_code": "26",
    "region_code": "84",
    "postal_code": "26470"
  },
  {
    "name": "Étoile-sur-Rhône",
    "code": "26124",
    "epci_code": "200068781",
    "departement_code": "26",
    "region_code": "84",
    "postal_code": "26800"
  },
  {
    "name": "Eurre",
    "code": "26125",
    "epci_code": "242600252",
    "departement_code": "26",
    "region_code": "84",
    "postal_code": "26400"
  },
  {
    "name": "Eygalayes",
    "code": "26126",
    "epci_code": "200068229",
    "departement_code": "26",
    "region_code": "84",
    "postal_code": "26560"
  },
  {
    "name": "Eygaliers",
    "code": "26127",
    "epci_code": "200068229",
    "departement_code": "26",
    "region_code": "84",
    "postal_code": "26170"
  },
  {
    "name": "Eygluy-Escoulin",
    "code": "26128",
    "epci_code": "242600252",
    "departement_code": "26",
    "region_code": "84",
    "postal_code": "26400"
  },
  {
    "name": "Eymeux",
    "code": "26129",
    "epci_code": "200068781",
    "departement_code": "26",
    "region_code": "84",
    "postal_code": "26730"
  },
  {
    "name": "Eyroles",
    "code": "26130",
    "epci_code": "200068229",
    "departement_code": "26",
    "region_code": "84",
    "postal_code": "26110"
  },
  {
    "name": "Eyzahut",
    "code": "26131",
    "epci_code": "242600492",
    "departement_code": "26",
    "region_code": "84",
    "postal_code": "26160"
  },
  {
    "name": "Fay-le-Clos",
    "code": "26133",
    "epci_code": "200040491",
    "departement_code": "26",
    "region_code": "84",
    "postal_code": "26240"
  },
  {
    "name": "Félines-sur-Rimandoule",
    "code": "26134",
    "epci_code": "242600252",
    "departement_code": "26",
    "region_code": "84",
    "postal_code": "26160"
  },
  {
    "name": "Ferrassières",
    "code": "26135",
    "epci_code": "200035723",
    "departement_code": "26",
    "region_code": "84",
    "postal_code": "26570"
  },
  {
    "name": "Val-Maravel",
    "code": "26136",
    "epci_code": "242600534",
    "departement_code": "26",
    "region_code": "84",
    "postal_code": "26310"
  },
  {
    "name": "Francillon-sur-Roubion",
    "code": "26137",
    "epci_code": "242600252",
    "departement_code": "26",
    "region_code": "84",
    "postal_code": "26400"
  },
  {
    "name": "La Garde-Adhémar",
    "code": "26138",
    "epci_code": "200042901",
    "departement_code": "26",
    "region_code": "84",
    "postal_code": "26700"
  },
  {
    "name": "Génissieux",
    "code": "26139",
    "epci_code": "200068781",
    "departement_code": "26",
    "region_code": "84",
    "postal_code": "26750"
  },
  {
    "name": "Geyssans",
    "code": "26140",
    "epci_code": "200068781",
    "departement_code": "26",
    "region_code": "84",
    "postal_code": "26750"
  },
  {
    "name": "Gigors-et-Lozeron",
    "code": "26141",
    "epci_code": "242600252",
    "departement_code": "26",
    "region_code": "84",
    "postal_code": "26400"
  },
  {
    "name": "Glandage",
    "code": "26142",
    "epci_code": "242600534",
    "departement_code": "26",
    "region_code": "84",
    "postal_code": "26410"
  },
  {
    "name": "Le Grand-Serre",
    "code": "26143",
    "epci_code": "200040491",
    "departement_code": "26",
    "region_code": "84",
    "postal_code": "26530"
  },
  {
    "name": "Grane",
    "code": "26144",
    "epci_code": "242600252",
    "departement_code": "26",
    "region_code": "84",
    "postal_code": "26400"
  },
  {
    "name": "Les Granges-Gontardes",
    "code": "26145",
    "epci_code": "200042901",
    "departement_code": "26",
    "region_code": "84",
    "postal_code": "26290"
  },
  {
    "name": "Grignan",
    "code": "26146",
    "epci_code": "200040681",
    "departement_code": "26",
    "region_code": "84",
    "postal_code": "26230"
  },
  {
    "name": "Gumiane",
    "code": "26147",
    "epci_code": "242600534",
    "departement_code": "26",
    "region_code": "84",
    "postal_code": "26470"
  },
  {
    "name": "Hauterives",
    "code": "26148",
    "epci_code": "200040491",
    "departement_code": "26",
    "region_code": "84",
    "postal_code": "26390"
  },
  {
    "name": "Hostun",
    "code": "26149",
    "epci_code": "200068781",
    "departement_code": "26",
    "region_code": "84",
    "postal_code": "26730"
  },
  {
    "name": "Izon-la-Bruisse",
    "code": "26150",
    "epci_code": "200068229",
    "departement_code": "26",
    "region_code": "84",
    "postal_code": "26560"
  },
  {
    "name": "Jonchères",
    "code": "26152",
    "epci_code": "242600534",
    "departement_code": "26",
    "region_code": "84",
    "postal_code": "26310"
  },
  {
    "name": "Laborel",
    "code": "26153",
    "epci_code": "200068765",
    "departement_code": "26",
    "region_code": "84",
    "postal_code": "26560"
  },
  {
    "name": "Lachau",
    "code": "26154",
    "epci_code": "200068765",
    "departement_code": "26",
    "region_code": "84",
    "postal_code": "26560"
  },
  {
    "name": "Lapeyrouse-Mornay",
    "code": "26155",
    "epci_code": "200040491",
    "departement_code": "26",
    "region_code": "84",
    "postal_code": "26210"
  },
  {
    "name": "Larnage",
    "code": "26156",
    "epci_code": "200073096",
    "departement_code": "26",
    "region_code": "84",
    "postal_code": "26600"
  },
  {
    "name": "La Laupie",
    "code": "26157",
    "epci_code": "200040459",
    "departement_code": "26",
    "region_code": "84",
    "postal_code": "26740"
  },
  {
    "name": "Laval-d’Aix",
    "code": "26159",
    "epci_code": "242600534",
    "departement_code": "26",
    "region_code": "84",
    "postal_code": "26150"
  },
  {
    "name": "Laveyron",
    "code": "26160",
    "epci_code": "200040491",
    "departement_code": "26",
    "region_code": "84",
    "postal_code": "26240"
  },
  {
    "name": "Lemps",
    "code": "26161",
    "epci_code": "200068229",
    "departement_code": "26",
    "region_code": "84",
    "postal_code": "26510"
  },
  {
    "name": "Lens-Lestang",
    "code": "26162",
    "epci_code": "200040491",
    "departement_code": "26",
    "region_code": "84",
    "postal_code": "26210"
  },
  {
    "name": "Léoncel",
    "code": "26163",
    "epci_code": "200067767",
    "departement_code": "26",
    "region_code": "84",
    "postal_code": "26190"
  },
  {
    "name": "Lesches-en-Diois",
    "code": "26164",
    "epci_code": "242600534",
    "departement_code": "26",
    "region_code": "84",
    "postal_code": "26310"
  },
  {
    "name": "Livron-sur-Drôme",
    "code": "26165",
    "epci_code": "242600252",
    "departement_code": "26",
    "region_code": "84",
    "postal_code": "26250"
  },
  {
    "name": "Loriol-sur-Drôme",
    "code": "26166",
    "epci_code": "242600252",
    "departement_code": "26",
    "region_code": "84",
    "postal_code": "26270"
  },
  {
    "name": "Luc-en-Diois",
    "code": "26167",
    "epci_code": "242600534",
    "departement_code": "26",
    "region_code": "84",
    "postal_code": "26310"
  },
  {
    "name": "Lus-la-Croix-Haute",
    "code": "26168",
    "epci_code": "242600534",
    "departement_code": "26",
    "region_code": "84",
    "postal_code": "26620"
  },
  {
    "name": "Malataverne",
    "code": "26169",
    "epci_code": "200042901",
    "departement_code": "26",
    "region_code": "84",
    "postal_code": "26780"
  },
  {
    "name": "Malissard",
    "code": "26170",
    "epci_code": "200068781",
    "departement_code": "26",
    "region_code": "84",
    "postal_code": "26120"
  },
  {
    "name": "Manas",
    "code": "26171",
    "epci_code": "200040459",
    "departement_code": "26",
    "region_code": "84",
    "postal_code": "26160"
  },
  {
    "name": "Manthes",
    "code": "26172",
    "epci_code": "200040491",
    "departement_code": "26",
    "region_code": "84",
    "postal_code": "26210"
  },
  {
    "name": "Marches",
    "code": "26173",
    "epci_code": "200068781",
    "departement_code": "26",
    "region_code": "84",
    "postal_code": "26300"
  },
  {
    "name": "Margès",
    "code": "26174",
    "epci_code": "200073096",
    "departement_code": "26",
    "region_code": "84",
    "postal_code": "26260"
  },
  {
    "name": "Marignac-en-Diois",
    "code": "26175",
    "epci_code": "242600534",
    "departement_code": "26",
    "region_code": "84",
    "postal_code": "26150"
  },
  {
    "name": "Marsanne",
    "code": "26176",
    "epci_code": "200040459",
    "departement_code": "26",
    "region_code": "84",
    "postal_code": "26740"
  },
  {
    "name": "Marsaz",
    "code": "26177",
    "epci_code": "200073096",
    "departement_code": "26",
    "region_code": "84",
    "postal_code": "26260"
  },
  {
    "name": "Menglon",
    "code": "26178",
    "epci_code": "242600534",
    "departement_code": "26",
    "region_code": "84",
    "postal_code": "26410"
  },
  {
    "name": "Mercurol-Veaunes",
    "code": "26179",
    "epci_code": "200073096",
    "departement_code": "26",
    "region_code": "84",
    "postal_code": "26600"
  },
  {
    "name": "Mérindol-les-Oliviers",
    "code": "26180",
    "epci_code": "200068229",
    "departement_code": "26",
    "region_code": "84",
    "postal_code": "26170"
  },
  {
    "name": "Mévouillon",
    "code": "26181",
    "epci_code": "200068229",
    "departement_code": "26",
    "region_code": "84",
    "postal_code": "26560"
  },
  {
    "name": "Mirabel-aux-Baronnies",
    "code": "26182",
    "epci_code": "200068229",
    "departement_code": "26",
    "region_code": "84",
    "postal_code": "26110"
  },
  {
    "name": "Mirabel-et-Blacons",
    "code": "26183",
    "epci_code": "200040509",
    "departement_code": "26",
    "region_code": "84",
    "postal_code": "26400"
  },
  {
    "name": "Mirmande",
    "code": "26185",
    "epci_code": "242600252",
    "departement_code": "26",
    "region_code": "84",
    "postal_code": "26270"
  },
  {
    "name": "Miscon",
    "code": "26186",
    "epci_code": "242600534",
    "departement_code": "26",
    "region_code": "84",
    "postal_code": "26310"
  },
  {
    "name": "Mollans-sur-Ouvèze",
    "code": "26188",
    "epci_code": "248400335",
    "departement_code": "26",
    "region_code": "84",
    "postal_code": "26170"
  },
  {
    "name": "Montauban-sur-l’Ouvèze",
    "code": "26189",
    "epci_code": "200068229",
    "departement_code": "26",
    "region_code": "84",
    "postal_code": "26170"
  },
  {
    "name": "Montaulieu",
    "code": "26190",
    "epci_code": "200068229",
    "departement_code": "26",
    "region_code": "84",
    "postal_code": "26110"
  },
  {
    "name": "Montboucher-sur-Jabron",
    "code": "26191",
    "epci_code": "200040459",
    "departement_code": "26",
    "region_code": "84",
    "postal_code": "26740"
  },
  {
    "name": "Montbrison-sur-Lez",
    "code": "26192",
    "epci_code": "200040681",
    "departement_code": "26",
    "region_code": "84",
    "postal_code": "26770"
  },
  {
    "name": "Montbrun-les-Bains",
    "code": "26193",
    "epci_code": "200068229",
    "departement_code": "26",
    "region_code": "84",
    "postal_code": "26570"
  },
  {
    "name": "Montchenu",
    "code": "26194",
    "epci_code": "200073096",
    "departement_code": "26",
    "region_code": "84",
    "postal_code": "26350"
  },
  {
    "name": "Montclar-sur-Gervanne",
    "code": "26195",
    "epci_code": "242600252",
    "departement_code": "26",
    "region_code": "84",
    "postal_code": "26400"
  },
  {
    "name": "Montéléger",
    "code": "26196",
    "epci_code": "200068781",
    "departement_code": "26",
    "region_code": "84",
    "postal_code": "26760"
  },
  {
    "name": "Montélier",
    "code": "26197",
    "epci_code": "200068781",
    "departement_code": "26",
    "region_code": "84",
    "postal_code": "26120"
  },
  {
    "name": "Montélimar",
    "code": "26198",
    "epci_code": "200040459",
    "departement_code": "26",
    "region_code": "84",
    "postal_code": "26200"
  },
  {
    "name": "Montferrand-la-Fare",
    "code": "26199",
    "epci_code": "200068229",
    "departement_code": "26",
    "region_code": "84",
    "postal_code": "26510"
  },
  {
    "name": "Montfroc",
    "code": "26200",
    "epci_code": "200071033",
    "departement_code": "26",
    "region_code": "84",
    "postal_code": "26560"
  },
  {
    "name": "Montguers",
    "code": "26201",
    "epci_code": "200068229",
    "departement_code": "26",
    "region_code": "84",
    "postal_code": "26170"
  },
  {
    "name": "Montjoux",
    "code": "26202",
    "epci_code": "242600492",
    "departement_code": "26",
    "region_code": "84",
    "postal_code": "26220"
  },
  {
    "name": "Montjoyer",
    "code": "26203",
    "epci_code": "200040681",
    "departement_code": "26",
    "region_code": "84",
    "postal_code": "26230"
  },
  {
    "name": "Montlaur-en-Diois",
    "code": "26204",
    "epci_code": "242600534",
    "departement_code": "26",
    "region_code": "84",
    "postal_code": "26310"
  },
  {
    "name": "Montmaur-en-Diois",
    "code": "26205",
    "epci_code": "242600534",
    "departement_code": "26",
    "region_code": "84",
    "postal_code": "26150"
  },
  {
    "name": "Montmeyran",
    "code": "26206",
    "epci_code": "200068781",
    "departement_code": "26",
    "region_code": "84",
    "postal_code": "26120"
  },
  {
    "name": "Montmiral",
    "code": "26207",
    "epci_code": "200068781",
    "departement_code": "26",
    "region_code": "84",
    "postal_code": "26750"
  },
  {
    "name": "Montoison",
    "code": "26208",
    "epci_code": "242600252",
    "departement_code": "26",
    "region_code": "84",
    "postal_code": "26800"
  },
  {
    "name": "Montréal-les-Sources",
    "code": "26209",
    "epci_code": "200068229",
    "departement_code": "26",
    "region_code": "84",
    "postal_code": "26510"
  },
  {
    "name": "Valherbasse",
    "code": "26210",
    "epci_code": "200068781",
    "departement_code": "26",
    "region_code": "84",
    "postal_code": "26350"
  },
  {
    "name": "Montségur-sur-Lauzon",
    "code": "26211",
    "epci_code": "200040681",
    "departement_code": "26",
    "region_code": "84",
    "postal_code": "26130"
  },
  {
    "name": "Montvendre",
    "code": "26212",
    "epci_code": "200068781",
    "departement_code": "26",
    "region_code": "84",
    "postal_code": "26120"
  },
  {
    "name": "Moras-en-Valloire",
    "code": "26213",
    "epci_code": "200040491",
    "departement_code": "26",
    "region_code": "84",
    "postal_code": "26210"
  },
  {
    "name": "Mornans",
    "code": "26214",
    "epci_code": "242600252",
    "departement_code": "26",
    "region_code": "84",
    "postal_code": "26460"
  },
  {
    "name": "La Motte-Chalancon",
    "code": "26215",
    "epci_code": "242600534",
    "departement_code": "26",
    "region_code": "84",
    "postal_code": "26470"
  },
  {
    "name": "Saint-Jean-de-Galaure",
    "code": "26216",
    "epci_code": "200040491",
    "departement_code": "26",
    "region_code": "84",
    "postal_code": "26240"
  },
  {
    "name": "La Motte-Fanjas",
    "code": "26217",
    "epci_code": "200067767",
    "departement_code": "26",
    "region_code": "84",
    "postal_code": "26190"
  },
  {
    "name": "Mours-Saint-Eusèbe",
    "code": "26218",
    "epci_code": "200068781",
    "departement_code": "26",
    "region_code": "84",
    "postal_code": "26540"
  },
  {
    "name": "Nyons",
    "code": "26220",
    "epci_code": "200068229",
    "departement_code": "26",
    "region_code": "84",
    "postal_code": "26110"
  },
  {
    "name": "Omblèze",
    "code": "26221",
    "epci_code": "242600252",
    "departement_code": "26",
    "region_code": "84",
    "postal_code": "26400"
  },
  {
    "name": "Orcinas",
    "code": "26222",
    "epci_code": "242600492",
    "departement_code": "26",
    "region_code": "84",
    "postal_code": "26220"
  },
  {
    "name": "Oriol-en-Royans",
    "code": "26223",
    "epci_code": "200067767",
    "departement_code": "26",
    "region_code": "84",
    "postal_code": "26190"
  },
  {
    "name": "Ourches",
    "code": "26224",
    "epci_code": "200068781",
    "departement_code": "26",
    "region_code": "84",
    "postal_code": "26120"
  },
  {
    "name": "Parnans",
    "code": "26225",
    "epci_code": "200068781",
    "departement_code": "26",
    "region_code": "84",
    "postal_code": "26750"
  },
  {
    "name": "Le Pègue",
    "code": "26226",
    "epci_code": "200040681",
    "departement_code": "26",
    "region_code": "84",
    "postal_code": "26770"
  },
  {
    "name": "Pelonne",
    "code": "26227",
    "epci_code": "200068229",
    "departement_code": "26",
    "region_code": "84",
    "postal_code": "26510"
  },
  {
    "name": "Pennes-le-Sec",
    "code": "26228",
    "epci_code": "242600534",
    "departement_code": "26",
    "region_code": "84",
    "postal_code": "26340"
  },
  {
    "name": "La Penne-sur-l’Ouvèze",
    "code": "26229",
    "epci_code": "200068229",
    "departement_code": "26",
    "region_code": "84",
    "postal_code": "26170"
  },
  {
    "name": "Peyrins",
    "code": "26231",
    "epci_code": "200068781",
    "departement_code": "26",
    "region_code": "84",
    "postal_code": "26380"
  },
  {
    "name": "Peyrus",
    "code": "26232",
    "epci_code": "200068781",
    "departement_code": "26",
    "region_code": "84",
    "postal_code": "26120"
  },
  {
    "name": "Piégon",
    "code": "26233",
    "epci_code": "200068229",
    "departement_code": "26",
    "region_code": "84",
    "postal_code": "26110"
  },
  {
    "name": "Piégros-la-Clastre",
    "code": "26234",
    "epci_code": "200040509",
    "departement_code": "26",
    "region_code": "84",
    "postal_code": "26400"
  },
  {
    "name": "Pierrelatte",
    "code": "26235",
    "epci_code": "200042901",
    "departement_code": "26",
    "region_code": "84",
    "postal_code": "26700"
  },
  {
    "name": "Pierrelongue",
    "code": "26236",
    "epci_code": "200068229",
    "departement_code": "26",
    "region_code": "84",
    "postal_code": "26170"
  },
  {
    "name": "Les Pilles",
    "code": "26238",
    "epci_code": "200068229",
    "departement_code": "26",
    "region_code": "84",
    "postal_code": "26110"
  },
  {
    "name": "Plaisians",
    "code": "26239",
    "epci_code": "200068229",
    "departement_code": "26",
    "region_code": "84",
    "postal_code": "26170"
  },
  {
    "name": "Plan-de-Baix",
    "code": "26240",
    "epci_code": "242600252",
    "departement_code": "26",
    "region_code": "84",
    "postal_code": "26400"
  },
  {
    "name": "Le Poët-Célard",
    "code": "26241",
    "epci_code": "242600252",
    "departement_code": "26",
    "region_code": "84",
    "postal_code": "26460"
  },
  {
    "name": "Le Poët-en-Percip",
    "code": "26242",
    "epci_code": "200068229",
    "departement_code": "26",
    "region_code": "84",
    "postal_code": "26170"
  },
  {
    "name": "Le Poët-Laval",
    "code": "26243",
    "epci_code": "242600492",
    "departement_code": "26",
    "region_code": "84",
    "postal_code": "26160"
  },
  {
    "name": "Le Poët-Sigillat",
    "code": "26244",
    "epci_code": "200068229",
    "departement_code": "26",
    "region_code": "84",
    "postal_code": "26110"
  },
  {
    "name": "Pommerol",
    "code": "26245",
    "epci_code": "200068229",
    "departement_code": "26",
    "region_code": "84",
    "postal_code": "26470"
  },
  {
    "name": "Ponet-et-Saint-Auban",
    "code": "26246",
    "epci_code": "242600534",
    "departement_code": "26",
    "region_code": "84",
    "postal_code": "26150"
  },
  {
    "name": "Ponsas",
    "code": "26247",
    "epci_code": "200040491",
    "departement_code": "26",
    "region_code": "84",
    "postal_code": "26240"
  },
  {
    "name": "Pontaix",
    "code": "26248",
    "epci_code": "242600534",
    "departement_code": "26",
    "region_code": "84",
    "postal_code": "26150"
  },
  {
    "name": "Pont-de-Barret",
    "code": "26249",
    "epci_code": "242600492",
    "departement_code": "26",
    "region_code": "84",
    "postal_code": "26160"
  },
  {
    "name": "Pont-de-l’Isère",
    "code": "26250",
    "epci_code": "200073096",
    "departement_code": "26",
    "region_code": "84",
    "postal_code": "26600"
  },
  {
    "name": "Portes-en-Valdaine",
    "code": "26251",
    "epci_code": "200040459",
    "departement_code": "26",
    "region_code": "84",
    "postal_code": "26160"
  },
  {
    "name": "Portes-lès-Valence",
    "code": "26252",
    "epci_code": "200068781",
    "departement_code": "26",
    "region_code": "84",
    "postal_code": "26800"
  },
  {
    "name": "Poyols",
    "code": "26253",
    "epci_code": "242600534",
    "departement_code": "26",
    "region_code": "84",
    "postal_code": "26310"
  },
  {
    "name": "Pradelle",
    "code": "26254",
    "epci_code": "242600534",
    "departement_code": "26",
    "region_code": "84",
    "postal_code": "26340"
  },
  {
    "name": "Les Prés",
    "code": "26255",
    "epci_code": "242600534",
    "departement_code": "26",
    "region_code": "84",
    "postal_code": "26310"
  },
  {
    "name": "Propiac",
    "code": "26256",
    "epci_code": "200068229",
    "departement_code": "26",
    "region_code": "84",
    "postal_code": "26170"
  },
  {
    "name": "Puygiron",
    "code": "26257",
    "epci_code": "200040459",
    "departement_code": "26",
    "region_code": "84",
    "postal_code": "26160"
  },
  {
    "name": "Puy-Saint-Martin",
    "code": "26258",
    "epci_code": "200040459",
    "departement_code": "26",
    "region_code": "84",
    "postal_code": "26450"
  },
  {
    "name": "Ratières",
    "code": "26259",
    "epci_code": "200040491",
    "departement_code": "26",
    "region_code": "84",
    "postal_code": "26330"
  },
  {
    "name": "Réauville",
    "code": "26261",
    "epci_code": "200040681",
    "departement_code": "26",
    "region_code": "84",
    "postal_code": "26230"
  },
  {
    "name": "Recoubeau-Jansac",
    "code": "26262",
    "epci_code": "242600534",
    "departement_code": "26",
    "region_code": "84",
    "postal_code": "26310"
  },
  {
    "name": "Reilhanette",
    "code": "26263",
    "epci_code": "200068229",
    "departement_code": "26",
    "region_code": "84",
    "postal_code": "26570"
  },
  {
    "name": "Rémuzat",
    "code": "26264",
    "epci_code": "200068229",
    "departement_code": "26",
    "region_code": "84",
    "postal_code": "26510"
  },
  {
    "name": "Rimon-et-Savel",
    "code": "26266",
    "epci_code": "200040509",
    "departement_code": "26",
    "region_code": "84",
    "postal_code": "26340"
  },
  {
    "name": "Rioms",
    "code": "26267",
    "epci_code": "200068229",
    "departement_code": "26",
    "region_code": "84",
    "postal_code": "26170"
  },
  {
    "name": "Rochebaudin",
    "code": "26268",
    "epci_code": "242600492",
    "departement_code": "26",
    "region_code": "84",
    "postal_code": "26160"
  },
  {
    "name": "Rochebrune",
    "code": "26269",
    "epci_code": "200068229",
    "departement_code": "26",
    "region_code": "84",
    "postal_code": "26110"
  },
  {
    "name": "Rochechinard",
    "code": "26270",
    "epci_code": "200067767",
    "departement_code": "26",
    "region_code": "84",
    "postal_code": "26190"
  },
  {
    "name": "La Roche-de-Glun",
    "code": "26271",
    "epci_code": "200073096",
    "departement_code": "26",
    "region_code": "84",
    "postal_code": "26600"
  },
  {
    "name": "Rochefort-en-Valdaine",
    "code": "26272",
    "epci_code": "200040459",
    "departement_code": "26",
    "region_code": "84",
    "postal_code": "26160"
  },
  {
    "name": "Rochefort-Samson",
    "code": "26273",
    "epci_code": "200068781",
    "departement_code": "26",
    "region_code": "84",
    "postal_code": "26300"
  },
  {
    "name": "Rochefourchat",
    "code": "26274",
    "epci_code": "242600534",
    "departement_code": "26",
    "region_code": "84",
    "postal_code": "26340"
  },
  {
    "name": "Rochegude",
    "code": "26275",
    "epci_code": "200042901",
    "departement_code": "26",
    "region_code": "84",
    "postal_code": "26790"
  },
  {
    "name": "Roche-Saint-Secret-Béconne",
    "code": "26276",
    "epci_code": "242600492",
    "departement_code": "26",
    "region_code": "84",
    "postal_code": "26770"
  },
  {
    "name": "La Roche-sur-Grane",
    "code": "26277",
    "epci_code": "242600252",
    "departement_code": "26",
    "region_code": "84",
    "postal_code": "26400"
  },
  {
    "name": "La Roche-sur-le-Buis",
    "code": "26278",
    "epci_code": "200068229",
    "departement_code": "26",
    "region_code": "84",
    "postal_code": "26170"
  },
  {
    "name": "La Rochette-du-Buis",
    "code": "26279",
    "epci_code": "200068229",
    "departement_code": "26",
    "region_code": "84",
    "postal_code": "26170"
  },
  {
    "name": "Romans-sur-Isère",
    "code": "26281",
    "epci_code": "200068781",
    "departement_code": "26",
    "region_code": "84",
    "postal_code": "26100"
  },
  {
    "name": "Romeyer",
    "code": "26282",
    "epci_code": "242600534",
    "departement_code": "26",
    "region_code": "84",
    "postal_code": "26150"
  },
  {
    "name": "Rottier",
    "code": "26283",
    "epci_code": "242600534",
    "departement_code": "26",
    "region_code": "84",
    "postal_code": "26470"
  },
  {
    "name": "Roussas",
    "code": "26284",
    "epci_code": "200040681",
    "departement_code": "26",
    "region_code": "84",
    "postal_code": "26230"
  },
  {
    "name": "Rousset-les-Vignes",
    "code": "26285",
    "epci_code": "200040681",
    "departement_code": "26",
    "region_code": "84",
    "postal_code": "26770"
  },
  {
    "name": "Roussieux",
    "code": "26286",
    "epci_code": "200068229",
    "departement_code": "26",
    "region_code": "84",
    "postal_code": "26510"
  },
  {
    "name": "Roynac",
    "code": "26287",
    "epci_code": "200040459",
    "departement_code": "26",
    "region_code": "84",
    "postal_code": "26450"
  },
  {
    "name": "Sahune",
    "code": "26288",
    "epci_code": "200068229",
    "departement_code": "26",
    "region_code": "84",
    "postal_code": "26510"
  },
  {
    "name": "Saillans",
    "code": "26289",
    "epci_code": "200040509",
    "departement_code": "26",
    "region_code": "84",
    "postal_code": "26340"
  },
  {
    "name": "Saint-Agnan-en-Vercors",
    "code": "26290",
    "epci_code": "200067767",
    "departement_code": "26",
    "region_code": "84",
    "postal_code": "26420"
  },
  {
    "name": "Saint-Andéol",
    "code": "26291",
    "epci_code": "242600534",
    "departement_code": "26",
    "region_code": "84",
    "postal_code": "26150"
  },
  {
    "name": "Saint-Auban-sur-l’Ouvèze",
    "code": "26292",
    "epci_code": "200068229",
    "departement_code": "26",
    "region_code": "84",
    "postal_code": "26170"
  },
  {
    "name": "Saint-Avit",
    "code": "26293",
    "epci_code": "200040491",
    "departement_code": "26",
    "region_code": "84",
    "postal_code": "26330"
  },
  {
    "name": "Saint-Bardoux",
    "code": "26294",
    "epci_code": "200068781",
    "departement_code": "26",
    "region_code": "84",
    "postal_code": "26260"
  },
  {
    "name": "Saint-Barthélemy-de-Vals",
    "code": "26295",
    "epci_code": "200040491",
    "departement_code": "26",
    "region_code": "84",
    "postal_code": "26240"
  },
  {
    "name": "Saint-Benoit-en-Diois",
    "code": "26296",
    "epci_code": "200040509",
    "departement_code": "26",
    "region_code": "84",
    "postal_code": "26340"
  },
  {
    "name": "Saint-Christophe-et-le-Laris",
    "code": "26298",
    "epci_code": "200068781",
    "departement_code": "26",
    "region_code": "84",
    "postal_code": "26350"
  },
  {
    "name": "Sainte-Croix",
    "code": "26299",
    "epci_code": "242600534",
    "departement_code": "26",
    "region_code": "84",
    "postal_code": "26150"
  },
  {
    "name": "Saint-Dizier-en-Diois",
    "code": "26300",
    "epci_code": "242600534",
    "departement_code": "26",
    "region_code": "84",
    "postal_code": "26310"
  },
  {
    "name": "Saint-Donat-sur-l’Herbasse",
    "code": "26301",
    "epci_code": "200073096",
    "departement_code": "26",
    "region_code": "84",
    "postal_code": "26260"
  },
  {
    "name": "Sainte-Eulalie-en-Royans",
    "code": "26302",
    "epci_code": "200067767",
    "departement_code": "26",
    "region_code": "84",
    "postal_code": "26190"
  },
  {
    "name": "Sainte-Euphémie-sur-Ouvèze",
    "code": "26303",
    "epci_code": "200068229",
    "departement_code": "26",
    "region_code": "84",
    "postal_code": "26170"
  },
  {
    "name": "Saint-Ferréol-Trente-Pas",
    "code": "26304",
    "epci_code": "200068229",
    "departement_code": "26",
    "region_code": "84",
    "postal_code": "26110"
  },
  {
    "name": "Saint-Gervais-sur-Roubion",
    "code": "26305",
    "epci_code": "200040459",
    "departement_code": "26",
    "region_code": "84",
    "postal_code": "26160"
  },
  {
    "name": "Sainte-Jalle",
    "code": "26306",
    "epci_code": "200068229",
    "departement_code": "26",
    "region_code": "84",
    "postal_code": "26110"
  },
  {
    "name": "Saint-Jean-en-Royans",
    "code": "26307",
    "epci_code": "200067767",
    "departement_code": "26",
    "region_code": "84",
    "postal_code": "26190"
  },
  {
    "name": "Saint-Julien-en-Quint",
    "code": "26308",
    "epci_code": "242600534",
    "departement_code": "26",
    "region_code": "84",
    "postal_code": "26150"
  },
  {
    "name": "Saint-Julien-en-Vercors",
    "code": "26309",
    "epci_code": "200067767",
    "departement_code": "26",
    "region_code": "84",
    "postal_code": "26420"
  },
  {
    "name": "Saint-Laurent-d’Onay",
    "code": "26310",
    "epci_code": "200068781",
    "departement_code": "26",
    "region_code": "84",
    "postal_code": "26350"
  },
  {
    "name": "Saint-Laurent-en-Royans",
    "code": "26311",
    "epci_code": "200067767",
    "departement_code": "26",
    "region_code": "84",
    "postal_code": "26190"
  },
  {
    "name": "Saint-Marcel-lès-Sauzet",
    "code": "26312",
    "epci_code": "200040459",
    "departement_code": "26",
    "region_code": "84",
    "postal_code": "26740"
  },
  {
    "name": "Saint-Marcel-lès-Valence",
    "code": "26313",
    "epci_code": "200068781",
    "departement_code": "26",
    "region_code": "84",
    "postal_code": "26320"
  },
  {
    "name": "Saint-Martin-d’Août",
    "code": "26314",
    "epci_code": "200040491",
    "departement_code": "26",
    "region_code": "84",
    "postal_code": "26330"
  },
  {
    "name": "Saint-Martin-en-Vercors",
    "code": "26315",
    "epci_code": "200067767",
    "departement_code": "26",
    "region_code": "84",
    "postal_code": "26420"
  },
  {
    "name": "Saint-Martin-le-Colonel",
    "code": "26316",
    "epci_code": "200067767",
    "departement_code": "26",
    "region_code": "84",
    "postal_code": "26190"
  },
  {
    "name": "Saint-Maurice-sur-Eygues",
    "code": "26317",
    "epci_code": "200068229",
    "departement_code": "26",
    "region_code": "84",
    "postal_code": "26110"
  },
  {
    "name": "Saint-May",
    "code": "26318",
    "epci_code": "200068229",
    "departement_code": "26",
    "region_code": "84",
    "postal_code": "26510"
  },
  {
    "name": "Saint-Michel-sur-Savasse",
    "code": "26319",
    "epci_code": "200068781",
    "departement_code": "26",
    "region_code": "84",
    "postal_code": "26750"
  },
  {
    "name": "Saint-Nazaire-en-Royans",
    "code": "26320",
    "epci_code": "200067767",
    "departement_code": "26",
    "region_code": "84",
    "postal_code": "26190"
  },
  {
    "name": "Saint-Nazaire-le-Désert",
    "code": "26321",
    "epci_code": "242600534",
    "departement_code": "26",
    "region_code": "84",
    "postal_code": "26340"
  },
  {
    "name": "Saint-Pantaléon-les-Vignes",
    "code": "26322",
    "epci_code": "200040681",
    "departement_code": "26",
    "region_code": "84",
    "postal_code": "26770"
  },
  {
    "name": "Saint-Paul-lès-Romans",
    "code": "26323",
    "epci_code": "200068781",
    "departement_code": "26",
    "region_code": "84",
    "postal_code": "26750"
  },
  {
    "name": "Saint-Paul-Trois-Châteaux",
    "code": "26324",
    "epci_code": "200042901",
    "departement_code": "26",
    "region_code": "84",
    "postal_code": "26130"
  },
  {
    "name": "Saint-Rambert-d’Albon",
    "code": "26325",
    "epci_code": "200040491",
    "departement_code": "26",
    "region_code": "84",
    "postal_code": "26140"
  },
  {
    "name": "Saint-Restitut",
    "code": "26326",
    "epci_code": "200042901",
    "departement_code": "26",
    "region_code": "84",
    "postal_code": "26130"
  },
  {
    "name": "Saint-Roman",
    "code": "26327",
    "epci_code": "242600534",
    "departement_code": "26",
    "region_code": "84",
    "postal_code": "26410"
  },
  {
    "name": "Saint-Sauveur-en-Diois",
    "code": "26328",
    "epci_code": "200040509",
    "departement_code": "26",
    "region_code": "84",
    "postal_code": "26340"
  },
  {
    "name": "Saint-Sauveur-Gouvernet",
    "code": "26329",
    "epci_code": "200068229",
    "departement_code": "26",
    "region_code": "84",
    "postal_code": "26110"
  },
  {
    "name": "Saint-Sorlin-en-Valloire",
    "code": "26330",
    "epci_code": "200040491",
    "departement_code": "26",
    "region_code": "84",
    "postal_code": "26210"
  },
  {
    "name": "Saint-Thomas-en-Royans",
    "code": "26331",
    "epci_code": "200067767",
    "departement_code": "26",
    "region_code": "84",
    "postal_code": "26190"
  },
  {
    "name": "Saint-Uze",
    "code": "26332",
    "epci_code": "200040491",
    "departement_code": "26",
    "region_code": "84",
    "postal_code": "26240"
  },
  {
    "name": "Saint-Vallier",
    "code": "26333",
    "epci_code": "200040491",
    "departement_code": "26",
    "region_code": "84",
    "postal_code": "26240"
  },
  {
    "name": "Salettes",
    "code": "26334",
    "epci_code": "242600492",
    "departement_code": "26",
    "region_code": "84",
    "postal_code": "26160"
  },
  {
    "name": "Salles-sous-Bois",
    "code": "26335",
    "epci_code": "200040681",
    "departement_code": "26",
    "region_code": "84",
    "postal_code": "26770"
  },
  {
    "name": "Saou",
    "code": "26336",
    "epci_code": "242600252",
    "departement_code": "26",
    "region_code": "84",
    "postal_code": "26400"
  },
  {
    "name": "Saulce-sur-Rhône",
    "code": "26337",
    "epci_code": "200040459",
    "departement_code": "26",
    "region_code": "84",
    "postal_code": "26270"
  },
  {
    "name": "Sauzet",
    "code": "26338",
    "epci_code": "200040459",
    "departement_code": "26",
    "region_code": "84",
    "postal_code": "26740"
  },
  {
    "name": "Savasse",
    "code": "26339",
    "epci_code": "200040459",
    "departement_code": "26",
    "region_code": "84",
    "postal_code": "26740"
  },
  {
    "name": "Séderon",
    "code": "26340",
    "epci_code": "200068229",
    "departement_code": "26",
    "region_code": "84",
    "postal_code": "26560"
  },
  {
    "name": "Serves-sur-Rhône",
    "code": "26341",
    "epci_code": "200073096",
    "departement_code": "26",
    "region_code": "84",
    "postal_code": "26600"
  },
  {
    "name": "Solérieux",
    "code": "26342",
    "epci_code": "200042901",
    "departement_code": "26",
    "region_code": "84",
    "postal_code": "26130"
  },
  {
    "name": "Souspierre",
    "code": "26343",
    "epci_code": "242600492",
    "departement_code": "26",
    "region_code": "84",
    "postal_code": "26160"
  },
  {
    "name": "Soyans",
    "code": "26344",
    "epci_code": "242600252",
    "departement_code": "26",
    "region_code": "84",
    "postal_code": "26400"
  },
  {
    "name": "Suze-la-Rousse",
    "code": "26345",
    "epci_code": "200042901",
    "departement_code": "26",
    "region_code": "84",
    "postal_code": "26790"
  },
  {
    "name": "Suze",
    "code": "26346",
    "epci_code": "242600252",
    "departement_code": "26",
    "region_code": "84",
    "postal_code": "26400"
  },
  {
    "name": "Tain-l’Hermitage",
    "code": "26347",
    "epci_code": "200073096",
    "departement_code": "26",
    "region_code": "84",
    "postal_code": "26600"
  },
  {
    "name": "Taulignan",
    "code": "26348",
    "epci_code": "200040681",
    "departement_code": "26",
    "region_code": "84",
    "postal_code": "26770"
  },
  {
    "name": "Tersanne",
    "code": "26349",
    "epci_code": "200040491",
    "departement_code": "26",
    "region_code": "84",
    "postal_code": "26390"
  },
  {
    "name": "Teyssières",
    "code": "26350",
    "epci_code": "242600492",
    "departement_code": "26",
    "region_code": "84",
    "postal_code": "26220"
  },
  {
    "name": "Les Tonils",
    "code": "26351",
    "epci_code": "242600492",
    "departement_code": "26",
    "region_code": "84",
    "postal_code": "26460"
  },
  {
    "name": "La Touche",
    "code": "26352",
    "epci_code": "200040459",
    "departement_code": "26",
    "region_code": "84",
    "postal_code": "26160"
  },
  {
    "name": "Les Tourrettes",
    "code": "26353",
    "epci_code": "200040459",
    "departement_code": "26",
    "region_code": "84",
    "postal_code": "26740"
  },
  {
    "name": "Triors",
    "code": "26355",
    "epci_code": "200068781",
    "departement_code": "26",
    "region_code": "84",
    "postal_code": "26750"
  },
  {
    "name": "Truinas",
    "code": "26356",
    "epci_code": "242600492",
    "departement_code": "26",
    "region_code": "84",
    "postal_code": "26460"
  },
  {
    "name": "Tulette",
    "code": "26357",
    "epci_code": "200042901",
    "departement_code": "26",
    "region_code": "84",
    "postal_code": "26790"
  },
  {
    "name": "Upie",
    "code": "26358",
    "epci_code": "200068781",
    "departement_code": "26",
    "region_code": "84",
    "postal_code": "26120"
  },
  {
    "name": "Vachères-en-Quint",
    "code": "26359",
    "epci_code": "242600534",
    "departement_code": "26",
    "region_code": "84",
    "postal_code": "26150"
  },
  {
    "name": "Valaurie",
    "code": "26360",
    "epci_code": "200040681",
    "departement_code": "26",
    "region_code": "84",
    "postal_code": "26230"
  },
  {
    "name": "Valdrôme",
    "code": "26361",
    "epci_code": "242600534",
    "departement_code": "26",
    "region_code": "84",
    "postal_code": "26310"
  },
  {
    "name": "Valence",
    "code": "26362",
    "epci_code": "200068781",
    "departement_code": "26",
    "region_code": "84",
    "postal_code": "26000"
  },
  {
    "name": "Valouse",
    "code": "26363",
    "epci_code": "200068229",
    "departement_code": "26",
    "region_code": "84",
    "postal_code": "26110"
  },
  {
    "name": "Vassieux-en-Vercors",
    "code": "26364",
    "epci_code": "200067767",
    "departement_code": "26",
    "region_code": "84",
    "postal_code": "26420"
  },
  {
    "name": "Vaunaveys-la-Rochette",
    "code": "26365",
    "epci_code": "242600252",
    "departement_code": "26",
    "region_code": "84",
    "postal_code": "26400"
  },
  {
    "name": "Venterol",
    "code": "26367",
    "epci_code": "200068229",
    "departement_code": "26",
    "region_code": "84",
    "postal_code": "26110"
  },
  {
    "name": "Vercheny",
    "code": "26368",
    "epci_code": "200040509",
    "departement_code": "26",
    "region_code": "84",
    "postal_code": "26340"
  },
  {
    "name": "Verclause",
    "code": "26369",
    "epci_code": "200068229",
    "departement_code": "26",
    "region_code": "84",
    "postal_code": "26510"
  },
  {
    "name": "Vercoiran",
    "code": "26370",
    "epci_code": "200068229",
    "departement_code": "26",
    "region_code": "84",
    "postal_code": "26170"
  },
  {
    "name": "Vers-sur-Méouge",
    "code": "26372",
    "epci_code": "200068229",
    "departement_code": "26",
    "region_code": "84",
    "postal_code": "26560"
  },
  {
    "name": "Vesc",
    "code": "26373",
    "epci_code": "242600492",
    "departement_code": "26",
    "region_code": "84",
    "postal_code": "26220"
  },
  {
    "name": "Villebois-les-Pins",
    "code": "26374",
    "epci_code": "200068765",
    "departement_code": "26",
    "region_code": "84",
    "postal_code": "05700"
  },
  {
    "name": "Villefranche-le-Château",
    "code": "26375",
    "epci_code": "200068229",
    "departement_code": "26",
    "region_code": "84",
    "postal_code": "26560"
  },
  {
    "name": "Villeperdrix",
    "code": "26376",
    "epci_code": "200068229",
    "departement_code": "26",
    "region_code": "84",
    "postal_code": "26510"
  },
  {
    "name": "Vinsobres",
    "code": "26377",
    "epci_code": "200068229",
    "departement_code": "26",
    "region_code": "84",
    "postal_code": "26110"
  },
  {
    "name": "Volvent",
    "code": "26378",
    "epci_code": "242600534",
    "departement_code": "26",
    "region_code": "84",
    "postal_code": "26470"
  },
  {
    "name": "Granges-les-Beaumont",
    "code": "26379",
    "epci_code": "200068781",
    "departement_code": "26",
    "region_code": "84",
    "postal_code": "26600"
  },
  {
    "name": "Gervans",
    "code": "26380",
    "epci_code": "200073096",
    "departement_code": "26",
    "region_code": "84",
    "postal_code": "26600"
  },
  {
    "name": "Jaillans",
    "code": "26381",
    "epci_code": "200068781",
    "departement_code": "26",
    "region_code": "84",
    "postal_code": "26300"
  },
  {
    "name": "Saint-Vincent-la-Commanderie",
    "code": "26382",
    "epci_code": "200068781",
    "departement_code": "26",
    "region_code": "84",
    "postal_code": "26300"
  }
]