[
  {
    "name": "Albefeuille-Lagarde",
    "code": "82001",
    "epci_code": "248200099",
    "departement_code": "82",
    "region_code": "76",
    "postal_code": "82290"
  },
  {
    "name": "Albias",
    "code": "82002",
    "epci_code": "200066884",
    "departement_code": "82",
    "region_code": "76",
    "postal_code": "82350"
  },
  {
    "name": "Angeville",
    "code": "82003",
    "epci_code": "200066322",
    "departement_code": "82",
    "region_code": "76",
    "postal_code": "82210"
  },
  {
    "name": "Asques",
    "code": "82004",
    "epci_code": "248200065",
    "departement_code": "82",
    "region_code": "76",
    "postal_code": "82120"
  },
  {
    "name": "Aucamville",
    "code": "82005",
    "epci_code": "200066652",
    "departement_code": "82",
    "region_code": "76",
    "postal_code": "82600"
  },
  {
    "name": "Auterive",
    "code": "82006",
    "epci_code": "248200065",
    "departement_code": "82",
    "region_code": "76",
    "postal_code": "82500"
  },
  {
    "name": "Auty",
    "code": "82007",
    "epci_code": "248200057",
    "departement_code": "82",
    "region_code": "76",
    "postal_code": "82220"
  },
  {
    "name": "Auvillar",
    "code": "82008",
    "epci_code": "248200016",
    "departement_code": "82",
    "region_code": "76",
    "postal_code": "82340"
  },
  {
    "name": "Balignac",
    "code": "82009",
    "epci_code": "248200065",
    "departement_code": "82",
    "region_code": "76",
    "postal_code": "82120"
  },
  {
    "name": "Bardigues",
    "code": "82010",
    "epci_code": "248200016",
    "departement_code": "82",
    "region_code": "76",
    "postal_code": "82340"
  },
  {
    "name": "Barry-d’Islemade",
    "code": "82011",
    "epci_code": "200067122",
    "departement_code": "82",
    "region_code": "76",
    "postal_code": "82290"
  },
  {
    "name": "Les Barthes",
    "code": "82012",
    "epci_code": "200067122",
    "departement_code": "82",
    "region_code": "76",
    "postal_code": "82100"
  },
  {
    "name": "Beaumont-de-Lomagne",
    "code": "82013",
    "epci_code": "248200065",
    "departement_code": "82",
    "region_code": "76",
    "postal_code": "82500"
  },
  {
    "name": "Beaupuy",
    "code": "82014",
    "epci_code": "200066652",
    "departement_code": "82",
    "region_code": "76",
    "postal_code": "82600"
  },
  {
    "name": "Belbèze-en-Lomagne",
    "code": "82015",
    "epci_code": "248200065",
    "departement_code": "82",
    "region_code": "76",
    "postal_code": "82500"
  },
  {
    "name": "Belvèze",
    "code": "82016",
    "epci_code": "200040418",
    "departement_code": "82",
    "region_code": "76",
    "postal_code": "82150"
  },
  {
    "name": "Bessens",
    "code": "82017",
    "epci_code": "200066652",
    "departement_code": "82",
    "region_code": "76",
    "postal_code": "82170"
  },
  {
    "name": "Bioule",
    "code": "82018",
    "epci_code": "200066884",
    "departement_code": "82",
    "region_code": "76",
    "postal_code": "82800"
  },
  {
    "name": "Boudou",
    "code": "82019",
    "epci_code": "200066322",
    "departement_code": "82",
    "region_code": "76",
    "postal_code": "82200"
  },
  {
    "name": "Bouillac",
    "code": "82020",
    "epci_code": "200066652",
    "departement_code": "82",
    "region_code": "76",
    "postal_code": "82600"
  },
  {
    "name": "Bouloc-en-Quercy",
    "code": "82021",
    "epci_code": "200040418",
    "departement_code": "82",
    "region_code": "76",
    "postal_code": "82110"
  },
  {
    "name": "Bourg-de-Visa",
    "code": "82022",
    "epci_code": "200040418",
    "departement_code": "82",
    "region_code": "76",
    "postal_code": "82190"
  },
  {
    "name": "Bourret",
    "code": "82023",
    "epci_code": "200066652",
    "departement_code": "82",
    "region_code": "76",
    "postal_code": "82700"
  },
  {
    "name": "Brassac",
    "code": "82024",
    "epci_code": "200040418",
    "departement_code": "82",
    "region_code": "76",
    "postal_code": "82190"
  },
  {
    "name": "Bressols",
    "code": "82025",
    "epci_code": "248200099",
    "departement_code": "82",
    "region_code": "76",
    "postal_code": "82710"
  },
  {
    "name": "Bruniquel",
    "code": "82026",
    "epci_code": "200066884",
    "departement_code": "82",
    "region_code": "76",
    "postal_code": "82800"
  },
  {
    "name": "Campsas",
    "code": "82027",
    "epci_code": "200066652",
    "departement_code": "82",
    "region_code": "76",
    "postal_code": "82370"
  },
  {
    "name": "Canals",
    "code": "82028",
    "epci_code": "200066652",
    "departement_code": "82",
    "region_code": "76",
    "postal_code": "82170"
  },
  {
    "name": "Castanet",
    "code": "82029",
    "epci_code": "248200107",
    "departement_code": "82",
    "region_code": "76",
    "postal_code": "82160"
  },
  {
    "name": "Castelferrus",
    "code": "82030",
    "epci_code": "200066322",
    "departement_code": "82",
    "region_code": "76",
    "postal_code": "82100"
  },
  {
    "name": "Castelmayran",
    "code": "82031",
    "epci_code": "200066322",
    "departement_code": "82",
    "region_code": "76",
    "postal_code": "82210"
  },
  {
    "name": "Castelsagrat",
    "code": "82032",
    "epci_code": "248200016",
    "departement_code": "82",
    "region_code": "76",
    "postal_code": "82400"
  },
  {
    "name": "Castelsarrasin",
    "code": "82033",
    "epci_code": "200066322",
    "departement_code": "82",
    "region_code": "76",
    "postal_code": "82100"
  },
  {
    "name": "Castéra-Bouzet",
    "code": "82034",
    "epci_code": "248200065",
    "departement_code": "82",
    "region_code": "76",
    "postal_code": "82120"
  },
  {
    "name": "Caumont",
    "code": "82035",
    "epci_code": "200066322",
    "departement_code": "82",
    "region_code": "76",
    "postal_code": "82210"
  },
  {
    "name": "Le Causé",
    "code": "82036",
    "epci_code": "248200065",
    "departement_code": "82",
    "region_code": "76",
    "postal_code": "82500"
  },
  {
    "name": "Caussade",
    "code": "82037",
    "epci_code": "248200057",
    "departement_code": "82",
    "region_code": "76",
    "postal_code": "82300"
  },
  {
    "name": "Caylus",
    "code": "82038",
    "epci_code": "248200107",
    "departement_code": "82",
    "region_code": "76",
    "postal_code": "82160"
  },
  {
    "name": "Cayrac",
    "code": "82039",
    "epci_code": "248200057",
    "departement_code": "82",
    "region_code": "76",
    "postal_code": "82440"
  },
  {
    "name": "Cayriech",
    "code": "82040",
    "epci_code": "248200057",
    "departement_code": "82",
    "region_code": "76",
    "postal_code": "82240"
  },
  {
    "name": "Cazals",
    "code": "82041",
    "epci_code": "248200107",
    "departement_code": "82",
    "region_code": "76",
    "postal_code": "82140"
  },
  {
    "name": "Cazes-Mondenard",
    "code": "82042",
    "epci_code": "200040418",
    "departement_code": "82",
    "region_code": "76",
    "postal_code": "82110"
  },
  {
    "name": "Comberouger",
    "code": "82043",
    "epci_code": "200066652",
    "departement_code": "82",
    "region_code": "76",
    "postal_code": "82600"
  },
  {
    "name": "Corbarieu",
    "code": "82044",
    "epci_code": "248200099",
    "departement_code": "82",
    "region_code": "76",
    "postal_code": "82370"
  },
  {
    "name": "Cordes-Tolosannes",
    "code": "82045",
    "epci_code": "200066322",
    "departement_code": "82",
    "region_code": "76",
    "postal_code": "82700"
  },
  {
    "name": "Coutures",
    "code": "82046",
    "epci_code": "200066322",
    "departement_code": "82",
    "region_code": "76",
    "postal_code": "82210"
  },
  {
    "name": "Cumont",
    "code": "82047",
    "epci_code": "248200065",
    "departement_code": "82",
    "region_code": "76",
    "postal_code": "82500"
  },
  {
    "name": "Dieupentale",
    "code": "82048",
    "epci_code": "200066652",
    "departement_code": "82",
    "region_code": "76",
    "postal_code": "82170"
  },
  {
    "name": "Donzac",
    "code": "82049",
    "epci_code": "248200016",
    "departement_code": "82",
    "region_code": "76",
    "postal_code": "82340"
  },
  {
    "name": "Dunes",
    "code": "82050",
    "epci_code": "248200016",
    "departement_code": "82",
    "region_code": "76",
    "postal_code": "82340"
  },
  {
    "name": "Durfort-Lacapelette",
    "code": "82051",
    "epci_code": "200066322",
    "departement_code": "82",
    "region_code": "76",
    "postal_code": "82390"
  },
  {
    "name": "Escatalens",
    "code": "82052",
    "epci_code": "248200099",
    "departement_code": "82",
    "region_code": "76",
    "postal_code": "82700"
  },
  {
    "name": "Escazeaux",
    "code": "82053",
    "epci_code": "248200065",
    "departement_code": "82",
    "region_code": "76",
    "postal_code": "82500"
  },
  {
    "name": "Espalais",
    "code": "82054",
    "epci_code": "248200016",
    "departement_code": "82",
    "region_code": "76",
    "postal_code": "82400"
  },
  {
    "name": "Esparsac",
    "code": "82055",
    "epci_code": "248200065",
    "departement_code": "82",
    "region_code": "76",
    "postal_code": "82500"
  },
  {
    "name": "Espinas",
    "code": "82056",
    "epci_code": "248200107",
    "departement_code": "82",
    "region_code": "76",
    "postal_code": "82160"
  },
  {
    "name": "Fabas",
    "code": "82057",
    "epci_code": "200066652",
    "departement_code": "82",
    "region_code": "76",
    "postal_code": "82170"
  },
  {
    "name": "Fajolles",
    "code": "82058",
    "epci_code": "200066322",
    "departement_code": "82",
    "region_code": "76",
    "postal_code": "82210"
  },
  {
    "name": "Faudoas",
    "code": "82059",
    "epci_code": "248200065",
    "departement_code": "82",
    "region_code": "76",
    "postal_code": "82500"
  },
  {
    "name": "Fauroux",
    "code": "82060",
    "epci_code": "200040418",
    "departement_code": "82",
    "region_code": "76",
    "postal_code": "82190"
  },
  {
    "name": "Féneyrols",
    "code": "82061",
    "epci_code": "248200107",
    "departement_code": "82",
    "region_code": "76",
    "postal_code": "82140"
  },
  {
    "name": "Finhan",
    "code": "82062",
    "epci_code": "200066652",
    "departement_code": "82",
    "region_code": "76",
    "postal_code": "82700"
  },
  {
    "name": "Garganvillar",
    "code": "82063",
    "epci_code": "200066322",
    "departement_code": "82",
    "region_code": "76",
    "postal_code": "82100"
  },
  {
    "name": "Gariès",
    "code": "82064",
    "epci_code": "248200065",
    "departement_code": "82",
    "region_code": "76",
    "postal_code": "82500"
  },
  {
    "name": "Gasques",
    "code": "82065",
    "epci_code": "248200016",
    "departement_code": "82",
    "region_code": "76",
    "postal_code": "82400"
  },
  {
    "name": "Génébrières",
    "code": "82066",
    "epci_code": "200066884",
    "departement_code": "82",
    "region_code": "76",
    "postal_code": "82230"
  },
  {
    "name": "Gensac",
    "code": "82067",
    "epci_code": "248200065",
    "departement_code": "82",
    "region_code": "76",
    "postal_code": "82120"
  },
  {
    "name": "Gimat",
    "code": "82068",
    "epci_code": "248200065",
    "departement_code": "82",
    "region_code": "76",
    "postal_code": "82500"
  },
  {
    "name": "Ginals",
    "code": "82069",
    "epci_code": "248200107",
    "departement_code": "82",
    "region_code": "76",
    "postal_code": "82330"
  },
  {
    "name": "Glatens",
    "code": "82070",
    "epci_code": "248200065",
    "departement_code": "82",
    "region_code": "76",
    "postal_code": "82500"
  },
  {
    "name": "Goas",
    "code": "82071",
    "epci_code": "248200065",
    "departement_code": "82",
    "region_code": "76",
    "postal_code": "82500"
  },
  {
    "name": "Golfech",
    "code": "82072",
    "epci_code": "248200016",
    "departement_code": "82",
    "region_code": "76",
    "postal_code": "82400"
  },
  {
    "name": "Goudourville",
    "code": "82073",
    "epci_code": "248200016",
    "departement_code": "82",
    "region_code": "76",
    "postal_code": "82400"
  },
  {
    "name": "Gramont",
    "code": "82074",
    "epci_code": "248200065",
    "departement_code": "82",
    "region_code": "76",
    "postal_code": "82120"
  },
  {
    "name": "Grisolles",
    "code": "82075",
    "epci_code": "200066652",
    "departement_code": "82",
    "region_code": "76",
    "postal_code": "82170"
  },
  {
    "name": "L’Honor-de-Cos",
    "code": "82076",
    "epci_code": "200067122",
    "departement_code": "82",
    "region_code": "76",
    "postal_code": "82130"
  },
  {
    "name": "Labarthe",
    "code": "82077",
    "epci_code": "200067122",
    "departement_code": "82",
    "region_code": "76",
    "postal_code": "82220"
  },
  {
    "name": "Labastide-de-Penne",
    "code": "82078",
    "epci_code": "248200057",
    "departement_code": "82",
    "region_code": "76",
    "postal_code": "82240"
  },
  {
    "name": "Labastide-Saint-Pierre",
    "code": "82079",
    "epci_code": "200066652",
    "departement_code": "82",
    "region_code": "76",
    "postal_code": "82370"
  },
  {
    "name": "Labastide-du-Temple",
    "code": "82080",
    "epci_code": "200067122",
    "departement_code": "82",
    "region_code": "76",
    "postal_code": "82100"
  },
  {
    "name": "Labourgade",
    "code": "82081",
    "epci_code": "200066322",
    "departement_code": "82",
    "region_code": "76",
    "postal_code": "82100"
  },
  {
    "name": "Lacapelle-Livron",
    "code": "82082",
    "epci_code": "248200107",
    "departement_code": "82",
    "region_code": "76",
    "postal_code": "82160"
  },
  {
    "name": "Lachapelle",
    "code": "82083",
    "epci_code": "248200065",
    "departement_code": "82",
    "region_code": "76",
    "postal_code": "82120"
  },
  {
    "name": "Lacour",
    "code": "82084",
    "epci_code": "200040418",
    "departement_code": "82",
    "region_code": "76",
    "postal_code": "82190"
  },
  {
    "name": "Lacourt-Saint-Pierre",
    "code": "82085",
    "epci_code": "248200099",
    "departement_code": "82",
    "region_code": "76",
    "postal_code": "82290"
  },
  {
    "name": "Lafitte",
    "code": "82086",
    "epci_code": "200066322",
    "departement_code": "82",
    "region_code": "76",
    "postal_code": "82100"
  },
  {
    "name": "Lafrançaise",
    "code": "82087",
    "epci_code": "200067122",
    "departement_code": "82",
    "region_code": "76",
    "postal_code": "82130"
  },
  {
    "name": "Laguépie",
    "code": "82088",
    "epci_code": "248200107",
    "departement_code": "82",
    "region_code": "76",
    "postal_code": "82250"
  },
  {
    "name": "Lamagistère",
    "code": "82089",
    "epci_code": "248200016",
    "departement_code": "82",
    "region_code": "76",
    "postal_code": "82360"
  },
  {
    "name": "Lamothe-Capdeville",
    "code": "82090",
    "epci_code": "248200099",
    "departement_code": "82",
    "region_code": "76",
    "postal_code": "82130"
  },
  {
    "name": "Lamothe-Cumont",
    "code": "82091",
    "epci_code": "248200065",
    "departement_code": "82",
    "region_code": "76",
    "postal_code": "82500"
  },
  {
    "name": "Lapenche",
    "code": "82092",
    "epci_code": "248200057",
    "departement_code": "82",
    "region_code": "76",
    "postal_code": "82240"
  },
  {
    "name": "Larrazet",
    "code": "82093",
    "epci_code": "248200065",
    "departement_code": "82",
    "region_code": "76",
    "postal_code": "82500"
  },
  {
    "name": "Lauzerte",
    "code": "82094",
    "epci_code": "200040418",
    "departement_code": "82",
    "region_code": "76",
    "postal_code": "82110"
  },
  {
    "name": "Lavaurette",
    "code": "82095",
    "epci_code": "248200057",
    "departement_code": "82",
    "region_code": "76",
    "postal_code": "82240"
  },
  {
    "name": "La Ville-Dieu-du-Temple",
    "code": "82096",
    "epci_code": "200066322",
    "departement_code": "82",
    "region_code": "76",
    "postal_code": "82290"
  },
  {
    "name": "Lavit",
    "code": "82097",
    "epci_code": "248200065",
    "departement_code": "82",
    "region_code": "76",
    "postal_code": "82120"
  },
  {
    "name": "Léojac",
    "code": "82098",
    "epci_code": "248200099",
    "departement_code": "82",
    "region_code": "76",
    "postal_code": "82230"
  },
  {
    "name": "Lizac",
    "code": "82099",
    "epci_code": "200066322",
    "departement_code": "82",
    "region_code": "76",
    "postal_code": "82200"
  },
  {
    "name": "Loze",
    "code": "82100",
    "epci_code": "248200107",
    "departement_code": "82",
    "region_code": "76",
    "postal_code": "82160"
  },
  {
    "name": "Malause",
    "code": "82101",
    "epci_code": "248200016",
    "departement_code": "82",
    "region_code": "76",
    "postal_code": "82200"
  },
  {
    "name": "Mansonville",
    "code": "82102",
    "epci_code": "248200016",
    "departement_code": "82",
    "region_code": "76",
    "postal_code": "82120"
  },
  {
    "name": "Marignac",
    "code": "82103",
    "epci_code": "248200065",
    "departement_code": "82",
    "region_code": "76",
    "postal_code": "82500"
  },
  {
    "name": "Marsac",
    "code": "82104",
    "epci_code": "248200065",
    "departement_code": "82",
    "region_code": "76",
    "postal_code": "82120"
  },
  {
    "name": "Mas-Grenier",
    "code": "82105",
    "epci_code": "200066652",
    "departement_code": "82",
    "region_code": "76",
    "postal_code": "82600"
  },
  {
    "name": "Maubec",
    "code": "82106",
    "epci_code": "248200065",
    "departement_code": "82",
    "region_code": "76",
    "postal_code": "82500"
  },
  {
    "name": "Maumusson",
    "code": "82107",
    "epci_code": "248200065",
    "departement_code": "82",
    "region_code": "76",
    "postal_code": "82120"
  },
  {
    "name": "Meauzac",
    "code": "82108",
    "epci_code": "200067122",
    "departement_code": "82",
    "region_code": "76",
    "postal_code": "82290"
  },
  {
    "name": "Merles",
    "code": "82109",
    "epci_code": "248200016",
    "departement_code": "82",
    "region_code": "76",
    "postal_code": "82210"
  },
  {
    "name": "Mirabel",
    "code": "82110",
    "epci_code": "248200057",
    "departement_code": "82",
    "region_code": "76",
    "postal_code": "82440"
  },
  {
    "name": "Miramont-de-Quercy",
    "code": "82111",
    "epci_code": "200040418",
    "departement_code": "82",
    "region_code": "76",
    "postal_code": "82190"
  },
  {
    "name": "Moissac",
    "code": "82112",
    "epci_code": "200066322",
    "departement_code": "82",
    "region_code": "76",
    "postal_code": "82200"
  },
  {
    "name": "Molières",
    "code": "82113",
    "epci_code": "248200057",
    "departement_code": "82",
    "region_code": "76",
    "postal_code": "82220"
  },
  {
    "name": "Monbéqui",
    "code": "82114",
    "epci_code": "200066652",
    "departement_code": "82",
    "region_code": "76",
    "postal_code": "82170"
  },
  {
    "name": "Monclar-de-Quercy",
    "code": "82115",
    "epci_code": "200066884",
    "departement_code": "82",
    "region_code": "76",
    "postal_code": "82230"
  },
  {
    "name": "Montagudet",
    "code": "82116",
    "epci_code": "200040418",
    "departement_code": "82",
    "region_code": "76",
    "postal_code": "82110"
  },
  {
    "name": "Montaigu-de-Quercy",
    "code": "82117",
    "epci_code": "200040418",
    "departement_code": "82",
    "region_code": "76",
    "postal_code": "82150"
  },
  {
    "name": "Montaïn",
    "code": "82118",
    "epci_code": "200066322",
    "departement_code": "82",
    "region_code": "76",
    "postal_code": "82100"
  },
  {
    "name": "Montalzat",
    "code": "82119",
    "epci_code": "248200057",
    "departement_code": "82",
    "region_code": "76",
    "postal_code": "82270"
  },
  {
    "name": "Montastruc",
    "code": "82120",
    "epci_code": "200067122",
    "departement_code": "82",
    "region_code": "76",
    "postal_code": "82130"
  },
  {
    "name": "Montauban",
    "code": "82121",
    "epci_code": "248200099",
    "departement_code": "82",
    "region_code": "76",
    "postal_code": "82000"
  },
  {
    "name": "Montbarla",
    "code": "82122",
    "epci_code": "200040418",
    "departement_code": "82",
    "region_code": "76",
    "postal_code": "82110"
  },
  {
    "name": "Montbartier",
    "code": "82123",
    "epci_code": "200066652",
    "departement_code": "82",
    "region_code": "76",
    "postal_code": "82700"
  },
  {
    "name": "Montbeton",
    "code": "82124",
    "epci_code": "248200099",
    "departement_code": "82",
    "region_code": "76",
    "postal_code": "82290"
  },
  {
    "name": "Montech",
    "code": "82125",
    "epci_code": "200066652",
    "departement_code": "82",
    "region_code": "76",
    "postal_code": "82700"
  },
  {
    "name": "Monteils",
    "code": "82126",
    "epci_code": "248200057",
    "departement_code": "82",
    "region_code": "76",
    "postal_code": "82300"
  },
  {
    "name": "Montesquieu",
    "code": "82127",
    "epci_code": "200066322",
    "departement_code": "82",
    "region_code": "76",
    "postal_code": "82200"
  },
  {
    "name": "Montfermier",
    "code": "82128",
    "epci_code": "248200057",
    "departement_code": "82",
    "region_code": "76",
    "postal_code": "82270"
  },
  {
    "name": "Montgaillard",
    "code": "82129",
    "epci_code": "248200065",
    "departement_code": "82",
    "region_code": "76",
    "postal_code": "82120"
  },
  {
    "name": "Montjoi",
    "code": "82130",
    "epci_code": "248200016",
    "departement_code": "82",
    "region_code": "76",
    "postal_code": "82400"
  },
  {
    "name": "Montpezat-de-Quercy",
    "code": "82131",
    "epci_code": "248200057",
    "departement_code": "82",
    "region_code": "76",
    "postal_code": "82270"
  },
  {
    "name": "Montricoux",
    "code": "82132",
    "epci_code": "200066884",
    "departement_code": "82",
    "region_code": "76",
    "postal_code": "82800"
  },
  {
    "name": "Mouillac",
    "code": "82133",
    "epci_code": "248200107",
    "departement_code": "82",
    "region_code": "76",
    "postal_code": "82160"
  },
  {
    "name": "Nègrepelisse",
    "code": "82134",
    "epci_code": "200066884",
    "departement_code": "82",
    "region_code": "76",
    "postal_code": "82800"
  },
  {
    "name": "Nohic",
    "code": "82135",
    "epci_code": "200066652",
    "departement_code": "82",
    "region_code": "76",
    "postal_code": "82370"
  },
  {
    "name": "Orgueil",
    "code": "82136",
    "epci_code": "200066652",
    "departement_code": "82",
    "region_code": "76",
    "postal_code": "82370"
  },
  {
    "name": "Parisot",
    "code": "82137",
    "epci_code": "248200107",
    "departement_code": "82",
    "region_code": "76",
    "postal_code": "82160"
  },
  {
    "name": "Perville",
    "code": "82138",
    "epci_code": "248200016",
    "departement_code": "82",
    "region_code": "76",
    "postal_code": "82400"
  },
  {
    "name": "Le Pin",
    "code": "82139",
    "epci_code": "248200016",
    "departement_code": "82",
    "region_code": "76",
    "postal_code": "82340"
  },
  {
    "name": "Piquecos",
    "code": "82140",
    "epci_code": "200067122",
    "departement_code": "82",
    "region_code": "76",
    "postal_code": "82130"
  },
  {
    "name": "Pommevic",
    "code": "82141",
    "epci_code": "248200016",
    "departement_code": "82",
    "region_code": "76",
    "postal_code": "82400"
  },
  {
    "name": "Pompignan",
    "code": "82142",
    "epci_code": "200066652",
    "departement_code": "82",
    "region_code": "76",
    "postal_code": "82170"
  },
  {
    "name": "Poupas",
    "code": "82143",
    "epci_code": "248200065",
    "departement_code": "82",
    "region_code": "76",
    "postal_code": "82120"
  },
  {
    "name": "Puycornet",
    "code": "82144",
    "epci_code": "200067122",
    "departement_code": "82",
    "region_code": "76",
    "postal_code": "82220"
  },
  {
    "name": "Puygaillard-de-Quercy",
    "code": "82145",
    "epci_code": "200066884",
    "departement_code": "82",
    "region_code": "76",
    "postal_code": "82800"
  },
  {
    "name": "Puygaillard-de-Lomagne",
    "code": "82146",
    "epci_code": "248200065",
    "departement_code": "82",
    "region_code": "76",
    "postal_code": "82120"
  },
  {
    "name": "Puylagarde",
    "code": "82147",
    "epci_code": "248200107",
    "departement_code": "82",
    "region_code": "76",
    "postal_code": "82160"
  },
  {
    "name": "Puylaroque",
    "code": "82148",
    "epci_code": "248200057",
    "departement_code": "82",
    "region_code": "76",
    "postal_code": "82240"
  },
  {
    "name": "Réalville",
    "code": "82149",
    "epci_code": "248200057",
    "departement_code": "82",
    "region_code": "76",
    "postal_code": "82440"
  },
  {
    "name": "Reyniès",
    "code": "82150",
    "epci_code": "248200099",
    "departement_code": "82",
    "region_code": "76",
    "postal_code": "82370"
  },
  {
    "name": "Roquecor",
    "code": "82151",
    "epci_code": "200040418",
    "departement_code": "82",
    "region_code": "76",
    "postal_code": "82150"
  },
  {
    "name": "Saint-Aignan",
    "code": "82152",
    "epci_code": "200066322",
    "departement_code": "82",
    "region_code": "76",
    "postal_code": "82100"
  },
  {
    "name": "Saint-Amans-du-Pech",
    "code": "82153",
    "epci_code": "200040418",
    "departement_code": "82",
    "region_code": "76",
    "postal_code": "82150"
  },
  {
    "name": "Saint-Amans-de-Pellagal",
    "code": "82154",
    "epci_code": "200040418",
    "departement_code": "82",
    "region_code": "76",
    "postal_code": "82110"
  },
  {
    "name": "Saint-Antonin-Noble-Val",
    "code": "82155",
    "epci_code": "248200107",
    "departement_code": "82",
    "region_code": "76",
    "postal_code": "82140"
  },
  {
    "name": "Saint-Arroumex",
    "code": "82156",
    "epci_code": "200066322",
    "departement_code": "82",
    "region_code": "76",
    "postal_code": "82210"
  },
  {
    "name": "Saint-Beauzeil",
    "code": "82157",
    "epci_code": "200040418",
    "departement_code": "82",
    "region_code": "76",
    "postal_code": "82150"
  },
  {
    "name": "Saint-Cirice",
    "code": "82158",
    "epci_code": "248200016",
    "departement_code": "82",
    "region_code": "76",
    "postal_code": "82340"
  },
  {
    "name": "Saint-Cirq",
    "code": "82159",
    "epci_code": "248200057",
    "departement_code": "82",
    "region_code": "76",
    "postal_code": "82300"
  },
  {
    "name": "Saint-Clair",
    "code": "82160",
    "epci_code": "248200016",
    "departement_code": "82",
    "region_code": "76",
    "postal_code": "82400"
  },
  {
    "name": "Saint-Étienne-de-Tulmont",
    "code": "82161",
    "epci_code": "200066884",
    "departement_code": "82",
    "region_code": "76",
    "postal_code": "82410"
  },
  {
    "name": "Saint-Georges",
    "code": "82162",
    "epci_code": "248200057",
    "departement_code": "82",
    "region_code": "76",
    "postal_code": "82240"
  },
  {
    "name": "Saint-Jean-du-Bouzet",
    "code": "82163",
    "epci_code": "248200065",
    "departement_code": "82",
    "region_code": "76",
    "postal_code": "82120"
  },
  {
    "name": "Sainte-Juliette",
    "code": "82164",
    "epci_code": "200040418",
    "departement_code": "82",
    "region_code": "76",
    "postal_code": "82110"
  },
  {
    "name": "Saint-Loup",
    "code": "82165",
    "epci_code": "248200016",
    "departement_code": "82",
    "region_code": "76",
    "postal_code": "82340"
  },
  {
    "name": "Saint-Michel",
    "code": "82166",
    "epci_code": "248200016",
    "departement_code": "82",
    "region_code": "76",
    "postal_code": "82340"
  },
  {
    "name": "Saint-Nauphary",
    "code": "82167",
    "epci_code": "248200099",
    "departement_code": "82",
    "region_code": "76",
    "postal_code": "82370"
  },
  {
    "name": "Saint-Nazaire-de-Valentane",
    "code": "82168",
    "epci_code": "200040418",
    "departement_code": "82",
    "region_code": "76",
    "postal_code": "82190"
  },
  {
    "name": "Saint-Nicolas-de-la-Grave",
    "code": "82169",
    "epci_code": "200066322",
    "departement_code": "82",
    "region_code": "76",
    "postal_code": "82210"
  },
  {
    "name": "Saint-Paul-d’Espis",
    "code": "82170",
    "epci_code": "248200016",
    "departement_code": "82",
    "region_code": "76",
    "postal_code": "82400"
  },
  {
    "name": "Saint-Porquier",
    "code": "82171",
    "epci_code": "200066322",
    "departement_code": "82",
    "region_code": "76",
    "postal_code": "82700"
  },
  {
    "name": "Saint-Projet",
    "code": "82172",
    "epci_code": "248200107",
    "departement_code": "82",
    "region_code": "76",
    "postal_code": "82160"
  },
  {
    "name": "Saint-Sardos",
    "code": "82173",
    "epci_code": "200066652",
    "departement_code": "82",
    "region_code": "76",
    "postal_code": "82600"
  },
  {
    "name": "Saint-Vincent-d’Autéjac",
    "code": "82174",
    "epci_code": "248200057",
    "departement_code": "82",
    "region_code": "76",
    "postal_code": "82300"
  },
  {
    "name": "Saint-Vincent-Lespinasse",
    "code": "82175",
    "epci_code": "248200016",
    "departement_code": "82",
    "region_code": "76",
    "postal_code": "82400"
  },
  {
    "name": "La Salvetat-Belmontet",
    "code": "82176",
    "epci_code": "200066884",
    "departement_code": "82",
    "region_code": "76",
    "postal_code": "82230"
  },
  {
    "name": "Sauveterre",
    "code": "82177",
    "epci_code": "200040418",
    "departement_code": "82",
    "region_code": "76",
    "postal_code": "82110"
  },
  {
    "name": "Savenès",
    "code": "82178",
    "epci_code": "200066652",
    "departement_code": "82",
    "region_code": "76",
    "postal_code": "82600"
  },
  {
    "name": "Septfonds",
    "code": "82179",
    "epci_code": "248200057",
    "departement_code": "82",
    "region_code": "76",
    "postal_code": "82240"
  },
  {
    "name": "Sérignac",
    "code": "82180",
    "epci_code": "248200065",
    "departement_code": "82",
    "region_code": "76",
    "postal_code": "82500"
  },
  {
    "name": "Sistels",
    "code": "82181",
    "epci_code": "248200016",
    "departement_code": "82",
    "region_code": "76",
    "postal_code": "82340"
  },
  {
    "name": "Touffailles",
    "code": "82182",
    "epci_code": "200040418",
    "departement_code": "82",
    "region_code": "76",
    "postal_code": "82190"
  },
  {
    "name": "Tréjouls",
    "code": "82183",
    "epci_code": "200040418",
    "departement_code": "82",
    "region_code": "76",
    "postal_code": "82110"
  },
  {
    "name": "Vaïssac",
    "code": "82184",
    "epci_code": "200066884",
    "departement_code": "82",
    "region_code": "76",
    "postal_code": "82800"
  },
  {
    "name": "Valeilles",
    "code": "82185",
    "epci_code": "200040418",
    "departement_code": "82",
    "region_code": "76",
    "postal_code": "82150"
  },
  {
    "name": "Valence",
    "code": "82186",
    "epci_code": "248200016",
    "departement_code": "82",
    "region_code": "76",
    "postal_code": "82400"
  },
  {
    "name": "Varen",
    "code": "82187",
    "epci_code": "248200107",
    "departement_code": "82",
    "region_code": "76",
    "postal_code": "82330"
  },
  {
    "name": "Varennes",
    "code": "82188",
    "epci_code": "200066652",
    "departement_code": "82",
    "region_code": "76",
    "postal_code": "82370"
  },
  {
    "name": "Vazerac",
    "code": "82189",
    "epci_code": "200067122",
    "departement_code": "82",
    "region_code": "76",
    "postal_code": "82220"
  },
  {
    "name": "Verdun-sur-Garonne",
    "code": "82190",
    "epci_code": "200066652",
    "departement_code": "82",
    "region_code": "76",
    "postal_code": "82600"
  },
  {
    "name": "Verfeil",
    "code": "82191",
    "epci_code": "248200107",
    "departement_code": "82",
    "region_code": "76",
    "postal_code": "82330"
  },
  {
    "name": "Verlhac-Tescou",
    "code": "82192",
    "epci_code": "200066884",
    "departement_code": "82",
    "region_code": "76",
    "postal_code": "82230"
  },
  {
    "name": "Vigueron",
    "code": "82193",
    "epci_code": "248200065",
    "departement_code": "82",
    "region_code": "76",
    "postal_code": "82500"
  },
  {
    "name": "Villebrumier",
    "code": "82194",
    "epci_code": "200066652",
    "departement_code": "82",
    "region_code": "76",
    "postal_code": "82370"
  },
  {
    "name": "Villemade",
    "code": "82195",
    "epci_code": "248200099",
    "departement_code": "82",
    "region_code": "76",
    "postal_code": "82130"
  }
]