[
  {
    "name": "Aigueperse",
    "code": "63001",
    "epci_code": "200071199",
    "departement_code": "63",
    "region_code": "84",
    "postal_code": "63260"
  },
  {
    "name": "Aix-la-Fayette",
    "code": "63002",
    "epci_code": "200070761",
    "departement_code": "63",
    "region_code": "84",
    "postal_code": "63980"
  },
  {
    "name": "Ambert",
    "code": "63003",
    "epci_code": "200070761",
    "departement_code": "63",
    "region_code": "84",
    "postal_code": "63600"
  },
  {
    "name": "Les Ancizes-Comps",
    "code": "63004",
    "epci_code": "200072098",
    "departement_code": "63",
    "region_code": "84",
    "postal_code": "63770"
  },
  {
    "name": "Antoingt",
    "code": "63005",
    "epci_code": "200070407",
    "departement_code": "63",
    "region_code": "84",
    "postal_code": "63340"
  },
  {
    "name": "Anzat-le-Luguet",
    "code": "63006",
    "epci_code": "200070407",
    "departement_code": "63",
    "region_code": "84",
    "postal_code": "63420"
  },
  {
    "name": "Apchat",
    "code": "63007",
    "epci_code": "200070407",
    "departement_code": "63",
    "region_code": "84",
    "postal_code": "63420"
  },
  {
    "name": "Arconsat",
    "code": "63008",
    "epci_code": "200070712",
    "departement_code": "63",
    "region_code": "84",
    "postal_code": "63250"
  },
  {
    "name": "Ardes",
    "code": "63009",
    "epci_code": "200070407",
    "departement_code": "63",
    "region_code": "84",
    "postal_code": "63420"
  },
  {
    "name": "Arlanc",
    "code": "63010",
    "epci_code": "200070761",
    "departement_code": "63",
    "region_code": "84",
    "postal_code": "63220"
  },
  {
    "name": "Ars-les-Favets",
    "code": "63011",
    "epci_code": "200072080",
    "departement_code": "63",
    "region_code": "84",
    "postal_code": "63700"
  },
  {
    "name": "Artonne",
    "code": "63012",
    "epci_code": "200071199",
    "departement_code": "63",
    "region_code": "84",
    "postal_code": "63460"
  },
  {
    "name": "Aubiat",
    "code": "63013",
    "epci_code": "200071199",
    "departement_code": "63",
    "region_code": "84",
    "postal_code": "63260"
  },
  {
    "name": "Aubière",
    "code": "63014",
    "epci_code": "246300701",
    "departement_code": "63",
    "region_code": "84",
    "postal_code": "63170"
  },
  {
    "name": "Aubusson-d’Auvergne",
    "code": "63015",
    "epci_code": "200070712",
    "departement_code": "63",
    "region_code": "84",
    "postal_code": "63120"
  },
  {
    "name": "Augerolles",
    "code": "63016",
    "epci_code": "200070712",
    "departement_code": "63",
    "region_code": "84",
    "postal_code": "63930"
  },
  {
    "name": "Augnat",
    "code": "63017",
    "epci_code": "200070407",
    "departement_code": "63",
    "region_code": "84",
    "postal_code": "63340"
  },
  {
    "name": "Aulnat",
    "code": "63019",
    "epci_code": "246300701",
    "departement_code": "63",
    "region_code": "84",
    "postal_code": "63510"
  },
  {
    "name": "Aurières",
    "code": "63020",
    "epci_code": "200069169",
    "departement_code": "63",
    "region_code": "84",
    "postal_code": "63210"
  },
  {
    "name": "Authezat",
    "code": "63021",
    "epci_code": "200069177",
    "departement_code": "63",
    "region_code": "84",
    "postal_code": "63114"
  },
  {
    "name": "Auzat-la-Combelle",
    "code": "63022",
    "epci_code": "200070407",
    "departement_code": "63",
    "region_code": "84",
    "postal_code": "63570"
  },
  {
    "name": "Auzelles",
    "code": "63023",
    "epci_code": "200070761",
    "departement_code": "63",
    "region_code": "84",
    "postal_code": "63590"
  },
  {
    "name": "Avèze",
    "code": "63024",
    "epci_code": "200069169",
    "departement_code": "63",
    "region_code": "84",
    "postal_code": "63690"
  },
  {
    "name": "Ayat-sur-Sioule",
    "code": "63025",
    "epci_code": "200072080",
    "departement_code": "63",
    "region_code": "84",
    "postal_code": "63390"
  },
  {
    "name": "Aydat",
    "code": "63026",
    "epci_code": "200069177",
    "departement_code": "63",
    "region_code": "84",
    "postal_code": "63970"
  },
  {
    "name": "Baffie",
    "code": "63027",
    "epci_code": "200070761",
    "departement_code": "63",
    "region_code": "84",
    "postal_code": "63600"
  },
  {
    "name": "Bagnols",
    "code": "63028",
    "epci_code": "200069169",
    "departement_code": "63",
    "region_code": "84",
    "postal_code": "63810"
  },
  {
    "name": "Bansat",
    "code": "63029",
    "epci_code": "200070407",
    "departement_code": "63",
    "region_code": "84",
    "postal_code": "63570"
  },
  {
    "name": "Bas-et-Lezat",
    "code": "63030",
    "epci_code": "200071199",
    "departement_code": "63",
    "region_code": "84",
    "postal_code": "63310"
  },
  {
    "name": "Beaulieu",
    "code": "63031",
    "epci_code": "200070407",
    "departement_code": "63",
    "region_code": "84",
    "postal_code": "63570"
  },
  {
    "name": "Beaumont",
    "code": "63032",
    "epci_code": "246300701",
    "departement_code": "63",
    "region_code": "84",
    "postal_code": "63110"
  },
  {
    "name": "Beaumont-lès-Randan",
    "code": "63033",
    "epci_code": "200071199",
    "departement_code": "63",
    "region_code": "84",
    "postal_code": "63310"
  },
  {
    "name": "Beauregard-l’Évêque",
    "code": "63034",
    "epci_code": "200067627",
    "departement_code": "63",
    "region_code": "84",
    "postal_code": "63116"
  },
  {
    "name": "Beauregard-Vendon",
    "code": "63035",
    "epci_code": "200072098",
    "departement_code": "63",
    "region_code": "84",
    "postal_code": "63460"
  },
  {
    "name": "Bergonne",
    "code": "63036",
    "epci_code": "200070407",
    "departement_code": "63",
    "region_code": "84",
    "postal_code": "63500"
  },
  {
    "name": "Bertignat",
    "code": "63037",
    "epci_code": "200070761",
    "departement_code": "63",
    "region_code": "84",
    "postal_code": "63480"
  },
  {
    "name": "Besse-et-Saint-Anastaise",
    "code": "63038",
    "epci_code": "246300966",
    "departement_code": "63",
    "region_code": "84",
    "postal_code": "63610"
  },
  {
    "name": "Beurières",
    "code": "63039",
    "epci_code": "200070761",
    "departement_code": "63",
    "region_code": "84",
    "postal_code": "63220"
  },
  {
    "name": "Billom",
    "code": "63040",
    "epci_code": "200067627",
    "departement_code": "63",
    "region_code": "84",
    "postal_code": "63160"
  },
  {
    "name": "Biollet",
    "code": "63041",
    "epci_code": "200072080",
    "departement_code": "63",
    "region_code": "84",
    "postal_code": "63640"
  },
  {
    "name": "Blanzat",
    "code": "63042",
    "epci_code": "246300701",
    "departement_code": "63",
    "region_code": "84",
    "postal_code": "63112"
  },
  {
    "name": "Blot-lՃglise",
    "code": "63043",
    "epci_code": "200072098",
    "departement_code": "63",
    "region_code": "84",
    "postal_code": "63440"
  },
  {
    "name": "Bongheat",
    "code": "63044",
    "epci_code": "200067627",
    "departement_code": "63",
    "region_code": "84",
    "postal_code": "63160"
  },
  {
    "name": "Bort-lՃtang",
    "code": "63045",
    "epci_code": "246301097",
    "departement_code": "63",
    "region_code": "84",
    "postal_code": "63190"
  },
  {
    "name": "Boudes",
    "code": "63046",
    "epci_code": "200070407",
    "departement_code": "63",
    "region_code": "84",
    "postal_code": "63340"
  },
  {
    "name": "La Bourboule",
    "code": "63047",
    "epci_code": "246300966",
    "departement_code": "63",
    "region_code": "84",
    "postal_code": "63150"
  },
  {
    "name": "Bourg-Lastic",
    "code": "63048",
    "epci_code": "200071215",
    "departement_code": "63",
    "region_code": "84",
    "postal_code": "63760"
  },
  {
    "name": "Bouzel",
    "code": "63049",
    "epci_code": "200067627",
    "departement_code": "63",
    "region_code": "84",
    "postal_code": "63910"
  },
  {
    "name": "Brassac-les-Mines",
    "code": "63050",
    "epci_code": "200070407",
    "departement_code": "63",
    "region_code": "84",
    "postal_code": "63570"
  },
  {
    "name": "Brenat",
    "code": "63051",
    "epci_code": "200070407",
    "departement_code": "63",
    "region_code": "84",
    "postal_code": "63500"
  },
  {
    "name": "Le Breuil-sur-Couze",
    "code": "63052",
    "epci_code": "200070407",
    "departement_code": "63",
    "region_code": "84",
    "postal_code": "63340"
  },
  {
    "name": "Briffons",
    "code": "63053",
    "epci_code": "200071215",
    "departement_code": "63",
    "region_code": "84",
    "postal_code": "63820"
  },
  {
    "name": "Le Broc",
    "code": "63054",
    "epci_code": "200070407",
    "departement_code": "63",
    "region_code": "84",
    "postal_code": "63500"
  },
  {
    "name": "Bromont-Lamothe",
    "code": "63055",
    "epci_code": "200071215",
    "departement_code": "63",
    "region_code": "84",
    "postal_code": "63230"
  },
  {
    "name": "Brousse",
    "code": "63056",
    "epci_code": "200070761",
    "departement_code": "63",
    "region_code": "84",
    "postal_code": "63490"
  },
  {
    "name": "Le Brugeron",
    "code": "63057",
    "epci_code": "200070761",
    "departement_code": "63",
    "region_code": "84",
    "postal_code": "63880"
  },
  {
    "name": "Bulhon",
    "code": "63058",
    "epci_code": "246301097",
    "departement_code": "63",
    "region_code": "84",
    "postal_code": "63350"
  },
  {
    "name": "Busséol",
    "code": "63059",
    "epci_code": "200069177",
    "departement_code": "63",
    "region_code": "84",
    "postal_code": "63270"
  },
  {
    "name": "Bussières",
    "code": "63060",
    "epci_code": "200072080",
    "departement_code": "63",
    "region_code": "84",
    "postal_code": "63330"
  },
  {
    "name": "Bussières-et-Pruns",
    "code": "63061",
    "epci_code": "200071199",
    "departement_code": "63",
    "region_code": "84",
    "postal_code": "63260"
  },
  {
    "name": "Buxières-sous-Montaigut",
    "code": "63062",
    "epci_code": "200072080",
    "departement_code": "63",
    "region_code": "84",
    "postal_code": "63700"
  },
  {
    "name": "Cébazat",
    "code": "63063",
    "epci_code": "246300701",
    "departement_code": "63",
    "region_code": "84",
    "postal_code": "63118"
  },
  {
    "name": "La Celle",
    "code": "63064",
    "epci_code": "200071215",
    "departement_code": "63",
    "region_code": "84",
    "postal_code": "63620"
  },
  {
    "name": "Ceilloux",
    "code": "63065",
    "epci_code": "200070761",
    "departement_code": "63",
    "region_code": "84",
    "postal_code": "63520"
  },
  {
    "name": "Celles-sur-Durolle",
    "code": "63066",
    "epci_code": "200070712",
    "departement_code": "63",
    "region_code": "84",
    "postal_code": "63250"
  },
  {
    "name": "La Cellette",
    "code": "63067",
    "epci_code": "200072080",
    "departement_code": "63",
    "region_code": "84",
    "postal_code": "63330"
  },
  {
    "name": "Le Cendre",
    "code": "63069",
    "epci_code": "246300701",
    "departement_code": "63",
    "region_code": "84",
    "postal_code": "63670"
  },
  {
    "name": "Ceyrat",
    "code": "63070",
    "epci_code": "246300701",
    "departement_code": "63",
    "region_code": "84",
    "postal_code": "63122"
  },
  {
    "name": "Ceyssat",
    "code": "63071",
    "epci_code": "200069169",
    "departement_code": "63",
    "region_code": "84",
    "postal_code": "63210"
  },
  {
    "name": "Chabreloche",
    "code": "63072",
    "epci_code": "200070712",
    "departement_code": "63",
    "region_code": "84",
    "postal_code": "63250"
  },
  {
    "name": "Chadeleuf",
    "code": "63073",
    "epci_code": "200070407",
    "departement_code": "63",
    "region_code": "84",
    "postal_code": "63320"
  },
  {
    "name": "Chalus",
    "code": "63074",
    "epci_code": "200070407",
    "departement_code": "63",
    "region_code": "84",
    "postal_code": "63340"
  },
  {
    "name": "Chamalières",
    "code": "63075",
    "epci_code": "246300701",
    "departement_code": "63",
    "region_code": "84",
    "postal_code": "63400"
  },
  {
    "name": "Chambon-sur-Dolore",
    "code": "63076",
    "epci_code": "200070761",
    "departement_code": "63",
    "region_code": "84",
    "postal_code": "63980"
  },
  {
    "name": "Chambon-sur-Lac",
    "code": "63077",
    "epci_code": "246300966",
    "departement_code": "63",
    "region_code": "84",
    "postal_code": "63790"
  },
  {
    "name": "Champagnat-le-Jeune",
    "code": "63079",
    "epci_code": "200070407",
    "departement_code": "63",
    "region_code": "84",
    "postal_code": "63580"
  },
  {
    "name": "Champeix",
    "code": "63080",
    "epci_code": "200070407",
    "departement_code": "63",
    "region_code": "84",
    "postal_code": "63320"
  },
  {
    "name": "Champétières",
    "code": "63081",
    "epci_code": "200070761",
    "departement_code": "63",
    "region_code": "84",
    "postal_code": "63600"
  },
  {
    "name": "Champs",
    "code": "63082",
    "epci_code": "200072098",
    "departement_code": "63",
    "region_code": "84",
    "postal_code": "63440"
  },
  {
    "name": "Chanat-la-Mouteyre",
    "code": "63083",
    "epci_code": "200070753",
    "departement_code": "63",
    "region_code": "84",
    "postal_code": "63530"
  },
  {
    "name": "Chanonat",
    "code": "63084",
    "epci_code": "200069177",
    "departement_code": "63",
    "region_code": "84",
    "postal_code": "63450"
  },
  {
    "name": "Chapdes-Beaufort",
    "code": "63085",
    "epci_code": "200071215",
    "departement_code": "63",
    "region_code": "84",
    "postal_code": "63230"
  },
  {
    "name": "La Chapelle-Agnon",
    "code": "63086",
    "epci_code": "200070761",
    "departement_code": "63",
    "region_code": "84",
    "postal_code": "63590"
  },
  {
    "name": "La Chapelle-Marcousse",
    "code": "63087",
    "epci_code": "200070407",
    "departement_code": "63",
    "region_code": "84",
    "postal_code": "63420"
  },
  {
    "name": "La Chapelle-sur-Usson",
    "code": "63088",
    "epci_code": "200070407",
    "departement_code": "63",
    "region_code": "84",
    "postal_code": "63580"
  },
  {
    "name": "Chappes",
    "code": "63089",
    "epci_code": "200070753",
    "departement_code": "63",
    "region_code": "84",
    "postal_code": "63720"
  },
  {
    "name": "Chaptuzat",
    "code": "63090",
    "epci_code": "200071199",
    "departement_code": "63",
    "region_code": "84",
    "postal_code": "63260"
  },
  {
    "name": "Charbonnier-les-Mines",
    "code": "63091",
    "epci_code": "200070407",
    "departement_code": "63",
    "region_code": "84",
    "postal_code": "63340"
  },
  {
    "name": "Charbonnières-les-Varennes",
    "code": "63092",
    "epci_code": "200070753",
    "departement_code": "63",
    "region_code": "84",
    "postal_code": "63410"
  },
  {
    "name": "Charbonnières-les-Vieilles",
    "code": "63093",
    "epci_code": "200072098",
    "departement_code": "63",
    "region_code": "84",
    "postal_code": "63410"
  },
  {
    "name": "Charensat",
    "code": "63094",
    "epci_code": "200072080",
    "departement_code": "63",
    "region_code": "84",
    "postal_code": "63640"
  },
  {
    "name": "Charnat",
    "code": "63095",
    "epci_code": "200070712",
    "departement_code": "63",
    "region_code": "84",
    "postal_code": "63290"
  },
  {
    "name": "Chas",
    "code": "63096",
    "epci_code": "200067627",
    "departement_code": "63",
    "region_code": "84",
    "postal_code": "63160"
  },
  {
    "name": "Chassagne",
    "code": "63097",
    "epci_code": "200070407",
    "departement_code": "63",
    "region_code": "84",
    "postal_code": "63320"
  },
  {
    "name": "Chastreix",
    "code": "63098",
    "epci_code": "246300966",
    "departement_code": "63",
    "region_code": "84",
    "postal_code": "63680"
  },
  {
    "name": "Châteaugay",
    "code": "63099",
    "epci_code": "246300701",
    "departement_code": "63",
    "region_code": "84",
    "postal_code": "63119"
  },
  {
    "name": "Châteauneuf-les-Bains",
    "code": "63100",
    "epci_code": "200072098",
    "departement_code": "63",
    "region_code": "84",
    "postal_code": "63390"
  },
  {
    "name": "Château-sur-Cher",
    "code": "63101",
    "epci_code": "200072080",
    "departement_code": "63",
    "region_code": "84",
    "postal_code": "63330"
  },
  {
    "name": "Châteldon",
    "code": "63102",
    "epci_code": "200070712",
    "departement_code": "63",
    "region_code": "84",
    "postal_code": "63290"
  },
  {
    "name": "Châtel-Guyon",
    "code": "63103",
    "epci_code": "200070753",
    "departement_code": "63",
    "region_code": "84",
    "postal_code": "63140"
  },
  {
    "name": "La Chaulme",
    "code": "63104",
    "epci_code": "200070761",
    "departement_code": "63",
    "region_code": "84",
    "postal_code": "63660"
  },
  {
    "name": "Chaumont-le-Bourg",
    "code": "63105",
    "epci_code": "200070761",
    "departement_code": "63",
    "region_code": "84",
    "postal_code": "63220"
  },
  {
    "name": "Chauriat",
    "code": "63106",
    "epci_code": "200067627",
    "departement_code": "63",
    "region_code": "84",
    "postal_code": "63117"
  },
  {
    "name": "Chavaroux",
    "code": "63107",
    "epci_code": "200070753",
    "departement_code": "63",
    "region_code": "84",
    "postal_code": "63720"
  },
  {
    "name": "Le Cheix-sur-Morge",
    "code": "63108",
    "epci_code": "200070753",
    "departement_code": "63",
    "region_code": "84",
    "postal_code": "63200"
  },
  {
    "name": "Les Deux-Rives",
    "code": "63109",
    "epci_code": "200070407",
    "departement_code": "63",
    "region_code": "84",
    "postal_code": "63320"
  },
  {
    "name": "Cisternes-la-Forêt",
    "code": "63110",
    "epci_code": "200071215",
    "departement_code": "63",
    "region_code": "84",
    "postal_code": "63740"
  },
  {
    "name": "Clémensat",
    "code": "63111",
    "epci_code": "200070407",
    "departement_code": "63",
    "region_code": "84",
    "postal_code": "63320"
  },
  {
    "name": "Clerlande",
    "code": "63112",
    "epci_code": "200070753",
    "departement_code": "63",
    "region_code": "84",
    "postal_code": "63720"
  },
  {
    "name": "Clermont-Ferrand",
    "code": "63113",
    "epci_code": "246300701",
    "departement_code": "63",
    "region_code": "84",
    "postal_code": "63000"
  },
  {
    "name": "Clermont-Ferrand",
    "code": "63113",
    "epci_code": "246300701",
    "departement_code": "63",
    "region_code": "84",
    "postal_code": "63100"
  },
  {
    "name": "Collanges",
    "code": "63114",
    "epci_code": "200070407",
    "departement_code": "63",
    "region_code": "84",
    "postal_code": "63340"
  },
  {
    "name": "Combrailles",
    "code": "63115",
    "epci_code": "200071215",
    "departement_code": "63",
    "region_code": "84",
    "postal_code": "63380"
  },
  {
    "name": "Combronde",
    "code": "63116",
    "epci_code": "200072098",
    "departement_code": "63",
    "region_code": "84",
    "postal_code": "63460"
  },
  {
    "name": "Compains",
    "code": "63117",
    "epci_code": "246300966",
    "departement_code": "63",
    "region_code": "84",
    "postal_code": "63610"
  },
  {
    "name": "Condat-en-Combraille",
    "code": "63118",
    "epci_code": "200071215",
    "departement_code": "63",
    "region_code": "84",
    "postal_code": "63380"
  },
  {
    "name": "Condat-lès-Montboissier",
    "code": "63119",
    "epci_code": "200070761",
    "departement_code": "63",
    "region_code": "84",
    "postal_code": "63490"
  },
  {
    "name": "Corent",
    "code": "63120",
    "epci_code": "200069177",
    "departement_code": "63",
    "region_code": "84",
    "postal_code": "63730"
  },
  {
    "name": "Coudes",
    "code": "63121",
    "epci_code": "200070407",
    "departement_code": "63",
    "region_code": "84",
    "postal_code": "63114"
  },
  {
    "name": "Courgoul",
    "code": "63122",
    "epci_code": "200070407",
    "departement_code": "63",
    "region_code": "84",
    "postal_code": "63320"
  },
  {
    "name": "Cournols",
    "code": "63123",
    "epci_code": "200069177",
    "departement_code": "63",
    "region_code": "84",
    "postal_code": "63450"
  },
  {
    "name": "Cournon-d’Auvergne",
    "code": "63124",
    "epci_code": "246300701",
    "departement_code": "63",
    "region_code": "84",
    "postal_code": "63800"
  },
  {
    "name": "Courpière",
    "code": "63125",
    "epci_code": "200070712",
    "departement_code": "63",
    "region_code": "84",
    "postal_code": "63120"
  },
  {
    "name": "Le Crest",
    "code": "63126",
    "epci_code": "200069177",
    "departement_code": "63",
    "region_code": "84",
    "postal_code": "63450"
  },
  {
    "name": "Crevant-Laveine",
    "code": "63128",
    "epci_code": "246301097",
    "departement_code": "63",
    "region_code": "84",
    "postal_code": "63350"
  },
  {
    "name": "Cros",
    "code": "63129",
    "epci_code": "200069169",
    "departement_code": "63",
    "region_code": "84",
    "postal_code": "63810"
  },
  {
    "name": "La Crouzille",
    "code": "63130",
    "epci_code": "200072080",
    "departement_code": "63",
    "region_code": "84",
    "postal_code": "63700"
  },
  {
    "name": "Culhat",
    "code": "63131",
    "epci_code": "246301097",
    "departement_code": "63",
    "region_code": "84",
    "postal_code": "63350"
  },
  {
    "name": "Cunlhat",
    "code": "63132",
    "epci_code": "200070761",
    "departement_code": "63",
    "region_code": "84",
    "postal_code": "63590"
  },
  {
    "name": "Dauzat-sur-Vodable",
    "code": "63134",
    "epci_code": "200070407",
    "departement_code": "63",
    "region_code": "84",
    "postal_code": "63340"
  },
  {
    "name": "Davayat",
    "code": "63135",
    "epci_code": "200072098",
    "departement_code": "63",
    "region_code": "84",
    "postal_code": "63200"
  },
  {
    "name": "Domaize",
    "code": "63136",
    "epci_code": "200070761",
    "departement_code": "63",
    "region_code": "84",
    "postal_code": "63520"
  },
  {
    "name": "Doranges",
    "code": "63137",
    "epci_code": "200070761",
    "departement_code": "63",
    "region_code": "84",
    "postal_code": "63220"
  },
  {
    "name": "Dorat",
    "code": "63138",
    "epci_code": "200070712",
    "departement_code": "63",
    "region_code": "84",
    "postal_code": "63300"
  },
  {
    "name": "Dore-lՃglise",
    "code": "63139",
    "epci_code": "200070761",
    "departement_code": "63",
    "region_code": "84",
    "postal_code": "63220"
  },
  {
    "name": "Durmignat",
    "code": "63140",
    "epci_code": "200072080",
    "departement_code": "63",
    "region_code": "84",
    "postal_code": "63700"
  },
  {
    "name": "Durtol",
    "code": "63141",
    "epci_code": "246300701",
    "departement_code": "63",
    "region_code": "84",
    "postal_code": "63830"
  },
  {
    "name": "Échandelys",
    "code": "63142",
    "epci_code": "200070761",
    "departement_code": "63",
    "region_code": "84",
    "postal_code": "63980"
  },
  {
    "name": "Effiat",
    "code": "63143",
    "epci_code": "200071199",
    "departement_code": "63",
    "region_code": "84",
    "postal_code": "63260"
  },
  {
    "name": "Égliseneuve-d’Entraigues",
    "code": "63144",
    "epci_code": "246300966",
    "departement_code": "63",
    "region_code": "84",
    "postal_code": "63850"
  },
  {
    "name": "Égliseneuve-des-Liards",
    "code": "63145",
    "epci_code": "200070407",
    "departement_code": "63",
    "region_code": "84",
    "postal_code": "63490"
  },
  {
    "name": "Égliseneuve-près-Billom",
    "code": "63146",
    "epci_code": "200067627",
    "departement_code": "63",
    "region_code": "84",
    "postal_code": "63160"
  },
  {
    "name": "Églisolles",
    "code": "63147",
    "epci_code": "200070761",
    "departement_code": "63",
    "region_code": "84",
    "postal_code": "63840"
  },
  {
    "name": "Ennezat",
    "code": "63148",
    "epci_code": "200070753",
    "departement_code": "63",
    "region_code": "84",
    "postal_code": "63720"
  },
  {
    "name": "Entraigues",
    "code": "63149",
    "epci_code": "200070753",
    "departement_code": "63",
    "region_code": "84",
    "postal_code": "63720"
  },
  {
    "name": "Enval",
    "code": "63150",
    "epci_code": "200070753",
    "departement_code": "63",
    "region_code": "84",
    "postal_code": "63530"
  },
  {
    "name": "Escoutoux",
    "code": "63151",
    "epci_code": "200070712",
    "departement_code": "63",
    "region_code": "84",
    "postal_code": "63300"
  },
  {
    "name": "Espinasse",
    "code": "63152",
    "epci_code": "200072080",
    "departement_code": "63",
    "region_code": "84",
    "postal_code": "63390"
  },
  {
    "name": "Espinchal",
    "code": "63153",
    "epci_code": "246300966",
    "departement_code": "63",
    "region_code": "84",
    "postal_code": "63850"
  },
  {
    "name": "Espirat",
    "code": "63154",
    "epci_code": "200067627",
    "departement_code": "63",
    "region_code": "84",
    "postal_code": "63160"
  },
  {
    "name": "Estandeuil",
    "code": "63155",
    "epci_code": "200067627",
    "departement_code": "63",
    "region_code": "84",
    "postal_code": "63520"
  },
  {
    "name": "Esteil",
    "code": "63156",
    "epci_code": "200070407",
    "departement_code": "63",
    "region_code": "84",
    "postal_code": "63570"
  },
  {
    "name": "Fayet-le-Château",
    "code": "63157",
    "epci_code": "200067627",
    "departement_code": "63",
    "region_code": "84",
    "postal_code": "63160"
  },
  {
    "name": "Fayet-Ronaye",
    "code": "63158",
    "epci_code": "200070761",
    "departement_code": "63",
    "region_code": "84",
    "postal_code": "63630"
  },
  {
    "name": "Fernoël",
    "code": "63159",
    "epci_code": "200071215",
    "departement_code": "63",
    "region_code": "84",
    "postal_code": "63620"
  },
  {
    "name": "Aulhat-Flat",
    "code": "63160",
    "epci_code": "200070407",
    "departement_code": "63",
    "region_code": "84",
    "postal_code": "63500"
  },
  {
    "name": "La Forie",
    "code": "63161",
    "epci_code": "200070761",
    "departement_code": "63",
    "region_code": "84",
    "postal_code": "63600"
  },
  {
    "name": "Fournols",
    "code": "63162",
    "epci_code": "200070761",
    "departement_code": "63",
    "region_code": "84",
    "postal_code": "63980"
  },
  {
    "name": "Gelles",
    "code": "63163",
    "epci_code": "200069169",
    "departement_code": "63",
    "region_code": "84",
    "postal_code": "63740"
  },
  {
    "name": "Gerzat",
    "code": "63164",
    "epci_code": "246300701",
    "departement_code": "63",
    "region_code": "84",
    "postal_code": "63360"
  },
  {
    "name": "Giat",
    "code": "63165",
    "epci_code": "200071215",
    "departement_code": "63",
    "region_code": "84",
    "postal_code": "63620"
  },
  {
    "name": "Gignat",
    "code": "63166",
    "epci_code": "200070407",
    "departement_code": "63",
    "region_code": "84",
    "postal_code": "63340"
  },
  {
    "name": "Gimeaux",
    "code": "63167",
    "epci_code": "200072098",
    "departement_code": "63",
    "region_code": "84",
    "postal_code": "63200"
  },
  {
    "name": "Glaine-Montaigut",
    "code": "63168",
    "epci_code": "200067627",
    "departement_code": "63",
    "region_code": "84",
    "postal_code": "63160"
  },
  {
    "name": "La Godivelle",
    "code": "63169",
    "epci_code": "246300966",
    "departement_code": "63",
    "region_code": "84",
    "postal_code": "63850"
  },
  {
    "name": "La Goutelle",
    "code": "63170",
    "epci_code": "200071215",
    "departement_code": "63",
    "region_code": "84",
    "postal_code": "63230"
  },
  {
    "name": "Gouttières",
    "code": "63171",
    "epci_code": "200072080",
    "departement_code": "63",
    "region_code": "84",
    "postal_code": "63390"
  },
  {
    "name": "Grandeyrolles",
    "code": "63172",
    "epci_code": "200070407",
    "departement_code": "63",
    "region_code": "84",
    "postal_code": "63320"
  },
  {
    "name": "Grandrif",
    "code": "63173",
    "epci_code": "200070761",
    "departement_code": "63",
    "region_code": "84",
    "postal_code": "63600"
  },
  {
    "name": "Grandval",
    "code": "63174",
    "epci_code": "200070761",
    "departement_code": "63",
    "region_code": "84",
    "postal_code": "63890"
  },
  {
    "name": "Herment",
    "code": "63175",
    "epci_code": "200071215",
    "departement_code": "63",
    "region_code": "84",
    "postal_code": "63470"
  },
  {
    "name": "Heume-lՃglise",
    "code": "63176",
    "epci_code": "200069169",
    "departement_code": "63",
    "region_code": "84",
    "postal_code": "63210"
  },
  {
    "name": "Isserteaux",
    "code": "63177",
    "epci_code": "200067627",
    "departement_code": "63",
    "region_code": "84",
    "postal_code": "63270"
  },
  {
    "name": "Issoire",
    "code": "63178",
    "epci_code": "200070407",
    "departement_code": "63",
    "region_code": "84",
    "postal_code": "63500"
  },
  {
    "name": "Job",
    "code": "63179",
    "epci_code": "200070761",
    "departement_code": "63",
    "region_code": "84",
    "postal_code": "63990"
  },
  {
    "name": "Joze",
    "code": "63180",
    "epci_code": "246301097",
    "departement_code": "63",
    "region_code": "84",
    "postal_code": "63350"
  },
  {
    "name": "Jozerand",
    "code": "63181",
    "epci_code": "200072098",
    "departement_code": "63",
    "region_code": "84",
    "postal_code": "63460"
  },
  {
    "name": "Jumeaux",
    "code": "63182",
    "epci_code": "200070407",
    "departement_code": "63",
    "region_code": "84",
    "postal_code": "63570"
  },
  {
    "name": "Labessette",
    "code": "63183",
    "epci_code": "200069169",
    "departement_code": "63",
    "region_code": "84",
    "postal_code": "63690"
  },
  {
    "name": "Lachaux",
    "code": "63184",
    "epci_code": "200070712",
    "departement_code": "63",
    "region_code": "84",
    "postal_code": "63290"
  },
  {
    "name": "Lamontgie",
    "code": "63185",
    "epci_code": "200070407",
    "departement_code": "63",
    "region_code": "84",
    "postal_code": "63570"
  },
  {
    "name": "Landogne",
    "code": "63186",
    "epci_code": "200071215",
    "departement_code": "63",
    "region_code": "84",
    "postal_code": "63380"
  },
  {
    "name": "Lapeyrouse",
    "code": "63187",
    "epci_code": "200072080",
    "departement_code": "63",
    "region_code": "84",
    "postal_code": "63700"
  },
  {
    "name": "Laps",
    "code": "63188",
    "epci_code": "200069177",
    "departement_code": "63",
    "region_code": "84",
    "postal_code": "63270"
  },
  {
    "name": "Laqueuille",
    "code": "63189",
    "epci_code": "200069169",
    "departement_code": "63",
    "region_code": "84",
    "postal_code": "63820"
  },
  {
    "name": "Larodde",
    "code": "63190",
    "epci_code": "200069169",
    "departement_code": "63",
    "region_code": "84",
    "postal_code": "63690"
  },
  {
    "name": "Lastic",
    "code": "63191",
    "epci_code": "200071215",
    "departement_code": "63",
    "region_code": "84",
    "postal_code": "63760"
  },
  {
    "name": "La Tour-d’Auvergne",
    "code": "63192",
    "epci_code": "200069169",
    "departement_code": "63",
    "region_code": "84",
    "postal_code": "63680"
  },
  {
    "name": "Lempdes",
    "code": "63193",
    "epci_code": "246300701",
    "departement_code": "63",
    "region_code": "84",
    "postal_code": "63370"
  },
  {
    "name": "Lempty",
    "code": "63194",
    "epci_code": "246301097",
    "departement_code": "63",
    "region_code": "84",
    "postal_code": "63190"
  },
  {
    "name": "Lezoux",
    "code": "63195",
    "epci_code": "246301097",
    "departement_code": "63",
    "region_code": "84",
    "postal_code": "63190"
  },
  {
    "name": "Limons",
    "code": "63196",
    "epci_code": "200071199",
    "departement_code": "63",
    "region_code": "84",
    "postal_code": "63290"
  },
  {
    "name": "Lisseuil",
    "code": "63197",
    "epci_code": "200072098",
    "departement_code": "63",
    "region_code": "84",
    "postal_code": "63440"
  },
  {
    "name": "Loubeyrat",
    "code": "63198",
    "epci_code": "200072098",
    "departement_code": "63",
    "region_code": "84",
    "postal_code": "63410"
  },
  {
    "name": "Ludesse",
    "code": "63199",
    "epci_code": "200070407",
    "departement_code": "63",
    "region_code": "84",
    "postal_code": "63320"
  },
  {
    "name": "Lussat",
    "code": "63200",
    "epci_code": "200070753",
    "departement_code": "63",
    "region_code": "84",
    "postal_code": "63360"
  },
  {
    "name": "Luzillat",
    "code": "63201",
    "epci_code": "200071199",
    "departement_code": "63",
    "region_code": "84",
    "postal_code": "63350"
  },
  {
    "name": "Madriat",
    "code": "63202",
    "epci_code": "200070407",
    "departement_code": "63",
    "region_code": "84",
    "postal_code": "63340"
  },
  {
    "name": "Malauzat",
    "code": "63203",
    "epci_code": "200070753",
    "departement_code": "63",
    "region_code": "84",
    "postal_code": "63200"
  },
  {
    "name": "Malintrat",
    "code": "63204",
    "epci_code": "200070753",
    "departement_code": "63",
    "region_code": "84",
    "postal_code": "63510"
  },
  {
    "name": "Manglieu",
    "code": "63205",
    "epci_code": "200069177",
    "departement_code": "63",
    "region_code": "84",
    "postal_code": "63270"
  },
  {
    "name": "Manzat",
    "code": "63206",
    "epci_code": "200072098",
    "departement_code": "63",
    "region_code": "84",
    "postal_code": "63410"
  },
  {
    "name": "Marat",
    "code": "63207",
    "epci_code": "200070761",
    "departement_code": "63",
    "region_code": "84",
    "postal_code": "63480"
  },
  {
    "name": "Marcillat",
    "code": "63208",
    "epci_code": "200072098",
    "departement_code": "63",
    "region_code": "84",
    "postal_code": "63440"
  },
  {
    "name": "Mareugheol",
    "code": "63209",
    "epci_code": "200070407",
    "departement_code": "63",
    "region_code": "84",
    "postal_code": "63340"
  },
  {
    "name": "Maringues",
    "code": "63210",
    "epci_code": "200071199",
    "departement_code": "63",
    "region_code": "84",
    "postal_code": "63350"
  },
  {
    "name": "Marsac-en-Livradois",
    "code": "63211",
    "epci_code": "200070761",
    "departement_code": "63",
    "region_code": "84",
    "postal_code": "63940"
  },
  {
    "name": "Marsat",
    "code": "63212",
    "epci_code": "200070753",
    "departement_code": "63",
    "region_code": "84",
    "postal_code": "63200"
  },
  {
    "name": "Les Martres-d’Artière",
    "code": "63213",
    "epci_code": "200070753",
    "departement_code": "63",
    "region_code": "84",
    "postal_code": "63430"
  },
  {
    "name": "Les Martres-de-Veyre",
    "code": "63214",
    "epci_code": "200069177",
    "departement_code": "63",
    "region_code": "84",
    "postal_code": "63730"
  },
  {
    "name": "Martres-sur-Morge",
    "code": "63215",
    "epci_code": "200070753",
    "departement_code": "63",
    "region_code": "84",
    "postal_code": "63720"
  },
  {
    "name": "Mauzun",
    "code": "63216",
    "epci_code": "200067627",
    "departement_code": "63",
    "region_code": "84",
    "postal_code": "63160"
  },
  {
    "name": "Mayres",
    "code": "63218",
    "epci_code": "200070761",
    "departement_code": "63",
    "region_code": "84",
    "postal_code": "63220"
  },
  {
    "name": "Mazaye",
    "code": "63219",
    "epci_code": "200069169",
    "departement_code": "63",
    "region_code": "84",
    "postal_code": "63230"
  },
  {
    "name": "Mazoires",
    "code": "63220",
    "epci_code": "200070407",
    "departement_code": "63",
    "region_code": "84",
    "postal_code": "63420"
  },
  {
    "name": "Medeyrolles",
    "code": "63221",
    "epci_code": "200070761",
    "departement_code": "63",
    "region_code": "84",
    "postal_code": "63220"
  },
  {
    "name": "Meilhaud",
    "code": "63222",
    "epci_code": "200070407",
    "departement_code": "63",
    "region_code": "84",
    "postal_code": "63320"
  },
  {
    "name": "Menat",
    "code": "63223",
    "epci_code": "200072080",
    "departement_code": "63",
    "region_code": "84",
    "postal_code": "63560"
  },
  {
    "name": "Ménétrol",
    "code": "63224",
    "epci_code": "200070753",
    "departement_code": "63",
    "region_code": "84",
    "postal_code": "63200"
  },
  {
    "name": "Messeix",
    "code": "63225",
    "epci_code": "200071215",
    "departement_code": "63",
    "region_code": "84",
    "postal_code": "63750"
  },
  {
    "name": "Mur-sur-Allier",
    "code": "63226",
    "epci_code": "200067627",
    "departement_code": "63",
    "region_code": "84",
    "postal_code": "63111"
  },
  {
    "name": "Mur-sur-Allier",
    "code": "63226",
    "epci_code": "200067627",
    "departement_code": "63",
    "region_code": "84",
    "postal_code": "63115"
  },
  {
    "name": "Mirefleurs",
    "code": "63227",
    "epci_code": "200069177",
    "departement_code": "63",
    "region_code": "84",
    "postal_code": "63730"
  },
  {
    "name": "Miremont",
    "code": "63228",
    "epci_code": "200071215",
    "departement_code": "63",
    "region_code": "84",
    "postal_code": "63380"
  },
  {
    "name": "Moissat",
    "code": "63229",
    "epci_code": "246301097",
    "departement_code": "63",
    "region_code": "84",
    "postal_code": "63190"
  },
  {
    "name": "Le Monestier",
    "code": "63230",
    "epci_code": "200070761",
    "departement_code": "63",
    "region_code": "84",
    "postal_code": "63890"
  },
  {
    "name": "La Monnerie-le-Montel",
    "code": "63231",
    "epci_code": "200070712",
    "departement_code": "63",
    "region_code": "84",
    "postal_code": "63650"
  },
  {
    "name": "Mons",
    "code": "63232",
    "epci_code": "200071199",
    "departement_code": "63",
    "region_code": "84",
    "postal_code": "63310"
  },
  {
    "name": "Montaigut-en-Combraille",
    "code": "63233",
    "epci_code": "200072080",
    "departement_code": "63",
    "region_code": "84",
    "postal_code": "63700"
  },
  {
    "name": "Montaigut-le-Blanc",
    "code": "63234",
    "epci_code": "200070407",
    "departement_code": "63",
    "region_code": "84",
    "postal_code": "63320"
  },
  {
    "name": "Montcel",
    "code": "63235",
    "epci_code": "200072098",
    "departement_code": "63",
    "region_code": "84",
    "postal_code": "63460"
  },
  {
    "name": "Mont-Dore",
    "code": "63236",
    "epci_code": "246300966",
    "departement_code": "63",
    "region_code": "84",
    "postal_code": "63240"
  },
  {
    "name": "Montel-de-Gelat",
    "code": "63237",
    "epci_code": "200071215",
    "departement_code": "63",
    "region_code": "84",
    "postal_code": "63380"
  },
  {
    "name": "Montfermy",
    "code": "63238",
    "epci_code": "200071215",
    "departement_code": "63",
    "region_code": "84",
    "postal_code": "63230"
  },
  {
    "name": "Montmorin",
    "code": "63239",
    "epci_code": "200067627",
    "departement_code": "63",
    "region_code": "84",
    "postal_code": "63160"
  },
  {
    "name": "Montpensier",
    "code": "63240",
    "epci_code": "200071199",
    "departement_code": "63",
    "region_code": "84",
    "postal_code": "63260"
  },
  {
    "name": "Montpeyroux",
    "code": "63241",
    "epci_code": "200070407",
    "departement_code": "63",
    "region_code": "84",
    "postal_code": "63114"
  },
  {
    "name": "Moriat",
    "code": "63242",
    "epci_code": "200070407",
    "departement_code": "63",
    "region_code": "84",
    "postal_code": "63340"
  },
  {
    "name": "Moureuille",
    "code": "63243",
    "epci_code": "200072080",
    "departement_code": "63",
    "region_code": "84",
    "postal_code": "63700"
  },
  {
    "name": "Chambaron sur Morge",
    "code": "63244",
    "epci_code": "200070753",
    "departement_code": "63",
    "region_code": "84",
    "postal_code": "63200"
  },
  {
    "name": "Mozac",
    "code": "63245",
    "epci_code": "200070753",
    "departement_code": "63",
    "region_code": "84",
    "postal_code": "63200"
  },
  {
    "name": "Murat-le-Quaire",
    "code": "63246",
    "epci_code": "246300966",
    "departement_code": "63",
    "region_code": "84",
    "postal_code": "63150"
  },
  {
    "name": "Murol",
    "code": "63247",
    "epci_code": "246300966",
    "departement_code": "63",
    "region_code": "84",
    "postal_code": "63790"
  },
  {
    "name": "Nébouzat",
    "code": "63248",
    "epci_code": "200069169",
    "departement_code": "63",
    "region_code": "84",
    "postal_code": "63210"
  },
  {
    "name": "Néronde-sur-Dore",
    "code": "63249",
    "epci_code": "200070712",
    "departement_code": "63",
    "region_code": "84",
    "postal_code": "63120"
  },
  {
    "name": "Neschers",
    "code": "63250",
    "epci_code": "200070407",
    "departement_code": "63",
    "region_code": "84",
    "postal_code": "63320"
  },
  {
    "name": "Neuf-Église",
    "code": "63251",
    "epci_code": "200072080",
    "departement_code": "63",
    "region_code": "84",
    "postal_code": "63560"
  },
  {
    "name": "Neuville",
    "code": "63252",
    "epci_code": "200067627",
    "departement_code": "63",
    "region_code": "84",
    "postal_code": "63160"
  },
  {
    "name": "Noalhat",
    "code": "63253",
    "epci_code": "200070712",
    "departement_code": "63",
    "region_code": "84",
    "postal_code": "63290"
  },
  {
    "name": "Nohanent",
    "code": "63254",
    "epci_code": "246300701",
    "departement_code": "63",
    "region_code": "84",
    "postal_code": "63830"
  },
  {
    "name": "Nonette-Orsonnette",
    "code": "63255",
    "epci_code": "200070407",
    "departement_code": "63",
    "region_code": "84",
    "postal_code": "63340"
  },
  {
    "name": "Novacelles",
    "code": "63256",
    "epci_code": "200070761",
    "departement_code": "63",
    "region_code": "84",
    "postal_code": "63220"
  },
  {
    "name": "Olby",
    "code": "63257",
    "epci_code": "200069169",
    "departement_code": "63",
    "region_code": "84",
    "postal_code": "63210"
  },
  {
    "name": "Olliergues",
    "code": "63258",
    "epci_code": "200070761",
    "departement_code": "63",
    "region_code": "84",
    "postal_code": "63880"
  },
  {
    "name": "Olloix",
    "code": "63259",
    "epci_code": "200069177",
    "departement_code": "63",
    "region_code": "84",
    "postal_code": "63450"
  },
  {
    "name": "Olmet",
    "code": "63260",
    "epci_code": "200070712",
    "departement_code": "63",
    "region_code": "84",
    "postal_code": "63880"
  },
  {
    "name": "Orbeil",
    "code": "63261",
    "epci_code": "200070407",
    "departement_code": "63",
    "region_code": "84",
    "postal_code": "63500"
  },
  {
    "name": "Orcet",
    "code": "63262",
    "epci_code": "200069177",
    "departement_code": "63",
    "region_code": "84",
    "postal_code": "63670"
  },
  {
    "name": "Orcines",
    "code": "63263",
    "epci_code": "246300701",
    "departement_code": "63",
    "region_code": "84",
    "postal_code": "63870"
  },
  {
    "name": "Orcival",
    "code": "63264",
    "epci_code": "200069169",
    "departement_code": "63",
    "region_code": "84",
    "postal_code": "63210"
  },
  {
    "name": "Orléat",
    "code": "63265",
    "epci_code": "246301097",
    "departement_code": "63",
    "region_code": "84",
    "postal_code": "63190"
  },
  {
    "name": "Palladuc",
    "code": "63267",
    "epci_code": "200070712",
    "departement_code": "63",
    "region_code": "84",
    "postal_code": "63550"
  },
  {
    "name": "Pardines",
    "code": "63268",
    "epci_code": "200070407",
    "departement_code": "63",
    "region_code": "84",
    "postal_code": "63500"
  },
  {
    "name": "Parent",
    "code": "63269",
    "epci_code": "200070407",
    "departement_code": "63",
    "region_code": "84",
    "postal_code": "63270"
  },
  {
    "name": "Parentignat",
    "code": "63270",
    "epci_code": "200070407",
    "departement_code": "63",
    "region_code": "84",
    "postal_code": "63500"
  },
  {
    "name": "Paslières",
    "code": "63271",
    "epci_code": "200070712",
    "departement_code": "63",
    "region_code": "84",
    "postal_code": "63290"
  },
  {
    "name": "Pérignat-lès-Sarliève",
    "code": "63272",
    "epci_code": "246300701",
    "departement_code": "63",
    "region_code": "84",
    "postal_code": "63170"
  },
  {
    "name": "Pérignat-sur-Allier",
    "code": "63273",
    "epci_code": "200067627",
    "departement_code": "63",
    "region_code": "84",
    "postal_code": "63800"
  },
  {
    "name": "Perpezat",
    "code": "63274",
    "epci_code": "200069169",
    "departement_code": "63",
    "region_code": "84",
    "postal_code": "63210"
  },
  {
    "name": "Perrier",
    "code": "63275",
    "epci_code": "200070407",
    "departement_code": "63",
    "region_code": "84",
    "postal_code": "63500"
  },
  {
    "name": "Peschadoires",
    "code": "63276",
    "epci_code": "246301097",
    "departement_code": "63",
    "region_code": "84",
    "postal_code": "63920"
  },
  {
    "name": "Peslières",
    "code": "63277",
    "epci_code": "200070407",
    "departement_code": "63",
    "region_code": "84",
    "postal_code": "63580"
  },
  {
    "name": "Pessat-Villeneuve",
    "code": "63278",
    "epci_code": "200070753",
    "departement_code": "63",
    "region_code": "84",
    "postal_code": "63200"
  },
  {
    "name": "Picherande",
    "code": "63279",
    "epci_code": "246300966",
    "departement_code": "63",
    "region_code": "84",
    "postal_code": "63113"
  },
  {
    "name": "Pignols",
    "code": "63280",
    "epci_code": "200069177",
    "departement_code": "63",
    "region_code": "84",
    "postal_code": "63270"
  },
  {
    "name": "Pionsat",
    "code": "63281",
    "epci_code": "200072080",
    "departement_code": "63",
    "region_code": "84",
    "postal_code": "63330"
  },
  {
    "name": "Plauzat",
    "code": "63282",
    "epci_code": "200070407",
    "departement_code": "63",
    "region_code": "84",
    "postal_code": "63730"
  },
  {
    "name": "Pontaumur",
    "code": "63283",
    "epci_code": "200071215",
    "departement_code": "63",
    "region_code": "84",
    "postal_code": "63380"
  },
  {
    "name": "Pont-du-Château",
    "code": "63284",
    "epci_code": "246300701",
    "departement_code": "63",
    "region_code": "84",
    "postal_code": "63430"
  },
  {
    "name": "Pontgibaud",
    "code": "63285",
    "epci_code": "200071215",
    "departement_code": "63",
    "region_code": "84",
    "postal_code": "63230"
  },
  {
    "name": "Pouzol",
    "code": "63286",
    "epci_code": "200072098",
    "departement_code": "63",
    "region_code": "84",
    "postal_code": "63440"
  },
  {
    "name": "Les Pradeaux",
    "code": "63287",
    "epci_code": "200070407",
    "departement_code": "63",
    "region_code": "84",
    "postal_code": "63500"
  },
  {
    "name": "Prompsat",
    "code": "63288",
    "epci_code": "200072098",
    "departement_code": "63",
    "region_code": "84",
    "postal_code": "63200"
  },
  {
    "name": "Prondines",
    "code": "63289",
    "epci_code": "200071215",
    "departement_code": "63",
    "region_code": "84",
    "postal_code": "63470"
  },
  {
    "name": "Pulvérières",
    "code": "63290",
    "epci_code": "200070753",
    "departement_code": "63",
    "region_code": "84",
    "postal_code": "63230"
  },
  {
    "name": "Puy-Guillaume",
    "code": "63291",
    "epci_code": "200070712",
    "departement_code": "63",
    "region_code": "84",
    "postal_code": "63290"
  },
  {
    "name": "Puy-Saint-Gulmier",
    "code": "63292",
    "epci_code": "200071215",
    "departement_code": "63",
    "region_code": "84",
    "postal_code": "63470"
  },
  {
    "name": "Le Quartier",
    "code": "63293",
    "epci_code": "200072080",
    "departement_code": "63",
    "region_code": "84",
    "postal_code": "63330"
  },
  {
    "name": "Queuille",
    "code": "63294",
    "epci_code": "200072098",
    "departement_code": "63",
    "region_code": "84",
    "postal_code": "63780"
  },
  {
    "name": "Randan",
    "code": "63295",
    "epci_code": "200071199",
    "departement_code": "63",
    "region_code": "84",
    "postal_code": "63310"
  },
  {
    "name": "Ravel",
    "code": "63296",
    "epci_code": "246301097",
    "departement_code": "63",
    "region_code": "84",
    "postal_code": "63190"
  },
  {
    "name": "Reignat",
    "code": "63297",
    "epci_code": "200067627",
    "departement_code": "63",
    "region_code": "84",
    "postal_code": "63160"
  },
  {
    "name": "La Renaudie",
    "code": "63298",
    "epci_code": "200070712",
    "departement_code": "63",
    "region_code": "84",
    "postal_code": "63930"
  },
  {
    "name": "Rentières",
    "code": "63299",
    "epci_code": "200070407",
    "departement_code": "63",
    "region_code": "84",
    "postal_code": "63420"
  },
  {
    "name": "Riom",
    "code": "63300",
    "epci_code": "200070753",
    "departement_code": "63",
    "region_code": "84",
    "postal_code": "63200"
  },
  {
    "name": "Ris",
    "code": "63301",
    "epci_code": "200070712",
    "departement_code": "63",
    "region_code": "84",
    "postal_code": "63290"
  },
  {
    "name": "La Roche-Blanche",
    "code": "63302",
    "epci_code": "200069177",
    "departement_code": "63",
    "region_code": "84",
    "postal_code": "63670"
  },
  {
    "name": "Roche-Charles-la-Mayrand",
    "code": "63303",
    "epci_code": "200070407",
    "departement_code": "63",
    "region_code": "84",
    "postal_code": "63420"
  },
  {
    "name": "Roche-d’Agoux",
    "code": "63304",
    "epci_code": "200072080",
    "departement_code": "63",
    "region_code": "84",
    "postal_code": "63330"
  },
  {
    "name": "Rochefort-Montagne",
    "code": "63305",
    "epci_code": "200069169",
    "departement_code": "63",
    "region_code": "84",
    "postal_code": "63210"
  },
  {
    "name": "La Roche-Noire",
    "code": "63306",
    "epci_code": "200069177",
    "departement_code": "63",
    "region_code": "84",
    "postal_code": "63800"
  },
  {
    "name": "Romagnat",
    "code": "63307",
    "epci_code": "246300701",
    "departement_code": "63",
    "region_code": "84",
    "postal_code": "63540"
  },
  {
    "name": "Royat",
    "code": "63308",
    "epci_code": "246300701",
    "departement_code": "63",
    "region_code": "84",
    "postal_code": "63130"
  },
  {
    "name": "Saillant",
    "code": "63309",
    "epci_code": "200070761",
    "departement_code": "63",
    "region_code": "84",
    "postal_code": "63840"
  },
  {
    "name": "Sainte-Agathe",
    "code": "63310",
    "epci_code": "200070712",
    "departement_code": "63",
    "region_code": "84",
    "postal_code": "63120"
  },
  {
    "name": "Saint-Agoulin",
    "code": "63311",
    "epci_code": "200071199",
    "departement_code": "63",
    "region_code": "84",
    "postal_code": "63260"
  },
  {
    "name": "Saint-Alyre-d’Arlanc",
    "code": "63312",
    "epci_code": "200070761",
    "departement_code": "63",
    "region_code": "84",
    "postal_code": "63220"
  },
  {
    "name": "Saint-Alyre-ès-Montagne",
    "code": "63313",
    "epci_code": "200070407",
    "departement_code": "63",
    "region_code": "84",
    "postal_code": "63420"
  },
  {
    "name": "Saint-Amant-Roche-Savine",
    "code": "63314",
    "epci_code": "200070761",
    "departement_code": "63",
    "region_code": "84",
    "postal_code": "63890"
  },
  {
    "name": "Saint-Amant-Tallende",
    "code": "63315",
    "epci_code": "200069177",
    "departement_code": "63",
    "region_code": "84",
    "postal_code": "63450"
  },
  {
    "name": "Saint-André-le-Coq",
    "code": "63317",
    "epci_code": "200071199",
    "departement_code": "63",
    "region_code": "84",
    "postal_code": "63310"
  },
  {
    "name": "Saint-Angel",
    "code": "63318",
    "epci_code": "200072098",
    "departement_code": "63",
    "region_code": "84",
    "postal_code": "63410"
  },
  {
    "name": "Saint-Anthème",
    "code": "63319",
    "epci_code": "200070761",
    "departement_code": "63",
    "region_code": "84",
    "postal_code": "63660"
  },
  {
    "name": "Saint-Avit",
    "code": "63320",
    "epci_code": "200071215",
    "departement_code": "63",
    "region_code": "84",
    "postal_code": "63380"
  },
  {
    "name": "Saint-Babel",
    "code": "63321",
    "epci_code": "200070407",
    "departement_code": "63",
    "region_code": "84",
    "postal_code": "63500"
  },
  {
    "name": "Saint-Beauzire",
    "code": "63322",
    "epci_code": "200070753",
    "departement_code": "63",
    "region_code": "84",
    "postal_code": "63360"
  },
  {
    "name": "Saint-Bonnet-le-Bourg",
    "code": "63323",
    "epci_code": "200070761",
    "departement_code": "63",
    "region_code": "84",
    "postal_code": "63630"
  },
  {
    "name": "Saint-Bonnet-le-Chastel",
    "code": "63324",
    "epci_code": "200070761",
    "departement_code": "63",
    "region_code": "84",
    "postal_code": "63630"
  },
  {
    "name": "Saint-Bonnet-lès-Allier",
    "code": "63325",
    "epci_code": "200067627",
    "departement_code": "63",
    "region_code": "84",
    "postal_code": "63800"
  },
  {
    "name": "Saint-Bonnet-près-Orcival",
    "code": "63326",
    "epci_code": "200069169",
    "departement_code": "63",
    "region_code": "84",
    "postal_code": "63210"
  },
  {
    "name": "Saint-Bonnet-près-Riom",
    "code": "63327",
    "epci_code": "200070753",
    "departement_code": "63",
    "region_code": "84",
    "postal_code": "63200"
  },
  {
    "name": "Sainte-Catherine",
    "code": "63328",
    "epci_code": "200070761",
    "departement_code": "63",
    "region_code": "84",
    "postal_code": "63580"
  },
  {
    "name": "Sainte-Christine",
    "code": "63329",
    "epci_code": "200072080",
    "departement_code": "63",
    "region_code": "84",
    "postal_code": "63390"
  },
  {
    "name": "Saint-Clément-de-Valorgue",
    "code": "63331",
    "epci_code": "200070761",
    "departement_code": "63",
    "region_code": "84",
    "postal_code": "63660"
  },
  {
    "name": "Saint-Clément-de-Régnat",
    "code": "63332",
    "epci_code": "200071199",
    "departement_code": "63",
    "region_code": "84",
    "postal_code": "63310"
  },
  {
    "name": "Saint-Denis-Combarnazat",
    "code": "63333",
    "epci_code": "200071199",
    "departement_code": "63",
    "region_code": "84",
    "postal_code": "63310"
  },
  {
    "name": "Saint-Dier-d’Auvergne",
    "code": "63334",
    "epci_code": "200067627",
    "departement_code": "63",
    "region_code": "84",
    "postal_code": "63520"
  },
  {
    "name": "Saint-Diéry",
    "code": "63335",
    "epci_code": "246300966",
    "departement_code": "63",
    "region_code": "84",
    "postal_code": "63320"
  },
  {
    "name": "Saint-Donat",
    "code": "63336",
    "epci_code": "200069169",
    "departement_code": "63",
    "region_code": "84",
    "postal_code": "63680"
  },
  {
    "name": "Saint-Éloy-la-Glacière",
    "code": "63337",
    "epci_code": "200070761",
    "departement_code": "63",
    "region_code": "84",
    "postal_code": "63890"
  },
  {
    "name": "Saint-Éloy-les-Mines",
    "code": "63338",
    "epci_code": "200072080",
    "departement_code": "63",
    "region_code": "84",
    "postal_code": "63700"
  },
  {
    "name": "Saint-Étienne-des-Champs",
    "code": "63339",
    "epci_code": "200071215",
    "departement_code": "63",
    "region_code": "84",
    "postal_code": "63380"
  },
  {
    "name": "Saint-Étienne-sur-Usson",
    "code": "63340",
    "epci_code": "200070407",
    "departement_code": "63",
    "region_code": "84",
    "postal_code": "63580"
  },
  {
    "name": "Saint-Ferréol-des-Côtes",
    "code": "63341",
    "epci_code": "200070761",
    "departement_code": "63",
    "region_code": "84",
    "postal_code": "63600"
  },
  {
    "name": "Saint-Floret",
    "code": "63342",
    "epci_code": "200070407",
    "departement_code": "63",
    "region_code": "84",
    "postal_code": "63320"
  },
  {
    "name": "Saint-Flour-lՃtang",
    "code": "63343",
    "epci_code": "200070712",
    "departement_code": "63",
    "region_code": "84",
    "postal_code": "63520"
  },
  {
    "name": "Saint-Gal-sur-Sioule",
    "code": "63344",
    "epci_code": "200072098",
    "departement_code": "63",
    "region_code": "84",
    "postal_code": "63440"
  },
  {
    "name": "Saint-Genès-Champanelle",
    "code": "63345",
    "epci_code": "246300701",
    "departement_code": "63",
    "region_code": "84",
    "postal_code": "63122"
  },
  {
    "name": "Saint-Genès-Champespe",
    "code": "63346",
    "epci_code": "246300966",
    "departement_code": "63",
    "region_code": "84",
    "postal_code": "63850"
  },
  {
    "name": "Saint-Genès-du-Retz",
    "code": "63347",
    "epci_code": "200071199",
    "departement_code": "63",
    "region_code": "84",
    "postal_code": "63260"
  },
  {
    "name": "Saint-Genès-la-Tourette",
    "code": "63348",
    "epci_code": "200070407",
    "departement_code": "63",
    "region_code": "84",
    "postal_code": "63580"
  },
  {
    "name": "Saint-Georges-de-Mons",
    "code": "63349",
    "epci_code": "200072098",
    "departement_code": "63",
    "region_code": "84",
    "postal_code": "63780"
  },
  {
    "name": "Saint-Georges-sur-Allier",
    "code": "63350",
    "epci_code": "200069177",
    "departement_code": "63",
    "region_code": "84",
    "postal_code": "63800"
  },
  {
    "name": "Saint-Germain-près-Herment",
    "code": "63351",
    "epci_code": "200071215",
    "departement_code": "63",
    "region_code": "84",
    "postal_code": "63470"
  },
  {
    "name": "Saint-Germain-Lembron",
    "code": "63352",
    "epci_code": "200070407",
    "departement_code": "63",
    "region_code": "84",
    "postal_code": "63340"
  },
  {
    "name": "Saint-Germain-l’Herm",
    "code": "63353",
    "epci_code": "200070761",
    "departement_code": "63",
    "region_code": "84",
    "postal_code": "63630"
  },
  {
    "name": "Saint-Gervais-d’Auvergne",
    "code": "63354",
    "epci_code": "200072080",
    "departement_code": "63",
    "region_code": "84",
    "postal_code": "63390"
  },
  {
    "name": "Saint-Gervais-sous-Meymont",
    "code": "63355",
    "epci_code": "200070761",
    "departement_code": "63",
    "region_code": "84",
    "postal_code": "63880"
  },
  {
    "name": "Saint-Gervazy",
    "code": "63356",
    "epci_code": "200070407",
    "departement_code": "63",
    "region_code": "84",
    "postal_code": "63340"
  },
  {
    "name": "Saint-Hérent",
    "code": "63357",
    "epci_code": "200070407",
    "departement_code": "63",
    "region_code": "84",
    "postal_code": "63340"
  },
  {
    "name": "Saint-Hilaire-la-Croix",
    "code": "63358",
    "epci_code": "200072098",
    "departement_code": "63",
    "region_code": "84",
    "postal_code": "63440"
  },
  {
    "name": "Saint-Hilaire-les-Monges",
    "code": "63359",
    "epci_code": "200071215",
    "departement_code": "63",
    "region_code": "84",
    "postal_code": "63380"
  },
  {
    "name": "Saint-Hilaire",
    "code": "63360",
    "epci_code": "200072080",
    "departement_code": "63",
    "region_code": "84",
    "postal_code": "63330"
  },
  {
    "name": "Saint-Ignat",
    "code": "63362",
    "epci_code": "200070753",
    "departement_code": "63",
    "region_code": "84",
    "postal_code": "63720"
  },
  {
    "name": "Saint-Jacques-d’Ambur",
    "code": "63363",
    "epci_code": "200071215",
    "departement_code": "63",
    "region_code": "84",
    "postal_code": "63230"
  },
  {
    "name": "Saint-Jean-d’Heurs",
    "code": "63364",
    "epci_code": "246301097",
    "departement_code": "63",
    "region_code": "84",
    "postal_code": "63190"
  },
  {
    "name": "Saint-Jean-des-Ollières",
    "code": "63365",
    "epci_code": "200067627",
    "departement_code": "63",
    "region_code": "84",
    "postal_code": "63520"
  },
  {
    "name": "Saint-Jean-en-Val",
    "code": "63366",
    "epci_code": "200070407",
    "departement_code": "63",
    "region_code": "84",
    "postal_code": "63490"
  },
  {
    "name": "Saint-Jean-Saint-Gervais",
    "code": "63367",
    "epci_code": "200070407",
    "departement_code": "63",
    "region_code": "84",
    "postal_code": "63570"
  },
  {
    "name": "Saint-Julien-de-Coppel",
    "code": "63368",
    "epci_code": "200067627",
    "departement_code": "63",
    "region_code": "84",
    "postal_code": "63160"
  },
  {
    "name": "Saint-Julien-la-Geneste",
    "code": "63369",
    "epci_code": "200072080",
    "departement_code": "63",
    "region_code": "84",
    "postal_code": "63390"
  },
  {
    "name": "Saint-Julien-Puy-Lavèze",
    "code": "63370",
    "epci_code": "200069169",
    "departement_code": "63",
    "region_code": "84",
    "postal_code": "63820"
  },
  {
    "name": "Saint-Just",
    "code": "63371",
    "epci_code": "200070761",
    "departement_code": "63",
    "region_code": "84",
    "postal_code": "63600"
  },
  {
    "name": "Saint-Laure",
    "code": "63372",
    "epci_code": "200070753",
    "departement_code": "63",
    "region_code": "84",
    "postal_code": "63350"
  },
  {
    "name": "Saint-Maigner",
    "code": "63373",
    "epci_code": "200072080",
    "departement_code": "63",
    "region_code": "84",
    "postal_code": "63330"
  },
  {
    "name": "Saint-Martin-des-Olmes",
    "code": "63374",
    "epci_code": "200070761",
    "departement_code": "63",
    "region_code": "84",
    "postal_code": "63600"
  },
  {
    "name": "Saint-Martin-des-Plains",
    "code": "63375",
    "epci_code": "200070407",
    "departement_code": "63",
    "region_code": "84",
    "postal_code": "63570"
  },
  {
    "name": "Saint-Martin-d’Ollières",
    "code": "63376",
    "epci_code": "200070407",
    "departement_code": "63",
    "region_code": "84",
    "postal_code": "63580"
  },
  {
    "name": "Saint-Maurice-près-Pionsat",
    "code": "63377",
    "epci_code": "200072080",
    "departement_code": "63",
    "region_code": "84",
    "postal_code": "63330"
  },
  {
    "name": "Saint-Maurice",
    "code": "63378",
    "epci_code": "200069177",
    "departement_code": "63",
    "region_code": "84",
    "postal_code": "63270"
  },
  {
    "name": "Saint-Myon",
    "code": "63379",
    "epci_code": "200072098",
    "departement_code": "63",
    "region_code": "84",
    "postal_code": "63460"
  },
  {
    "name": "Saint-Nectaire",
    "code": "63380",
    "epci_code": "246300966",
    "departement_code": "63",
    "region_code": "84",
    "postal_code": "63710"
  },
  {
    "name": "Saint-Ours",
    "code": "63381",
    "epci_code": "200070753",
    "departement_code": "63",
    "region_code": "84",
    "postal_code": "63230"
  },
  {
    "name": "Saint-Pardoux",
    "code": "63382",
    "epci_code": "200072098",
    "departement_code": "63",
    "region_code": "84",
    "postal_code": "63440"
  },
  {
    "name": "Saint-Pierre-Colamine",
    "code": "63383",
    "epci_code": "246300966",
    "departement_code": "63",
    "region_code": "84",
    "postal_code": "63610"
  },
  {
    "name": "Saint-Pierre-la-Bourlhonne",
    "code": "63384",
    "epci_code": "200070761",
    "departement_code": "63",
    "region_code": "84",
    "postal_code": "63480"
  },
  {
    "name": "Saint-Pierre-le-Chastel",
    "code": "63385",
    "epci_code": "200071215",
    "departement_code": "63",
    "region_code": "84",
    "postal_code": "63230"
  },
  {
    "name": "Saint-Pierre-Roche",
    "code": "63386",
    "epci_code": "200069169",
    "departement_code": "63",
    "region_code": "84",
    "postal_code": "63210"
  },
  {
    "name": "Saint-Priest-Bramefant",
    "code": "63387",
    "epci_code": "200071199",
    "departement_code": "63",
    "region_code": "84",
    "postal_code": "63310"
  },
  {
    "name": "Saint-Priest-des-Champs",
    "code": "63388",
    "epci_code": "200072080",
    "departement_code": "63",
    "region_code": "84",
    "postal_code": "63640"
  },
  {
    "name": "Saint-Quentin-sur-Sauxillanges",
    "code": "63389",
    "epci_code": "200070407",
    "departement_code": "63",
    "region_code": "84",
    "postal_code": "63490"
  },
  {
    "name": "Saint-Quintin-sur-Sioule",
    "code": "63390",
    "epci_code": "200072098",
    "departement_code": "63",
    "region_code": "84",
    "postal_code": "63440"
  },
  {
    "name": "Saint-Rémy-de-Blot",
    "code": "63391",
    "epci_code": "200072098",
    "departement_code": "63",
    "region_code": "84",
    "postal_code": "63440"
  },
  {
    "name": "Saint-Rémy-de-Chargnat",
    "code": "63392",
    "epci_code": "200070407",
    "departement_code": "63",
    "region_code": "84",
    "postal_code": "63500"
  },
  {
    "name": "Saint-Rémy-sur-Durolle",
    "code": "63393",
    "epci_code": "200070712",
    "departement_code": "63",
    "region_code": "84",
    "postal_code": "63550"
  },
  {
    "name": "Saint-Romain",
    "code": "63394",
    "epci_code": "200070761",
    "departement_code": "63",
    "region_code": "84",
    "postal_code": "63660"
  },
  {
    "name": "Saint-Sandoux",
    "code": "63395",
    "epci_code": "200069177",
    "departement_code": "63",
    "region_code": "84",
    "postal_code": "63450"
  },
  {
    "name": "Saint-Saturnin",
    "code": "63396",
    "epci_code": "200069177",
    "departement_code": "63",
    "region_code": "84",
    "postal_code": "63450"
  },
  {
    "name": "Saint-Sauves-d’Auvergne",
    "code": "63397",
    "epci_code": "200069169",
    "departement_code": "63",
    "region_code": "84",
    "postal_code": "63950"
  },
  {
    "name": "Saint-Sauveur-la-Sagne",
    "code": "63398",
    "epci_code": "200070761",
    "departement_code": "63",
    "region_code": "84",
    "postal_code": "63220"
  },
  {
    "name": "Saint-Sulpice",
    "code": "63399",
    "epci_code": "200071215",
    "departement_code": "63",
    "region_code": "84",
    "postal_code": "63760"
  },
  {
    "name": "Saint-Sylvestre-Pragoulin",
    "code": "63400",
    "epci_code": "200071199",
    "departement_code": "63",
    "region_code": "84",
    "postal_code": "63310"
  },
  {
    "name": "Saint-Victor-la-Rivière",
    "code": "63401",
    "epci_code": "246300966",
    "departement_code": "63",
    "region_code": "84",
    "postal_code": "63790"
  },
  {
    "name": "Saint-Victor-Montvianeix",
    "code": "63402",
    "epci_code": "200070712",
    "departement_code": "63",
    "region_code": "84",
    "postal_code": "63550"
  },
  {
    "name": "Saint-Vincent",
    "code": "63403",
    "epci_code": "200070407",
    "departement_code": "63",
    "region_code": "84",
    "postal_code": "63320"
  },
  {
    "name": "Saint-Yvoine",
    "code": "63404",
    "epci_code": "200070407",
    "departement_code": "63",
    "region_code": "84",
    "postal_code": "63500"
  },
  {
    "name": "Sallèdes",
    "code": "63405",
    "epci_code": "200069177",
    "departement_code": "63",
    "region_code": "84",
    "postal_code": "63270"
  },
  {
    "name": "Sardon",
    "code": "63406",
    "epci_code": "200071199",
    "departement_code": "63",
    "region_code": "84",
    "postal_code": "63260"
  },
  {
    "name": "Saulzet-le-Froid",
    "code": "63407",
    "epci_code": "200069169",
    "departement_code": "63",
    "region_code": "84",
    "postal_code": "63970"
  },
  {
    "name": "Sauret-Besserve",
    "code": "63408",
    "epci_code": "200072080",
    "departement_code": "63",
    "region_code": "84",
    "postal_code": "63390"
  },
  {
    "name": "Saurier",
    "code": "63409",
    "epci_code": "200070407",
    "departement_code": "63",
    "region_code": "84",
    "postal_code": "63320"
  },
  {
    "name": "Sauvagnat",
    "code": "63410",
    "epci_code": "200071215",
    "departement_code": "63",
    "region_code": "84",
    "postal_code": "63470"
  },
  {
    "name": "Sauvagnat-Sainte-Marthe",
    "code": "63411",
    "epci_code": "200070407",
    "departement_code": "63",
    "region_code": "84",
    "postal_code": "63500"
  },
  {
    "name": "Sauvessanges",
    "code": "63412",
    "epci_code": "200070761",
    "departement_code": "63",
    "region_code": "84",
    "postal_code": "63840"
  },
  {
    "name": "La Sauvetat",
    "code": "63413",
    "epci_code": "200069177",
    "departement_code": "63",
    "region_code": "84",
    "postal_code": "63730"
  },
  {
    "name": "Sauviat",
    "code": "63414",
    "epci_code": "200070712",
    "departement_code": "63",
    "region_code": "84",
    "postal_code": "63120"
  },
  {
    "name": "Sauxillanges",
    "code": "63415",
    "epci_code": "200070407",
    "departement_code": "63",
    "region_code": "84",
    "postal_code": "63490"
  },
  {
    "name": "Savennes",
    "code": "63416",
    "epci_code": "200071215",
    "departement_code": "63",
    "region_code": "84",
    "postal_code": "63750"
  },
  {
    "name": "Sayat",
    "code": "63417",
    "epci_code": "200070753",
    "departement_code": "63",
    "region_code": "84",
    "postal_code": "63530"
  },
  {
    "name": "Sermentizon",
    "code": "63418",
    "epci_code": "200070712",
    "departement_code": "63",
    "region_code": "84",
    "postal_code": "63120"
  },
  {
    "name": "Servant",
    "code": "63419",
    "epci_code": "200072080",
    "departement_code": "63",
    "region_code": "84",
    "postal_code": "63560"
  },
  {
    "name": "Seychalles",
    "code": "63420",
    "epci_code": "246301097",
    "departement_code": "63",
    "region_code": "84",
    "postal_code": "63190"
  },
  {
    "name": "Singles",
    "code": "63421",
    "epci_code": "200069169",
    "departement_code": "63",
    "region_code": "84",
    "postal_code": "63690"
  },
  {
    "name": "Solignat",
    "code": "63422",
    "epci_code": "200070407",
    "departement_code": "63",
    "region_code": "84",
    "postal_code": "63500"
  },
  {
    "name": "Sugères",
    "code": "63423",
    "epci_code": "200070407",
    "departement_code": "63",
    "region_code": "84",
    "postal_code": "63490"
  },
  {
    "name": "Surat",
    "code": "63424",
    "epci_code": "200070753",
    "departement_code": "63",
    "region_code": "84",
    "postal_code": "63720"
  },
  {
    "name": "Tallende",
    "code": "63425",
    "epci_code": "200069177",
    "departement_code": "63",
    "region_code": "84",
    "postal_code": "63450"
  },
  {
    "name": "Tauves",
    "code": "63426",
    "epci_code": "200069169",
    "departement_code": "63",
    "region_code": "84",
    "postal_code": "63690"
  },
  {
    "name": "Teilhède",
    "code": "63427",
    "epci_code": "200072098",
    "departement_code": "63",
    "region_code": "84",
    "postal_code": "63460"
  },
  {
    "name": "Teilhet",
    "code": "63428",
    "epci_code": "200072080",
    "departement_code": "63",
    "region_code": "84",
    "postal_code": "63560"
  },
  {
    "name": "Ternant-les-Eaux",
    "code": "63429",
    "epci_code": "200070407",
    "departement_code": "63",
    "region_code": "84",
    "postal_code": "63340"
  },
  {
    "name": "Thiers",
    "code": "63430",
    "epci_code": "200070712",
    "departement_code": "63",
    "region_code": "84",
    "postal_code": "63300"
  },
  {
    "name": "Thiolières",
    "code": "63431",
    "epci_code": "200070761",
    "departement_code": "63",
    "region_code": "84",
    "postal_code": "63600"
  },
  {
    "name": "Thuret",
    "code": "63432",
    "epci_code": "200071199",
    "departement_code": "63",
    "region_code": "84",
    "postal_code": "63260"
  },
  {
    "name": "Tortebesse",
    "code": "63433",
    "epci_code": "200071215",
    "departement_code": "63",
    "region_code": "84",
    "postal_code": "63470"
  },
  {
    "name": "Tours-sur-Meymont",
    "code": "63434",
    "epci_code": "200070761",
    "departement_code": "63",
    "region_code": "84",
    "postal_code": "63590"
  },
  {
    "name": "Tourzel-Ronzières",
    "code": "63435",
    "epci_code": "200070407",
    "departement_code": "63",
    "region_code": "84",
    "postal_code": "63320"
  },
  {
    "name": "Tralaigues",
    "code": "63436",
    "epci_code": "200071215",
    "departement_code": "63",
    "region_code": "84",
    "postal_code": "63380"
  },
  {
    "name": "Trémouille-Saint-Loup",
    "code": "63437",
    "epci_code": "200069169",
    "departement_code": "63",
    "region_code": "84",
    "postal_code": "63810"
  },
  {
    "name": "Trézioux",
    "code": "63438",
    "epci_code": "200067627",
    "departement_code": "63",
    "region_code": "84",
    "postal_code": "63520"
  },
  {
    "name": "Usson",
    "code": "63439",
    "epci_code": "200070407",
    "departement_code": "63",
    "region_code": "84",
    "postal_code": "63490"
  },
  {
    "name": "Valbeleix",
    "code": "63440",
    "epci_code": "246300966",
    "departement_code": "63",
    "region_code": "84",
    "postal_code": "63610"
  },
  {
    "name": "Valcivières",
    "code": "63441",
    "epci_code": "200070761",
    "departement_code": "63",
    "region_code": "84",
    "postal_code": "63600"
  },
  {
    "name": "Valz-sous-Châteauneuf",
    "code": "63442",
    "epci_code": "200070407",
    "departement_code": "63",
    "region_code": "84",
    "postal_code": "63580"
  },
  {
    "name": "Varennes-sur-Morge",
    "code": "63443",
    "epci_code": "200070753",
    "departement_code": "63",
    "region_code": "84",
    "postal_code": "63720"
  },
  {
    "name": "Varennes-sur-Usson",
    "code": "63444",
    "epci_code": "200070407",
    "departement_code": "63",
    "region_code": "84",
    "postal_code": "63500"
  },
  {
    "name": "Vassel",
    "code": "63445",
    "epci_code": "200067627",
    "departement_code": "63",
    "region_code": "84",
    "postal_code": "63910"
  },
  {
    "name": "Vensat",
    "code": "63446",
    "epci_code": "200071199",
    "departement_code": "63",
    "region_code": "84",
    "postal_code": "63260"
  },
  {
    "name": "Vergheas",
    "code": "63447",
    "epci_code": "200072080",
    "departement_code": "63",
    "region_code": "84",
    "postal_code": "63330"
  },
  {
    "name": "Le Vernet-Chaméane",
    "code": "63448",
    "epci_code": "200070407",
    "departement_code": "63",
    "region_code": "84",
    "postal_code": "63580"
  },
  {
    "name": "Le Vernet-Sainte-Marguerite",
    "code": "63449",
    "epci_code": "246300966",
    "departement_code": "63",
    "region_code": "84",
    "postal_code": "63710"
  },
  {
    "name": "Verneugheol",
    "code": "63450",
    "epci_code": "200071215",
    "departement_code": "63",
    "region_code": "84",
    "postal_code": "63470"
  },
  {
    "name": "Vernines",
    "code": "63451",
    "epci_code": "200069169",
    "departement_code": "63",
    "region_code": "84",
    "postal_code": "63210"
  },
  {
    "name": "Verrières",
    "code": "63452",
    "epci_code": "200070407",
    "departement_code": "63",
    "region_code": "84",
    "postal_code": "63320"
  },
  {
    "name": "Vertaizon",
    "code": "63453",
    "epci_code": "200067627",
    "departement_code": "63",
    "region_code": "84",
    "postal_code": "63910"
  },
  {
    "name": "Vertolaye",
    "code": "63454",
    "epci_code": "200070761",
    "departement_code": "63",
    "region_code": "84",
    "postal_code": "63480"
  },
  {
    "name": "Veyre-Monton",
    "code": "63455",
    "epci_code": "200069177",
    "departement_code": "63",
    "region_code": "84",
    "postal_code": "63960"
  },
  {
    "name": "Vichel",
    "code": "63456",
    "epci_code": "200070407",
    "departement_code": "63",
    "region_code": "84",
    "postal_code": "63340"
  },
  {
    "name": "Vic-le-Comte",
    "code": "63457",
    "epci_code": "200069177",
    "departement_code": "63",
    "region_code": "84",
    "postal_code": "63270"
  },
  {
    "name": "Villeneuve",
    "code": "63458",
    "epci_code": "200070407",
    "departement_code": "63",
    "region_code": "84",
    "postal_code": "63340"
  },
  {
    "name": "Villeneuve-les-Cerfs",
    "code": "63459",
    "epci_code": "200071199",
    "departement_code": "63",
    "region_code": "84",
    "postal_code": "63310"
  },
  {
    "name": "Villossanges",
    "code": "63460",
    "epci_code": "200071215",
    "departement_code": "63",
    "region_code": "84",
    "postal_code": "63380"
  },
  {
    "name": "Vinzelles",
    "code": "63461",
    "epci_code": "246301097",
    "departement_code": "63",
    "region_code": "84",
    "postal_code": "63350"
  },
  {
    "name": "Virlet",
    "code": "63462",
    "epci_code": "200072080",
    "departement_code": "63",
    "region_code": "84",
    "postal_code": "63330"
  },
  {
    "name": "Viscomtat",
    "code": "63463",
    "epci_code": "200070712",
    "departement_code": "63",
    "region_code": "84",
    "postal_code": "63250"
  },
  {
    "name": "Vitrac",
    "code": "63464",
    "epci_code": "200072098",
    "departement_code": "63",
    "region_code": "84",
    "postal_code": "63410"
  },
  {
    "name": "Viverols",
    "code": "63465",
    "epci_code": "200070761",
    "departement_code": "63",
    "region_code": "84",
    "postal_code": "63840"
  },
  {
    "name": "Vodable",
    "code": "63466",
    "epci_code": "200070407",
    "departement_code": "63",
    "region_code": "84",
    "postal_code": "63500"
  },
  {
    "name": "Voingt",
    "code": "63467",
    "epci_code": "200071215",
    "departement_code": "63",
    "region_code": "84",
    "postal_code": "63620"
  },
  {
    "name": "Vollore-Montagne",
    "code": "63468",
    "epci_code": "200070712",
    "departement_code": "63",
    "region_code": "84",
    "postal_code": "63120"
  },
  {
    "name": "Vollore-Ville",
    "code": "63469",
    "epci_code": "200070712",
    "departement_code": "63",
    "region_code": "84",
    "postal_code": "63120"
  },
  {
    "name": "Volvic",
    "code": "63470",
    "epci_code": "200070753",
    "departement_code": "63",
    "region_code": "84",
    "postal_code": "63530"
  },
  {
    "name": "Youx",
    "code": "63471",
    "epci_code": "200072080",
    "departement_code": "63",
    "region_code": "84",
    "postal_code": "63700"
  },
  {
    "name": "Yronde-et-Buron",
    "code": "63472",
    "epci_code": "200069177",
    "departement_code": "63",
    "region_code": "84",
    "postal_code": "63270"
  },
  {
    "name": "Yssac-la-Tourette",
    "code": "63473",
    "epci_code": "200072098",
    "departement_code": "63",
    "region_code": "84",
    "postal_code": "63200"
  }
]