[
  {
    "name": "Aignan",
    "code": "32001",
    "epci_code": "200035632",
    "departement_code": "32",
    "region_code": "76",
    "postal_code": "32290"
  },
  {
    "name": "Ansan",
    "code": "32002",
    "epci_code": "200042372",
    "departement_code": "32",
    "region_code": "76",
    "postal_code": "32270"
  },
  {
    "name": "Antras",
    "code": "32003",
    "epci_code": "200066926",
    "departement_code": "32",
    "region_code": "76",
    "postal_code": "32360"
  },
  {
    "name": "Arblade-le-Bas",
    "code": "32004",
    "epci_code": "200030435",
    "departement_code": "32",
    "region_code": "76",
    "postal_code": "32720"
  },
  {
    "name": "Arblade-le-Haut",
    "code": "32005",
    "epci_code": "243200409",
    "departement_code": "32",
    "region_code": "76",
    "postal_code": "32110"
  },
  {
    "name": "Ardizas",
    "code": "32007",
    "epci_code": "200034726",
    "departement_code": "32",
    "region_code": "76",
    "postal_code": "32430"
  },
  {
    "name": "Armentieux",
    "code": "32008",
    "epci_code": "243200508",
    "departement_code": "32",
    "region_code": "76",
    "postal_code": "32230"
  },
  {
    "name": "Armous-et-Cau",
    "code": "32009",
    "epci_code": "243200425",
    "departement_code": "32",
    "region_code": "76",
    "postal_code": "32230"
  },
  {
    "name": "Arrouède",
    "code": "32010",
    "epci_code": "200072320",
    "departement_code": "32",
    "region_code": "76",
    "postal_code": "32140"
  },
  {
    "name": "Aubiet",
    "code": "32012",
    "epci_code": "200042372",
    "departement_code": "32",
    "region_code": "76",
    "postal_code": "32270"
  },
  {
    "name": "Auch",
    "code": "32013",
    "epci_code": "200066926",
    "departement_code": "32",
    "region_code": "76",
    "postal_code": "32000"
  },
  {
    "name": "Augnax",
    "code": "32014",
    "epci_code": "200066926",
    "departement_code": "32",
    "region_code": "76",
    "postal_code": "32120"
  },
  {
    "name": "Aujan-Mournède",
    "code": "32015",
    "epci_code": "200072320",
    "departement_code": "32",
    "region_code": "76",
    "postal_code": "32300"
  },
  {
    "name": "Auradé",
    "code": "32016",
    "epci_code": "200023620",
    "departement_code": "32",
    "region_code": "76",
    "postal_code": "32600"
  },
  {
    "name": "Aurensan",
    "code": "32017",
    "epci_code": "200030435",
    "departement_code": "32",
    "region_code": "76",
    "postal_code": "32400"
  },
  {
    "name": "Aurimont",
    "code": "32018",
    "epci_code": "200042372",
    "departement_code": "32",
    "region_code": "76",
    "postal_code": "32450"
  },
  {
    "name": "Auterive",
    "code": "32019",
    "epci_code": "200066926",
    "departement_code": "32",
    "region_code": "76",
    "postal_code": "32550"
  },
  {
    "name": "Aux-Aussat",
    "code": "32020",
    "epci_code": "200035756",
    "departement_code": "32",
    "region_code": "76",
    "postal_code": "32170"
  },
  {
    "name": "Avensac",
    "code": "32021",
    "epci_code": "200034726",
    "departement_code": "32",
    "region_code": "76",
    "postal_code": "32120"
  },
  {
    "name": "Avéron-Bergelle",
    "code": "32022",
    "epci_code": "200035632",
    "departement_code": "32",
    "region_code": "76",
    "postal_code": "32290"
  },
  {
    "name": "Avezan",
    "code": "32023",
    "epci_code": "200034726",
    "departement_code": "32",
    "region_code": "76",
    "postal_code": "32380"
  },
  {
    "name": "Ayguetinte",
    "code": "32024",
    "epci_code": "200066926",
    "departement_code": "32",
    "region_code": "76",
    "postal_code": "32410"
  },
  {
    "name": "Ayzieu",
    "code": "32025",
    "epci_code": "243200458",
    "departement_code": "32",
    "region_code": "76",
    "postal_code": "32800"
  },
  {
    "name": "Bajonnette",
    "code": "32026",
    "epci_code": "200034726",
    "departement_code": "32",
    "region_code": "76",
    "postal_code": "32120"
  },
  {
    "name": "Barcelonne-du-Gers",
    "code": "32027",
    "epci_code": "200030435",
    "departement_code": "32",
    "region_code": "76",
    "postal_code": "32720"
  },
  {
    "name": "Barcugnan",
    "code": "32028",
    "epci_code": "200035756",
    "departement_code": "32",
    "region_code": "76",
    "postal_code": "32170"
  },
  {
    "name": "Barran",
    "code": "32029",
    "epci_code": "200072320",
    "departement_code": "32",
    "region_code": "76",
    "postal_code": "32350"
  },
  {
    "name": "Bars",
    "code": "32030",
    "epci_code": "243200425",
    "departement_code": "32",
    "region_code": "76",
    "postal_code": "32300"
  },
  {
    "name": "Bascous",
    "code": "32031",
    "epci_code": "243200458",
    "departement_code": "32",
    "region_code": "76",
    "postal_code": "32190"
  },
  {
    "name": "Bassoues",
    "code": "32032",
    "epci_code": "243200425",
    "departement_code": "32",
    "region_code": "76",
    "postal_code": "32320"
  },
  {
    "name": "Bazian",
    "code": "32033",
    "epci_code": "243200607",
    "departement_code": "32",
    "region_code": "76",
    "postal_code": "32320"
  },
  {
    "name": "Bazugues",
    "code": "32034",
    "epci_code": "200035756",
    "departement_code": "32",
    "region_code": "76",
    "postal_code": "32170"
  },
  {
    "name": "Beaucaire",
    "code": "32035",
    "epci_code": "243200417",
    "departement_code": "32",
    "region_code": "76",
    "postal_code": "32410"
  },
  {
    "name": "Beaumarchés",
    "code": "32036",
    "epci_code": "243200508",
    "departement_code": "32",
    "region_code": "76",
    "postal_code": "32160"
  },
  {
    "name": "Beaumont",
    "code": "32037",
    "epci_code": "243200417",
    "departement_code": "32",
    "region_code": "76",
    "postal_code": "32100"
  },
  {
    "name": "Beaupuy",
    "code": "32038",
    "epci_code": "200023620",
    "departement_code": "32",
    "region_code": "76",
    "postal_code": "32600"
  },
  {
    "name": "Beccas",
    "code": "32039",
    "epci_code": "200035756",
    "departement_code": "32",
    "region_code": "76",
    "postal_code": "32730"
  },
  {
    "name": "Bédéchan",
    "code": "32040",
    "epci_code": "200042372",
    "departement_code": "32",
    "region_code": "76",
    "postal_code": "32450"
  },
  {
    "name": "Bellegarde",
    "code": "32041",
    "epci_code": "200072320",
    "departement_code": "32",
    "region_code": "76",
    "postal_code": "32140"
  },
  {
    "name": "Belloc-Saint-Clamens",
    "code": "32042",
    "epci_code": "200035756",
    "departement_code": "32",
    "region_code": "76",
    "postal_code": "32300"
  },
  {
    "name": "Belmont",
    "code": "32043",
    "epci_code": "243200607",
    "departement_code": "32",
    "region_code": "76",
    "postal_code": "32190"
  },
  {
    "name": "Béraut",
    "code": "32044",
    "epci_code": "243200417",
    "departement_code": "32",
    "region_code": "76",
    "postal_code": "32100"
  },
  {
    "name": "Berdoues",
    "code": "32045",
    "epci_code": "200035756",
    "departement_code": "32",
    "region_code": "76",
    "postal_code": "32300"
  },
  {
    "name": "Bernède",
    "code": "32046",
    "epci_code": "200030435",
    "departement_code": "32",
    "region_code": "76",
    "postal_code": "32400"
  },
  {
    "name": "Berrac",
    "code": "32047",
    "epci_code": "243200391",
    "departement_code": "32",
    "region_code": "76",
    "postal_code": "32480"
  },
  {
    "name": "Betcave-Aguin",
    "code": "32048",
    "epci_code": "200042372",
    "departement_code": "32",
    "region_code": "76",
    "postal_code": "32420"
  },
  {
    "name": "Bétous",
    "code": "32049",
    "epci_code": "243200409",
    "departement_code": "32",
    "region_code": "76",
    "postal_code": "32110"
  },
  {
    "name": "Betplan",
    "code": "32050",
    "epci_code": "200035756",
    "departement_code": "32",
    "region_code": "76",
    "postal_code": "32730"
  },
  {
    "name": "Bézéril",
    "code": "32051",
    "epci_code": "243200599",
    "departement_code": "32",
    "region_code": "76",
    "postal_code": "32130"
  },
  {
    "name": "Bezolles",
    "code": "32052",
    "epci_code": "243200607",
    "departement_code": "32",
    "region_code": "76",
    "postal_code": "32310"
  },
  {
    "name": "Bézues-Bajon",
    "code": "32053",
    "epci_code": "200072320",
    "departement_code": "32",
    "region_code": "76",
    "postal_code": "32140"
  },
  {
    "name": "Biran",
    "code": "32054",
    "epci_code": "200066926",
    "departement_code": "32",
    "region_code": "76",
    "postal_code": "32350"
  },
  {
    "name": "Bivès",
    "code": "32055",
    "epci_code": "200034726",
    "departement_code": "32",
    "region_code": "76",
    "postal_code": "32380"
  },
  {
    "name": "Blanquefort",
    "code": "32056",
    "epci_code": "200042372",
    "departement_code": "32",
    "region_code": "76",
    "postal_code": "32270"
  },
  {
    "name": "Blaziert",
    "code": "32057",
    "epci_code": "243200417",
    "departement_code": "32",
    "region_code": "76",
    "postal_code": "32100"
  },
  {
    "name": "Blousson-Sérian",
    "code": "32058",
    "epci_code": "243200508",
    "departement_code": "32",
    "region_code": "76",
    "postal_code": "32230"
  },
  {
    "name": "Bonas",
    "code": "32059",
    "epci_code": "200066926",
    "departement_code": "32",
    "region_code": "76",
    "postal_code": "32410"
  },
  {
    "name": "Boucagnères",
    "code": "32060",
    "epci_code": "200072320",
    "departement_code": "32",
    "region_code": "76",
    "postal_code": "32550"
  },
  {
    "name": "Boulaur",
    "code": "32061",
    "epci_code": "200042372",
    "departement_code": "32",
    "region_code": "76",
    "postal_code": "32450"
  },
  {
    "name": "Bourrouillan",
    "code": "32062",
    "epci_code": "243200409",
    "departement_code": "32",
    "region_code": "76",
    "postal_code": "32370"
  },
  {
    "name": "Bouzon-Gellenave",
    "code": "32063",
    "epci_code": "200035632",
    "departement_code": "32",
    "region_code": "76",
    "postal_code": "32290"
  },
  {
    "name": "Bretagne-d’Armagnac",
    "code": "32064",
    "epci_code": "243200458",
    "departement_code": "32",
    "region_code": "76",
    "postal_code": "32800"
  },
  {
    "name": "Le Brouilh-Monbert",
    "code": "32065",
    "epci_code": "200072320",
    "departement_code": "32",
    "region_code": "76",
    "postal_code": "32350"
  },
  {
    "name": "Brugnens",
    "code": "32066",
    "epci_code": "243200391",
    "departement_code": "32",
    "region_code": "76",
    "postal_code": "32500"
  },
  {
    "name": "Cadeilhan",
    "code": "32068",
    "epci_code": "243200391",
    "departement_code": "32",
    "region_code": "76",
    "postal_code": "32380"
  },
  {
    "name": "Cadeillan",
    "code": "32069",
    "epci_code": "243200599",
    "departement_code": "32",
    "region_code": "76",
    "postal_code": "32220"
  },
  {
    "name": "Cahuzac-sur-Adour",
    "code": "32070",
    "epci_code": "200035632",
    "departement_code": "32",
    "region_code": "76",
    "postal_code": "32400"
  },
  {
    "name": "Caillavet",
    "code": "32071",
    "epci_code": "243200607",
    "departement_code": "32",
    "region_code": "76",
    "postal_code": "32190"
  },
  {
    "name": "Callian",
    "code": "32072",
    "epci_code": "243200607",
    "departement_code": "32",
    "region_code": "76",
    "postal_code": "32190"
  },
  {
    "name": "Campagne-d’Armagnac",
    "code": "32073",
    "epci_code": "243200458",
    "departement_code": "32",
    "region_code": "76",
    "postal_code": "32800"
  },
  {
    "name": "Cassaigne",
    "code": "32075",
    "epci_code": "243200417",
    "departement_code": "32",
    "region_code": "76",
    "postal_code": "32100"
  },
  {
    "name": "Castelnau-Barbarens",
    "code": "32076",
    "epci_code": "200066926",
    "departement_code": "32",
    "region_code": "76",
    "postal_code": "32450"
  },
  {
    "name": "Castelnau-d’Anglès",
    "code": "32077",
    "epci_code": "243200425",
    "departement_code": "32",
    "region_code": "76",
    "postal_code": "32320"
  },
  {
    "name": "Castelnau-d’Arbieu",
    "code": "32078",
    "epci_code": "243200391",
    "departement_code": "32",
    "region_code": "76",
    "postal_code": "32500"
  },
  {
    "name": "Castelnau d’Auzan Labarrère",
    "code": "32079",
    "epci_code": "243200458",
    "departement_code": "32",
    "region_code": "76",
    "postal_code": "32250"
  },
  {
    "name": "Castelnau d’Auzan Labarrère",
    "code": "32079",
    "epci_code": "243200458",
    "departement_code": "32",
    "region_code": "76",
    "postal_code": "32440"
  },
  {
    "name": "Castelnau-sur-l’Auvignon",
    "code": "32080",
    "epci_code": "243200417",
    "departement_code": "32",
    "region_code": "76",
    "postal_code": "32100"
  },
  {
    "name": "Castelnavet",
    "code": "32081",
    "epci_code": "200035632",
    "departement_code": "32",
    "region_code": "76",
    "postal_code": "32290"
  },
  {
    "name": "Castéra-Lectourois",
    "code": "32082",
    "epci_code": "243200391",
    "departement_code": "32",
    "region_code": "76",
    "postal_code": "32700"
  },
  {
    "name": "Castéra-Verduzan",
    "code": "32083",
    "epci_code": "200066926",
    "departement_code": "32",
    "region_code": "76",
    "postal_code": "32410"
  },
  {
    "name": "Castéron",
    "code": "32084",
    "epci_code": "200034726",
    "departement_code": "32",
    "region_code": "76",
    "postal_code": "32380"
  },
  {
    "name": "Castet-Arrouy",
    "code": "32085",
    "epci_code": "243200391",
    "departement_code": "32",
    "region_code": "76",
    "postal_code": "32340"
  },
  {
    "name": "Castex",
    "code": "32086",
    "epci_code": "200035756",
    "departement_code": "32",
    "region_code": "76",
    "postal_code": "32170"
  },
  {
    "name": "Castex-d’Armagnac",
    "code": "32087",
    "epci_code": "243200458",
    "departement_code": "32",
    "region_code": "76",
    "postal_code": "32240"
  },
  {
    "name": "Castillon-Debats",
    "code": "32088",
    "epci_code": "243200607",
    "departement_code": "32",
    "region_code": "76",
    "postal_code": "32190"
  },
  {
    "name": "Castillon-Massas",
    "code": "32089",
    "epci_code": "200066926",
    "departement_code": "32",
    "region_code": "76",
    "postal_code": "32360"
  },
  {
    "name": "Castillon-Savès",
    "code": "32090",
    "epci_code": "200023620",
    "departement_code": "32",
    "region_code": "76",
    "postal_code": "32490"
  },
  {
    "name": "Castin",
    "code": "32091",
    "epci_code": "200066926",
    "departement_code": "32",
    "region_code": "76",
    "postal_code": "32810"
  },
  {
    "name": "Catonvielle",
    "code": "32092",
    "epci_code": "200034726",
    "departement_code": "32",
    "region_code": "76",
    "postal_code": "32200"
  },
  {
    "name": "Caumont",
    "code": "32093",
    "epci_code": "200035632",
    "departement_code": "32",
    "region_code": "76",
    "postal_code": "32400"
  },
  {
    "name": "Caupenne-d’Armagnac",
    "code": "32094",
    "epci_code": "243200409",
    "departement_code": "32",
    "region_code": "76",
    "postal_code": "32110"
  },
  {
    "name": "Caussens",
    "code": "32095",
    "epci_code": "243200417",
    "departement_code": "32",
    "region_code": "76",
    "postal_code": "32100"
  },
  {
    "name": "Cazaubon",
    "code": "32096",
    "epci_code": "243200458",
    "departement_code": "32",
    "region_code": "76",
    "postal_code": "32150"
  },
  {
    "name": "Cazaux-d’Anglès",
    "code": "32097",
    "epci_code": "243200607",
    "departement_code": "32",
    "region_code": "76",
    "postal_code": "32190"
  },
  {
    "name": "Cazaux-Savès",
    "code": "32098",
    "epci_code": "243200599",
    "departement_code": "32",
    "region_code": "76",
    "postal_code": "32130"
  },
  {
    "name": "Cazaux-Villecomtal",
    "code": "32099",
    "epci_code": "243200508",
    "departement_code": "32",
    "region_code": "76",
    "postal_code": "32230"
  },
  {
    "name": "Cazeneuve",
    "code": "32100",
    "epci_code": "243200417",
    "departement_code": "32",
    "region_code": "76",
    "postal_code": "32800"
  },
  {
    "name": "Céran",
    "code": "32101",
    "epci_code": "243200391",
    "departement_code": "32",
    "region_code": "76",
    "postal_code": "32500"
  },
  {
    "name": "Cézan",
    "code": "32102",
    "epci_code": "243200391",
    "departement_code": "32",
    "region_code": "76",
    "postal_code": "32410"
  },
  {
    "name": "Chélan",
    "code": "32103",
    "epci_code": "200072320",
    "departement_code": "32",
    "region_code": "76",
    "postal_code": "32140"
  },
  {
    "name": "Clermont-Pouyguillès",
    "code": "32104",
    "epci_code": "200035756",
    "departement_code": "32",
    "region_code": "76",
    "postal_code": "32300"
  },
  {
    "name": "Clermont-Savès",
    "code": "32105",
    "epci_code": "200023620",
    "departement_code": "32",
    "region_code": "76",
    "postal_code": "32600"
  },
  {
    "name": "Cologne",
    "code": "32106",
    "epci_code": "200034726",
    "departement_code": "32",
    "region_code": "76",
    "postal_code": "32430"
  },
  {
    "name": "Condom",
    "code": "32107",
    "epci_code": "243200417",
    "departement_code": "32",
    "region_code": "76",
    "postal_code": "32100"
  },
  {
    "name": "Corneillan",
    "code": "32108",
    "epci_code": "200030435",
    "departement_code": "32",
    "region_code": "76",
    "postal_code": "32400"
  },
  {
    "name": "Couloumé-Mondebat",
    "code": "32109",
    "epci_code": "243200508",
    "departement_code": "32",
    "region_code": "76",
    "postal_code": "32160"
  },
  {
    "name": "Courrensan",
    "code": "32110",
    "epci_code": "243200458",
    "departement_code": "32",
    "region_code": "76",
    "postal_code": "32330"
  },
  {
    "name": "Courties",
    "code": "32111",
    "epci_code": "243200508",
    "departement_code": "32",
    "region_code": "76",
    "postal_code": "32230"
  },
  {
    "name": "Crastes",
    "code": "32112",
    "epci_code": "200066926",
    "departement_code": "32",
    "region_code": "76",
    "postal_code": "32270"
  },
  {
    "name": "Cravencères",
    "code": "32113",
    "epci_code": "243200409",
    "departement_code": "32",
    "region_code": "76",
    "postal_code": "32110"
  },
  {
    "name": "Cuélas",
    "code": "32114",
    "epci_code": "200072320",
    "departement_code": "32",
    "region_code": "76",
    "postal_code": "32300"
  },
  {
    "name": "Dému",
    "code": "32115",
    "epci_code": "243200458",
    "departement_code": "32",
    "region_code": "76",
    "postal_code": "32190"
  },
  {
    "name": "Duffort",
    "code": "32116",
    "epci_code": "200035756",
    "departement_code": "32",
    "region_code": "76",
    "postal_code": "32170"
  },
  {
    "name": "Duran",
    "code": "32117",
    "epci_code": "200066926",
    "departement_code": "32",
    "region_code": "76",
    "postal_code": "32810"
  },
  {
    "name": "Durban",
    "code": "32118",
    "epci_code": "200072320",
    "departement_code": "32",
    "region_code": "76",
    "postal_code": "32260"
  },
  {
    "name": "Eauze",
    "code": "32119",
    "epci_code": "243200458",
    "departement_code": "32",
    "region_code": "76",
    "postal_code": "32800"
  },
  {
    "name": "Encausse",
    "code": "32120",
    "epci_code": "200034726",
    "departement_code": "32",
    "region_code": "76",
    "postal_code": "32430"
  },
  {
    "name": "Endoufielle",
    "code": "32121",
    "epci_code": "200023620",
    "departement_code": "32",
    "region_code": "76",
    "postal_code": "32600"
  },
  {
    "name": "Esclassan-Labastide",
    "code": "32122",
    "epci_code": "200072320",
    "departement_code": "32",
    "region_code": "76",
    "postal_code": "32140"
  },
  {
    "name": "Escornebœuf",
    "code": "32123",
    "epci_code": "200042372",
    "departement_code": "32",
    "region_code": "76",
    "postal_code": "32200"
  },
  {
    "name": "Espaon",
    "code": "32124",
    "epci_code": "243200599",
    "departement_code": "32",
    "region_code": "76",
    "postal_code": "32220"
  },
  {
    "name": "Espas",
    "code": "32125",
    "epci_code": "243200409",
    "departement_code": "32",
    "region_code": "76",
    "postal_code": "32370"
  },
  {
    "name": "Estampes",
    "code": "32126",
    "epci_code": "200035756",
    "departement_code": "32",
    "region_code": "76",
    "postal_code": "32170"
  },
  {
    "name": "Estang",
    "code": "32127",
    "epci_code": "243200458",
    "departement_code": "32",
    "region_code": "76",
    "postal_code": "32240"
  },
  {
    "name": "Estipouy",
    "code": "32128",
    "epci_code": "243200425",
    "departement_code": "32",
    "region_code": "76",
    "postal_code": "32300"
  },
  {
    "name": "Estramiac",
    "code": "32129",
    "epci_code": "200034726",
    "departement_code": "32",
    "region_code": "76",
    "postal_code": "32380"
  },
  {
    "name": "Faget-Abbatial",
    "code": "32130",
    "epci_code": "200072320",
    "departement_code": "32",
    "region_code": "76",
    "postal_code": "32450"
  },
  {
    "name": "Flamarens",
    "code": "32131",
    "epci_code": "243200391",
    "departement_code": "32",
    "region_code": "76",
    "postal_code": "32340"
  },
  {
    "name": "Fleurance",
    "code": "32132",
    "epci_code": "243200391",
    "departement_code": "32",
    "region_code": "76",
    "postal_code": "32500"
  },
  {
    "name": "Fourcès",
    "code": "32133",
    "epci_code": "243200417",
    "departement_code": "32",
    "region_code": "76",
    "postal_code": "32250"
  },
  {
    "name": "Frégouville",
    "code": "32134",
    "epci_code": "200023620",
    "departement_code": "32",
    "region_code": "76",
    "postal_code": "32490"
  },
  {
    "name": "Fustérouau",
    "code": "32135",
    "epci_code": "200035632",
    "departement_code": "32",
    "region_code": "76",
    "postal_code": "32400"
  },
  {
    "name": "Galiax",
    "code": "32136",
    "epci_code": "243200508",
    "departement_code": "32",
    "region_code": "76",
    "postal_code": "32160"
  },
  {
    "name": "Garravet",
    "code": "32138",
    "epci_code": "243200599",
    "departement_code": "32",
    "region_code": "76",
    "postal_code": "32220"
  },
  {
    "name": "Gaudonville",
    "code": "32139",
    "epci_code": "200034726",
    "departement_code": "32",
    "region_code": "76",
    "postal_code": "32380"
  },
  {
    "name": "Gaujac",
    "code": "32140",
    "epci_code": "243200599",
    "departement_code": "32",
    "region_code": "76",
    "postal_code": "32220"
  },
  {
    "name": "Gaujan",
    "code": "32141",
    "epci_code": "200042372",
    "departement_code": "32",
    "region_code": "76",
    "postal_code": "32420"
  },
  {
    "name": "Gavarret-sur-Aulouste",
    "code": "32142",
    "epci_code": "243200391",
    "departement_code": "32",
    "region_code": "76",
    "postal_code": "32390"
  },
  {
    "name": "Gazaupouy",
    "code": "32143",
    "epci_code": "243200417",
    "departement_code": "32",
    "region_code": "76",
    "postal_code": "32480"
  },
  {
    "name": "Gazax-et-Baccarisse",
    "code": "32144",
    "epci_code": "243200607",
    "departement_code": "32",
    "region_code": "76",
    "postal_code": "32230"
  },
  {
    "name": "Gée-Rivière",
    "code": "32145",
    "epci_code": "200030435",
    "departement_code": "32",
    "region_code": "76",
    "postal_code": "32720"
  },
  {
    "name": "Gimbrède",
    "code": "32146",
    "epci_code": "243200391",
    "departement_code": "32",
    "region_code": "76",
    "postal_code": "32340"
  },
  {
    "name": "Gimont",
    "code": "32147",
    "epci_code": "200042372",
    "departement_code": "32",
    "region_code": "76",
    "postal_code": "32200"
  },
  {
    "name": "Giscaro",
    "code": "32148",
    "epci_code": "200042372",
    "departement_code": "32",
    "region_code": "76",
    "postal_code": "32200"
  },
  {
    "name": "Gondrin",
    "code": "32149",
    "epci_code": "243200458",
    "departement_code": "32",
    "region_code": "76",
    "postal_code": "32330"
  },
  {
    "name": "Goutz",
    "code": "32150",
    "epci_code": "243200391",
    "departement_code": "32",
    "region_code": "76",
    "postal_code": "32500"
  },
  {
    "name": "Goux",
    "code": "32151",
    "epci_code": "200035632",
    "departement_code": "32",
    "region_code": "76",
    "postal_code": "32400"
  },
  {
    "name": "Haget",
    "code": "32152",
    "epci_code": "200035756",
    "departement_code": "32",
    "region_code": "76",
    "postal_code": "32730"
  },
  {
    "name": "Haulies",
    "code": "32153",
    "epci_code": "200072320",
    "departement_code": "32",
    "region_code": "76",
    "postal_code": "32550"
  },
  {
    "name": "Homps",
    "code": "32154",
    "epci_code": "200034726",
    "departement_code": "32",
    "region_code": "76",
    "postal_code": "32120"
  },
  {
    "name": "Le Houga",
    "code": "32155",
    "epci_code": "243200409",
    "departement_code": "32",
    "region_code": "76",
    "postal_code": "32460"
  },
  {
    "name": "Idrac-Respaillès",
    "code": "32156",
    "epci_code": "200035756",
    "departement_code": "32",
    "region_code": "76",
    "postal_code": "32300"
  },
  {
    "name": "L’Isle-Arné",
    "code": "32157",
    "epci_code": "200042372",
    "departement_code": "32",
    "region_code": "76",
    "postal_code": "32270"
  },
  {
    "name": "L’Isle-Bouzon",
    "code": "32158",
    "epci_code": "200034726",
    "departement_code": "32",
    "region_code": "76",
    "postal_code": "32380"
  },
  {
    "name": "L’Isle-de-Noé",
    "code": "32159",
    "epci_code": "243200425",
    "departement_code": "32",
    "region_code": "76",
    "postal_code": "32300"
  },
  {
    "name": "L’Isle-Jourdain",
    "code": "32160",
    "epci_code": "200023620",
    "departement_code": "32",
    "region_code": "76",
    "postal_code": "32600"
  },
  {
    "name": "Izotges",
    "code": "32161",
    "epci_code": "243200508",
    "departement_code": "32",
    "region_code": "76",
    "postal_code": "32400"
  },
  {
    "name": "Jegun",
    "code": "32162",
    "epci_code": "200066926",
    "departement_code": "32",
    "region_code": "76",
    "postal_code": "32360"
  },
  {
    "name": "Jû-Belloc",
    "code": "32163",
    "epci_code": "243200508",
    "departement_code": "32",
    "region_code": "76",
    "postal_code": "32160"
  },
  {
    "name": "Juillac",
    "code": "32164",
    "epci_code": "243200508",
    "departement_code": "32",
    "region_code": "76",
    "postal_code": "32230"
  },
  {
    "name": "Juilles",
    "code": "32165",
    "epci_code": "200042372",
    "departement_code": "32",
    "region_code": "76",
    "postal_code": "32200"
  },
  {
    "name": "Justian",
    "code": "32166",
    "epci_code": "243200607",
    "departement_code": "32",
    "region_code": "76",
    "postal_code": "32190"
  },
  {
    "name": "Laas",
    "code": "32167",
    "epci_code": "243200425",
    "departement_code": "32",
    "region_code": "76",
    "postal_code": "32170"
  },
  {
    "name": "Labarthe",
    "code": "32169",
    "epci_code": "200072320",
    "departement_code": "32",
    "region_code": "76",
    "postal_code": "32260"
  },
  {
    "name": "Labarthète",
    "code": "32170",
    "epci_code": "200035632",
    "departement_code": "32",
    "region_code": "76",
    "postal_code": "32400"
  },
  {
    "name": "Labastide-Savès",
    "code": "32171",
    "epci_code": "243200599",
    "departement_code": "32",
    "region_code": "76",
    "postal_code": "32130"
  },
  {
    "name": "Labéjan",
    "code": "32172",
    "epci_code": "200035756",
    "departement_code": "32",
    "region_code": "76",
    "postal_code": "32300"
  },
  {
    "name": "Labrihe",
    "code": "32173",
    "epci_code": "200034726",
    "departement_code": "32",
    "region_code": "76",
    "postal_code": "32120"
  },
  {
    "name": "Ladevèze-Rivière",
    "code": "32174",
    "epci_code": "243200508",
    "departement_code": "32",
    "region_code": "76",
    "postal_code": "32230"
  },
  {
    "name": "Ladevèze-Ville",
    "code": "32175",
    "epci_code": "243200508",
    "departement_code": "32",
    "region_code": "76",
    "postal_code": "32230"
  },
  {
    "name": "Lagarde",
    "code": "32176",
    "epci_code": "243200391",
    "departement_code": "32",
    "region_code": "76",
    "postal_code": "32700"
  },
  {
    "name": "Lagarde-Hachan",
    "code": "32177",
    "epci_code": "200035756",
    "departement_code": "32",
    "region_code": "76",
    "postal_code": "32300"
  },
  {
    "name": "Lagardère",
    "code": "32178",
    "epci_code": "243200417",
    "departement_code": "32",
    "region_code": "76",
    "postal_code": "32310"
  },
  {
    "name": "Lagraulet-du-Gers",
    "code": "32180",
    "epci_code": "243200417",
    "departement_code": "32",
    "region_code": "76",
    "postal_code": "32330"
  },
  {
    "name": "Laguian-Mazous",
    "code": "32181",
    "epci_code": "200035756",
    "departement_code": "32",
    "region_code": "76",
    "postal_code": "32170"
  },
  {
    "name": "Lahas",
    "code": "32182",
    "epci_code": "200042372",
    "departement_code": "32",
    "region_code": "76",
    "postal_code": "32130"
  },
  {
    "name": "Lahitte",
    "code": "32183",
    "epci_code": "200066926",
    "departement_code": "32",
    "region_code": "76",
    "postal_code": "32810"
  },
  {
    "name": "Lalanne",
    "code": "32184",
    "epci_code": "243200391",
    "departement_code": "32",
    "region_code": "76",
    "postal_code": "32500"
  },
  {
    "name": "Lalanne-Arqué",
    "code": "32185",
    "epci_code": "200072320",
    "departement_code": "32",
    "region_code": "76",
    "postal_code": "32140"
  },
  {
    "name": "Lamaguère",
    "code": "32186",
    "epci_code": "200072320",
    "departement_code": "32",
    "region_code": "76",
    "postal_code": "32260"
  },
  {
    "name": "Lamazère",
    "code": "32187",
    "epci_code": "243200425",
    "departement_code": "32",
    "region_code": "76",
    "postal_code": "32300"
  },
  {
    "name": "Lamothe-Goas",
    "code": "32188",
    "epci_code": "243200391",
    "departement_code": "32",
    "region_code": "76",
    "postal_code": "32500"
  },
  {
    "name": "Lannemaignan",
    "code": "32189",
    "epci_code": "243200458",
    "departement_code": "32",
    "region_code": "76",
    "postal_code": "32240"
  },
  {
    "name": "Lannepax",
    "code": "32190",
    "epci_code": "243200458",
    "departement_code": "32",
    "region_code": "76",
    "postal_code": "32190"
  },
  {
    "name": "Lanne-Soubiran",
    "code": "32191",
    "epci_code": "243200409",
    "departement_code": "32",
    "region_code": "76",
    "postal_code": "32110"
  },
  {
    "name": "Lannux",
    "code": "32192",
    "epci_code": "200030435",
    "departement_code": "32",
    "region_code": "76",
    "postal_code": "32400"
  },
  {
    "name": "Larée",
    "code": "32193",
    "epci_code": "243200458",
    "departement_code": "32",
    "region_code": "76",
    "postal_code": "32150"
  },
  {
    "name": "Larressingle",
    "code": "32194",
    "epci_code": "243200417",
    "departement_code": "32",
    "region_code": "76",
    "postal_code": "32100"
  },
  {
    "name": "Larroque-Engalin",
    "code": "32195",
    "epci_code": "243200391",
    "departement_code": "32",
    "region_code": "76",
    "postal_code": "32480"
  },
  {
    "name": "Larroque-Saint-Sernin",
    "code": "32196",
    "epci_code": "243200417",
    "departement_code": "32",
    "region_code": "76",
    "postal_code": "32410"
  },
  {
    "name": "Larroque-sur-l’Osse",
    "code": "32197",
    "epci_code": "243200417",
    "departement_code": "32",
    "region_code": "76",
    "postal_code": "32100"
  },
  {
    "name": "Lartigue",
    "code": "32198",
    "epci_code": "200042372",
    "departement_code": "32",
    "region_code": "76",
    "postal_code": "32450"
  },
  {
    "name": "Lasserrade",
    "code": "32199",
    "epci_code": "243200508",
    "departement_code": "32",
    "region_code": "76",
    "postal_code": "32160"
  },
  {
    "name": "Lasséran",
    "code": "32200",
    "epci_code": "200072320",
    "departement_code": "32",
    "region_code": "76",
    "postal_code": "32550"
  },
  {
    "name": "Lasseube-Propre",
    "code": "32201",
    "epci_code": "200072320",
    "departement_code": "32",
    "region_code": "76",
    "postal_code": "32550"
  },
  {
    "name": "Laujuzan",
    "code": "32202",
    "epci_code": "243200409",
    "departement_code": "32",
    "region_code": "76",
    "postal_code": "32110"
  },
  {
    "name": "Lauraët",
    "code": "32203",
    "epci_code": "243200417",
    "departement_code": "32",
    "region_code": "76",
    "postal_code": "32330"
  },
  {
    "name": "Lavardens",
    "code": "32204",
    "epci_code": "200066926",
    "departement_code": "32",
    "region_code": "76",
    "postal_code": "32360"
  },
  {
    "name": "Laveraët",
    "code": "32205",
    "epci_code": "243200508",
    "departement_code": "32",
    "region_code": "76",
    "postal_code": "32230"
  },
  {
    "name": "Laymont",
    "code": "32206",
    "epci_code": "243200599",
    "departement_code": "32",
    "region_code": "76",
    "postal_code": "32220"
  },
  {
    "name": "Leboulin",
    "code": "32207",
    "epci_code": "200066926",
    "departement_code": "32",
    "region_code": "76",
    "postal_code": "32810"
  },
  {
    "name": "Lectoure",
    "code": "32208",
    "epci_code": "243200391",
    "departement_code": "32",
    "region_code": "76",
    "postal_code": "32700"
  },
  {
    "name": "Lelin-Lapujolle",
    "code": "32209",
    "epci_code": "200035632",
    "departement_code": "32",
    "region_code": "76",
    "postal_code": "32400"
  },
  {
    "name": "Lias",
    "code": "32210",
    "epci_code": "200023620",
    "departement_code": "32",
    "region_code": "76",
    "postal_code": "32600"
  },
  {
    "name": "Lias-d’Armagnac",
    "code": "32211",
    "epci_code": "243200458",
    "departement_code": "32",
    "region_code": "76",
    "postal_code": "32240"
  },
  {
    "name": "Ligardes",
    "code": "32212",
    "epci_code": "243200417",
    "departement_code": "32",
    "region_code": "76",
    "postal_code": "32480"
  },
  {
    "name": "Lombez",
    "code": "32213",
    "epci_code": "243200599",
    "departement_code": "32",
    "region_code": "76",
    "postal_code": "32220"
  },
  {
    "name": "Loubédat",
    "code": "32214",
    "epci_code": "243200409",
    "departement_code": "32",
    "region_code": "76",
    "postal_code": "32110"
  },
  {
    "name": "Loubersan",
    "code": "32215",
    "epci_code": "200035756",
    "departement_code": "32",
    "region_code": "76",
    "postal_code": "32300"
  },
  {
    "name": "Lourties-Monbrun",
    "code": "32216",
    "epci_code": "200072320",
    "departement_code": "32",
    "region_code": "76",
    "postal_code": "32140"
  },
  {
    "name": "Louslitges",
    "code": "32217",
    "epci_code": "243200425",
    "departement_code": "32",
    "region_code": "76",
    "postal_code": "32230"
  },
  {
    "name": "Loussous-Débat",
    "code": "32218",
    "epci_code": "200035632",
    "departement_code": "32",
    "region_code": "76",
    "postal_code": "32290"
  },
  {
    "name": "Lupiac",
    "code": "32219",
    "epci_code": "243200607",
    "departement_code": "32",
    "region_code": "76",
    "postal_code": "32290"
  },
  {
    "name": "Luppé-Violles",
    "code": "32220",
    "epci_code": "243200409",
    "departement_code": "32",
    "region_code": "76",
    "postal_code": "32110"
  },
  {
    "name": "Lussan",
    "code": "32221",
    "epci_code": "200042372",
    "departement_code": "32",
    "region_code": "76",
    "postal_code": "32270"
  },
  {
    "name": "Magnan",
    "code": "32222",
    "epci_code": "243200409",
    "departement_code": "32",
    "region_code": "76",
    "postal_code": "32110"
  },
  {
    "name": "Magnas",
    "code": "32223",
    "epci_code": "200034726",
    "departement_code": "32",
    "region_code": "76",
    "postal_code": "32380"
  },
  {
    "name": "Maignaut-Tauzia",
    "code": "32224",
    "epci_code": "243200417",
    "departement_code": "32",
    "region_code": "76",
    "postal_code": "32310"
  },
  {
    "name": "Malabat",
    "code": "32225",
    "epci_code": "200035756",
    "departement_code": "32",
    "region_code": "76",
    "postal_code": "32730"
  },
  {
    "name": "Manas-Bastanous",
    "code": "32226",
    "epci_code": "200035756",
    "departement_code": "32",
    "region_code": "76",
    "postal_code": "32170"
  },
  {
    "name": "Manciet",
    "code": "32227",
    "epci_code": "243200409",
    "departement_code": "32",
    "region_code": "76",
    "postal_code": "32370"
  },
  {
    "name": "Manent-Montané",
    "code": "32228",
    "epci_code": "200072320",
    "departement_code": "32",
    "region_code": "76",
    "postal_code": "32140"
  },
  {
    "name": "Mansempuy",
    "code": "32229",
    "epci_code": "200034726",
    "departement_code": "32",
    "region_code": "76",
    "postal_code": "32120"
  },
  {
    "name": "Mansencôme",
    "code": "32230",
    "epci_code": "243200417",
    "departement_code": "32",
    "region_code": "76",
    "postal_code": "32310"
  },
  {
    "name": "Marambat",
    "code": "32231",
    "epci_code": "243200607",
    "departement_code": "32",
    "region_code": "76",
    "postal_code": "32190"
  },
  {
    "name": "Maravat",
    "code": "32232",
    "epci_code": "200034726",
    "departement_code": "32",
    "region_code": "76",
    "postal_code": "32120"
  },
  {
    "name": "Marciac",
    "code": "32233",
    "epci_code": "243200508",
    "departement_code": "32",
    "region_code": "76",
    "postal_code": "32230"
  },
  {
    "name": "Marestaing",
    "code": "32234",
    "epci_code": "200023620",
    "departement_code": "32",
    "region_code": "76",
    "postal_code": "32490"
  },
  {
    "name": "Margouët-Meymes",
    "code": "32235",
    "epci_code": "200035632",
    "departement_code": "32",
    "region_code": "76",
    "postal_code": "32290"
  },
  {
    "name": "Marguestau",
    "code": "32236",
    "epci_code": "243200458",
    "departement_code": "32",
    "region_code": "76",
    "postal_code": "32150"
  },
  {
    "name": "Marsan",
    "code": "32237",
    "epci_code": "200042372",
    "departement_code": "32",
    "region_code": "76",
    "postal_code": "32270"
  },
  {
    "name": "Marseillan",
    "code": "32238",
    "epci_code": "243200425",
    "departement_code": "32",
    "region_code": "76",
    "postal_code": "32170"
  },
  {
    "name": "Marsolan",
    "code": "32239",
    "epci_code": "243200391",
    "departement_code": "32",
    "region_code": "76",
    "postal_code": "32700"
  },
  {
    "name": "Mascaras",
    "code": "32240",
    "epci_code": "243200425",
    "departement_code": "32",
    "region_code": "76",
    "postal_code": "32230"
  },
  {
    "name": "Mas-d’Auvignon",
    "code": "32241",
    "epci_code": "243200391",
    "departement_code": "32",
    "region_code": "76",
    "postal_code": "32700"
  },
  {
    "name": "Masseube",
    "code": "32242",
    "epci_code": "200072320",
    "departement_code": "32",
    "region_code": "76",
    "postal_code": "32140"
  },
  {
    "name": "Mauléon-d’Armagnac",
    "code": "32243",
    "epci_code": "243200458",
    "departement_code": "32",
    "region_code": "76",
    "postal_code": "32240"
  },
  {
    "name": "Maulichères",
    "code": "32244",
    "epci_code": "200035632",
    "departement_code": "32",
    "region_code": "76",
    "postal_code": "32400"
  },
  {
    "name": "Maumusson-Laguian",
    "code": "32245",
    "epci_code": "200035632",
    "departement_code": "32",
    "region_code": "76",
    "postal_code": "32400"
  },
  {
    "name": "Maupas",
    "code": "32246",
    "epci_code": "243200458",
    "departement_code": "32",
    "region_code": "76",
    "postal_code": "32240"
  },
  {
    "name": "Maurens",
    "code": "32247",
    "epci_code": "200042372",
    "departement_code": "32",
    "region_code": "76",
    "postal_code": "32200"
  },
  {
    "name": "Mauroux",
    "code": "32248",
    "epci_code": "200034726",
    "departement_code": "32",
    "region_code": "76",
    "postal_code": "32380"
  },
  {
    "name": "Mauvezin",
    "code": "32249",
    "epci_code": "200034726",
    "departement_code": "32",
    "region_code": "76",
    "postal_code": "32120"
  },
  {
    "name": "Meilhan",
    "code": "32250",
    "epci_code": "200072320",
    "departement_code": "32",
    "region_code": "76",
    "postal_code": "32420"
  },
  {
    "name": "Mérens",
    "code": "32251",
    "epci_code": "200066926",
    "departement_code": "32",
    "region_code": "76",
    "postal_code": "32360"
  },
  {
    "name": "Miélan",
    "code": "32252",
    "epci_code": "243200425",
    "departement_code": "32",
    "region_code": "76",
    "postal_code": "32170"
  },
  {
    "name": "Miradoux",
    "code": "32253",
    "epci_code": "243200391",
    "departement_code": "32",
    "region_code": "76",
    "postal_code": "32340"
  },
  {
    "name": "Miramont-d’Astarac",
    "code": "32254",
    "epci_code": "200035756",
    "departement_code": "32",
    "region_code": "76",
    "postal_code": "32300"
  },
  {
    "name": "Miramont-Latour",
    "code": "32255",
    "epci_code": "243200391",
    "departement_code": "32",
    "region_code": "76",
    "postal_code": "32390"
  },
  {
    "name": "Mirande",
    "code": "32256",
    "epci_code": "243200425",
    "departement_code": "32",
    "region_code": "76",
    "postal_code": "32300"
  },
  {
    "name": "Mirannes",
    "code": "32257",
    "epci_code": "243200607",
    "departement_code": "32",
    "region_code": "76",
    "postal_code": "32350"
  },
  {
    "name": "Mirepoix",
    "code": "32258",
    "epci_code": "200066926",
    "departement_code": "32",
    "region_code": "76",
    "postal_code": "32390"
  },
  {
    "name": "Monblanc",
    "code": "32261",
    "epci_code": "243200599",
    "departement_code": "32",
    "region_code": "76",
    "postal_code": "32130"
  },
  {
    "name": "Monbrun",
    "code": "32262",
    "epci_code": "200034726",
    "departement_code": "32",
    "region_code": "76",
    "postal_code": "32600"
  },
  {
    "name": "Moncassin",
    "code": "32263",
    "epci_code": "200035756",
    "departement_code": "32",
    "region_code": "76",
    "postal_code": "32300"
  },
  {
    "name": "Monclar",
    "code": "32264",
    "epci_code": "243200458",
    "departement_code": "32",
    "region_code": "76",
    "postal_code": "32150"
  },
  {
    "name": "Monclar-sur-Losse",
    "code": "32265",
    "epci_code": "243200425",
    "departement_code": "32",
    "region_code": "76",
    "postal_code": "32300"
  },
  {
    "name": "Moncorneil-Grazan",
    "code": "32266",
    "epci_code": "200072320",
    "departement_code": "32",
    "region_code": "76",
    "postal_code": "32260"
  },
  {
    "name": "Monferran-Plavès",
    "code": "32267",
    "epci_code": "200072320",
    "departement_code": "32",
    "region_code": "76",
    "postal_code": "32260"
  },
  {
    "name": "Monferran-Savès",
    "code": "32268",
    "epci_code": "200023620",
    "departement_code": "32",
    "region_code": "76",
    "postal_code": "32490"
  },
  {
    "name": "Monfort",
    "code": "32269",
    "epci_code": "200034726",
    "departement_code": "32",
    "region_code": "76",
    "postal_code": "32120"
  },
  {
    "name": "Mongausy",
    "code": "32270",
    "epci_code": "200042372",
    "departement_code": "32",
    "region_code": "76",
    "postal_code": "32220"
  },
  {
    "name": "Monguilhem",
    "code": "32271",
    "epci_code": "243200409",
    "departement_code": "32",
    "region_code": "76",
    "postal_code": "32240"
  },
  {
    "name": "Monlaur-Bernet",
    "code": "32272",
    "epci_code": "200072320",
    "departement_code": "32",
    "region_code": "76",
    "postal_code": "32140"
  },
  {
    "name": "Monlezun",
    "code": "32273",
    "epci_code": "243200508",
    "departement_code": "32",
    "region_code": "76",
    "postal_code": "32230"
  },
  {
    "name": "Monlezun-d’Armagnac",
    "code": "32274",
    "epci_code": "243200409",
    "departement_code": "32",
    "region_code": "76",
    "postal_code": "32240"
  },
  {
    "name": "Monpardiac",
    "code": "32275",
    "epci_code": "243200508",
    "departement_code": "32",
    "region_code": "76",
    "postal_code": "32170"
  },
  {
    "name": "Montadet",
    "code": "32276",
    "epci_code": "243200599",
    "departement_code": "32",
    "region_code": "76",
    "postal_code": "32220"
  },
  {
    "name": "Montamat",
    "code": "32277",
    "epci_code": "243200599",
    "departement_code": "32",
    "region_code": "76",
    "postal_code": "32220"
  },
  {
    "name": "Montaut",
    "code": "32278",
    "epci_code": "200035756",
    "departement_code": "32",
    "region_code": "76",
    "postal_code": "32300"
  },
  {
    "name": "Montaut-les-Créneaux",
    "code": "32279",
    "epci_code": "200066926",
    "departement_code": "32",
    "region_code": "76",
    "postal_code": "32810"
  },
  {
    "name": "Mont-d’Astarac",
    "code": "32280",
    "epci_code": "200072320",
    "departement_code": "32",
    "region_code": "76",
    "postal_code": "32140"
  },
  {
    "name": "Mont-de-Marrast",
    "code": "32281",
    "epci_code": "200035756",
    "departement_code": "32",
    "region_code": "76",
    "postal_code": "32170"
  },
  {
    "name": "Montégut",
    "code": "32282",
    "epci_code": "200066926",
    "departement_code": "32",
    "region_code": "76",
    "postal_code": "32550"
  },
  {
    "name": "Montégut-Arros",
    "code": "32283",
    "epci_code": "200035756",
    "departement_code": "32",
    "region_code": "76",
    "postal_code": "32730"
  },
  {
    "name": "Montégut-Savès",
    "code": "32284",
    "epci_code": "243200599",
    "departement_code": "32",
    "region_code": "76",
    "postal_code": "32220"
  },
  {
    "name": "Montesquiou",
    "code": "32285",
    "epci_code": "243200425",
    "departement_code": "32",
    "region_code": "76",
    "postal_code": "32320"
  },
  {
    "name": "Montestruc-sur-Gers",
    "code": "32286",
    "epci_code": "243200391",
    "departement_code": "32",
    "region_code": "76",
    "postal_code": "32390"
  },
  {
    "name": "Monties",
    "code": "32287",
    "epci_code": "200072320",
    "departement_code": "32",
    "region_code": "76",
    "postal_code": "32420"
  },
  {
    "name": "Montiron",
    "code": "32288",
    "epci_code": "200042372",
    "departement_code": "32",
    "region_code": "76",
    "postal_code": "32200"
  },
  {
    "name": "Montpezat",
    "code": "32289",
    "epci_code": "243200599",
    "departement_code": "32",
    "region_code": "76",
    "postal_code": "32220"
  },
  {
    "name": "Montréal",
    "code": "32290",
    "epci_code": "243200417",
    "departement_code": "32",
    "region_code": "76",
    "postal_code": "32250"
  },
  {
    "name": "Mormès",
    "code": "32291",
    "epci_code": "243200409",
    "departement_code": "32",
    "region_code": "76",
    "postal_code": "32240"
  },
  {
    "name": "Mouchan",
    "code": "32292",
    "epci_code": "243200417",
    "departement_code": "32",
    "region_code": "76",
    "postal_code": "32330"
  },
  {
    "name": "Mouchès",
    "code": "32293",
    "epci_code": "243200425",
    "departement_code": "32",
    "region_code": "76",
    "postal_code": "32300"
  },
  {
    "name": "Mourède",
    "code": "32294",
    "epci_code": "243200607",
    "departement_code": "32",
    "region_code": "76",
    "postal_code": "32190"
  },
  {
    "name": "Nizas",
    "code": "32295",
    "epci_code": "243200599",
    "departement_code": "32",
    "region_code": "76",
    "postal_code": "32130"
  },
  {
    "name": "Nogaro",
    "code": "32296",
    "epci_code": "243200409",
    "departement_code": "32",
    "region_code": "76",
    "postal_code": "32110"
  },
  {
    "name": "Noilhan",
    "code": "32297",
    "epci_code": "243200599",
    "departement_code": "32",
    "region_code": "76",
    "postal_code": "32130"
  },
  {
    "name": "Nougaroulet",
    "code": "32298",
    "epci_code": "200066926",
    "departement_code": "32",
    "region_code": "76",
    "postal_code": "32270"
  },
  {
    "name": "Noulens",
    "code": "32299",
    "epci_code": "243200458",
    "departement_code": "32",
    "region_code": "76",
    "postal_code": "32800"
  },
  {
    "name": "Orbessan",
    "code": "32300",
    "epci_code": "200072320",
    "departement_code": "32",
    "region_code": "76",
    "postal_code": "32260"
  },
  {
    "name": "Ordan-Larroque",
    "code": "32301",
    "epci_code": "200066926",
    "departement_code": "32",
    "region_code": "76",
    "postal_code": "32350"
  },
  {
    "name": "Ornézan",
    "code": "32302",
    "epci_code": "200072320",
    "departement_code": "32",
    "region_code": "76",
    "postal_code": "32260"
  },
  {
    "name": "Pallanne",
    "code": "32303",
    "epci_code": "243200508",
    "departement_code": "32",
    "region_code": "76",
    "postal_code": "32230"
  },
  {
    "name": "Panassac",
    "code": "32304",
    "epci_code": "200072320",
    "departement_code": "32",
    "region_code": "76",
    "postal_code": "32140"
  },
  {
    "name": "Panjas",
    "code": "32305",
    "epci_code": "243200458",
    "departement_code": "32",
    "region_code": "76",
    "postal_code": "32110"
  },
  {
    "name": "Pauilhac",
    "code": "32306",
    "epci_code": "243200391",
    "departement_code": "32",
    "region_code": "76",
    "postal_code": "32500"
  },
  {
    "name": "Pavie",
    "code": "32307",
    "epci_code": "200066926",
    "departement_code": "32",
    "region_code": "76",
    "postal_code": "32550"
  },
  {
    "name": "Pébées",
    "code": "32308",
    "epci_code": "243200599",
    "departement_code": "32",
    "region_code": "76",
    "postal_code": "32130"
  },
  {
    "name": "Pellefigue",
    "code": "32309",
    "epci_code": "243200599",
    "departement_code": "32",
    "region_code": "76",
    "postal_code": "32420"
  },
  {
    "name": "Perchède",
    "code": "32310",
    "epci_code": "243200409",
    "departement_code": "32",
    "region_code": "76",
    "postal_code": "32460"
  },
  {
    "name": "Pergain-Taillac",
    "code": "32311",
    "epci_code": "243200391",
    "departement_code": "32",
    "region_code": "76",
    "postal_code": "32700"
  },
  {
    "name": "Pessan",
    "code": "32312",
    "epci_code": "200066926",
    "departement_code": "32",
    "region_code": "76",
    "postal_code": "32550"
  },
  {
    "name": "Pessoulens",
    "code": "32313",
    "epci_code": "200034726",
    "departement_code": "32",
    "region_code": "76",
    "postal_code": "32380"
  },
  {
    "name": "Peyrecave",
    "code": "32314",
    "epci_code": "243200391",
    "departement_code": "32",
    "region_code": "76",
    "postal_code": "32340"
  },
  {
    "name": "Peyrusse-Grande",
    "code": "32315",
    "epci_code": "243200607",
    "departement_code": "32",
    "region_code": "76",
    "postal_code": "32320"
  },
  {
    "name": "Peyrusse-Massas",
    "code": "32316",
    "epci_code": "200066926",
    "departement_code": "32",
    "region_code": "76",
    "postal_code": "32360"
  },
  {
    "name": "Peyrusse-Vieille",
    "code": "32317",
    "epci_code": "243200607",
    "departement_code": "32",
    "region_code": "76",
    "postal_code": "32230"
  },
  {
    "name": "Pis",
    "code": "32318",
    "epci_code": "243200391",
    "departement_code": "32",
    "region_code": "76",
    "postal_code": "32500"
  },
  {
    "name": "Plaisance",
    "code": "32319",
    "epci_code": "243200508",
    "departement_code": "32",
    "region_code": "76",
    "postal_code": "32160"
  },
  {
    "name": "Plieux",
    "code": "32320",
    "epci_code": "243200391",
    "departement_code": "32",
    "region_code": "76",
    "postal_code": "32340"
  },
  {
    "name": "Polastron",
    "code": "32321",
    "epci_code": "243200599",
    "departement_code": "32",
    "region_code": "76",
    "postal_code": "32130"
  },
  {
    "name": "Pompiac",
    "code": "32322",
    "epci_code": "243200599",
    "departement_code": "32",
    "region_code": "76",
    "postal_code": "32130"
  },
  {
    "name": "Ponsampère",
    "code": "32323",
    "epci_code": "200035756",
    "departement_code": "32",
    "region_code": "76",
    "postal_code": "32300"
  },
  {
    "name": "Ponsan-Soubiran",
    "code": "32324",
    "epci_code": "200072320",
    "departement_code": "32",
    "region_code": "76",
    "postal_code": "32300"
  },
  {
    "name": "Pouydraguin",
    "code": "32325",
    "epci_code": "200035632",
    "departement_code": "32",
    "region_code": "76",
    "postal_code": "32290"
  },
  {
    "name": "Pouylebon",
    "code": "32326",
    "epci_code": "243200425",
    "departement_code": "32",
    "region_code": "76",
    "postal_code": "32320"
  },
  {
    "name": "Pouy-Loubrin",
    "code": "32327",
    "epci_code": "200072320",
    "departement_code": "32",
    "region_code": "76",
    "postal_code": "32260"
  },
  {
    "name": "Pouy-Roquelaure",
    "code": "32328",
    "epci_code": "243200391",
    "departement_code": "32",
    "region_code": "76",
    "postal_code": "32480"
  },
  {
    "name": "Préchac",
    "code": "32329",
    "epci_code": "243200391",
    "departement_code": "32",
    "region_code": "76",
    "postal_code": "32390"
  },
  {
    "name": "Préchac-sur-Adour",
    "code": "32330",
    "epci_code": "243200508",
    "departement_code": "32",
    "region_code": "76",
    "postal_code": "32160"
  },
  {
    "name": "Preignan",
    "code": "32331",
    "epci_code": "200066926",
    "departement_code": "32",
    "region_code": "76",
    "postal_code": "32810"
  },
  {
    "name": "Préneron",
    "code": "32332",
    "epci_code": "243200607",
    "departement_code": "32",
    "region_code": "76",
    "postal_code": "32190"
  },
  {
    "name": "Projan",
    "code": "32333",
    "epci_code": "200030435",
    "departement_code": "32",
    "region_code": "76",
    "postal_code": "32400"
  },
  {
    "name": "Pujaudran",
    "code": "32334",
    "epci_code": "200023620",
    "departement_code": "32",
    "region_code": "76",
    "postal_code": "32600"
  },
  {
    "name": "Puycasquier",
    "code": "32335",
    "epci_code": "200066926",
    "departement_code": "32",
    "region_code": "76",
    "postal_code": "32120"
  },
  {
    "name": "Puylausic",
    "code": "32336",
    "epci_code": "243200599",
    "departement_code": "32",
    "region_code": "76",
    "postal_code": "32220"
  },
  {
    "name": "Puységur",
    "code": "32337",
    "epci_code": "243200391",
    "departement_code": "32",
    "region_code": "76",
    "postal_code": "32390"
  },
  {
    "name": "Ramouzens",
    "code": "32338",
    "epci_code": "243200458",
    "departement_code": "32",
    "region_code": "76",
    "postal_code": "32800"
  },
  {
    "name": "Razengues",
    "code": "32339",
    "epci_code": "200023620",
    "departement_code": "32",
    "region_code": "76",
    "postal_code": "32600"
  },
  {
    "name": "Réans",
    "code": "32340",
    "epci_code": "243200458",
    "departement_code": "32",
    "region_code": "76",
    "postal_code": "32800"
  },
  {
    "name": "Réjaumont",
    "code": "32341",
    "epci_code": "243200391",
    "departement_code": "32",
    "region_code": "76",
    "postal_code": "32390"
  },
  {
    "name": "Ricourt",
    "code": "32342",
    "epci_code": "243200508",
    "departement_code": "32",
    "region_code": "76",
    "postal_code": "32230"
  },
  {
    "name": "Riguepeu",
    "code": "32343",
    "epci_code": "243200607",
    "departement_code": "32",
    "region_code": "76",
    "postal_code": "32320"
  },
  {
    "name": "Riscle",
    "code": "32344",
    "epci_code": "200035632",
    "departement_code": "32",
    "region_code": "76",
    "postal_code": "32400"
  },
  {
    "name": "La Romieu",
    "code": "32345",
    "epci_code": "243200391",
    "departement_code": "32",
    "region_code": "76",
    "postal_code": "32480"
  },
  {
    "name": "Roquebrune",
    "code": "32346",
    "epci_code": "243200607",
    "departement_code": "32",
    "region_code": "76",
    "postal_code": "32190"
  },
  {
    "name": "Roquefort",
    "code": "32347",
    "epci_code": "200066926",
    "departement_code": "32",
    "region_code": "76",
    "postal_code": "32390"
  },
  {
    "name": "Roquelaure",
    "code": "32348",
    "epci_code": "200066926",
    "departement_code": "32",
    "region_code": "76",
    "postal_code": "32810"
  },
  {
    "name": "Roquelaure-Saint-Aubin",
    "code": "32349",
    "epci_code": "200034726",
    "departement_code": "32",
    "region_code": "76",
    "postal_code": "32430"
  },
  {
    "name": "Roquepine",
    "code": "32350",
    "epci_code": "243200417",
    "departement_code": "32",
    "region_code": "76",
    "postal_code": "32100"
  },
  {
    "name": "Roques",
    "code": "32351",
    "epci_code": "243200607",
    "departement_code": "32",
    "region_code": "76",
    "postal_code": "32310"
  },
  {
    "name": "Rozès",
    "code": "32352",
    "epci_code": "243200607",
    "departement_code": "32",
    "region_code": "76",
    "postal_code": "32190"
  },
  {
    "name": "Sabaillan",
    "code": "32353",
    "epci_code": "243200599",
    "departement_code": "32",
    "region_code": "76",
    "postal_code": "32420"
  },
  {
    "name": "Sabazan",
    "code": "32354",
    "epci_code": "200035632",
    "departement_code": "32",
    "region_code": "76",
    "postal_code": "32290"
  },
  {
    "name": "Sadeillan",
    "code": "32355",
    "epci_code": "200035756",
    "departement_code": "32",
    "region_code": "76",
    "postal_code": "32170"
  },
  {
    "name": "Saint-André",
    "code": "32356",
    "epci_code": "243200599",
    "departement_code": "32",
    "region_code": "76",
    "postal_code": "32200"
  },
  {
    "name": "Sainte-Anne",
    "code": "32357",
    "epci_code": "200034726",
    "departement_code": "32",
    "region_code": "76",
    "postal_code": "32430"
  },
  {
    "name": "Saint-Antoine",
    "code": "32358",
    "epci_code": "248200016",
    "departement_code": "32",
    "region_code": "76",
    "postal_code": "32340"
  },
  {
    "name": "Saint-Antonin",
    "code": "32359",
    "epci_code": "200034726",
    "departement_code": "32",
    "region_code": "76",
    "postal_code": "32120"
  },
  {
    "name": "Saint-Arailles",
    "code": "32360",
    "epci_code": "243200607",
    "departement_code": "32",
    "region_code": "76",
    "postal_code": "32350"
  },
  {
    "name": "Saint-Arroman",
    "code": "32361",
    "epci_code": "200072320",
    "departement_code": "32",
    "region_code": "76",
    "postal_code": "32300"
  },
  {
    "name": "Saint-Aunix-Lengros",
    "code": "32362",
    "epci_code": "243200508",
    "departement_code": "32",
    "region_code": "76",
    "postal_code": "32160"
  },
  {
    "name": "Sainte-Aurence-Cazaux",
    "code": "32363",
    "epci_code": "200035756",
    "departement_code": "32",
    "region_code": "76",
    "postal_code": "32300"
  },
  {
    "name": "Saint-Avit-Frandat",
    "code": "32364",
    "epci_code": "243200391",
    "departement_code": "32",
    "region_code": "76",
    "postal_code": "32700"
  },
  {
    "name": "Cap d’Astarac",
    "code": "32365",
    "epci_code": "200072320",
    "departement_code": "32",
    "region_code": "76",
    "postal_code": "32140"
  },
  {
    "name": "Cap d’Astarac",
    "code": "32365",
    "epci_code": "200072320",
    "departement_code": "32",
    "region_code": "76",
    "postal_code": "32420"
  },
  {
    "name": "Saint-Brès",
    "code": "32366",
    "epci_code": "200034726",
    "departement_code": "32",
    "region_code": "76",
    "postal_code": "32120"
  },
  {
    "name": "Saint-Christaud",
    "code": "32367",
    "epci_code": "243200425",
    "departement_code": "32",
    "region_code": "76",
    "postal_code": "32320"
  },
  {
    "name": "Sainte-Christie",
    "code": "32368",
    "epci_code": "200066926",
    "departement_code": "32",
    "region_code": "76",
    "postal_code": "32390"
  },
  {
    "name": "Sainte-Christie-d’Armagnac",
    "code": "32369",
    "epci_code": "243200409",
    "departement_code": "32",
    "region_code": "76",
    "postal_code": "32370"
  },
  {
    "name": "Saint-Clar",
    "code": "32370",
    "epci_code": "200034726",
    "departement_code": "32",
    "region_code": "76",
    "postal_code": "32380"
  },
  {
    "name": "Saint-Créac",
    "code": "32371",
    "epci_code": "200034726",
    "departement_code": "32",
    "region_code": "76",
    "postal_code": "32380"
  },
  {
    "name": "Saint-Cricq",
    "code": "32372",
    "epci_code": "200034726",
    "departement_code": "32",
    "region_code": "76",
    "postal_code": "32430"
  },
  {
    "name": "Sainte-Dode",
    "code": "32373",
    "epci_code": "200035756",
    "departement_code": "32",
    "region_code": "76",
    "postal_code": "32170"
  },
  {
    "name": "Saint-Élix-d’Astarac",
    "code": "32374",
    "epci_code": "200042372",
    "departement_code": "32",
    "region_code": "76",
    "postal_code": "32450"
  },
  {
    "name": "Saint-Élix-Theux",
    "code": "32375",
    "epci_code": "200035756",
    "departement_code": "32",
    "region_code": "76",
    "postal_code": "32300"
  },
  {
    "name": "Sainte-Gemme",
    "code": "32376",
    "epci_code": "200034726",
    "departement_code": "32",
    "region_code": "76",
    "postal_code": "32120"
  },
  {
    "name": "Saint-Georges",
    "code": "32377",
    "epci_code": "200034726",
    "departement_code": "32",
    "region_code": "76",
    "postal_code": "32430"
  },
  {
    "name": "Saint-Germé",
    "code": "32378",
    "epci_code": "200035632",
    "departement_code": "32",
    "region_code": "76",
    "postal_code": "32400"
  },
  {
    "name": "Saint-Germier",
    "code": "32379",
    "epci_code": "200034726",
    "departement_code": "32",
    "region_code": "76",
    "postal_code": "32200"
  },
  {
    "name": "Saint-Griède",
    "code": "32380",
    "epci_code": "243200409",
    "departement_code": "32",
    "region_code": "76",
    "postal_code": "32110"
  },
  {
    "name": "Saint-Jean-le-Comtal",
    "code": "32381",
    "epci_code": "200072320",
    "departement_code": "32",
    "region_code": "76",
    "postal_code": "32550"
  },
  {
    "name": "Saint-Jean-Poutge",
    "code": "32382",
    "epci_code": "200066926",
    "departement_code": "32",
    "region_code": "76",
    "postal_code": "32190"
  },
  {
    "name": "Saint-Justin",
    "code": "32383",
    "epci_code": "243200508",
    "departement_code": "32",
    "region_code": "76",
    "postal_code": "32230"
  },
  {
    "name": "Saint-Lary",
    "code": "32384",
    "epci_code": "200066926",
    "departement_code": "32",
    "region_code": "76",
    "postal_code": "32360"
  },
  {
    "name": "Saint-Léonard",
    "code": "32385",
    "epci_code": "200034726",
    "departement_code": "32",
    "region_code": "76",
    "postal_code": "32380"
  },
  {
    "name": "Saint-Lizier-du-Planté",
    "code": "32386",
    "epci_code": "243200599",
    "departement_code": "32",
    "region_code": "76",
    "postal_code": "32220"
  },
  {
    "name": "Saint-Loube",
    "code": "32387",
    "epci_code": "243200599",
    "departement_code": "32",
    "region_code": "76",
    "postal_code": "32220"
  },
  {
    "name": "Sainte-Marie",
    "code": "32388",
    "epci_code": "200042372",
    "departement_code": "32",
    "region_code": "76",
    "postal_code": "32200"
  },
  {
    "name": "Saint-Martin",
    "code": "32389",
    "epci_code": "200035756",
    "departement_code": "32",
    "region_code": "76",
    "postal_code": "32300"
  },
  {
    "name": "Saint-Martin-d’Armagnac",
    "code": "32390",
    "epci_code": "243200409",
    "departement_code": "32",
    "region_code": "76",
    "postal_code": "32110"
  },
  {
    "name": "Saint-Martin-de-Goyne",
    "code": "32391",
    "epci_code": "243200391",
    "departement_code": "32",
    "region_code": "76",
    "postal_code": "32480"
  },
  {
    "name": "Saint-Martin-Gimois",
    "code": "32392",
    "epci_code": "200042372",
    "departement_code": "32",
    "region_code": "76",
    "postal_code": "32450"
  },
  {
    "name": "Saint-Maur",
    "code": "32393",
    "epci_code": "243200425",
    "departement_code": "32",
    "region_code": "76",
    "postal_code": "32300"
  },
  {
    "name": "Saint-Médard",
    "code": "32394",
    "epci_code": "200035756",
    "departement_code": "32",
    "region_code": "76",
    "postal_code": "32300"
  },
  {
    "name": "Sainte-Mère",
    "code": "32395",
    "epci_code": "243200391",
    "departement_code": "32",
    "region_code": "76",
    "postal_code": "32700"
  },
  {
    "name": "Saint-Mézard",
    "code": "32396",
    "epci_code": "243200391",
    "departement_code": "32",
    "region_code": "76",
    "postal_code": "32700"
  },
  {
    "name": "Saint-Michel",
    "code": "32397",
    "epci_code": "200035756",
    "departement_code": "32",
    "region_code": "76",
    "postal_code": "32300"
  },
  {
    "name": "Saint-Mont",
    "code": "32398",
    "epci_code": "200035632",
    "departement_code": "32",
    "region_code": "76",
    "postal_code": "32400"
  },
  {
    "name": "Saint-Orens",
    "code": "32399",
    "epci_code": "200034726",
    "departement_code": "32",
    "region_code": "76",
    "postal_code": "32120"
  },
  {
    "name": "Saint-Orens-Pouy-Petit",
    "code": "32400",
    "epci_code": "243200417",
    "departement_code": "32",
    "region_code": "76",
    "postal_code": "32100"
  },
  {
    "name": "Saint-Ost",
    "code": "32401",
    "epci_code": "200035756",
    "departement_code": "32",
    "region_code": "76",
    "postal_code": "32300"
  },
  {
    "name": "Saint-Paul-de-Baïse",
    "code": "32402",
    "epci_code": "243200607",
    "departement_code": "32",
    "region_code": "76",
    "postal_code": "32190"
  },
  {
    "name": "Saint-Pierre-d’Aubézies",
    "code": "32403",
    "epci_code": "243200607",
    "departement_code": "32",
    "region_code": "76",
    "postal_code": "32290"
  },
  {
    "name": "Saint-Puy",
    "code": "32404",
    "epci_code": "243200417",
    "departement_code": "32",
    "region_code": "76",
    "postal_code": "32310"
  },
  {
    "name": "Sainte-Radegonde",
    "code": "32405",
    "epci_code": "243200391",
    "departement_code": "32",
    "region_code": "76",
    "postal_code": "32500"
  },
  {
    "name": "Saint-Sauvy",
    "code": "32406",
    "epci_code": "200042372",
    "departement_code": "32",
    "region_code": "76",
    "postal_code": "32270"
  },
  {
    "name": "Saint-Soulan",
    "code": "32407",
    "epci_code": "243200599",
    "departement_code": "32",
    "region_code": "76",
    "postal_code": "32220"
  },
  {
    "name": "Salles-d’Armagnac",
    "code": "32408",
    "epci_code": "243200409",
    "departement_code": "32",
    "region_code": "76",
    "postal_code": "32370"
  },
  {
    "name": "Samaran",
    "code": "32409",
    "epci_code": "200072320",
    "departement_code": "32",
    "region_code": "76",
    "postal_code": "32140"
  },
  {
    "name": "Samatan",
    "code": "32410",
    "epci_code": "243200599",
    "departement_code": "32",
    "region_code": "76",
    "postal_code": "32130"
  },
  {
    "name": "Sansan",
    "code": "32411",
    "epci_code": "200072320",
    "departement_code": "32",
    "region_code": "76",
    "postal_code": "32260"
  },
  {
    "name": "Saramon",
    "code": "32412",
    "epci_code": "200042372",
    "departement_code": "32",
    "region_code": "76",
    "postal_code": "32450"
  },
  {
    "name": "Sarragachies",
    "code": "32414",
    "epci_code": "200035632",
    "departement_code": "32",
    "region_code": "76",
    "postal_code": "32400"
  },
  {
    "name": "Sarraguzan",
    "code": "32415",
    "epci_code": "200035756",
    "departement_code": "32",
    "region_code": "76",
    "postal_code": "32170"
  },
  {
    "name": "Sarrant",
    "code": "32416",
    "epci_code": "200034726",
    "departement_code": "32",
    "region_code": "76",
    "postal_code": "32120"
  },
  {
    "name": "La Sauvetat",
    "code": "32417",
    "epci_code": "243200391",
    "departement_code": "32",
    "region_code": "76",
    "postal_code": "32500"
  },
  {
    "name": "Sauveterre",
    "code": "32418",
    "epci_code": "243200599",
    "departement_code": "32",
    "region_code": "76",
    "postal_code": "32220"
  },
  {
    "name": "Sauviac",
    "code": "32419",
    "epci_code": "200035756",
    "departement_code": "32",
    "region_code": "76",
    "postal_code": "32300"
  },
  {
    "name": "Sauvimont",
    "code": "32420",
    "epci_code": "243200599",
    "departement_code": "32",
    "region_code": "76",
    "postal_code": "32220"
  },
  {
    "name": "Savignac-Mona",
    "code": "32421",
    "epci_code": "243200599",
    "departement_code": "32",
    "region_code": "76",
    "postal_code": "32130"
  },
  {
    "name": "Scieurac-et-Flourès",
    "code": "32422",
    "epci_code": "243200508",
    "departement_code": "32",
    "region_code": "76",
    "postal_code": "32230"
  },
  {
    "name": "Séailles",
    "code": "32423",
    "epci_code": "243200458",
    "departement_code": "32",
    "region_code": "76",
    "postal_code": "32190"
  },
  {
    "name": "Ségos",
    "code": "32424",
    "epci_code": "200030435",
    "departement_code": "32",
    "region_code": "76",
    "postal_code": "32400"
  },
  {
    "name": "Ségoufielle",
    "code": "32425",
    "epci_code": "200023620",
    "departement_code": "32",
    "region_code": "76",
    "postal_code": "32600"
  },
  {
    "name": "Seissan",
    "code": "32426",
    "epci_code": "200072320",
    "departement_code": "32",
    "region_code": "76",
    "postal_code": "32260"
  },
  {
    "name": "Sembouès",
    "code": "32427",
    "epci_code": "243200508",
    "departement_code": "32",
    "region_code": "76",
    "postal_code": "32230"
  },
  {
    "name": "Sémézies-Cachan",
    "code": "32428",
    "epci_code": "200042372",
    "departement_code": "32",
    "region_code": "76",
    "postal_code": "32450"
  },
  {
    "name": "Sempesserre",
    "code": "32429",
    "epci_code": "243200391",
    "departement_code": "32",
    "region_code": "76",
    "postal_code": "32700"
  },
  {
    "name": "Sère",
    "code": "32430",
    "epci_code": "200072320",
    "departement_code": "32",
    "region_code": "76",
    "postal_code": "32140"
  },
  {
    "name": "Sérempuy",
    "code": "32431",
    "epci_code": "200034726",
    "departement_code": "32",
    "region_code": "76",
    "postal_code": "32120"
  },
  {
    "name": "Seysses-Savès",
    "code": "32432",
    "epci_code": "243200599",
    "departement_code": "32",
    "region_code": "76",
    "postal_code": "32130"
  },
  {
    "name": "Simorre",
    "code": "32433",
    "epci_code": "200042372",
    "departement_code": "32",
    "region_code": "76",
    "postal_code": "32420"
  },
  {
    "name": "Sion",
    "code": "32434",
    "epci_code": "243200409",
    "departement_code": "32",
    "region_code": "76",
    "postal_code": "32110"
  },
  {
    "name": "Sirac",
    "code": "32435",
    "epci_code": "200034726",
    "departement_code": "32",
    "region_code": "76",
    "postal_code": "32430"
  },
  {
    "name": "Solomiac",
    "code": "32436",
    "epci_code": "200034726",
    "departement_code": "32",
    "region_code": "76",
    "postal_code": "32120"
  },
  {
    "name": "Sorbets",
    "code": "32437",
    "epci_code": "243200409",
    "departement_code": "32",
    "region_code": "76",
    "postal_code": "32110"
  },
  {
    "name": "Tachoires",
    "code": "32438",
    "epci_code": "200072320",
    "departement_code": "32",
    "region_code": "76",
    "postal_code": "32260"
  },
  {
    "name": "Tarsac",
    "code": "32439",
    "epci_code": "200035632",
    "departement_code": "32",
    "region_code": "76",
    "postal_code": "32400"
  },
  {
    "name": "Tasque",
    "code": "32440",
    "epci_code": "243200508",
    "departement_code": "32",
    "region_code": "76",
    "postal_code": "32160"
  },
  {
    "name": "Taybosc",
    "code": "32441",
    "epci_code": "243200391",
    "departement_code": "32",
    "region_code": "76",
    "postal_code": "32120"
  },
  {
    "name": "Terraube",
    "code": "32442",
    "epci_code": "243200391",
    "departement_code": "32",
    "region_code": "76",
    "postal_code": "32700"
  },
  {
    "name": "Termes-d’Armagnac",
    "code": "32443",
    "epci_code": "200035632",
    "departement_code": "32",
    "region_code": "76",
    "postal_code": "32400"
  },
  {
    "name": "Thoux",
    "code": "32444",
    "epci_code": "200034726",
    "departement_code": "32",
    "region_code": "76",
    "postal_code": "32430"
  },
  {
    "name": "Tieste-Uragnoux",
    "code": "32445",
    "epci_code": "243200508",
    "departement_code": "32",
    "region_code": "76",
    "postal_code": "32160"
  },
  {
    "name": "Tillac",
    "code": "32446",
    "epci_code": "243200508",
    "departement_code": "32",
    "region_code": "76",
    "postal_code": "32170"
  },
  {
    "name": "Tirent-Pontéjac",
    "code": "32447",
    "epci_code": "200042372",
    "departement_code": "32",
    "region_code": "76",
    "postal_code": "32450"
  },
  {
    "name": "Touget",
    "code": "32448",
    "epci_code": "200034726",
    "departement_code": "32",
    "region_code": "76",
    "postal_code": "32430"
  },
  {
    "name": "Toujouse",
    "code": "32449",
    "epci_code": "243200409",
    "departement_code": "32",
    "region_code": "76",
    "postal_code": "32240"
  },
  {
    "name": "Tourdun",
    "code": "32450",
    "epci_code": "243200508",
    "departement_code": "32",
    "region_code": "76",
    "postal_code": "32230"
  },
  {
    "name": "Tournan",
    "code": "32451",
    "epci_code": "243200599",
    "departement_code": "32",
    "region_code": "76",
    "postal_code": "32420"
  },
  {
    "name": "Tournecoupe",
    "code": "32452",
    "epci_code": "200034726",
    "departement_code": "32",
    "region_code": "76",
    "postal_code": "32380"
  },
  {
    "name": "Tourrenquets",
    "code": "32453",
    "epci_code": "200066926",
    "departement_code": "32",
    "region_code": "76",
    "postal_code": "32390"
  },
  {
    "name": "Traversères",
    "code": "32454",
    "epci_code": "200072320",
    "departement_code": "32",
    "region_code": "76",
    "postal_code": "32450"
  },
  {
    "name": "Troncens",
    "code": "32455",
    "epci_code": "243200508",
    "departement_code": "32",
    "region_code": "76",
    "postal_code": "32230"
  },
  {
    "name": "Tudelle",
    "code": "32456",
    "epci_code": "243200607",
    "departement_code": "32",
    "region_code": "76",
    "postal_code": "32190"
  },
  {
    "name": "Urdens",
    "code": "32457",
    "epci_code": "243200391",
    "departement_code": "32",
    "region_code": "76",
    "postal_code": "32500"
  },
  {
    "name": "Urgosse",
    "code": "32458",
    "epci_code": "243200409",
    "departement_code": "32",
    "region_code": "76",
    "postal_code": "32110"
  },
  {
    "name": "Valence-sur-Baïse",
    "code": "32459",
    "epci_code": "243200417",
    "departement_code": "32",
    "region_code": "76",
    "postal_code": "32310"
  },
  {
    "name": "Vergoignan",
    "code": "32460",
    "epci_code": "200030435",
    "departement_code": "32",
    "region_code": "76",
    "postal_code": "32720"
  },
  {
    "name": "Verlus",
    "code": "32461",
    "epci_code": "200035632",
    "departement_code": "32",
    "region_code": "76",
    "postal_code": "32400"
  },
  {
    "name": "Vic-Fezensac",
    "code": "32462",
    "epci_code": "243200607",
    "departement_code": "32",
    "region_code": "76",
    "postal_code": "32190"
  },
  {
    "name": "Viella",
    "code": "32463",
    "epci_code": "200035632",
    "departement_code": "32",
    "region_code": "76",
    "postal_code": "32400"
  },
  {
    "name": "Villecomtal-sur-Arros",
    "code": "32464",
    "epci_code": "200035756",
    "departement_code": "32",
    "region_code": "76",
    "postal_code": "32730"
  },
  {
    "name": "Villefranche-d’Astarac",
    "code": "32465",
    "epci_code": "200042372",
    "departement_code": "32",
    "region_code": "76",
    "postal_code": "32420"
  },
  {
    "name": "Viozan",
    "code": "32466",
    "epci_code": "200035756",
    "departement_code": "32",
    "region_code": "76",
    "postal_code": "32300"
  },
  {
    "name": "Saint-Caprais",
    "code": "32467",
    "epci_code": "200042372",
    "departement_code": "32",
    "region_code": "76",
    "postal_code": "32200"
  },
  {
    "name": "Aussos",
    "code": "32468",
    "epci_code": "200072320",
    "departement_code": "32",
    "region_code": "76",
    "postal_code": "32140"
  }
]