[
  {
    "name": "Abbans-Dessous",
    "code": "25001",
    "epci_code": "200068070",
    "departement_code": "25",
    "region_code": "27",
    "postal_code": "25320"
  },
  {
    "name": "Abbans-Dessus",
    "code": "25002",
    "epci_code": "200068070",
    "departement_code": "25",
    "region_code": "27",
    "postal_code": "25440"
  },
  {
    "name": "Abbenans",
    "code": "25003",
    "epci_code": "200068294",
    "departement_code": "25",
    "region_code": "27",
    "postal_code": "25340"
  },
  {
    "name": "Abbévillers",
    "code": "25004",
    "epci_code": "200065647",
    "departement_code": "25",
    "region_code": "27",
    "postal_code": "25310"
  },
  {
    "name": "Accolans",
    "code": "25005",
    "epci_code": "200068294",
    "departement_code": "25",
    "region_code": "27",
    "postal_code": "25250"
  },
  {
    "name": "Adam-lès-Passavant",
    "code": "25006",
    "epci_code": "242504447",
    "departement_code": "25",
    "region_code": "27",
    "postal_code": "25360"
  },
  {
    "name": "Adam-lès-Vercel",
    "code": "25007",
    "epci_code": "242504181",
    "departement_code": "25",
    "region_code": "27",
    "postal_code": "25530"
  },
  {
    "name": "Aibre",
    "code": "25008",
    "epci_code": "247000722",
    "departement_code": "25",
    "region_code": "27",
    "postal_code": "25750"
  },
  {
    "name": "Aïssey",
    "code": "25009",
    "epci_code": "242504447",
    "departement_code": "25",
    "region_code": "27",
    "postal_code": "25360"
  },
  {
    "name": "Allenjoie",
    "code": "25011",
    "epci_code": "200065647",
    "departement_code": "25",
    "region_code": "27",
    "postal_code": "25490"
  },
  {
    "name": "Les Alliés",
    "code": "25012",
    "epci_code": "242500320",
    "departement_code": "25",
    "region_code": "27",
    "postal_code": "25300"
  },
  {
    "name": "Allondans",
    "code": "25013",
    "epci_code": "200065647",
    "departement_code": "25",
    "region_code": "27",
    "postal_code": "25550"
  },
  {
    "name": "Amagney",
    "code": "25014",
    "epci_code": "242500361",
    "departement_code": "25",
    "region_code": "27",
    "postal_code": "25220"
  },
  {
    "name": "Amancey",
    "code": "25015",
    "epci_code": "200068070",
    "departement_code": "25",
    "region_code": "27",
    "postal_code": "25330"
  },
  {
    "name": "Amathay-Vésigneux",
    "code": "25016",
    "epci_code": "200068070",
    "departement_code": "25",
    "region_code": "27",
    "postal_code": "25330"
  },
  {
    "name": "Amondans",
    "code": "25017",
    "epci_code": "200068070",
    "departement_code": "25",
    "region_code": "27",
    "postal_code": "25330"
  },
  {
    "name": "Anteuil",
    "code": "25018",
    "epci_code": "200068294",
    "departement_code": "25",
    "region_code": "27",
    "postal_code": "25340"
  },
  {
    "name": "Appenans",
    "code": "25019",
    "epci_code": "200068294",
    "departement_code": "25",
    "region_code": "27",
    "postal_code": "25250"
  },
  {
    "name": "Arbouans",
    "code": "25020",
    "epci_code": "200065647",
    "departement_code": "25",
    "region_code": "27",
    "postal_code": "25400"
  },
  {
    "name": "Arc-et-Senans",
    "code": "25021",
    "epci_code": "200068070",
    "departement_code": "25",
    "region_code": "27",
    "postal_code": "25610"
  },
  {
    "name": "Arcey",
    "code": "25022",
    "epci_code": "200068294",
    "departement_code": "25",
    "region_code": "27",
    "postal_code": "25750"
  },
  {
    "name": "Arçon",
    "code": "25024",
    "epci_code": "242500320",
    "departement_code": "25",
    "region_code": "27",
    "postal_code": "25300"
  },
  {
    "name": "Arc-sous-Cicon",
    "code": "25025",
    "epci_code": "242500320",
    "departement_code": "25",
    "region_code": "27",
    "postal_code": "25520"
  },
  {
    "name": "Arc-sous-Montenot",
    "code": "25026",
    "epci_code": "242504488",
    "departement_code": "25",
    "region_code": "27",
    "postal_code": "25270"
  },
  {
    "name": "Aubonne",
    "code": "25029",
    "epci_code": "242500320",
    "departement_code": "25",
    "region_code": "27",
    "postal_code": "25520"
  },
  {
    "name": "Audeux",
    "code": "25030",
    "epci_code": "242500361",
    "departement_code": "25",
    "region_code": "27",
    "postal_code": "25170"
  },
  {
    "name": "Audincourt",
    "code": "25031",
    "epci_code": "200065647",
    "departement_code": "25",
    "region_code": "27",
    "postal_code": "25400"
  },
  {
    "name": "Autechaux",
    "code": "25032",
    "epci_code": "242504447",
    "departement_code": "25",
    "region_code": "27",
    "postal_code": "25110"
  },
  {
    "name": "Autechaux-Roide",
    "code": "25033",
    "epci_code": "200065647",
    "departement_code": "25",
    "region_code": "27",
    "postal_code": "25150"
  },
  {
    "name": "Les Auxons",
    "code": "25035",
    "epci_code": "242500361",
    "departement_code": "25",
    "region_code": "27",
    "postal_code": "25870"
  },
  {
    "name": "Avanne-Aveney",
    "code": "25036",
    "epci_code": "242500361",
    "departement_code": "25",
    "region_code": "27",
    "postal_code": "25720"
  },
  {
    "name": "Avilley",
    "code": "25038",
    "epci_code": "200068294",
    "departement_code": "25",
    "region_code": "27",
    "postal_code": "25680"
  },
  {
    "name": "Avoudrey",
    "code": "25039",
    "epci_code": "242504181",
    "departement_code": "25",
    "region_code": "27",
    "postal_code": "25690"
  },
  {
    "name": "Badevel",
    "code": "25040",
    "epci_code": "200065647",
    "departement_code": "25",
    "region_code": "27",
    "postal_code": "25490"
  },
  {
    "name": "Bannans",
    "code": "25041",
    "epci_code": "242504496",
    "departement_code": "25",
    "region_code": "27",
    "postal_code": "25560"
  },
  {
    "name": "Le Barboux",
    "code": "25042",
    "epci_code": "242504355",
    "departement_code": "25",
    "region_code": "27",
    "postal_code": "25210"
  },
  {
    "name": "Bart",
    "code": "25043",
    "epci_code": "200065647",
    "departement_code": "25",
    "region_code": "27",
    "postal_code": "25420"
  },
  {
    "name": "Bartherans",
    "code": "25044",
    "epci_code": "200068070",
    "departement_code": "25",
    "region_code": "27",
    "postal_code": "25440"
  },
  {
    "name": "Battenans-les-Mines",
    "code": "25045",
    "epci_code": "242504447",
    "departement_code": "25",
    "region_code": "27",
    "postal_code": "25640"
  },
  {
    "name": "Battenans-Varin",
    "code": "25046",
    "epci_code": "200023075",
    "departement_code": "25",
    "region_code": "27",
    "postal_code": "25380"
  },
  {
    "name": "Baume-les-Dames",
    "code": "25047",
    "epci_code": "242504447",
    "departement_code": "25",
    "region_code": "27",
    "postal_code": "25110"
  },
  {
    "name": "Bavans",
    "code": "25048",
    "epci_code": "200065647",
    "departement_code": "25",
    "region_code": "27",
    "postal_code": "25550"
  },
  {
    "name": "Belfays",
    "code": "25049",
    "epci_code": "200023075",
    "departement_code": "25",
    "region_code": "27",
    "postal_code": "25470"
  },
  {
    "name": "Le Bélieu",
    "code": "25050",
    "epci_code": "242504116",
    "departement_code": "25",
    "region_code": "27",
    "postal_code": "25500"
  },
  {
    "name": "Belleherbe",
    "code": "25051",
    "epci_code": "242504371",
    "departement_code": "25",
    "region_code": "27",
    "postal_code": "25380"
  },
  {
    "name": "Belmont",
    "code": "25052",
    "epci_code": "242504181",
    "departement_code": "25",
    "region_code": "27",
    "postal_code": "25530"
  },
  {
    "name": "Belvoir",
    "code": "25053",
    "epci_code": "242504371",
    "departement_code": "25",
    "region_code": "27",
    "postal_code": "25430"
  },
  {
    "name": "Berche",
    "code": "25054",
    "epci_code": "200065647",
    "departement_code": "25",
    "region_code": "27",
    "postal_code": "25420"
  },
  {
    "name": "Berthelange",
    "code": "25055",
    "epci_code": "200041887",
    "departement_code": "25",
    "region_code": "27",
    "postal_code": "25410"
  },
  {
    "name": "Besançon",
    "code": "25056",
    "epci_code": "242500361",
    "departement_code": "25",
    "region_code": "27",
    "postal_code": "25000"
  },
  {
    "name": "Bethoncourt",
    "code": "25057",
    "epci_code": "200065647",
    "departement_code": "25",
    "region_code": "27",
    "postal_code": "25200"
  },
  {
    "name": "Beure",
    "code": "25058",
    "epci_code": "242500361",
    "departement_code": "25",
    "region_code": "27",
    "postal_code": "25720"
  },
  {
    "name": "Beutal",
    "code": "25059",
    "epci_code": "200065647",
    "departement_code": "25",
    "region_code": "27",
    "postal_code": "25250"
  },
  {
    "name": "Val-d’Usiers",
    "code": "25060",
    "epci_code": "242504488",
    "departement_code": "25",
    "region_code": "27",
    "postal_code": "25520"
  },
  {
    "name": "Bief",
    "code": "25061",
    "epci_code": "200023075",
    "departement_code": "25",
    "region_code": "27",
    "postal_code": "25190"
  },
  {
    "name": "Le Bizot",
    "code": "25062",
    "epci_code": "242504355",
    "departement_code": "25",
    "region_code": "27",
    "postal_code": "25210"
  },
  {
    "name": "Blamont",
    "code": "25063",
    "epci_code": "200065647",
    "departement_code": "25",
    "region_code": "27",
    "postal_code": "25310"
  },
  {
    "name": "Blarians",
    "code": "25065",
    "epci_code": "242504447",
    "departement_code": "25",
    "region_code": "27",
    "postal_code": "25640"
  },
  {
    "name": "Blussangeaux",
    "code": "25066",
    "epci_code": "200068294",
    "departement_code": "25",
    "region_code": "27",
    "postal_code": "25250"
  },
  {
    "name": "Blussans",
    "code": "25067",
    "epci_code": "200068294",
    "departement_code": "25",
    "region_code": "27",
    "postal_code": "25250"
  },
  {
    "name": "Bolandoz",
    "code": "25070",
    "epci_code": "200068070",
    "departement_code": "25",
    "region_code": "27",
    "postal_code": "25330"
  },
  {
    "name": "Bondeval",
    "code": "25071",
    "epci_code": "200065647",
    "departement_code": "25",
    "region_code": "27",
    "postal_code": "25230"
  },
  {
    "name": "Bonnal",
    "code": "25072",
    "epci_code": "247000714",
    "departement_code": "25",
    "region_code": "27",
    "postal_code": "25680"
  },
  {
    "name": "Bonnay",
    "code": "25073",
    "epci_code": "242500361",
    "departement_code": "25",
    "region_code": "27",
    "postal_code": "25870"
  },
  {
    "name": "Bonnétage",
    "code": "25074",
    "epci_code": "242504355",
    "departement_code": "25",
    "region_code": "27",
    "postal_code": "25210"
  },
  {
    "name": "Bonnevaux",
    "code": "25075",
    "epci_code": "242504496",
    "departement_code": "25",
    "region_code": "27",
    "postal_code": "25560"
  },
  {
    "name": "La Bosse",
    "code": "25077",
    "epci_code": "242504355",
    "departement_code": "25",
    "region_code": "27",
    "postal_code": "25210"
  },
  {
    "name": "Bouclans",
    "code": "25078",
    "epci_code": "242504181",
    "departement_code": "25",
    "region_code": "27",
    "postal_code": "25360"
  },
  {
    "name": "Boujailles",
    "code": "25079",
    "epci_code": "242504496",
    "departement_code": "25",
    "region_code": "27",
    "postal_code": "25560"
  },
  {
    "name": "Bourguignon",
    "code": "25082",
    "epci_code": "200065647",
    "departement_code": "25",
    "region_code": "27",
    "postal_code": "25150"
  },
  {
    "name": "Bournois",
    "code": "25083",
    "epci_code": "200068294",
    "departement_code": "25",
    "region_code": "27",
    "postal_code": "25250"
  },
  {
    "name": "Boussières",
    "code": "25084",
    "epci_code": "242500361",
    "departement_code": "25",
    "region_code": "27",
    "postal_code": "25320"
  },
  {
    "name": "Bouverans",
    "code": "25085",
    "epci_code": "242504496",
    "departement_code": "25",
    "region_code": "27",
    "postal_code": "25560"
  },
  {
    "name": "Braillans",
    "code": "25086",
    "epci_code": "242500361",
    "departement_code": "25",
    "region_code": "27",
    "postal_code": "25640"
  },
  {
    "name": "Branne",
    "code": "25087",
    "epci_code": "200068294",
    "departement_code": "25",
    "region_code": "27",
    "postal_code": "25340"
  },
  {
    "name": "Breconchaux",
    "code": "25088",
    "epci_code": "242504447",
    "departement_code": "25",
    "region_code": "27",
    "postal_code": "25640"
  },
  {
    "name": "Bremondans",
    "code": "25089",
    "epci_code": "242504181",
    "departement_code": "25",
    "region_code": "27",
    "postal_code": "25530"
  },
  {
    "name": "Brères",
    "code": "25090",
    "epci_code": "200068070",
    "departement_code": "25",
    "region_code": "27",
    "postal_code": "25440"
  },
  {
    "name": "Les Bréseux",
    "code": "25091",
    "epci_code": "200023075",
    "departement_code": "25",
    "region_code": "27",
    "postal_code": "25120"
  },
  {
    "name": "La Bretenière",
    "code": "25092",
    "epci_code": "242504447",
    "departement_code": "25",
    "region_code": "27",
    "postal_code": "25640"
  },
  {
    "name": "Bretigney",
    "code": "25093",
    "epci_code": "200065647",
    "departement_code": "25",
    "region_code": "27",
    "postal_code": "25250"
  },
  {
    "name": "Bretigney-Notre-Dame",
    "code": "25094",
    "epci_code": "242504447",
    "departement_code": "25",
    "region_code": "27",
    "postal_code": "25110"
  },
  {
    "name": "Bretonvillers",
    "code": "25095",
    "epci_code": "242504371",
    "departement_code": "25",
    "region_code": "27",
    "postal_code": "25380"
  },
  {
    "name": "Brey-et-Maison-du-Bois",
    "code": "25096",
    "epci_code": "200069565",
    "departement_code": "25",
    "region_code": "27",
    "postal_code": "25240"
  },
  {
    "name": "Brognard",
    "code": "25097",
    "epci_code": "200065647",
    "departement_code": "25",
    "region_code": "27",
    "postal_code": "25600"
  },
  {
    "name": "Buffard",
    "code": "25098",
    "epci_code": "200068070",
    "departement_code": "25",
    "region_code": "27",
    "postal_code": "25440"
  },
  {
    "name": "Bugny",
    "code": "25099",
    "epci_code": "242500320",
    "departement_code": "25",
    "region_code": "27",
    "postal_code": "25520"
  },
  {
    "name": "Bulle",
    "code": "25100",
    "epci_code": "242504496",
    "departement_code": "25",
    "region_code": "27",
    "postal_code": "25560"
  },
  {
    "name": "Burgille",
    "code": "25101",
    "epci_code": "200041887",
    "departement_code": "25",
    "region_code": "27",
    "postal_code": "25170"
  },
  {
    "name": "Burnevillers",
    "code": "25102",
    "epci_code": "200023075",
    "departement_code": "25",
    "region_code": "27",
    "postal_code": "25470"
  },
  {
    "name": "Busy",
    "code": "25103",
    "epci_code": "242500361",
    "departement_code": "25",
    "region_code": "27",
    "postal_code": "25320"
  },
  {
    "name": "By",
    "code": "25104",
    "epci_code": "200068070",
    "departement_code": "25",
    "region_code": "27",
    "postal_code": "25440"
  },
  {
    "name": "Byans-sur-Doubs",
    "code": "25105",
    "epci_code": "242500361",
    "departement_code": "25",
    "region_code": "27",
    "postal_code": "25320"
  },
  {
    "name": "Cademène",
    "code": "25106",
    "epci_code": "200068070",
    "departement_code": "25",
    "region_code": "27",
    "postal_code": "25290"
  },
  {
    "name": "Cendrey",
    "code": "25107",
    "epci_code": "242504447",
    "departement_code": "25",
    "region_code": "27",
    "postal_code": "25640"
  },
  {
    "name": "Cernay-lՃglise",
    "code": "25108",
    "epci_code": "200023075",
    "departement_code": "25",
    "region_code": "27",
    "postal_code": "25120"
  },
  {
    "name": "Cessey",
    "code": "25109",
    "epci_code": "200068070",
    "departement_code": "25",
    "region_code": "27",
    "postal_code": "25440"
  },
  {
    "name": "Chaffois",
    "code": "25110",
    "epci_code": "242500338",
    "departement_code": "25",
    "region_code": "27",
    "postal_code": "25300"
  },
  {
    "name": "Chalèze",
    "code": "25111",
    "epci_code": "242500361",
    "departement_code": "25",
    "region_code": "27",
    "postal_code": "25220"
  },
  {
    "name": "Chalezeule",
    "code": "25112",
    "epci_code": "242500361",
    "departement_code": "25",
    "region_code": "27",
    "postal_code": "25220"
  },
  {
    "name": "Chamesey",
    "code": "25113",
    "epci_code": "242504371",
    "departement_code": "25",
    "region_code": "27",
    "postal_code": "25380"
  },
  {
    "name": "Chamesol",
    "code": "25114",
    "epci_code": "200023075",
    "departement_code": "25",
    "region_code": "27",
    "postal_code": "25190"
  },
  {
    "name": "Champagney",
    "code": "25115",
    "epci_code": "242500361",
    "departement_code": "25",
    "region_code": "27",
    "postal_code": "25170"
  },
  {
    "name": "Champlive",
    "code": "25116",
    "epci_code": "242504447",
    "departement_code": "25",
    "region_code": "27",
    "postal_code": "25360"
  },
  {
    "name": "Champoux",
    "code": "25117",
    "epci_code": "242500361",
    "departement_code": "25",
    "region_code": "27",
    "postal_code": "25640"
  },
  {
    "name": "Champvans-les-Moulins",
    "code": "25119",
    "epci_code": "242500361",
    "departement_code": "25",
    "region_code": "27",
    "postal_code": "25170"
  },
  {
    "name": "Chantrans",
    "code": "25120",
    "epci_code": "200068070",
    "departement_code": "25",
    "region_code": "27",
    "postal_code": "25330"
  },
  {
    "name": "Chapelle-des-Bois",
    "code": "25121",
    "epci_code": "200069565",
    "departement_code": "25",
    "region_code": "27",
    "postal_code": "25240"
  },
  {
    "name": "Chapelle-d’Huin",
    "code": "25122",
    "epci_code": "242504488",
    "departement_code": "25",
    "region_code": "27",
    "postal_code": "25270"
  },
  {
    "name": "Charmauvillers",
    "code": "25124",
    "epci_code": "200023075",
    "departement_code": "25",
    "region_code": "27",
    "postal_code": "25470"
  },
  {
    "name": "Charmoille",
    "code": "25125",
    "epci_code": "242504371",
    "departement_code": "25",
    "region_code": "27",
    "postal_code": "25380"
  },
  {
    "name": "Charnay",
    "code": "25126",
    "epci_code": "200068070",
    "departement_code": "25",
    "region_code": "27",
    "postal_code": "25440"
  },
  {
    "name": "Charquemont",
    "code": "25127",
    "epci_code": "200023075",
    "departement_code": "25",
    "region_code": "27",
    "postal_code": "25140"
  },
  {
    "name": "Chassagne-Saint-Denis",
    "code": "25129",
    "epci_code": "200068070",
    "departement_code": "25",
    "region_code": "27",
    "postal_code": "25290"
  },
  {
    "name": "Châteauvieux-les-Fossés",
    "code": "25130",
    "epci_code": "200068070",
    "departement_code": "25",
    "region_code": "27",
    "postal_code": "25840"
  },
  {
    "name": "Châtelblanc",
    "code": "25131",
    "epci_code": "200069565",
    "departement_code": "25",
    "region_code": "27",
    "postal_code": "25240"
  },
  {
    "name": "Châtillon-Guyotte",
    "code": "25132",
    "epci_code": "242504447",
    "departement_code": "25",
    "region_code": "27",
    "postal_code": "25640"
  },
  {
    "name": "Châtillon-le-Duc",
    "code": "25133",
    "epci_code": "242500361",
    "departement_code": "25",
    "region_code": "27",
    "postal_code": "25870"
  },
  {
    "name": "Chaucenne",
    "code": "25136",
    "epci_code": "242500361",
    "departement_code": "25",
    "region_code": "27",
    "postal_code": "25170"
  },
  {
    "name": "Les Terres-de-Chaux",
    "code": "25138",
    "epci_code": "200023075",
    "departement_code": "25",
    "region_code": "27",
    "postal_code": "25190"
  },
  {
    "name": "La Chaux",
    "code": "25139",
    "epci_code": "242500320",
    "departement_code": "25",
    "region_code": "27",
    "postal_code": "25650"
  },
  {
    "name": "Chaux-lès-Passavant",
    "code": "25141",
    "epci_code": "242504181",
    "departement_code": "25",
    "region_code": "27",
    "postal_code": "25530"
  },
  {
    "name": "Chaux-Neuve",
    "code": "25142",
    "epci_code": "200069565",
    "departement_code": "25",
    "region_code": "27",
    "postal_code": "25240"
  },
  {
    "name": "Chay",
    "code": "25143",
    "epci_code": "200068070",
    "departement_code": "25",
    "region_code": "27",
    "postal_code": "25440"
  },
  {
    "name": "Chazot",
    "code": "25145",
    "epci_code": "242504371",
    "departement_code": "25",
    "region_code": "27",
    "postal_code": "25430"
  },
  {
    "name": "Chemaudin et Vaux",
    "code": "25147",
    "epci_code": "242500361",
    "departement_code": "25",
    "region_code": "27",
    "postal_code": "25320"
  },
  {
    "name": "Chemaudin et Vaux",
    "code": "25147",
    "epci_code": "242500361",
    "departement_code": "25",
    "region_code": "27",
    "postal_code": "25770"
  },
  {
    "name": "La Chenalotte",
    "code": "25148",
    "epci_code": "242504355",
    "departement_code": "25",
    "region_code": "27",
    "postal_code": "25500"
  },
  {
    "name": "Chenecey-Buillon",
    "code": "25149",
    "epci_code": "200068070",
    "departement_code": "25",
    "region_code": "27",
    "postal_code": "25440"
  },
  {
    "name": "Chevigney-sur-l’Ognon",
    "code": "25150",
    "epci_code": "200041887",
    "departement_code": "25",
    "region_code": "27",
    "postal_code": "25170"
  },
  {
    "name": "Chevigney-lès-Vercel",
    "code": "25151",
    "epci_code": "242504181",
    "departement_code": "25",
    "region_code": "27",
    "postal_code": "25530"
  },
  {
    "name": "La Chevillotte",
    "code": "25152",
    "epci_code": "242500361",
    "departement_code": "25",
    "region_code": "27",
    "postal_code": "25620"
  },
  {
    "name": "Chevroz",
    "code": "25153",
    "epci_code": "242500361",
    "departement_code": "25",
    "region_code": "27",
    "postal_code": "25870"
  },
  {
    "name": "Chouzelot",
    "code": "25154",
    "epci_code": "200068070",
    "departement_code": "25",
    "region_code": "27",
    "postal_code": "25440"
  },
  {
    "name": "Cléron",
    "code": "25155",
    "epci_code": "200068070",
    "departement_code": "25",
    "region_code": "27",
    "postal_code": "25330"
  },
  {
    "name": "Pays-de-Clerval",
    "code": "25156",
    "epci_code": "200068294",
    "departement_code": "25",
    "region_code": "27",
    "postal_code": "25340"
  },
  {
    "name": "La Cluse-et-Mijoux",
    "code": "25157",
    "epci_code": "242500338",
    "departement_code": "25",
    "region_code": "27",
    "postal_code": "25300"
  },
  {
    "name": "Colombier-Fontaine",
    "code": "25159",
    "epci_code": "200065647",
    "departement_code": "25",
    "region_code": "27",
    "postal_code": "25260"
  },
  {
    "name": "Les Combes",
    "code": "25160",
    "epci_code": "242504116",
    "departement_code": "25",
    "region_code": "27",
    "postal_code": "25500"
  },
  {
    "name": "Consolation-Maisonnettes",
    "code": "25161",
    "epci_code": "242504181",
    "departement_code": "25",
    "region_code": "27",
    "postal_code": "25390"
  },
  {
    "name": "Corcelles-Ferrières",
    "code": "25162",
    "epci_code": "200041887",
    "departement_code": "25",
    "region_code": "27",
    "postal_code": "25410"
  },
  {
    "name": "Corcelle-Mieslot",
    "code": "25163",
    "epci_code": "242504447",
    "departement_code": "25",
    "region_code": "27",
    "postal_code": "25640"
  },
  {
    "name": "Corcondray",
    "code": "25164",
    "epci_code": "200041887",
    "departement_code": "25",
    "region_code": "27",
    "postal_code": "25410"
  },
  {
    "name": "Côtebrune",
    "code": "25166",
    "epci_code": "242504447",
    "departement_code": "25",
    "region_code": "27",
    "postal_code": "25360"
  },
  {
    "name": "Courcelles-lès-Montbéliard",
    "code": "25170",
    "epci_code": "200065647",
    "departement_code": "25",
    "region_code": "27",
    "postal_code": "25420"
  },
  {
    "name": "Courcelles",
    "code": "25171",
    "epci_code": "200068070",
    "departement_code": "25",
    "region_code": "27",
    "postal_code": "25440"
  },
  {
    "name": "Courchapon",
    "code": "25172",
    "epci_code": "200041887",
    "departement_code": "25",
    "region_code": "27",
    "postal_code": "25170"
  },
  {
    "name": "Cour-Saint-Maurice",
    "code": "25173",
    "epci_code": "200023075",
    "departement_code": "25",
    "region_code": "27",
    "postal_code": "25380"
  },
  {
    "name": "Courtefontaine",
    "code": "25174",
    "epci_code": "200023075",
    "departement_code": "25",
    "region_code": "27",
    "postal_code": "25470"
  },
  {
    "name": "Courtetain-et-Salans",
    "code": "25175",
    "epci_code": "242504181",
    "departement_code": "25",
    "region_code": "27",
    "postal_code": "25530"
  },
  {
    "name": "Courvières",
    "code": "25176",
    "epci_code": "242504496",
    "departement_code": "25",
    "region_code": "27",
    "postal_code": "25560"
  },
  {
    "name": "Crosey-le-Grand",
    "code": "25177",
    "epci_code": "242504371",
    "departement_code": "25",
    "region_code": "27",
    "postal_code": "25340"
  },
  {
    "name": "Crosey-le-Petit",
    "code": "25178",
    "epci_code": "242504371",
    "departement_code": "25",
    "region_code": "27",
    "postal_code": "25340"
  },
  {
    "name": "Le Crouzet",
    "code": "25179",
    "epci_code": "200069565",
    "departement_code": "25",
    "region_code": "27",
    "postal_code": "25240"
  },
  {
    "name": "Crouzet-Migette",
    "code": "25180",
    "epci_code": "200068070",
    "departement_code": "25",
    "region_code": "27",
    "postal_code": "25270"
  },
  {
    "name": "Cubrial",
    "code": "25181",
    "epci_code": "200068294",
    "departement_code": "25",
    "region_code": "27",
    "postal_code": "25680"
  },
  {
    "name": "Cubry",
    "code": "25182",
    "epci_code": "200068294",
    "departement_code": "25",
    "region_code": "27",
    "postal_code": "25680"
  },
  {
    "name": "Cusance",
    "code": "25183",
    "epci_code": "242504447",
    "departement_code": "25",
    "region_code": "27",
    "postal_code": "25110"
  },
  {
    "name": "Cuse-et-Adrisans",
    "code": "25184",
    "epci_code": "200068294",
    "departement_code": "25",
    "region_code": "27",
    "postal_code": "25680"
  },
  {
    "name": "Cussey-sur-Lison",
    "code": "25185",
    "epci_code": "200068070",
    "departement_code": "25",
    "region_code": "27",
    "postal_code": "25440"
  },
  {
    "name": "Cussey-sur-l’Ognon",
    "code": "25186",
    "epci_code": "242500361",
    "departement_code": "25",
    "region_code": "27",
    "postal_code": "25870"
  },
  {
    "name": "Dambelin",
    "code": "25187",
    "epci_code": "200065647",
    "departement_code": "25",
    "region_code": "27",
    "postal_code": "25150"
  },
  {
    "name": "Dambenois",
    "code": "25188",
    "epci_code": "200065647",
    "departement_code": "25",
    "region_code": "27",
    "postal_code": "25600"
  },
  {
    "name": "Dammartin-les-Templiers",
    "code": "25189",
    "epci_code": "242504447",
    "departement_code": "25",
    "region_code": "27",
    "postal_code": "25110"
  },
  {
    "name": "Dampierre-les-Bois",
    "code": "25190",
    "epci_code": "200065647",
    "departement_code": "25",
    "region_code": "27",
    "postal_code": "25490"
  },
  {
    "name": "Dampierre-sur-le-Doubs",
    "code": "25191",
    "epci_code": "200065647",
    "departement_code": "25",
    "region_code": "27",
    "postal_code": "25420"
  },
  {
    "name": "Dampjoux",
    "code": "25192",
    "epci_code": "200065647",
    "departement_code": "25",
    "region_code": "27",
    "postal_code": "25190"
  },
  {
    "name": "Damprichard",
    "code": "25193",
    "epci_code": "200023075",
    "departement_code": "25",
    "region_code": "27",
    "postal_code": "25450"
  },
  {
    "name": "Dannemarie",
    "code": "25194",
    "epci_code": "200065647",
    "departement_code": "25",
    "region_code": "27",
    "postal_code": "25310"
  },
  {
    "name": "Dannemarie-sur-Crète",
    "code": "25195",
    "epci_code": "242500361",
    "departement_code": "25",
    "region_code": "27",
    "postal_code": "25410"
  },
  {
    "name": "Dasle",
    "code": "25196",
    "epci_code": "200065647",
    "departement_code": "25",
    "region_code": "27",
    "postal_code": "25230"
  },
  {
    "name": "Deluz",
    "code": "25197",
    "epci_code": "242500361",
    "departement_code": "25",
    "region_code": "27",
    "postal_code": "25960"
  },
  {
    "name": "Désandans",
    "code": "25198",
    "epci_code": "200068294",
    "departement_code": "25",
    "region_code": "27",
    "postal_code": "25750"
  },
  {
    "name": "Déservillers",
    "code": "25199",
    "epci_code": "200068070",
    "departement_code": "25",
    "region_code": "27",
    "postal_code": "25330"
  },
  {
    "name": "Devecey",
    "code": "25200",
    "epci_code": "242500361",
    "departement_code": "25",
    "region_code": "27",
    "postal_code": "25870"
  },
  {
    "name": "Dommartin",
    "code": "25201",
    "epci_code": "242500338",
    "departement_code": "25",
    "region_code": "27",
    "postal_code": "25300"
  },
  {
    "name": "Dompierre-les-Tilleuls",
    "code": "25202",
    "epci_code": "242504496",
    "departement_code": "25",
    "region_code": "27",
    "postal_code": "25560"
  },
  {
    "name": "Domprel",
    "code": "25203",
    "epci_code": "242504181",
    "departement_code": "25",
    "region_code": "27",
    "postal_code": "25510"
  },
  {
    "name": "Doubs",
    "code": "25204",
    "epci_code": "242500338",
    "departement_code": "25",
    "region_code": "27",
    "postal_code": "25300"
  },
  {
    "name": "Dung",
    "code": "25207",
    "epci_code": "200065647",
    "departement_code": "25",
    "region_code": "27",
    "postal_code": "25550"
  },
  {
    "name": "Durnes",
    "code": "25208",
    "epci_code": "200068070",
    "departement_code": "25",
    "region_code": "27",
    "postal_code": "25580"
  },
  {
    "name": "Échay",
    "code": "25209",
    "epci_code": "200068070",
    "departement_code": "25",
    "region_code": "27",
    "postal_code": "25440"
  },
  {
    "name": "Échenans",
    "code": "25210",
    "epci_code": "200065647",
    "departement_code": "25",
    "region_code": "27",
    "postal_code": "25550"
  },
  {
    "name": "Échevannes",
    "code": "25211",
    "epci_code": "200068070",
    "departement_code": "25",
    "region_code": "27",
    "postal_code": "25580"
  },
  {
    "name": "École-Valentin",
    "code": "25212",
    "epci_code": "242500361",
    "departement_code": "25",
    "region_code": "27",
    "postal_code": "25480"
  },
  {
    "name": "Les Écorces",
    "code": "25213",
    "epci_code": "200023075",
    "departement_code": "25",
    "region_code": "27",
    "postal_code": "25140"
  },
  {
    "name": "Écot",
    "code": "25214",
    "epci_code": "200065647",
    "departement_code": "25",
    "region_code": "27",
    "postal_code": "25150"
  },
  {
    "name": "LՃcouvotte",
    "code": "25215",
    "epci_code": "242504447",
    "departement_code": "25",
    "region_code": "27",
    "postal_code": "25640"
  },
  {
    "name": "Écurcey",
    "code": "25216",
    "epci_code": "200065647",
    "departement_code": "25",
    "region_code": "27",
    "postal_code": "25150"
  },
  {
    "name": "Émagny",
    "code": "25217",
    "epci_code": "200041887",
    "departement_code": "25",
    "region_code": "27",
    "postal_code": "25170"
  },
  {
    "name": "Épenouse",
    "code": "25218",
    "epci_code": "242504181",
    "departement_code": "25",
    "region_code": "27",
    "postal_code": "25530"
  },
  {
    "name": "Épenoy",
    "code": "25219",
    "epci_code": "242504181",
    "departement_code": "25",
    "region_code": "27",
    "postal_code": "25800"
  },
  {
    "name": "Épeugney",
    "code": "25220",
    "epci_code": "200068070",
    "departement_code": "25",
    "region_code": "27",
    "postal_code": "25290"
  },
  {
    "name": "Esnans",
    "code": "25221",
    "epci_code": "242504447",
    "departement_code": "25",
    "region_code": "27",
    "postal_code": "25110"
  },
  {
    "name": "Étalans",
    "code": "25222",
    "epci_code": "242504181",
    "departement_code": "25",
    "region_code": "27",
    "postal_code": "25580"
  },
  {
    "name": "Étalans",
    "code": "25222",
    "epci_code": "242504181",
    "departement_code": "25",
    "region_code": "27",
    "postal_code": "25620"
  },
  {
    "name": "Éternoz-Vallée-du-Lison",
    "code": "25223",
    "epci_code": "200068070",
    "departement_code": "25",
    "region_code": "27",
    "postal_code": "25330"
  },
  {
    "name": "Étouvans",
    "code": "25224",
    "epci_code": "200065647",
    "departement_code": "25",
    "region_code": "27",
    "postal_code": "25260"
  },
  {
    "name": "Étrabonne",
    "code": "25225",
    "epci_code": "200041887",
    "departement_code": "25",
    "region_code": "27",
    "postal_code": "25170"
  },
  {
    "name": "Étrappe",
    "code": "25226",
    "epci_code": "200068294",
    "departement_code": "25",
    "region_code": "27",
    "postal_code": "25250"
  },
  {
    "name": "Étray",
    "code": "25227",
    "epci_code": "242504181",
    "departement_code": "25",
    "region_code": "27",
    "postal_code": "25800"
  },
  {
    "name": "Étupes",
    "code": "25228",
    "epci_code": "200065647",
    "departement_code": "25",
    "region_code": "27",
    "postal_code": "25460"
  },
  {
    "name": "Évillers",
    "code": "25229",
    "epci_code": "242504488",
    "departement_code": "25",
    "region_code": "27",
    "postal_code": "25520"
  },
  {
    "name": "Exincourt",
    "code": "25230",
    "epci_code": "200065647",
    "departement_code": "25",
    "region_code": "27",
    "postal_code": "25400"
  },
  {
    "name": "Eysson",
    "code": "25231",
    "epci_code": "242504181",
    "departement_code": "25",
    "region_code": "27",
    "postal_code": "25530"
  },
  {
    "name": "Faimbe",
    "code": "25232",
    "epci_code": "200068294",
    "departement_code": "25",
    "region_code": "27",
    "postal_code": "25250"
  },
  {
    "name": "Fallerans",
    "code": "25233",
    "epci_code": "242504181",
    "departement_code": "25",
    "region_code": "27",
    "postal_code": "25580"
  },
  {
    "name": "Ferrières-le-Lac",
    "code": "25234",
    "epci_code": "200023075",
    "departement_code": "25",
    "region_code": "27",
    "postal_code": "25470"
  },
  {
    "name": "Ferrières-les-Bois",
    "code": "25235",
    "epci_code": "200041887",
    "departement_code": "25",
    "region_code": "27",
    "postal_code": "25410"
  },
  {
    "name": "Fertans",
    "code": "25236",
    "epci_code": "200068070",
    "departement_code": "25",
    "region_code": "27",
    "postal_code": "25330"
  },
  {
    "name": "Fesches-le-Châtel",
    "code": "25237",
    "epci_code": "200065647",
    "departement_code": "25",
    "region_code": "27",
    "postal_code": "25490"
  },
  {
    "name": "Fessevillers",
    "code": "25238",
    "epci_code": "200023075",
    "departement_code": "25",
    "region_code": "27",
    "postal_code": "25470"
  },
  {
    "name": "Feule",
    "code": "25239",
    "epci_code": "200065647",
    "departement_code": "25",
    "region_code": "27",
    "postal_code": "25190"
  },
  {
    "name": "Les Fins",
    "code": "25240",
    "epci_code": "242504116",
    "departement_code": "25",
    "region_code": "27",
    "postal_code": "25500"
  },
  {
    "name": "Flagey",
    "code": "25241",
    "epci_code": "200068070",
    "departement_code": "25",
    "region_code": "27",
    "postal_code": "25330"
  },
  {
    "name": "Flagey-Rigney",
    "code": "25242",
    "epci_code": "242504447",
    "departement_code": "25",
    "region_code": "27",
    "postal_code": "25640"
  },
  {
    "name": "Flangebouche",
    "code": "25243",
    "epci_code": "242504181",
    "departement_code": "25",
    "region_code": "27",
    "postal_code": "25390"
  },
  {
    "name": "Fleurey",
    "code": "25244",
    "epci_code": "200023075",
    "departement_code": "25",
    "region_code": "27",
    "postal_code": "25190"
  },
  {
    "name": "Fontain",
    "code": "25245",
    "epci_code": "242500361",
    "departement_code": "25",
    "region_code": "27",
    "postal_code": "25660"
  },
  {
    "name": "Fontain",
    "code": "25245",
    "epci_code": "242500361",
    "departement_code": "25",
    "region_code": "27",
    "postal_code": "25720"
  },
  {
    "name": "Fontaine-lès-Clerval",
    "code": "25246",
    "epci_code": "200068294",
    "departement_code": "25",
    "region_code": "27",
    "postal_code": "25340"
  },
  {
    "name": "Fontenelle-Montby",
    "code": "25247",
    "epci_code": "200068294",
    "departement_code": "25",
    "region_code": "27",
    "postal_code": "25340"
  },
  {
    "name": "Les Fontenelles",
    "code": "25248",
    "epci_code": "242504355",
    "departement_code": "25",
    "region_code": "27",
    "postal_code": "25210"
  },
  {
    "name": "Fontenotte",
    "code": "25249",
    "epci_code": "242504447",
    "departement_code": "25",
    "region_code": "27",
    "postal_code": "25110"
  },
  {
    "name": "Fourbanne",
    "code": "25251",
    "epci_code": "242504447",
    "departement_code": "25",
    "region_code": "27",
    "postal_code": "25110"
  },
  {
    "name": "Fourcatier-et-Maison-Neuve",
    "code": "25252",
    "epci_code": "200069565",
    "departement_code": "25",
    "region_code": "27",
    "postal_code": "25370"
  },
  {
    "name": "Fourg",
    "code": "25253",
    "epci_code": "200068070",
    "departement_code": "25",
    "region_code": "27",
    "postal_code": "25440"
  },
  {
    "name": "Les Fourgs",
    "code": "25254",
    "epci_code": "200069565",
    "departement_code": "25",
    "region_code": "27",
    "postal_code": "25300"
  },
  {
    "name": "Fournet-Blancheroche",
    "code": "25255",
    "epci_code": "200023075",
    "departement_code": "25",
    "region_code": "27",
    "postal_code": "25140"
  },
  {
    "name": "Frambouhans",
    "code": "25256",
    "epci_code": "200023075",
    "departement_code": "25",
    "region_code": "27",
    "postal_code": "25140"
  },
  {
    "name": "Franey",
    "code": "25257",
    "epci_code": "200041887",
    "departement_code": "25",
    "region_code": "27",
    "postal_code": "25170"
  },
  {
    "name": "Franois",
    "code": "25258",
    "epci_code": "242500361",
    "departement_code": "25",
    "region_code": "27",
    "postal_code": "25770"
  },
  {
    "name": "Frasne",
    "code": "25259",
    "epci_code": "242504496",
    "departement_code": "25",
    "region_code": "27",
    "postal_code": "25560"
  },
  {
    "name": "Froidevaux",
    "code": "25261",
    "epci_code": "242504371",
    "departement_code": "25",
    "region_code": "27",
    "postal_code": "25190"
  },
  {
    "name": "Fuans",
    "code": "25262",
    "epci_code": "242504181",
    "departement_code": "25",
    "region_code": "27",
    "postal_code": "25390"
  },
  {
    "name": "Gellin",
    "code": "25263",
    "epci_code": "200069565",
    "departement_code": "25",
    "region_code": "27",
    "postal_code": "25240"
  },
  {
    "name": "Gémonval",
    "code": "25264",
    "epci_code": "200068294",
    "departement_code": "25",
    "region_code": "27",
    "postal_code": "25250"
  },
  {
    "name": "Geneuille",
    "code": "25265",
    "epci_code": "242500361",
    "departement_code": "25",
    "region_code": "27",
    "postal_code": "25870"
  },
  {
    "name": "Geney",
    "code": "25266",
    "epci_code": "200068294",
    "departement_code": "25",
    "region_code": "27",
    "postal_code": "25250"
  },
  {
    "name": "Gennes",
    "code": "25267",
    "epci_code": "242500361",
    "departement_code": "25",
    "region_code": "27",
    "postal_code": "25660"
  },
  {
    "name": "Germéfontaine",
    "code": "25268",
    "epci_code": "242504181",
    "departement_code": "25",
    "region_code": "27",
    "postal_code": "25510"
  },
  {
    "name": "Germondans",
    "code": "25269",
    "epci_code": "242504447",
    "departement_code": "25",
    "region_code": "27",
    "postal_code": "25640"
  },
  {
    "name": "Gevresin",
    "code": "25270",
    "epci_code": "242504488",
    "departement_code": "25",
    "region_code": "27",
    "postal_code": "25270"
  },
  {
    "name": "Gilley",
    "code": "25271",
    "epci_code": "242500320",
    "departement_code": "25",
    "region_code": "27",
    "postal_code": "25650"
  },
  {
    "name": "Glamondans",
    "code": "25273",
    "epci_code": "242504447",
    "departement_code": "25",
    "region_code": "27",
    "postal_code": "25360"
  },
  {
    "name": "Glay",
    "code": "25274",
    "epci_code": "200065647",
    "departement_code": "25",
    "region_code": "27",
    "postal_code": "25310"
  },
  {
    "name": "Glère",
    "code": "25275",
    "epci_code": "200023075",
    "departement_code": "25",
    "region_code": "27",
    "postal_code": "25190"
  },
  {
    "name": "Gondenans-Montby",
    "code": "25276",
    "epci_code": "200068294",
    "departement_code": "25",
    "region_code": "27",
    "postal_code": "25340"
  },
  {
    "name": "Gondenans-les-Moulins",
    "code": "25277",
    "epci_code": "200068294",
    "departement_code": "25",
    "region_code": "27",
    "postal_code": "25680"
  },
  {
    "name": "Gonsans",
    "code": "25278",
    "epci_code": "242504181",
    "departement_code": "25",
    "region_code": "27",
    "postal_code": "25360"
  },
  {
    "name": "Gouhelans",
    "code": "25279",
    "epci_code": "200068294",
    "departement_code": "25",
    "region_code": "27",
    "postal_code": "25680"
  },
  {
    "name": "Goumois",
    "code": "25280",
    "epci_code": "200023075",
    "departement_code": "25",
    "region_code": "27",
    "postal_code": "25470"
  },
  {
    "name": "Goux-lès-Dambelin",
    "code": "25281",
    "epci_code": "200065647",
    "departement_code": "25",
    "region_code": "27",
    "postal_code": "25150"
  },
  {
    "name": "Goux-sous-Landet",
    "code": "25283",
    "epci_code": "200068070",
    "departement_code": "25",
    "region_code": "27",
    "postal_code": "25440"
  },
  {
    "name": "Grand-Charmont",
    "code": "25284",
    "epci_code": "200065647",
    "departement_code": "25",
    "region_code": "27",
    "postal_code": "25200"
  },
  {
    "name": "Grand’Combe-Châteleu",
    "code": "25285",
    "epci_code": "242504116",
    "departement_code": "25",
    "region_code": "27",
    "postal_code": "25570"
  },
  {
    "name": "Grand’Combe-des-Bois",
    "code": "25286",
    "epci_code": "242504355",
    "departement_code": "25",
    "region_code": "27",
    "postal_code": "25210"
  },
  {
    "name": "Grandfontaine",
    "code": "25287",
    "epci_code": "242500361",
    "departement_code": "25",
    "region_code": "27",
    "postal_code": "25320"
  },
  {
    "name": "Fournets-Luisans",
    "code": "25288",
    "epci_code": "242504181",
    "departement_code": "25",
    "region_code": "27",
    "postal_code": "25390"
  },
  {
    "name": "Grandfontaine-sur-Creuse",
    "code": "25289",
    "epci_code": "242504181",
    "departement_code": "25",
    "region_code": "27",
    "postal_code": "25510"
  },
  {
    "name": "La Grange",
    "code": "25290",
    "epci_code": "242504371",
    "departement_code": "25",
    "region_code": "27",
    "postal_code": "25380"
  },
  {
    "name": "Granges-Narboz",
    "code": "25293",
    "epci_code": "242500338",
    "departement_code": "25",
    "region_code": "27",
    "postal_code": "25300"
  },
  {
    "name": "Les Grangettes",
    "code": "25295",
    "epci_code": "200069565",
    "departement_code": "25",
    "region_code": "27",
    "postal_code": "25160"
  },
  {
    "name": "Les Gras",
    "code": "25296",
    "epci_code": "242504116",
    "departement_code": "25",
    "region_code": "27",
    "postal_code": "25790"
  },
  {
    "name": "Grosbois",
    "code": "25298",
    "epci_code": "242504447",
    "departement_code": "25",
    "region_code": "27",
    "postal_code": "25110"
  },
  {
    "name": "Guillon-les-Bains",
    "code": "25299",
    "epci_code": "242504447",
    "departement_code": "25",
    "region_code": "27",
    "postal_code": "25110"
  },
  {
    "name": "Guyans-Durnes",
    "code": "25300",
    "epci_code": "242504181",
    "departement_code": "25",
    "region_code": "27",
    "postal_code": "25580"
  },
  {
    "name": "Guyans-Vennes",
    "code": "25301",
    "epci_code": "242504181",
    "departement_code": "25",
    "region_code": "27",
    "postal_code": "25390"
  },
  {
    "name": "Hérimoncourt",
    "code": "25304",
    "epci_code": "200065647",
    "departement_code": "25",
    "region_code": "27",
    "postal_code": "25310"
  },
  {
    "name": "L’Hôpital-du-Grosbois",
    "code": "25305",
    "epci_code": "200068070",
    "departement_code": "25",
    "region_code": "27",
    "postal_code": "25620"
  },
  {
    "name": "L’Hôpital-Saint-Lieffroy",
    "code": "25306",
    "epci_code": "200068294",
    "departement_code": "25",
    "region_code": "27",
    "postal_code": "25340"
  },
  {
    "name": "Les Hôpitaux-Neufs",
    "code": "25307",
    "epci_code": "200069565",
    "departement_code": "25",
    "region_code": "27",
    "postal_code": "25370"
  },
  {
    "name": "Les Hôpitaux-Vieux",
    "code": "25308",
    "epci_code": "200069565",
    "departement_code": "25",
    "region_code": "27",
    "postal_code": "25370"
  },
  {
    "name": "Houtaud",
    "code": "25309",
    "epci_code": "242500338",
    "departement_code": "25",
    "region_code": "27",
    "postal_code": "25300"
  },
  {
    "name": "Huanne-Montmartin",
    "code": "25310",
    "epci_code": "200068294",
    "departement_code": "25",
    "region_code": "27",
    "postal_code": "25680"
  },
  {
    "name": "Hyémondans",
    "code": "25311",
    "epci_code": "200068294",
    "departement_code": "25",
    "region_code": "27",
    "postal_code": "25250"
  },
  {
    "name": "Hyèvre-Magny",
    "code": "25312",
    "epci_code": "242504447",
    "departement_code": "25",
    "region_code": "27",
    "postal_code": "25110"
  },
  {
    "name": "Hyèvre-Paroisse",
    "code": "25313",
    "epci_code": "242504447",
    "departement_code": "25",
    "region_code": "27",
    "postal_code": "25110"
  },
  {
    "name": "Indevillers",
    "code": "25314",
    "epci_code": "200023075",
    "departement_code": "25",
    "region_code": "27",
    "postal_code": "25470"
  },
  {
    "name": "L’Isle-sur-le-Doubs",
    "code": "25315",
    "epci_code": "200068294",
    "departement_code": "25",
    "region_code": "27",
    "postal_code": "25250"
  },
  {
    "name": "Issans",
    "code": "25316",
    "epci_code": "200065647",
    "departement_code": "25",
    "region_code": "27",
    "postal_code": "25550"
  },
  {
    "name": "Jallerange",
    "code": "25317",
    "epci_code": "200041887",
    "departement_code": "25",
    "region_code": "27",
    "postal_code": "25170"
  },
  {
    "name": "Jougne",
    "code": "25318",
    "epci_code": "200069565",
    "departement_code": "25",
    "region_code": "27",
    "postal_code": "25370"
  },
  {
    "name": "Labergement-Sainte-Marie",
    "code": "25320",
    "epci_code": "200069565",
    "departement_code": "25",
    "region_code": "27",
    "postal_code": "25160"
  },
  {
    "name": "Villers-le-Lac",
    "code": "25321",
    "epci_code": "242504116",
    "departement_code": "25",
    "region_code": "27",
    "postal_code": "25130"
  },
  {
    "name": "Laire",
    "code": "25322",
    "epci_code": "247000722",
    "departement_code": "25",
    "region_code": "27",
    "postal_code": "25550"
  },
  {
    "name": "Laissey",
    "code": "25323",
    "epci_code": "242504447",
    "departement_code": "25",
    "region_code": "27",
    "postal_code": "25820"
  },
  {
    "name": "Lanans",
    "code": "25324",
    "epci_code": "242504371",
    "departement_code": "25",
    "region_code": "27",
    "postal_code": "25360"
  },
  {
    "name": "Landresse",
    "code": "25325",
    "epci_code": "242504181",
    "departement_code": "25",
    "region_code": "27",
    "postal_code": "25530"
  },
  {
    "name": "Lantenne-Vertière",
    "code": "25326",
    "epci_code": "200041887",
    "departement_code": "25",
    "region_code": "27",
    "postal_code": "25170"
  },
  {
    "name": "Lanthenans",
    "code": "25327",
    "epci_code": "200068294",
    "departement_code": "25",
    "region_code": "27",
    "postal_code": "25250"
  },
  {
    "name": "Larnod",
    "code": "25328",
    "epci_code": "242500361",
    "departement_code": "25",
    "region_code": "27",
    "postal_code": "25720"
  },
  {
    "name": "Laval-le-Prieuré",
    "code": "25329",
    "epci_code": "242504355",
    "departement_code": "25",
    "region_code": "27",
    "postal_code": "25210"
  },
  {
    "name": "Lavans-Quingey",
    "code": "25330",
    "epci_code": "200068070",
    "departement_code": "25",
    "region_code": "27",
    "postal_code": "25440"
  },
  {
    "name": "Lavans-Vuillafans",
    "code": "25331",
    "epci_code": "200068070",
    "departement_code": "25",
    "region_code": "27",
    "postal_code": "25580"
  },
  {
    "name": "Lavernay",
    "code": "25332",
    "epci_code": "200041887",
    "departement_code": "25",
    "region_code": "27",
    "postal_code": "25170"
  },
  {
    "name": "Laviron",
    "code": "25333",
    "epci_code": "242504181",
    "departement_code": "25",
    "region_code": "27",
    "postal_code": "25510"
  },
  {
    "name": "Levier",
    "code": "25334",
    "epci_code": "242504488",
    "departement_code": "25",
    "region_code": "27",
    "postal_code": "25270"
  },
  {
    "name": "Liebvillers",
    "code": "25335",
    "epci_code": "200023075",
    "departement_code": "25",
    "region_code": "27",
    "postal_code": "25190"
  },
  {
    "name": "Liesle",
    "code": "25336",
    "epci_code": "200068070",
    "departement_code": "25",
    "region_code": "27",
    "postal_code": "25440"
  },
  {
    "name": "Lizine",
    "code": "25338",
    "epci_code": "200068070",
    "departement_code": "25",
    "region_code": "27",
    "postal_code": "25330"
  },
  {
    "name": "Lods",
    "code": "25339",
    "epci_code": "200068070",
    "departement_code": "25",
    "region_code": "27",
    "postal_code": "25930"
  },
  {
    "name": "Lombard",
    "code": "25340",
    "epci_code": "200068070",
    "departement_code": "25",
    "region_code": "27",
    "postal_code": "25440"
  },
  {
    "name": "Lomont-sur-Crête",
    "code": "25341",
    "epci_code": "242504447",
    "departement_code": "25",
    "region_code": "27",
    "postal_code": "25110"
  },
  {
    "name": "Longechaux",
    "code": "25342",
    "epci_code": "242504181",
    "departement_code": "25",
    "region_code": "27",
    "postal_code": "25690"
  },
  {
    "name": "Longemaison",
    "code": "25343",
    "epci_code": "242504181",
    "departement_code": "25",
    "region_code": "27",
    "postal_code": "25690"
  },
  {
    "name": "Longevelle-lès-Russey",
    "code": "25344",
    "epci_code": "242504371",
    "departement_code": "25",
    "region_code": "27",
    "postal_code": "25380"
  },
  {
    "name": "Longevelle-sur-Doubs",
    "code": "25345",
    "epci_code": "200065647",
    "departement_code": "25",
    "region_code": "27",
    "postal_code": "25260"
  },
  {
    "name": "Longeville",
    "code": "25346",
    "epci_code": "200068070",
    "departement_code": "25",
    "region_code": "27",
    "postal_code": "25330"
  },
  {
    "name": "Longevilles-Mont-d’Or",
    "code": "25348",
    "epci_code": "200069565",
    "departement_code": "25",
    "region_code": "27",
    "postal_code": "25370"
  },
  {
    "name": "Loray",
    "code": "25349",
    "epci_code": "242504181",
    "departement_code": "25",
    "region_code": "27",
    "postal_code": "25390"
  },
  {
    "name": "Lougres",
    "code": "25350",
    "epci_code": "200065647",
    "departement_code": "25",
    "region_code": "27",
    "postal_code": "25260"
  },
  {
    "name": "Le Luhier",
    "code": "25351",
    "epci_code": "242504355",
    "departement_code": "25",
    "region_code": "27",
    "postal_code": "25210"
  },
  {
    "name": "Luxiol",
    "code": "25354",
    "epci_code": "242504447",
    "departement_code": "25",
    "region_code": "27",
    "postal_code": "25110"
  },
  {
    "name": "Magny-Châtelard",
    "code": "25355",
    "epci_code": "242504181",
    "departement_code": "25",
    "region_code": "27",
    "postal_code": "25360"
  },
  {
    "name": "Maîche",
    "code": "25356",
    "epci_code": "200023075",
    "departement_code": "25",
    "region_code": "27",
    "postal_code": "25120"
  },
  {
    "name": "Maisons-du-Bois-Lièvremont",
    "code": "25357",
    "epci_code": "242500320",
    "departement_code": "25",
    "region_code": "27",
    "postal_code": "25650"
  },
  {
    "name": "Malans",
    "code": "25359",
    "epci_code": "200068070",
    "departement_code": "25",
    "region_code": "27",
    "postal_code": "25330"
  },
  {
    "name": "Malbrans",
    "code": "25360",
    "epci_code": "200068070",
    "departement_code": "25",
    "region_code": "27",
    "postal_code": "25620"
  },
  {
    "name": "Malbuisson",
    "code": "25361",
    "epci_code": "200069565",
    "departement_code": "25",
    "region_code": "27",
    "postal_code": "25160"
  },
  {
    "name": "Malpas",
    "code": "25362",
    "epci_code": "200069565",
    "departement_code": "25",
    "region_code": "27",
    "postal_code": "25160"
  },
  {
    "name": "Mamirolle",
    "code": "25364",
    "epci_code": "242500361",
    "departement_code": "25",
    "region_code": "27",
    "postal_code": "25620"
  },
  {
    "name": "Mancenans",
    "code": "25365",
    "epci_code": "200068294",
    "departement_code": "25",
    "region_code": "27",
    "postal_code": "25250"
  },
  {
    "name": "Mancenans-Lizerne",
    "code": "25366",
    "epci_code": "200023075",
    "departement_code": "25",
    "region_code": "27",
    "postal_code": "25120"
  },
  {
    "name": "Mandeure",
    "code": "25367",
    "epci_code": "200065647",
    "departement_code": "25",
    "region_code": "27",
    "postal_code": "25350"
  },
  {
    "name": "Marchaux-Chaudefontaine",
    "code": "25368",
    "epci_code": "242500361",
    "departement_code": "25",
    "region_code": "27",
    "postal_code": "25640"
  },
  {
    "name": "Marvelise",
    "code": "25369",
    "epci_code": "200068294",
    "departement_code": "25",
    "region_code": "27",
    "postal_code": "25250"
  },
  {
    "name": "Mathay",
    "code": "25370",
    "epci_code": "200065647",
    "departement_code": "25",
    "region_code": "27",
    "postal_code": "25700"
  },
  {
    "name": "Mazerolles-le-Salin",
    "code": "25371",
    "epci_code": "242500361",
    "departement_code": "25",
    "region_code": "27",
    "postal_code": "25170"
  },
  {
    "name": "Médière",
    "code": "25372",
    "epci_code": "200068294",
    "departement_code": "25",
    "region_code": "27",
    "postal_code": "25250"
  },
  {
    "name": "Le Mémont",
    "code": "25373",
    "epci_code": "242504355",
    "departement_code": "25",
    "region_code": "27",
    "postal_code": "25210"
  },
  {
    "name": "Mercey-le-Grand",
    "code": "25374",
    "epci_code": "200041887",
    "departement_code": "25",
    "region_code": "27",
    "postal_code": "25410"
  },
  {
    "name": "Les Monts-Ronds",
    "code": "25375",
    "epci_code": "200068070",
    "departement_code": "25",
    "region_code": "27",
    "postal_code": "25620"
  },
  {
    "name": "Les Monts-Ronds",
    "code": "25375",
    "epci_code": "200068070",
    "departement_code": "25",
    "region_code": "27",
    "postal_code": "25660"
  },
  {
    "name": "Mérey-Vieilley",
    "code": "25376",
    "epci_code": "242500361",
    "departement_code": "25",
    "region_code": "27",
    "postal_code": "25870"
  },
  {
    "name": "Mésandans",
    "code": "25377",
    "epci_code": "200068294",
    "departement_code": "25",
    "region_code": "27",
    "postal_code": "25680"
  },
  {
    "name": "Meslières",
    "code": "25378",
    "epci_code": "200065647",
    "departement_code": "25",
    "region_code": "27",
    "postal_code": "25310"
  },
  {
    "name": "Mesmay",
    "code": "25379",
    "epci_code": "200068070",
    "departement_code": "25",
    "region_code": "27",
    "postal_code": "25440"
  },
  {
    "name": "Métabief",
    "code": "25380",
    "epci_code": "200069565",
    "departement_code": "25",
    "region_code": "27",
    "postal_code": "25370"
  },
  {
    "name": "Miserey-Salines",
    "code": "25381",
    "epci_code": "242500361",
    "departement_code": "25",
    "region_code": "27",
    "postal_code": "25480"
  },
  {
    "name": "Moncey",
    "code": "25382",
    "epci_code": "242504447",
    "departement_code": "25",
    "region_code": "27",
    "postal_code": "25870"
  },
  {
    "name": "Moncley",
    "code": "25383",
    "epci_code": "200041887",
    "departement_code": "25",
    "region_code": "27",
    "postal_code": "25170"
  },
  {
    "name": "Mondon",
    "code": "25384",
    "epci_code": "200068294",
    "departement_code": "25",
    "region_code": "27",
    "postal_code": "25680"
  },
  {
    "name": "Montagney-Servigney",
    "code": "25385",
    "epci_code": "200068294",
    "departement_code": "25",
    "region_code": "27",
    "postal_code": "25680"
  },
  {
    "name": "Montancy",
    "code": "25386",
    "epci_code": "200023075",
    "departement_code": "25",
    "region_code": "27",
    "postal_code": "25190"
  },
  {
    "name": "Montandon",
    "code": "25387",
    "epci_code": "200023075",
    "departement_code": "25",
    "region_code": "27",
    "postal_code": "25190"
  },
  {
    "name": "Montbéliard",
    "code": "25388",
    "epci_code": "200065647",
    "departement_code": "25",
    "region_code": "27",
    "postal_code": "25200"
  },
  {
    "name": "Montbéliardot",
    "code": "25389",
    "epci_code": "242504355",
    "departement_code": "25",
    "region_code": "27",
    "postal_code": "25210"
  },
  {
    "name": "Pays-de-Montbenoît",
    "code": "25390",
    "epci_code": "242500320",
    "departement_code": "25",
    "region_code": "27",
    "postal_code": "25650"
  },
  {
    "name": "Mont-de-Laval",
    "code": "25391",
    "epci_code": "242504355",
    "departement_code": "25",
    "region_code": "27",
    "postal_code": "25210"
  },
  {
    "name": "Mont-de-Vougney",
    "code": "25392",
    "epci_code": "200023075",
    "departement_code": "25",
    "region_code": "27",
    "postal_code": "25120"
  },
  {
    "name": "Montécheroux",
    "code": "25393",
    "epci_code": "200023075",
    "departement_code": "25",
    "region_code": "27",
    "postal_code": "25190"
  },
  {
    "name": "Montenois",
    "code": "25394",
    "epci_code": "200065647",
    "departement_code": "25",
    "region_code": "27",
    "postal_code": "25260"
  },
  {
    "name": "Montfaucon",
    "code": "25395",
    "epci_code": "242500361",
    "departement_code": "25",
    "region_code": "27",
    "postal_code": "25660"
  },
  {
    "name": "Montferrand-le-Château",
    "code": "25397",
    "epci_code": "242500361",
    "departement_code": "25",
    "region_code": "27",
    "postal_code": "25320"
  },
  {
    "name": "Montgesoye",
    "code": "25400",
    "epci_code": "200068070",
    "departement_code": "25",
    "region_code": "27",
    "postal_code": "25111"
  },
  {
    "name": "Montivernage",
    "code": "25401",
    "epci_code": "242504447",
    "departement_code": "25",
    "region_code": "27",
    "postal_code": "25110"
  },
  {
    "name": "Montjoie-le-Château",
    "code": "25402",
    "epci_code": "200023075",
    "departement_code": "25",
    "region_code": "27",
    "postal_code": "25190"
  },
  {
    "name": "Montlebon",
    "code": "25403",
    "epci_code": "242504116",
    "departement_code": "25",
    "region_code": "27",
    "postal_code": "25500"
  },
  {
    "name": "Montmahoux",
    "code": "25404",
    "epci_code": "200068070",
    "departement_code": "25",
    "region_code": "27",
    "postal_code": "25270"
  },
  {
    "name": "Montperreux",
    "code": "25405",
    "epci_code": "200069565",
    "departement_code": "25",
    "region_code": "27",
    "postal_code": "25160"
  },
  {
    "name": "Montrond-le-Château",
    "code": "25406",
    "epci_code": "200068070",
    "departement_code": "25",
    "region_code": "27",
    "postal_code": "25660"
  },
  {
    "name": "Montussaint",
    "code": "25408",
    "epci_code": "200068294",
    "departement_code": "25",
    "region_code": "27",
    "postal_code": "25680"
  },
  {
    "name": "Morre",
    "code": "25410",
    "epci_code": "242500361",
    "departement_code": "25",
    "region_code": "27",
    "postal_code": "25660"
  },
  {
    "name": "Morteau",
    "code": "25411",
    "epci_code": "242504116",
    "departement_code": "25",
    "region_code": "27",
    "postal_code": "25500"
  },
  {
    "name": "Mouthe",
    "code": "25413",
    "epci_code": "200069565",
    "departement_code": "25",
    "region_code": "27",
    "postal_code": "25240"
  },
  {
    "name": "Le Moutherot",
    "code": "25414",
    "epci_code": "200041887",
    "departement_code": "25",
    "region_code": "27",
    "postal_code": "25170"
  },
  {
    "name": "Mouthier-Haute-Pierre",
    "code": "25415",
    "epci_code": "200068070",
    "departement_code": "25",
    "region_code": "27",
    "postal_code": "25920"
  },
  {
    "name": "Myon",
    "code": "25416",
    "epci_code": "200068070",
    "departement_code": "25",
    "region_code": "27",
    "postal_code": "25440"
  },
  {
    "name": "Naisey-les-Granges",
    "code": "25417",
    "epci_code": "242504181",
    "departement_code": "25",
    "region_code": "27",
    "postal_code": "25360"
  },
  {
    "name": "Nancray",
    "code": "25418",
    "epci_code": "242500361",
    "departement_code": "25",
    "region_code": "27",
    "postal_code": "25360"
  },
  {
    "name": "Nans",
    "code": "25419",
    "epci_code": "200068294",
    "departement_code": "25",
    "region_code": "27",
    "postal_code": "25680"
  },
  {
    "name": "Nans-sous-Sainte-Anne",
    "code": "25420",
    "epci_code": "200068070",
    "departement_code": "25",
    "region_code": "27",
    "postal_code": "25330"
  },
  {
    "name": "Narbief",
    "code": "25421",
    "epci_code": "242504355",
    "departement_code": "25",
    "region_code": "27",
    "postal_code": "25210"
  },
  {
    "name": "Neuchâtel-Urtière",
    "code": "25422",
    "epci_code": "200065647",
    "departement_code": "25",
    "region_code": "27",
    "postal_code": "25150"
  },
  {
    "name": "Les Premiers Sapins",
    "code": "25424",
    "epci_code": "242504181",
    "departement_code": "25",
    "region_code": "27",
    "postal_code": "25580"
  },
  {
    "name": "Noël-Cerneux",
    "code": "25425",
    "epci_code": "242504355",
    "departement_code": "25",
    "region_code": "27",
    "postal_code": "25500"
  },
  {
    "name": "Noirefontaine",
    "code": "25426",
    "epci_code": "200065647",
    "departement_code": "25",
    "region_code": "27",
    "postal_code": "25190"
  },
  {
    "name": "Noironte",
    "code": "25427",
    "epci_code": "242500361",
    "departement_code": "25",
    "region_code": "27",
    "postal_code": "25170"
  },
  {
    "name": "Nommay",
    "code": "25428",
    "epci_code": "200065647",
    "departement_code": "25",
    "region_code": "27",
    "postal_code": "25600"
  },
  {
    "name": "Novillars",
    "code": "25429",
    "epci_code": "242500361",
    "departement_code": "25",
    "region_code": "27",
    "postal_code": "25220"
  },
  {
    "name": "Ollans",
    "code": "25430",
    "epci_code": "242504447",
    "departement_code": "25",
    "region_code": "27",
    "postal_code": "25640"
  },
  {
    "name": "Onans",
    "code": "25431",
    "epci_code": "200068294",
    "departement_code": "25",
    "region_code": "27",
    "postal_code": "25250"
  },
  {
    "name": "Orchamps-Vennes",
    "code": "25432",
    "epci_code": "242504181",
    "departement_code": "25",
    "region_code": "27",
    "postal_code": "25390"
  },
  {
    "name": "Orgeans-Blanchefontaine",
    "code": "25433",
    "epci_code": "200023075",
    "departement_code": "25",
    "region_code": "27",
    "postal_code": "25120"
  },
  {
    "name": "Ornans",
    "code": "25434",
    "epci_code": "200068070",
    "departement_code": "25",
    "region_code": "27",
    "postal_code": "25290"
  },
  {
    "name": "Ornans",
    "code": "25434",
    "epci_code": "200068070",
    "departement_code": "25",
    "region_code": "27",
    "postal_code": "25620"
  },
  {
    "name": "Orsans",
    "code": "25435",
    "epci_code": "242504181",
    "departement_code": "25",
    "region_code": "27",
    "postal_code": "25530"
  },
  {
    "name": "Orve",
    "code": "25436",
    "epci_code": "242504371",
    "departement_code": "25",
    "region_code": "27",
    "postal_code": "25430"
  },
  {
    "name": "Osse",
    "code": "25437",
    "epci_code": "242504447",
    "departement_code": "25",
    "region_code": "27",
    "postal_code": "25360"
  },
  {
    "name": "Osselle-Routelle",
    "code": "25438",
    "epci_code": "242500361",
    "departement_code": "25",
    "region_code": "27",
    "postal_code": "25320"
  },
  {
    "name": "Osselle-Routelle",
    "code": "25438",
    "epci_code": "242500361",
    "departement_code": "25",
    "region_code": "27",
    "postal_code": "25410"
  },
  {
    "name": "Ougney-Douvot",
    "code": "25439",
    "epci_code": "242504447",
    "departement_code": "25",
    "region_code": "27",
    "postal_code": "25640"
  },
  {
    "name": "Ouhans",
    "code": "25440",
    "epci_code": "242500320",
    "departement_code": "25",
    "region_code": "27",
    "postal_code": "25520"
  },
  {
    "name": "Ouvans",
    "code": "25441",
    "epci_code": "242504181",
    "departement_code": "25",
    "region_code": "27",
    "postal_code": "25530"
  },
  {
    "name": "Oye-et-Pallet",
    "code": "25442",
    "epci_code": "200069565",
    "departement_code": "25",
    "region_code": "27",
    "postal_code": "25160"
  },
  {
    "name": "Palantine",
    "code": "25443",
    "epci_code": "200068070",
    "departement_code": "25",
    "region_code": "27",
    "postal_code": "25440"
  },
  {
    "name": "Palise",
    "code": "25444",
    "epci_code": "242500361",
    "departement_code": "25",
    "region_code": "27",
    "postal_code": "25870"
  },
  {
    "name": "Paroy",
    "code": "25445",
    "epci_code": "200068070",
    "departement_code": "25",
    "region_code": "27",
    "postal_code": "25440"
  },
  {
    "name": "Passavant",
    "code": "25446",
    "epci_code": "242504447",
    "departement_code": "25",
    "region_code": "27",
    "postal_code": "25360"
  },
  {
    "name": "Passonfontaine",
    "code": "25447",
    "epci_code": "242504181",
    "departement_code": "25",
    "region_code": "27",
    "postal_code": "25690"
  },
  {
    "name": "Pelousey",
    "code": "25448",
    "epci_code": "242500361",
    "departement_code": "25",
    "region_code": "27",
    "postal_code": "25170"
  },
  {
    "name": "Péseux",
    "code": "25449",
    "epci_code": "242504371",
    "departement_code": "25",
    "region_code": "27",
    "postal_code": "25190"
  },
  {
    "name": "Pessans",
    "code": "25450",
    "epci_code": "200068070",
    "departement_code": "25",
    "region_code": "27",
    "postal_code": "25440"
  },
  {
    "name": "Petite-Chaux",
    "code": "25451",
    "epci_code": "200069565",
    "departement_code": "25",
    "region_code": "27",
    "postal_code": "25240"
  },
  {
    "name": "Pierrefontaine-lès-Blamont",
    "code": "25452",
    "epci_code": "200065647",
    "departement_code": "25",
    "region_code": "27",
    "postal_code": "25310"
  },
  {
    "name": "Pierrefontaine-les-Varans",
    "code": "25453",
    "epci_code": "242504181",
    "departement_code": "25",
    "region_code": "27",
    "postal_code": "25510"
  },
  {
    "name": "Pirey",
    "code": "25454",
    "epci_code": "242500361",
    "departement_code": "25",
    "region_code": "27",
    "postal_code": "25480"
  },
  {
    "name": "Placey",
    "code": "25455",
    "epci_code": "200041887",
    "departement_code": "25",
    "region_code": "27",
    "postal_code": "25170"
  },
  {
    "name": "Plaimbois-du-Miroir",
    "code": "25456",
    "epci_code": "242504355",
    "departement_code": "25",
    "region_code": "27",
    "postal_code": "25210"
  },
  {
    "name": "Plaimbois-Vennes",
    "code": "25457",
    "epci_code": "242504181",
    "departement_code": "25",
    "region_code": "27",
    "postal_code": "25390"
  },
  {
    "name": "Les Plains-et-Grands-Essarts",
    "code": "25458",
    "epci_code": "200023075",
    "departement_code": "25",
    "region_code": "27",
    "postal_code": "25470"
  },
  {
    "name": "La Planée",
    "code": "25459",
    "epci_code": "200069565",
    "departement_code": "25",
    "region_code": "27",
    "postal_code": "25160"
  },
  {
    "name": "Le Val",
    "code": "25460",
    "epci_code": "200068070",
    "departement_code": "25",
    "region_code": "27",
    "postal_code": "25440"
  },
  {
    "name": "Pompierre-sur-Doubs",
    "code": "25461",
    "epci_code": "200068294",
    "departement_code": "25",
    "region_code": "27",
    "postal_code": "25340"
  },
  {
    "name": "Pontarlier",
    "code": "25462",
    "epci_code": "242500338",
    "departement_code": "25",
    "region_code": "27",
    "postal_code": "25300"
  },
  {
    "name": "Pont-de-Roide-Vermondans",
    "code": "25463",
    "epci_code": "200065647",
    "departement_code": "25",
    "region_code": "27",
    "postal_code": "25150"
  },
  {
    "name": "Les Pontets",
    "code": "25464",
    "epci_code": "200069565",
    "departement_code": "25",
    "region_code": "27",
    "postal_code": "25240"
  },
  {
    "name": "Pont-les-Moulins",
    "code": "25465",
    "epci_code": "242504447",
    "departement_code": "25",
    "region_code": "27",
    "postal_code": "25110"
  },
  {
    "name": "Pouilley-Français",
    "code": "25466",
    "epci_code": "242500361",
    "departement_code": "25",
    "region_code": "27",
    "postal_code": "25410"
  },
  {
    "name": "Pouilley-les-Vignes",
    "code": "25467",
    "epci_code": "242500361",
    "departement_code": "25",
    "region_code": "27",
    "postal_code": "25115"
  },
  {
    "name": "Pouligney-Lusans",
    "code": "25468",
    "epci_code": "242504447",
    "departement_code": "25",
    "region_code": "27",
    "postal_code": "25640"
  },
  {
    "name": "Présentevillers",
    "code": "25469",
    "epci_code": "200065647",
    "departement_code": "25",
    "region_code": "27",
    "postal_code": "25550"
  },
  {
    "name": "La Prétière",
    "code": "25470",
    "epci_code": "200068294",
    "departement_code": "25",
    "region_code": "27",
    "postal_code": "25250"
  },
  {
    "name": "Provenchère",
    "code": "25471",
    "epci_code": "242504371",
    "departement_code": "25",
    "region_code": "27",
    "postal_code": "25380"
  },
  {
    "name": "Puessans",
    "code": "25472",
    "epci_code": "200068294",
    "departement_code": "25",
    "region_code": "27",
    "postal_code": "25680"
  },
  {
    "name": "Pugey",
    "code": "25473",
    "epci_code": "242500361",
    "departement_code": "25",
    "region_code": "27",
    "postal_code": "25720"
  },
  {
    "name": "Le Puy",
    "code": "25474",
    "epci_code": "242504447",
    "departement_code": "25",
    "region_code": "27",
    "postal_code": "25640"
  },
  {
    "name": "Quingey",
    "code": "25475",
    "epci_code": "200068070",
    "departement_code": "25",
    "region_code": "27",
    "postal_code": "25440"
  },
  {
    "name": "Rahon",
    "code": "25476",
    "epci_code": "242504371",
    "departement_code": "25",
    "region_code": "27",
    "postal_code": "25430"
  },
  {
    "name": "Rancenay",
    "code": "25477",
    "epci_code": "242500361",
    "departement_code": "25",
    "region_code": "27",
    "postal_code": "25320"
  },
  {
    "name": "Randevillers",
    "code": "25478",
    "epci_code": "242504371",
    "departement_code": "25",
    "region_code": "27",
    "postal_code": "25430"
  },
  {
    "name": "Rang",
    "code": "25479",
    "epci_code": "200068294",
    "departement_code": "25",
    "region_code": "27",
    "postal_code": "25250"
  },
  {
    "name": "Raynans",
    "code": "25481",
    "epci_code": "200065647",
    "departement_code": "25",
    "region_code": "27",
    "postal_code": "25550"
  },
  {
    "name": "Recologne",
    "code": "25482",
    "epci_code": "200041887",
    "departement_code": "25",
    "region_code": "27",
    "postal_code": "25170"
  },
  {
    "name": "Reculfoz",
    "code": "25483",
    "epci_code": "200069565",
    "departement_code": "25",
    "region_code": "27",
    "postal_code": "25240"
  },
  {
    "name": "Rémondans-Vaivre",
    "code": "25485",
    "epci_code": "200065647",
    "departement_code": "25",
    "region_code": "27",
    "postal_code": "25150"
  },
  {
    "name": "Remoray-Boujeons",
    "code": "25486",
    "epci_code": "200069565",
    "departement_code": "25",
    "region_code": "27",
    "postal_code": "25160"
  },
  {
    "name": "Renédale",
    "code": "25487",
    "epci_code": "242500320",
    "departement_code": "25",
    "region_code": "27",
    "postal_code": "25520"
  },
  {
    "name": "Rennes-sur-Loue",
    "code": "25488",
    "epci_code": "200068070",
    "departement_code": "25",
    "region_code": "27",
    "postal_code": "25440"
  },
  {
    "name": "Reugney",
    "code": "25489",
    "epci_code": "200068070",
    "departement_code": "25",
    "region_code": "27",
    "postal_code": "25330"
  },
  {
    "name": "Rigney",
    "code": "25490",
    "epci_code": "242504447",
    "departement_code": "25",
    "region_code": "27",
    "postal_code": "25640"
  },
  {
    "name": "Rignosot",
    "code": "25491",
    "epci_code": "242504447",
    "departement_code": "25",
    "region_code": "27",
    "postal_code": "25640"
  },
  {
    "name": "Rillans",
    "code": "25492",
    "epci_code": "242504447",
    "departement_code": "25",
    "region_code": "27",
    "postal_code": "25110"
  },
  {
    "name": "La Rivière-Drugeon",
    "code": "25493",
    "epci_code": "242504496",
    "departement_code": "25",
    "region_code": "27",
    "postal_code": "25560"
  },
  {
    "name": "Rochejean",
    "code": "25494",
    "epci_code": "200069565",
    "departement_code": "25",
    "region_code": "27",
    "postal_code": "25370"
  },
  {
    "name": "Roche-lez-Beaupré",
    "code": "25495",
    "epci_code": "242500361",
    "departement_code": "25",
    "region_code": "27",
    "postal_code": "25220"
  },
  {
    "name": "Roche-lès-Clerval",
    "code": "25496",
    "epci_code": "200068294",
    "departement_code": "25",
    "region_code": "27",
    "postal_code": "25340"
  },
  {
    "name": "Roches-lès-Blamont",
    "code": "25497",
    "epci_code": "200065647",
    "departement_code": "25",
    "region_code": "27",
    "postal_code": "25310"
  },
  {
    "name": "Rognon",
    "code": "25498",
    "epci_code": "200068294",
    "departement_code": "25",
    "region_code": "27",
    "postal_code": "25680"
  },
  {
    "name": "Romain",
    "code": "25499",
    "epci_code": "200068294",
    "departement_code": "25",
    "region_code": "27",
    "postal_code": "25680"
  },
  {
    "name": "Ronchaux",
    "code": "25500",
    "epci_code": "200068070",
    "departement_code": "25",
    "region_code": "27",
    "postal_code": "25440"
  },
  {
    "name": "Rondefontaine",
    "code": "25501",
    "epci_code": "200069565",
    "departement_code": "25",
    "region_code": "27",
    "postal_code": "25240"
  },
  {
    "name": "Roset-Fluans",
    "code": "25502",
    "epci_code": "242500361",
    "departement_code": "25",
    "region_code": "27",
    "postal_code": "25410"
  },
  {
    "name": "Rosières-sur-Barbèche",
    "code": "25503",
    "epci_code": "242504371",
    "departement_code": "25",
    "region_code": "27",
    "postal_code": "25190"
  },
  {
    "name": "Rosureux",
    "code": "25504",
    "epci_code": "200023075",
    "departement_code": "25",
    "region_code": "27",
    "postal_code": "25380"
  },
  {
    "name": "Rougemont",
    "code": "25505",
    "epci_code": "200068294",
    "departement_code": "25",
    "region_code": "27",
    "postal_code": "25680"
  },
  {
    "name": "Rougemontot",
    "code": "25506",
    "epci_code": "242504447",
    "departement_code": "25",
    "region_code": "27",
    "postal_code": "25640"
  },
  {
    "name": "Rouhe",
    "code": "25507",
    "epci_code": "200068070",
    "departement_code": "25",
    "region_code": "27",
    "postal_code": "25440"
  },
  {
    "name": "Roulans",
    "code": "25508",
    "epci_code": "242504447",
    "departement_code": "25",
    "region_code": "27",
    "postal_code": "25640"
  },
  {
    "name": "Ruffey-le-Château",
    "code": "25510",
    "epci_code": "200041887",
    "departement_code": "25",
    "region_code": "27",
    "postal_code": "25170"
  },
  {
    "name": "Rurey",
    "code": "25511",
    "epci_code": "200068070",
    "departement_code": "25",
    "region_code": "27",
    "postal_code": "25290"
  },
  {
    "name": "Le Russey",
    "code": "25512",
    "epci_code": "242504355",
    "departement_code": "25",
    "region_code": "27",
    "postal_code": "25210"
  },
  {
    "name": "Sainte-Anne",
    "code": "25513",
    "epci_code": "200068070",
    "departement_code": "25",
    "region_code": "27",
    "postal_code": "25270"
  },
  {
    "name": "Saint-Antoine",
    "code": "25514",
    "epci_code": "200069565",
    "departement_code": "25",
    "region_code": "27",
    "postal_code": "25370"
  },
  {
    "name": "Sainte-Colombe",
    "code": "25515",
    "epci_code": "242500338",
    "departement_code": "25",
    "region_code": "27",
    "postal_code": "25300"
  },
  {
    "name": "Saint-Georges-Armont",
    "code": "25516",
    "epci_code": "200068294",
    "departement_code": "25",
    "region_code": "27",
    "postal_code": "25340"
  },
  {
    "name": "Saint-Gorgon-Main",
    "code": "25517",
    "epci_code": "242500320",
    "departement_code": "25",
    "region_code": "27",
    "postal_code": "25520"
  },
  {
    "name": "Saint-Hilaire",
    "code": "25518",
    "epci_code": "242504447",
    "departement_code": "25",
    "region_code": "27",
    "postal_code": "25640"
  },
  {
    "name": "Saint-Hippolyte",
    "code": "25519",
    "epci_code": "200023075",
    "departement_code": "25",
    "region_code": "27",
    "postal_code": "25190"
  },
  {
    "name": "Saint-Juan",
    "code": "25520",
    "epci_code": "242504447",
    "departement_code": "25",
    "region_code": "27",
    "postal_code": "25360"
  },
  {
    "name": "Saint-Julien-lès-Montbéliard",
    "code": "25521",
    "epci_code": "200065647",
    "departement_code": "25",
    "region_code": "27",
    "postal_code": "25550"
  },
  {
    "name": "Saint-Julien-lès-Russey",
    "code": "25522",
    "epci_code": "242504355",
    "departement_code": "25",
    "region_code": "27",
    "postal_code": "25210"
  },
  {
    "name": "Sainte-Marie",
    "code": "25523",
    "epci_code": "200065647",
    "departement_code": "25",
    "region_code": "27",
    "postal_code": "25113"
  },
  {
    "name": "Saint-Maurice-Colombier",
    "code": "25524",
    "epci_code": "200065647",
    "departement_code": "25",
    "region_code": "27",
    "postal_code": "25260"
  },
  {
    "name": "Saint-Point-Lac",
    "code": "25525",
    "epci_code": "200069565",
    "departement_code": "25",
    "region_code": "27",
    "postal_code": "25160"
  },
  {
    "name": "Sainte-Suzanne",
    "code": "25526",
    "epci_code": "200065647",
    "departement_code": "25",
    "region_code": "27",
    "postal_code": "25630"
  },
  {
    "name": "Saint-Vit",
    "code": "25527",
    "epci_code": "242500361",
    "departement_code": "25",
    "region_code": "27",
    "postal_code": "25410"
  },
  {
    "name": "Samson",
    "code": "25528",
    "epci_code": "200068070",
    "departement_code": "25",
    "region_code": "27",
    "postal_code": "25440"
  },
  {
    "name": "Sancey",
    "code": "25529",
    "epci_code": "242504371",
    "departement_code": "25",
    "region_code": "27",
    "postal_code": "25430"
  },
  {
    "name": "Saône",
    "code": "25532",
    "epci_code": "242500361",
    "departement_code": "25",
    "region_code": "27",
    "postal_code": "25660"
  },
  {
    "name": "Sarrageois",
    "code": "25534",
    "epci_code": "200069565",
    "departement_code": "25",
    "region_code": "27",
    "postal_code": "25240"
  },
  {
    "name": "Saules",
    "code": "25535",
    "epci_code": "200068070",
    "departement_code": "25",
    "region_code": "27",
    "postal_code": "25580"
  },
  {
    "name": "Sauvagney",
    "code": "25536",
    "epci_code": "200041887",
    "departement_code": "25",
    "region_code": "27",
    "postal_code": "25170"
  },
  {
    "name": "Scey-Maisières",
    "code": "25537",
    "epci_code": "200068070",
    "departement_code": "25",
    "region_code": "27",
    "postal_code": "25290"
  },
  {
    "name": "Séchin",
    "code": "25538",
    "epci_code": "242504447",
    "departement_code": "25",
    "region_code": "27",
    "postal_code": "25110"
  },
  {
    "name": "Seloncourt",
    "code": "25539",
    "epci_code": "200065647",
    "departement_code": "25",
    "region_code": "27",
    "postal_code": "25230"
  },
  {
    "name": "Semondans",
    "code": "25540",
    "epci_code": "200065647",
    "departement_code": "25",
    "region_code": "27",
    "postal_code": "25750"
  },
  {
    "name": "Septfontaines",
    "code": "25541",
    "epci_code": "242504488",
    "departement_code": "25",
    "region_code": "27",
    "postal_code": "25270"
  },
  {
    "name": "Serre-les-Sapins",
    "code": "25542",
    "epci_code": "242500361",
    "departement_code": "25",
    "region_code": "27",
    "postal_code": "25770"
  },
  {
    "name": "Servin",
    "code": "25544",
    "epci_code": "242504371",
    "departement_code": "25",
    "region_code": "27",
    "postal_code": "25430"
  },
  {
    "name": "Silley-Amancey",
    "code": "25545",
    "epci_code": "200068070",
    "departement_code": "25",
    "region_code": "27",
    "postal_code": "25330"
  },
  {
    "name": "Silley-Bléfond",
    "code": "25546",
    "epci_code": "242504447",
    "departement_code": "25",
    "region_code": "27",
    "postal_code": "25110"
  },
  {
    "name": "Sochaux",
    "code": "25547",
    "epci_code": "200065647",
    "departement_code": "25",
    "region_code": "27",
    "postal_code": "25600"
  },
  {
    "name": "Solemont",
    "code": "25548",
    "epci_code": "200065647",
    "departement_code": "25",
    "region_code": "27",
    "postal_code": "25190"
  },
  {
    "name": "La Sommette",
    "code": "25550",
    "epci_code": "242504181",
    "departement_code": "25",
    "region_code": "27",
    "postal_code": "25510"
  },
  {
    "name": "Soulce-Cernay",
    "code": "25551",
    "epci_code": "200023075",
    "departement_code": "25",
    "region_code": "27",
    "postal_code": "25190"
  },
  {
    "name": "Sourans",
    "code": "25552",
    "epci_code": "200068294",
    "departement_code": "25",
    "region_code": "27",
    "postal_code": "25250"
  },
  {
    "name": "Soye",
    "code": "25553",
    "epci_code": "200068294",
    "departement_code": "25",
    "region_code": "27",
    "postal_code": "25250"
  },
  {
    "name": "Surmont",
    "code": "25554",
    "epci_code": "242504371",
    "departement_code": "25",
    "region_code": "27",
    "postal_code": "25380"
  },
  {
    "name": "Taillecourt",
    "code": "25555",
    "epci_code": "200065647",
    "departement_code": "25",
    "region_code": "27",
    "postal_code": "25400"
  },
  {
    "name": "Tallans",
    "code": "25556",
    "epci_code": "200068294",
    "departement_code": "25",
    "region_code": "27",
    "postal_code": "25680"
  },
  {
    "name": "Tallenay",
    "code": "25557",
    "epci_code": "242500361",
    "departement_code": "25",
    "region_code": "27",
    "postal_code": "25870"
  },
  {
    "name": "Tarcenay-Foucherans",
    "code": "25558",
    "epci_code": "200068070",
    "departement_code": "25",
    "region_code": "27",
    "postal_code": "25620"
  },
  {
    "name": "Thiébouhans",
    "code": "25559",
    "epci_code": "200023075",
    "departement_code": "25",
    "region_code": "27",
    "postal_code": "25470"
  },
  {
    "name": "Thise",
    "code": "25560",
    "epci_code": "242500361",
    "departement_code": "25",
    "region_code": "27",
    "postal_code": "25220"
  },
  {
    "name": "Thoraise",
    "code": "25561",
    "epci_code": "242500361",
    "departement_code": "25",
    "region_code": "27",
    "postal_code": "25320"
  },
  {
    "name": "Thulay",
    "code": "25562",
    "epci_code": "200065647",
    "departement_code": "25",
    "region_code": "27",
    "postal_code": "25310"
  },
  {
    "name": "Thurey-le-Mont",
    "code": "25563",
    "epci_code": "242504447",
    "departement_code": "25",
    "region_code": "27",
    "postal_code": "25870"
  },
  {
    "name": "Torpes",
    "code": "25564",
    "epci_code": "242500361",
    "departement_code": "25",
    "region_code": "27",
    "postal_code": "25320"
  },
  {
    "name": "Touillon-et-Loutelet",
    "code": "25565",
    "epci_code": "200069565",
    "departement_code": "25",
    "region_code": "27",
    "postal_code": "25370"
  },
  {
    "name": "La Tour-de-Sçay",
    "code": "25566",
    "epci_code": "242504447",
    "departement_code": "25",
    "region_code": "27",
    "postal_code": "25640"
  },
  {
    "name": "Tournans",
    "code": "25567",
    "epci_code": "200068294",
    "departement_code": "25",
    "region_code": "27",
    "postal_code": "25680"
  },
  {
    "name": "Trépot",
    "code": "25569",
    "epci_code": "200068070",
    "departement_code": "25",
    "region_code": "27",
    "postal_code": "25620"
  },
  {
    "name": "Tressandans",
    "code": "25570",
    "epci_code": "247000714",
    "departement_code": "25",
    "region_code": "27",
    "postal_code": "25680"
  },
  {
    "name": "Trévillers",
    "code": "25571",
    "epci_code": "200023075",
    "departement_code": "25",
    "region_code": "27",
    "postal_code": "25470"
  },
  {
    "name": "Trouvans",
    "code": "25572",
    "epci_code": "200068294",
    "departement_code": "25",
    "region_code": "27",
    "postal_code": "25680"
  },
  {
    "name": "Urtière",
    "code": "25573",
    "epci_code": "200023075",
    "departement_code": "25",
    "region_code": "27",
    "postal_code": "25470"
  },
  {
    "name": "Uzelle",
    "code": "25574",
    "epci_code": "200068294",
    "departement_code": "25",
    "region_code": "27",
    "postal_code": "25340"
  },
  {
    "name": "Vaire",
    "code": "25575",
    "epci_code": "242500361",
    "departement_code": "25",
    "region_code": "27",
    "postal_code": "25220"
  },
  {
    "name": "Valdahon",
    "code": "25578",
    "epci_code": "242504181",
    "departement_code": "25",
    "region_code": "27",
    "postal_code": "25800"
  },
  {
    "name": "Val-de-Roulans",
    "code": "25579",
    "epci_code": "242504447",
    "departement_code": "25",
    "region_code": "27",
    "postal_code": "25640"
  },
  {
    "name": "Valentigney",
    "code": "25580",
    "epci_code": "200065647",
    "departement_code": "25",
    "region_code": "27",
    "postal_code": "25700"
  },
  {
    "name": "Valleroy",
    "code": "25582",
    "epci_code": "242504447",
    "departement_code": "25",
    "region_code": "27",
    "postal_code": "25870"
  },
  {
    "name": "Valonne",
    "code": "25583",
    "epci_code": "242504371",
    "departement_code": "25",
    "region_code": "27",
    "postal_code": "25190"
  },
  {
    "name": "Valoreille",
    "code": "25584",
    "epci_code": "200023075",
    "departement_code": "25",
    "region_code": "27",
    "postal_code": "25190"
  },
  {
    "name": "Vandoncourt",
    "code": "25586",
    "epci_code": "200065647",
    "departement_code": "25",
    "region_code": "27",
    "postal_code": "25230"
  },
  {
    "name": "Vaucluse",
    "code": "25588",
    "epci_code": "200023075",
    "departement_code": "25",
    "region_code": "27",
    "postal_code": "25380"
  },
  {
    "name": "Vauclusotte",
    "code": "25589",
    "epci_code": "200023075",
    "departement_code": "25",
    "region_code": "27",
    "postal_code": "25380"
  },
  {
    "name": "Vaudrivillers",
    "code": "25590",
    "epci_code": "242504371",
    "departement_code": "25",
    "region_code": "27",
    "postal_code": "25360"
  },
  {
    "name": "Vaufrey",
    "code": "25591",
    "epci_code": "200023075",
    "departement_code": "25",
    "region_code": "27",
    "postal_code": "25190"
  },
  {
    "name": "Vaux-et-Chantegrue",
    "code": "25592",
    "epci_code": "242504496",
    "departement_code": "25",
    "region_code": "27",
    "postal_code": "25160"
  },
  {
    "name": "Velesmes-Essarts",
    "code": "25594",
    "epci_code": "242500361",
    "departement_code": "25",
    "region_code": "27",
    "postal_code": "25410"
  },
  {
    "name": "Vellerot-lès-Belvoir",
    "code": "25595",
    "epci_code": "242504371",
    "departement_code": "25",
    "region_code": "27",
    "postal_code": "25430"
  },
  {
    "name": "Vellerot-lès-Vercel",
    "code": "25596",
    "epci_code": "242504181",
    "departement_code": "25",
    "region_code": "27",
    "postal_code": "25530"
  },
  {
    "name": "Vellevans",
    "code": "25597",
    "epci_code": "242504371",
    "departement_code": "25",
    "region_code": "27",
    "postal_code": "25430"
  },
  {
    "name": "Venise",
    "code": "25598",
    "epci_code": "242500361",
    "departement_code": "25",
    "region_code": "27",
    "postal_code": "25870"
  },
  {
    "name": "Vennans",
    "code": "25599",
    "epci_code": "242504447",
    "departement_code": "25",
    "region_code": "27",
    "postal_code": "25640"
  },
  {
    "name": "Vennes",
    "code": "25600",
    "epci_code": "242504181",
    "departement_code": "25",
    "region_code": "27",
    "postal_code": "25390"
  },
  {
    "name": "Vercel-Villedieu-le-Camp",
    "code": "25601",
    "epci_code": "242504181",
    "departement_code": "25",
    "region_code": "27",
    "postal_code": "25530"
  },
  {
    "name": "Vergranne",
    "code": "25602",
    "epci_code": "242504447",
    "departement_code": "25",
    "region_code": "27",
    "postal_code": "25110"
  },
  {
    "name": "Verne",
    "code": "25604",
    "epci_code": "242504447",
    "departement_code": "25",
    "region_code": "27",
    "postal_code": "25110"
  },
  {
    "name": "Vernierfontaine",
    "code": "25605",
    "epci_code": "242504181",
    "departement_code": "25",
    "region_code": "27",
    "postal_code": "25580"
  },
  {
    "name": "Vernois-lès-Belvoir",
    "code": "25607",
    "epci_code": "242504371",
    "departement_code": "25",
    "region_code": "27",
    "postal_code": "25430"
  },
  {
    "name": "Le Vernoy",
    "code": "25608",
    "epci_code": "247000722",
    "departement_code": "25",
    "region_code": "27",
    "postal_code": "25750"
  },
  {
    "name": "Verrières-de-Joux",
    "code": "25609",
    "epci_code": "242500338",
    "departement_code": "25",
    "region_code": "27",
    "postal_code": "25300"
  },
  {
    "name": "La Vèze",
    "code": "25611",
    "epci_code": "242500361",
    "departement_code": "25",
    "region_code": "27",
    "postal_code": "25660"
  },
  {
    "name": "Vieilley",
    "code": "25612",
    "epci_code": "242500361",
    "departement_code": "25",
    "region_code": "27",
    "postal_code": "25870"
  },
  {
    "name": "Viéthorey",
    "code": "25613",
    "epci_code": "200068294",
    "departement_code": "25",
    "region_code": "27",
    "postal_code": "25340"
  },
  {
    "name": "Vieux-Charmont",
    "code": "25614",
    "epci_code": "200065647",
    "departement_code": "25",
    "region_code": "27",
    "postal_code": "25600"
  },
  {
    "name": "Villars-lès-Blamont",
    "code": "25615",
    "epci_code": "200065647",
    "departement_code": "25",
    "region_code": "27",
    "postal_code": "25310"
  },
  {
    "name": "Villars-Saint-Georges",
    "code": "25616",
    "epci_code": "242500361",
    "departement_code": "25",
    "region_code": "27",
    "postal_code": "25410"
  },
  {
    "name": "Villars-sous-Dampjoux",
    "code": "25617",
    "epci_code": "200065647",
    "departement_code": "25",
    "region_code": "27",
    "postal_code": "25190"
  },
  {
    "name": "Villars-sous-Écot",
    "code": "25618",
    "epci_code": "200065647",
    "departement_code": "25",
    "region_code": "27",
    "postal_code": "25150"
  },
  {
    "name": "Les Villedieu",
    "code": "25619",
    "epci_code": "200069565",
    "departement_code": "25",
    "region_code": "27",
    "postal_code": "25240"
  },
  {
    "name": "Villeneuve-d’Amont",
    "code": "25621",
    "epci_code": "242504488",
    "departement_code": "25",
    "region_code": "27",
    "postal_code": "25270"
  },
  {
    "name": "Villers-Buzon",
    "code": "25622",
    "epci_code": "200041887",
    "departement_code": "25",
    "region_code": "27",
    "postal_code": "25170"
  },
  {
    "name": "Villers-Chief",
    "code": "25623",
    "epci_code": "242504181",
    "departement_code": "25",
    "region_code": "27",
    "postal_code": "25530"
  },
  {
    "name": "Villers-Grélot",
    "code": "25624",
    "epci_code": "242504447",
    "departement_code": "25",
    "region_code": "27",
    "postal_code": "25640"
  },
  {
    "name": "Villers-la-Combe",
    "code": "25625",
    "epci_code": "242504181",
    "departement_code": "25",
    "region_code": "27",
    "postal_code": "25510"
  },
  {
    "name": "Villers-Saint-Martin",
    "code": "25626",
    "epci_code": "242504447",
    "departement_code": "25",
    "region_code": "27",
    "postal_code": "25110"
  },
  {
    "name": "Villers-sous-Chalamont",
    "code": "25627",
    "epci_code": "242504488",
    "departement_code": "25",
    "region_code": "27",
    "postal_code": "25270"
  },
  {
    "name": "Voillans",
    "code": "25629",
    "epci_code": "242504447",
    "departement_code": "25",
    "region_code": "27",
    "postal_code": "25110"
  },
  {
    "name": "Voires",
    "code": "25630",
    "epci_code": "242504181",
    "departement_code": "25",
    "region_code": "27",
    "postal_code": "25580"
  },
  {
    "name": "Vorges-les-Pins",
    "code": "25631",
    "epci_code": "242500361",
    "departement_code": "25",
    "region_code": "27",
    "postal_code": "25320"
  },
  {
    "name": "Voujeaucourt",
    "code": "25632",
    "epci_code": "200065647",
    "departement_code": "25",
    "region_code": "27",
    "postal_code": "25420"
  },
  {
    "name": "Vuillafans",
    "code": "25633",
    "epci_code": "200068070",
    "departement_code": "25",
    "region_code": "27",
    "postal_code": "25840"
  },
  {
    "name": "Vuillecin",
    "code": "25634",
    "epci_code": "242500338",
    "departement_code": "25",
    "region_code": "27",
    "postal_code": "25300"
  },
  {
    "name": "Vyt-lès-Belvoir",
    "code": "25635",
    "epci_code": "242504371",
    "departement_code": "25",
    "region_code": "27",
    "postal_code": "25430"
  }
]