[
  {
    "name": "Adon",
    "code": "45001",
    "epci_code": "200068278",
    "departement_code": "45",
    "region_code": "24",
    "postal_code": "45230"
  },
  {
    "name": "Aillant-sur-Milleron",
    "code": "45002",
    "epci_code": "200067676",
    "departement_code": "45",
    "region_code": "24",
    "postal_code": "45230"
  },
  {
    "name": "Amilly",
    "code": "45004",
    "epci_code": "244500203",
    "departement_code": "45",
    "region_code": "24",
    "postal_code": "45200"
  },
  {
    "name": "Andonville",
    "code": "45005",
    "epci_code": "244500542",
    "departement_code": "45",
    "region_code": "24",
    "postal_code": "45480"
  },
  {
    "name": "Ardon",
    "code": "45006",
    "epci_code": "200005932",
    "departement_code": "45",
    "region_code": "24",
    "postal_code": "45160"
  },
  {
    "name": "Artenay",
    "code": "45008",
    "epci_code": "200035764",
    "departement_code": "45",
    "region_code": "24",
    "postal_code": "45410"
  },
  {
    "name": "Aschères-le-Marché",
    "code": "45009",
    "epci_code": "244500484",
    "departement_code": "45",
    "region_code": "24",
    "postal_code": "45170"
  },
  {
    "name": "Ascoux",
    "code": "45010",
    "epci_code": "200066280",
    "departement_code": "45",
    "region_code": "24",
    "postal_code": "45300"
  },
  {
    "name": "Attray",
    "code": "45011",
    "epci_code": "244500542",
    "departement_code": "45",
    "region_code": "24",
    "postal_code": "45170"
  },
  {
    "name": "Audeville",
    "code": "45012",
    "epci_code": "200066280",
    "departement_code": "45",
    "region_code": "24",
    "postal_code": "45300"
  },
  {
    "name": "Augerville-la-Rivière",
    "code": "45013",
    "epci_code": "200071850",
    "departement_code": "45",
    "region_code": "24",
    "postal_code": "45330"
  },
  {
    "name": "Aulnay-la-Rivière",
    "code": "45014",
    "epci_code": "200071850",
    "departement_code": "45",
    "region_code": "24",
    "postal_code": "45390"
  },
  {
    "name": "Autruy-sur-Juine",
    "code": "45015",
    "epci_code": "200066280",
    "departement_code": "45",
    "region_code": "24",
    "postal_code": "45480"
  },
  {
    "name": "Autry-le-Châtel",
    "code": "45016",
    "epci_code": "200068278",
    "departement_code": "45",
    "region_code": "24",
    "postal_code": "45500"
  },
  {
    "name": "Auvilliers-en-Gâtinais",
    "code": "45017",
    "epci_code": "200067676",
    "departement_code": "45",
    "region_code": "24",
    "postal_code": "45270"
  },
  {
    "name": "Auxy",
    "code": "45018",
    "epci_code": "200071850",
    "departement_code": "45",
    "region_code": "24",
    "postal_code": "45340"
  },
  {
    "name": "Baccon",
    "code": "45019",
    "epci_code": "200070183",
    "departement_code": "45",
    "region_code": "24",
    "postal_code": "45130"
  },
  {
    "name": "Le Bardon",
    "code": "45020",
    "epci_code": "200070183",
    "departement_code": "45",
    "region_code": "24",
    "postal_code": "45130"
  },
  {
    "name": "Barville-en-Gâtinais",
    "code": "45021",
    "epci_code": "200071850",
    "departement_code": "45",
    "region_code": "24",
    "postal_code": "45340"
  },
  {
    "name": "Batilly-en-Gâtinais",
    "code": "45022",
    "epci_code": "200071850",
    "departement_code": "45",
    "region_code": "24",
    "postal_code": "45340"
  },
  {
    "name": "Batilly-en-Puisaye",
    "code": "45023",
    "epci_code": "200068278",
    "departement_code": "45",
    "region_code": "24",
    "postal_code": "45420"
  },
  {
    "name": "Baule",
    "code": "45024",
    "epci_code": "200070183",
    "departement_code": "45",
    "region_code": "24",
    "postal_code": "45130"
  },
  {
    "name": "Bazoches-les-Gallerandes",
    "code": "45025",
    "epci_code": "244500542",
    "departement_code": "45",
    "region_code": "24",
    "postal_code": "45480"
  },
  {
    "name": "Bazoches-sur-le-Betz",
    "code": "45026",
    "epci_code": "200067668",
    "departement_code": "45",
    "region_code": "24",
    "postal_code": "45210"
  },
  {
    "name": "Beauchamps-sur-Huillard",
    "code": "45027",
    "epci_code": "200067676",
    "departement_code": "45",
    "region_code": "24",
    "postal_code": "45270"
  },
  {
    "name": "Beaugency",
    "code": "45028",
    "epci_code": "200070183",
    "departement_code": "45",
    "region_code": "24",
    "postal_code": "45190"
  },
  {
    "name": "Beaulieu-sur-Loire",
    "code": "45029",
    "epci_code": "200068278",
    "departement_code": "45",
    "region_code": "24",
    "postal_code": "45630"
  },
  {
    "name": "Beaune-la-Rolande",
    "code": "45030",
    "epci_code": "200071850",
    "departement_code": "45",
    "region_code": "24",
    "postal_code": "45340"
  },
  {
    "name": "Bellegarde",
    "code": "45031",
    "epci_code": "200067676",
    "departement_code": "45",
    "region_code": "24",
    "postal_code": "45270"
  },
  {
    "name": "Le Bignon-Mirabeau",
    "code": "45032",
    "epci_code": "244500419",
    "departement_code": "45",
    "region_code": "24",
    "postal_code": "45210"
  },
  {
    "name": "Boësses",
    "code": "45033",
    "epci_code": "200071850",
    "departement_code": "45",
    "region_code": "24",
    "postal_code": "45390"
  },
  {
    "name": "Boigny-sur-Bionne",
    "code": "45034",
    "epci_code": "244500468",
    "departement_code": "45",
    "region_code": "24",
    "postal_code": "45760"
  },
  {
    "name": "Boiscommun",
    "code": "45035",
    "epci_code": "200071850",
    "departement_code": "45",
    "region_code": "24",
    "postal_code": "45340"
  },
  {
    "name": "Boismorand",
    "code": "45036",
    "epci_code": "244500211",
    "departement_code": "45",
    "region_code": "24",
    "postal_code": "45290"
  },
  {
    "name": "Boisseaux",
    "code": "45037",
    "epci_code": "244500542",
    "departement_code": "45",
    "region_code": "24",
    "postal_code": "45480"
  },
  {
    "name": "Bondaroy",
    "code": "45038",
    "epci_code": "200066280",
    "departement_code": "45",
    "region_code": "24",
    "postal_code": "45300"
  },
  {
    "name": "Bonnée",
    "code": "45039",
    "epci_code": "200070100",
    "departement_code": "45",
    "region_code": "24",
    "postal_code": "45460"
  },
  {
    "name": "Bonny-sur-Loire",
    "code": "45040",
    "epci_code": "200068278",
    "departement_code": "45",
    "region_code": "24",
    "postal_code": "45420"
  },
  {
    "name": "Bordeaux-en-Gâtinais",
    "code": "45041",
    "epci_code": "244500419",
    "departement_code": "45",
    "region_code": "24",
    "postal_code": "45340"
  },
  {
    "name": "Les Bordes",
    "code": "45042",
    "epci_code": "200070100",
    "departement_code": "45",
    "region_code": "24",
    "postal_code": "45460"
  },
  {
    "name": "Bou",
    "code": "45043",
    "epci_code": "244500468",
    "departement_code": "45",
    "region_code": "24",
    "postal_code": "45430"
  },
  {
    "name": "Bougy-lez-Neuville",
    "code": "45044",
    "epci_code": "244500484",
    "departement_code": "45",
    "region_code": "24",
    "postal_code": "45170"
  },
  {
    "name": "Bouilly-en-Gâtinais",
    "code": "45045",
    "epci_code": "200066280",
    "departement_code": "45",
    "region_code": "24",
    "postal_code": "45300"
  },
  {
    "name": "Boulay-les-Barres",
    "code": "45046",
    "epci_code": "200035764",
    "departement_code": "45",
    "region_code": "24",
    "postal_code": "45140"
  },
  {
    "name": "Bouzonville-aux-Bois",
    "code": "45047",
    "epci_code": "200066280",
    "departement_code": "45",
    "region_code": "24",
    "postal_code": "45300"
  },
  {
    "name": "Bouzy-la-Forêt",
    "code": "45049",
    "epci_code": "244500427",
    "departement_code": "45",
    "region_code": "24",
    "postal_code": "45460"
  },
  {
    "name": "Boynes",
    "code": "45050",
    "epci_code": "200066280",
    "departement_code": "45",
    "region_code": "24",
    "postal_code": "45300"
  },
  {
    "name": "Bray-Saint-Aignan",
    "code": "45051",
    "epci_code": "200070100",
    "departement_code": "45",
    "region_code": "24",
    "postal_code": "45460"
  },
  {
    "name": "Breteau",
    "code": "45052",
    "epci_code": "200068278",
    "departement_code": "45",
    "region_code": "24",
    "postal_code": "45250"
  },
  {
    "name": "Briare",
    "code": "45053",
    "epci_code": "200068278",
    "departement_code": "45",
    "region_code": "24",
    "postal_code": "45250"
  },
  {
    "name": "Briarres-sur-Essonne",
    "code": "45054",
    "epci_code": "200071850",
    "departement_code": "45",
    "region_code": "24",
    "postal_code": "45390"
  },
  {
    "name": "Bricy",
    "code": "45055",
    "epci_code": "200035764",
    "departement_code": "45",
    "region_code": "24",
    "postal_code": "45310"
  },
  {
    "name": "Bromeilles",
    "code": "45056",
    "epci_code": "200071850",
    "departement_code": "45",
    "region_code": "24",
    "postal_code": "45390"
  },
  {
    "name": "Bucy-le-Roi",
    "code": "45058",
    "epci_code": "200035764",
    "departement_code": "45",
    "region_code": "24",
    "postal_code": "45410"
  },
  {
    "name": "Bucy-Saint-Liphard",
    "code": "45059",
    "epci_code": "200035764",
    "departement_code": "45",
    "region_code": "24",
    "postal_code": "45140"
  },
  {
    "name": "La Bussière",
    "code": "45060",
    "epci_code": "200068278",
    "departement_code": "45",
    "region_code": "24",
    "postal_code": "45230"
  },
  {
    "name": "Cepoy",
    "code": "45061",
    "epci_code": "244500203",
    "departement_code": "45",
    "region_code": "24",
    "postal_code": "45120"
  },
  {
    "name": "Cercottes",
    "code": "45062",
    "epci_code": "200035764",
    "departement_code": "45",
    "region_code": "24",
    "postal_code": "45520"
  },
  {
    "name": "Cerdon",
    "code": "45063",
    "epci_code": "200070100",
    "departement_code": "45",
    "region_code": "24",
    "postal_code": "45620"
  },
  {
    "name": "Cernoy-en-Berry",
    "code": "45064",
    "epci_code": "200068278",
    "departement_code": "45",
    "region_code": "24",
    "postal_code": "45360"
  },
  {
    "name": "Césarville-Dossainville",
    "code": "45065",
    "epci_code": "200066280",
    "departement_code": "45",
    "region_code": "24",
    "postal_code": "45300"
  },
  {
    "name": "Chailly-en-Gâtinais",
    "code": "45066",
    "epci_code": "200067676",
    "departement_code": "45",
    "region_code": "24",
    "postal_code": "45260"
  },
  {
    "name": "Chaingy",
    "code": "45067",
    "epci_code": "200070183",
    "departement_code": "45",
    "region_code": "24",
    "postal_code": "45380"
  },
  {
    "name": "Châlette-sur-Loing",
    "code": "45068",
    "epci_code": "244500203",
    "departement_code": "45",
    "region_code": "24",
    "postal_code": "45120"
  },
  {
    "name": "Chambon-la-Forêt",
    "code": "45069",
    "epci_code": "200071850",
    "departement_code": "45",
    "region_code": "24",
    "postal_code": "45340"
  },
  {
    "name": "Champoulet",
    "code": "45070",
    "epci_code": "200068278",
    "departement_code": "45",
    "region_code": "24",
    "postal_code": "45420"
  },
  {
    "name": "Chanteau",
    "code": "45072",
    "epci_code": "244500468",
    "departement_code": "45",
    "region_code": "24",
    "postal_code": "45400"
  },
  {
    "name": "Chantecoq",
    "code": "45073",
    "epci_code": "200067668",
    "departement_code": "45",
    "region_code": "24",
    "postal_code": "45320"
  },
  {
    "name": "La Chapelle-Onzerain",
    "code": "45074",
    "epci_code": "200035764",
    "departement_code": "45",
    "region_code": "24",
    "postal_code": "45310"
  },
  {
    "name": "La Chapelle-Saint-Mesmin",
    "code": "45075",
    "epci_code": "244500468",
    "departement_code": "45",
    "region_code": "24",
    "postal_code": "45380"
  },
  {
    "name": "La Chapelle-Saint-Sépulcre",
    "code": "45076",
    "epci_code": "200067668",
    "departement_code": "45",
    "region_code": "24",
    "postal_code": "45210"
  },
  {
    "name": "La Chapelle-sur-Aveyron",
    "code": "45077",
    "epci_code": "200067676",
    "departement_code": "45",
    "region_code": "24",
    "postal_code": "45230"
  },
  {
    "name": "Chapelon",
    "code": "45078",
    "epci_code": "200067676",
    "departement_code": "45",
    "region_code": "24",
    "postal_code": "45270"
  },
  {
    "name": "Le Charme",
    "code": "45079",
    "epci_code": "200067676",
    "departement_code": "45",
    "region_code": "24",
    "postal_code": "45230"
  },
  {
    "name": "Charmont-en-Beauce",
    "code": "45080",
    "epci_code": "244500542",
    "departement_code": "45",
    "region_code": "24",
    "postal_code": "45480"
  },
  {
    "name": "Charsonville",
    "code": "45081",
    "epci_code": "200070183",
    "departement_code": "45",
    "region_code": "24",
    "postal_code": "45130"
  },
  {
    "name": "Châteauneuf-sur-Loire",
    "code": "45082",
    "epci_code": "244500427",
    "departement_code": "45",
    "region_code": "24",
    "postal_code": "45110"
  },
  {
    "name": "Château-Renard",
    "code": "45083",
    "epci_code": "200067668",
    "departement_code": "45",
    "region_code": "24",
    "postal_code": "45220"
  },
  {
    "name": "Châtenoy",
    "code": "45084",
    "epci_code": "200067676",
    "departement_code": "45",
    "region_code": "24",
    "postal_code": "45260"
  },
  {
    "name": "Châtillon-Coligny",
    "code": "45085",
    "epci_code": "200067676",
    "departement_code": "45",
    "region_code": "24",
    "postal_code": "45230"
  },
  {
    "name": "Châtillon-le-Roi",
    "code": "45086",
    "epci_code": "244500542",
    "departement_code": "45",
    "region_code": "24",
    "postal_code": "45480"
  },
  {
    "name": "Châtillon-sur-Loire",
    "code": "45087",
    "epci_code": "200068278",
    "departement_code": "45",
    "region_code": "24",
    "postal_code": "45360"
  },
  {
    "name": "Chaussy",
    "code": "45088",
    "epci_code": "244500542",
    "departement_code": "45",
    "region_code": "24",
    "postal_code": "45480"
  },
  {
    "name": "Chécy",
    "code": "45089",
    "epci_code": "244500468",
    "departement_code": "45",
    "region_code": "24",
    "postal_code": "45430"
  },
  {
    "name": "Chevannes",
    "code": "45091",
    "epci_code": "244500419",
    "departement_code": "45",
    "region_code": "24",
    "postal_code": "45210"
  },
  {
    "name": "Chevillon-sur-Huillard",
    "code": "45092",
    "epci_code": "244500203",
    "departement_code": "45",
    "region_code": "24",
    "postal_code": "45700"
  },
  {
    "name": "Chevilly",
    "code": "45093",
    "epci_code": "200035764",
    "departement_code": "45",
    "region_code": "24",
    "postal_code": "45520"
  },
  {
    "name": "Chevry-sous-le-Bignon",
    "code": "45094",
    "epci_code": "244500419",
    "departement_code": "45",
    "region_code": "24",
    "postal_code": "45210"
  },
  {
    "name": "Chilleurs-aux-Bois",
    "code": "45095",
    "epci_code": "200066280",
    "departement_code": "45",
    "region_code": "24",
    "postal_code": "45170"
  },
  {
    "name": "Les Choux",
    "code": "45096",
    "epci_code": "244500211",
    "departement_code": "45",
    "region_code": "24",
    "postal_code": "45290"
  },
  {
    "name": "Chuelles",
    "code": "45097",
    "epci_code": "200067668",
    "departement_code": "45",
    "region_code": "24",
    "postal_code": "45220"
  },
  {
    "name": "Cléry-Saint-André",
    "code": "45098",
    "epci_code": "200070183",
    "departement_code": "45",
    "region_code": "24",
    "postal_code": "45370"
  },
  {
    "name": "Coinces",
    "code": "45099",
    "epci_code": "200035764",
    "departement_code": "45",
    "region_code": "24",
    "postal_code": "45310"
  },
  {
    "name": "Combleux",
    "code": "45100",
    "epci_code": "244500468",
    "departement_code": "45",
    "region_code": "24",
    "postal_code": "45800"
  },
  {
    "name": "Combreux",
    "code": "45101",
    "epci_code": "244500427",
    "departement_code": "45",
    "region_code": "24",
    "postal_code": "45530"
  },
  {
    "name": "Conflans-sur-Loing",
    "code": "45102",
    "epci_code": "244500203",
    "departement_code": "45",
    "region_code": "24",
    "postal_code": "45700"
  },
  {
    "name": "Corbeilles",
    "code": "45103",
    "epci_code": "244500419",
    "departement_code": "45",
    "region_code": "24",
    "postal_code": "45490"
  },
  {
    "name": "Corquilleroy",
    "code": "45104",
    "epci_code": "244500203",
    "departement_code": "45",
    "region_code": "24",
    "postal_code": "45120"
  },
  {
    "name": "Cortrat",
    "code": "45105",
    "epci_code": "200067676",
    "departement_code": "45",
    "region_code": "24",
    "postal_code": "45700"
  },
  {
    "name": "Coudroy",
    "code": "45107",
    "epci_code": "200067676",
    "departement_code": "45",
    "region_code": "24",
    "postal_code": "45260"
  },
  {
    "name": "Coullons",
    "code": "45108",
    "epci_code": "244500211",
    "departement_code": "45",
    "region_code": "24",
    "postal_code": "45720"
  },
  {
    "name": "Coulmiers",
    "code": "45109",
    "epci_code": "200070183",
    "departement_code": "45",
    "region_code": "24",
    "postal_code": "45130"
  },
  {
    "name": "Courcelles-le-Roi",
    "code": "45110",
    "epci_code": "200071850",
    "departement_code": "45",
    "region_code": "24",
    "postal_code": "45300"
  },
  {
    "name": "Courcy-aux-Loges",
    "code": "45111",
    "epci_code": "200066280",
    "departement_code": "45",
    "region_code": "24",
    "postal_code": "45300"
  },
  {
    "name": "La Cour-Marigny",
    "code": "45112",
    "epci_code": "200067676",
    "departement_code": "45",
    "region_code": "24",
    "postal_code": "45260"
  },
  {
    "name": "Courtemaux",
    "code": "45113",
    "epci_code": "200067668",
    "departement_code": "45",
    "region_code": "24",
    "postal_code": "45320"
  },
  {
    "name": "Courtempierre",
    "code": "45114",
    "epci_code": "244500419",
    "departement_code": "45",
    "region_code": "24",
    "postal_code": "45490"
  },
  {
    "name": "Courtenay",
    "code": "45115",
    "epci_code": "200067668",
    "departement_code": "45",
    "region_code": "24",
    "postal_code": "45320"
  },
  {
    "name": "Cravant",
    "code": "45116",
    "epci_code": "200070183",
    "departement_code": "45",
    "region_code": "24",
    "postal_code": "45190"
  },
  {
    "name": "Crottes-en-Pithiverais",
    "code": "45118",
    "epci_code": "244500542",
    "departement_code": "45",
    "region_code": "24",
    "postal_code": "45170"
  },
  {
    "name": "Dadonville",
    "code": "45119",
    "epci_code": "200066280",
    "departement_code": "45",
    "region_code": "24",
    "postal_code": "45300"
  },
  {
    "name": "Dammarie-en-Puisaye",
    "code": "45120",
    "epci_code": "200068278",
    "departement_code": "45",
    "region_code": "24",
    "postal_code": "45420"
  },
  {
    "name": "Dammarie-sur-Loing",
    "code": "45121",
    "epci_code": "200067676",
    "departement_code": "45",
    "region_code": "24",
    "postal_code": "45230"
  },
  {
    "name": "Dampierre-en-Burly",
    "code": "45122",
    "epci_code": "200070100",
    "departement_code": "45",
    "region_code": "24",
    "postal_code": "45570"
  },
  {
    "name": "Darvoy",
    "code": "45123",
    "epci_code": "244500427",
    "departement_code": "45",
    "region_code": "24",
    "postal_code": "45150"
  },
  {
    "name": "Desmonts",
    "code": "45124",
    "epci_code": "200071850",
    "departement_code": "45",
    "region_code": "24",
    "postal_code": "45390"
  },
  {
    "name": "Dimancheville",
    "code": "45125",
    "epci_code": "200071850",
    "departement_code": "45",
    "region_code": "24",
    "postal_code": "45390"
  },
  {
    "name": "Donnery",
    "code": "45126",
    "epci_code": "244500427",
    "departement_code": "45",
    "region_code": "24",
    "postal_code": "45450"
  },
  {
    "name": "Dordives",
    "code": "45127",
    "epci_code": "244500419",
    "departement_code": "45",
    "region_code": "24",
    "postal_code": "45680"
  },
  {
    "name": "Douchy-Montcorbon",
    "code": "45129",
    "epci_code": "200067668",
    "departement_code": "45",
    "region_code": "24",
    "postal_code": "45220"
  },
  {
    "name": "Dry",
    "code": "45130",
    "epci_code": "200070183",
    "departement_code": "45",
    "region_code": "24",
    "postal_code": "45370"
  },
  {
    "name": "Échilleuses",
    "code": "45131",
    "epci_code": "200071850",
    "departement_code": "45",
    "region_code": "24",
    "postal_code": "45390"
  },
  {
    "name": "Égry",
    "code": "45132",
    "epci_code": "200071850",
    "departement_code": "45",
    "region_code": "24",
    "postal_code": "45340"
  },
  {
    "name": "Engenville",
    "code": "45133",
    "epci_code": "200066280",
    "departement_code": "45",
    "region_code": "24",
    "postal_code": "45300"
  },
  {
    "name": "Épieds-en-Beauce",
    "code": "45134",
    "epci_code": "200070183",
    "departement_code": "45",
    "region_code": "24",
    "postal_code": "45130"
  },
  {
    "name": "Erceville",
    "code": "45135",
    "epci_code": "244500542",
    "departement_code": "45",
    "region_code": "24",
    "postal_code": "45480"
  },
  {
    "name": "Ervauville",
    "code": "45136",
    "epci_code": "200067668",
    "departement_code": "45",
    "region_code": "24",
    "postal_code": "45320"
  },
  {
    "name": "Escrennes",
    "code": "45137",
    "epci_code": "200066280",
    "departement_code": "45",
    "region_code": "24",
    "postal_code": "45300"
  },
  {
    "name": "Escrignelles",
    "code": "45138",
    "epci_code": "200068278",
    "departement_code": "45",
    "region_code": "24",
    "postal_code": "45250"
  },
  {
    "name": "Estouy",
    "code": "45139",
    "epci_code": "200066280",
    "departement_code": "45",
    "region_code": "24",
    "postal_code": "45300"
  },
  {
    "name": "Faverelles",
    "code": "45141",
    "epci_code": "200068278",
    "departement_code": "45",
    "region_code": "24",
    "postal_code": "45420"
  },
  {
    "name": "Fay-aux-Loges",
    "code": "45142",
    "epci_code": "244500427",
    "departement_code": "45",
    "region_code": "24",
    "postal_code": "45450"
  },
  {
    "name": "Feins-en-Gâtinais",
    "code": "45143",
    "epci_code": "200068278",
    "departement_code": "45",
    "region_code": "24",
    "postal_code": "45230"
  },
  {
    "name": "Férolles",
    "code": "45144",
    "epci_code": "244500427",
    "departement_code": "45",
    "region_code": "24",
    "postal_code": "45150"
  },
  {
    "name": "Ferrières-en-Gâtinais",
    "code": "45145",
    "epci_code": "244500419",
    "departement_code": "45",
    "region_code": "24",
    "postal_code": "45210"
  },
  {
    "name": "La Ferté-Saint-Aubin",
    "code": "45146",
    "epci_code": "200005932",
    "departement_code": "45",
    "region_code": "24",
    "postal_code": "45240"
  },
  {
    "name": "Fleury-les-Aubrais",
    "code": "45147",
    "epci_code": "244500468",
    "departement_code": "45",
    "region_code": "24",
    "postal_code": "45400"
  },
  {
    "name": "Fontenay-sur-Loing",
    "code": "45148",
    "epci_code": "244500419",
    "departement_code": "45",
    "region_code": "24",
    "postal_code": "45210"
  },
  {
    "name": "Foucherolles",
    "code": "45149",
    "epci_code": "200067668",
    "departement_code": "45",
    "region_code": "24",
    "postal_code": "45320"
  },
  {
    "name": "Fréville-du-Gâtinais",
    "code": "45150",
    "epci_code": "200067676",
    "departement_code": "45",
    "region_code": "24",
    "postal_code": "45270"
  },
  {
    "name": "Gaubertin",
    "code": "45151",
    "epci_code": "200071850",
    "departement_code": "45",
    "region_code": "24",
    "postal_code": "45340"
  },
  {
    "name": "Gémigny",
    "code": "45152",
    "epci_code": "200035764",
    "departement_code": "45",
    "region_code": "24",
    "postal_code": "45310"
  },
  {
    "name": "Germigny-des-Prés",
    "code": "45153",
    "epci_code": "200070100",
    "departement_code": "45",
    "region_code": "24",
    "postal_code": "45110"
  },
  {
    "name": "Gidy",
    "code": "45154",
    "epci_code": "200035764",
    "departement_code": "45",
    "region_code": "24",
    "postal_code": "45520"
  },
  {
    "name": "Gien",
    "code": "45155",
    "epci_code": "244500211",
    "departement_code": "45",
    "region_code": "24",
    "postal_code": "45500"
  },
  {
    "name": "Girolles",
    "code": "45156",
    "epci_code": "244500419",
    "departement_code": "45",
    "region_code": "24",
    "postal_code": "45120"
  },
  {
    "name": "Givraines",
    "code": "45157",
    "epci_code": "200066280",
    "departement_code": "45",
    "region_code": "24",
    "postal_code": "45300"
  },
  {
    "name": "Gondreville",
    "code": "45158",
    "epci_code": "244500419",
    "departement_code": "45",
    "region_code": "24",
    "postal_code": "45490"
  },
  {
    "name": "Grangermont",
    "code": "45159",
    "epci_code": "200071850",
    "departement_code": "45",
    "region_code": "24",
    "postal_code": "45390"
  },
  {
    "name": "Greneville-en-Beauce",
    "code": "45160",
    "epci_code": "244500542",
    "departement_code": "45",
    "region_code": "24",
    "postal_code": "45480"
  },
  {
    "name": "Griselles",
    "code": "45161",
    "epci_code": "244500419",
    "departement_code": "45",
    "region_code": "24",
    "postal_code": "45210"
  },
  {
    "name": "Guigneville",
    "code": "45162",
    "epci_code": "200066280",
    "departement_code": "45",
    "region_code": "24",
    "postal_code": "45300"
  },
  {
    "name": "Guilly",
    "code": "45164",
    "epci_code": "200070100",
    "departement_code": "45",
    "region_code": "24",
    "postal_code": "45600"
  },
  {
    "name": "Gy-les-Nonains",
    "code": "45165",
    "epci_code": "200067668",
    "departement_code": "45",
    "region_code": "24",
    "postal_code": "45220"
  },
  {
    "name": "Huêtre",
    "code": "45166",
    "epci_code": "200035764",
    "departement_code": "45",
    "region_code": "24",
    "postal_code": "45520"
  },
  {
    "name": "Huisseau-sur-Mauves",
    "code": "45167",
    "epci_code": "200070183",
    "departement_code": "45",
    "region_code": "24",
    "postal_code": "45130"
  },
  {
    "name": "Ingrannes",
    "code": "45168",
    "epci_code": "244500427",
    "departement_code": "45",
    "region_code": "24",
    "postal_code": "45450"
  },
  {
    "name": "Ingré",
    "code": "45169",
    "epci_code": "244500468",
    "departement_code": "45",
    "region_code": "24",
    "postal_code": "45140"
  },
  {
    "name": "Intville-la-Guétard",
    "code": "45170",
    "epci_code": "200066280",
    "departement_code": "45",
    "region_code": "24",
    "postal_code": "45300"
  },
  {
    "name": "Isdes",
    "code": "45171",
    "epci_code": "200070100",
    "departement_code": "45",
    "region_code": "24",
    "postal_code": "45620"
  },
  {
    "name": "Jargeau",
    "code": "45173",
    "epci_code": "244500427",
    "departement_code": "45",
    "region_code": "24",
    "postal_code": "45150"
  },
  {
    "name": "Jouy-en-Pithiverais",
    "code": "45174",
    "epci_code": "244500542",
    "departement_code": "45",
    "region_code": "24",
    "postal_code": "45480"
  },
  {
    "name": "Jouy-le-Potier",
    "code": "45175",
    "epci_code": "200005932",
    "departement_code": "45",
    "region_code": "24",
    "postal_code": "45370"
  },
  {
    "name": "Juranville",
    "code": "45176",
    "epci_code": "200071850",
    "departement_code": "45",
    "region_code": "24",
    "postal_code": "45340"
  },
  {
    "name": "Laas",
    "code": "45177",
    "epci_code": "200066280",
    "departement_code": "45",
    "region_code": "24",
    "postal_code": "45300"
  },
  {
    "name": "Ladon",
    "code": "45178",
    "epci_code": "200067676",
    "departement_code": "45",
    "region_code": "24",
    "postal_code": "45270"
  },
  {
    "name": "Lailly-en-Val",
    "code": "45179",
    "epci_code": "200070183",
    "departement_code": "45",
    "region_code": "24",
    "postal_code": "45740"
  },
  {
    "name": "Langesse",
    "code": "45180",
    "epci_code": "244500211",
    "departement_code": "45",
    "region_code": "24",
    "postal_code": "45290"
  },
  {
    "name": "Léouville",
    "code": "45181",
    "epci_code": "244500542",
    "departement_code": "45",
    "region_code": "24",
    "postal_code": "45480"
  },
  {
    "name": "Ligny-le-Ribault",
    "code": "45182",
    "epci_code": "200005932",
    "departement_code": "45",
    "region_code": "24",
    "postal_code": "45240"
  },
  {
    "name": "Lion-en-Beauce",
    "code": "45183",
    "epci_code": "200035764",
    "departement_code": "45",
    "region_code": "24",
    "postal_code": "45410"
  },
  {
    "name": "Lion-en-Sullias",
    "code": "45184",
    "epci_code": "200070100",
    "departement_code": "45",
    "region_code": "24",
    "postal_code": "45600"
  },
  {
    "name": "Lombreuil",
    "code": "45185",
    "epci_code": "244500203",
    "departement_code": "45",
    "region_code": "24",
    "postal_code": "45700"
  },
  {
    "name": "Lorcy",
    "code": "45186",
    "epci_code": "200071850",
    "departement_code": "45",
    "region_code": "24",
    "postal_code": "45490"
  },
  {
    "name": "Lorris",
    "code": "45187",
    "epci_code": "200067676",
    "departement_code": "45",
    "region_code": "24",
    "postal_code": "45260"
  },
  {
    "name": "Loury",
    "code": "45188",
    "epci_code": "244500484",
    "departement_code": "45",
    "region_code": "24",
    "postal_code": "45470"
  },
  {
    "name": "Louzouer",
    "code": "45189",
    "epci_code": "200067668",
    "departement_code": "45",
    "region_code": "24",
    "postal_code": "45210"
  },
  {
    "name": "Le Malesherbois",
    "code": "45191",
    "epci_code": "200071850",
    "departement_code": "45",
    "region_code": "24",
    "postal_code": "45300"
  },
  {
    "name": "Le Malesherbois",
    "code": "45191",
    "epci_code": "200071850",
    "departement_code": "45",
    "region_code": "24",
    "postal_code": "45330"
  },
  {
    "name": "Marcilly-en-Villette",
    "code": "45193",
    "epci_code": "200005932",
    "departement_code": "45",
    "region_code": "24",
    "postal_code": "45240"
  },
  {
    "name": "Mardié",
    "code": "45194",
    "epci_code": "244500468",
    "departement_code": "45",
    "region_code": "24",
    "postal_code": "45430"
  },
  {
    "name": "Mareau-aux-Bois",
    "code": "45195",
    "epci_code": "200066280",
    "departement_code": "45",
    "region_code": "24",
    "postal_code": "45300"
  },
  {
    "name": "Mareau-aux-Prés",
    "code": "45196",
    "epci_code": "200070183",
    "departement_code": "45",
    "region_code": "24",
    "postal_code": "45370"
  },
  {
    "name": "Marigny-les-Usages",
    "code": "45197",
    "epci_code": "244500468",
    "departement_code": "45",
    "region_code": "24",
    "postal_code": "45760"
  },
  {
    "name": "Marsainvilliers",
    "code": "45198",
    "epci_code": "200066280",
    "departement_code": "45",
    "region_code": "24",
    "postal_code": "45300"
  },
  {
    "name": "Melleroy",
    "code": "45199",
    "epci_code": "200067668",
    "departement_code": "45",
    "region_code": "24",
    "postal_code": "45220"
  },
  {
    "name": "Ménestreau-en-Villette",
    "code": "45200",
    "epci_code": "200005932",
    "departement_code": "45",
    "region_code": "24",
    "postal_code": "45240"
  },
  {
    "name": "Mérinville",
    "code": "45201",
    "epci_code": "200067668",
    "departement_code": "45",
    "region_code": "24",
    "postal_code": "45210"
  },
  {
    "name": "Messas",
    "code": "45202",
    "epci_code": "200070183",
    "departement_code": "45",
    "region_code": "24",
    "postal_code": "45190"
  },
  {
    "name": "Meung-sur-Loire",
    "code": "45203",
    "epci_code": "200070183",
    "departement_code": "45",
    "region_code": "24",
    "postal_code": "45130"
  },
  {
    "name": "Mézières-lez-Cléry",
    "code": "45204",
    "epci_code": "200070183",
    "departement_code": "45",
    "region_code": "24",
    "postal_code": "45370"
  },
  {
    "name": "Mézières-en-Gâtinais",
    "code": "45205",
    "epci_code": "200067676",
    "departement_code": "45",
    "region_code": "24",
    "postal_code": "45270"
  },
  {
    "name": "Mignères",
    "code": "45206",
    "epci_code": "244500419",
    "departement_code": "45",
    "region_code": "24",
    "postal_code": "45490"
  },
  {
    "name": "Mignerette",
    "code": "45207",
    "epci_code": "244500419",
    "departement_code": "45",
    "region_code": "24",
    "postal_code": "45490"
  },
  {
    "name": "Montargis",
    "code": "45208",
    "epci_code": "244500203",
    "departement_code": "45",
    "region_code": "24",
    "postal_code": "45200"
  },
  {
    "name": "Montbarrois",
    "code": "45209",
    "epci_code": "200071850",
    "departement_code": "45",
    "region_code": "24",
    "postal_code": "45340"
  },
  {
    "name": "Montbouy",
    "code": "45210",
    "epci_code": "200067676",
    "departement_code": "45",
    "region_code": "24",
    "postal_code": "45230"
  },
  {
    "name": "Montcresson",
    "code": "45212",
    "epci_code": "200067676",
    "departement_code": "45",
    "region_code": "24",
    "postal_code": "45700"
  },
  {
    "name": "Montereau",
    "code": "45213",
    "epci_code": "200067676",
    "departement_code": "45",
    "region_code": "24",
    "postal_code": "45260"
  },
  {
    "name": "Montigny",
    "code": "45214",
    "epci_code": "244500484",
    "departement_code": "45",
    "region_code": "24",
    "postal_code": "45170"
  },
  {
    "name": "Montliard",
    "code": "45215",
    "epci_code": "200071850",
    "departement_code": "45",
    "region_code": "24",
    "postal_code": "45340"
  },
  {
    "name": "Mormant-sur-Vernisson",
    "code": "45216",
    "epci_code": "244500203",
    "departement_code": "45",
    "region_code": "24",
    "postal_code": "45700"
  },
  {
    "name": "Morville-en-Beauce",
    "code": "45217",
    "epci_code": "200066280",
    "departement_code": "45",
    "region_code": "24",
    "postal_code": "45300"
  },
  {
    "name": "Le Moulinet-sur-Solin",
    "code": "45218",
    "epci_code": "244500211",
    "departement_code": "45",
    "region_code": "24",
    "postal_code": "45290"
  },
  {
    "name": "Moulon",
    "code": "45219",
    "epci_code": "200067676",
    "departement_code": "45",
    "region_code": "24",
    "postal_code": "45270"
  },
  {
    "name": "Nancray-sur-Rimarde",
    "code": "45220",
    "epci_code": "200071850",
    "departement_code": "45",
    "region_code": "24",
    "postal_code": "45340"
  },
  {
    "name": "Nargis",
    "code": "45222",
    "epci_code": "244500419",
    "departement_code": "45",
    "region_code": "24",
    "postal_code": "45210"
  },
  {
    "name": "Nesploy",
    "code": "45223",
    "epci_code": "200067676",
    "departement_code": "45",
    "region_code": "24",
    "postal_code": "45270"
  },
  {
    "name": "Neuville-aux-Bois",
    "code": "45224",
    "epci_code": "244500484",
    "departement_code": "45",
    "region_code": "24",
    "postal_code": "45170"
  },
  {
    "name": "La Neuville-sur-Essonne",
    "code": "45225",
    "epci_code": "200071850",
    "departement_code": "45",
    "region_code": "24",
    "postal_code": "45390"
  },
  {
    "name": "Neuvy-en-Sullias",
    "code": "45226",
    "epci_code": "200070100",
    "departement_code": "45",
    "region_code": "24",
    "postal_code": "45510"
  },
  {
    "name": "Nevoy",
    "code": "45227",
    "epci_code": "244500211",
    "departement_code": "45",
    "region_code": "24",
    "postal_code": "45500"
  },
  {
    "name": "Nibelle",
    "code": "45228",
    "epci_code": "200071850",
    "departement_code": "45",
    "region_code": "24",
    "postal_code": "45340"
  },
  {
    "name": "Nogent-sur-Vernisson",
    "code": "45229",
    "epci_code": "200067676",
    "departement_code": "45",
    "region_code": "24",
    "postal_code": "45290"
  },
  {
    "name": "Noyers",
    "code": "45230",
    "epci_code": "200067676",
    "departement_code": "45",
    "region_code": "24",
    "postal_code": "45260"
  },
  {
    "name": "Oison",
    "code": "45231",
    "epci_code": "244500542",
    "departement_code": "45",
    "region_code": "24",
    "postal_code": "45170"
  },
  {
    "name": "Olivet",
    "code": "45232",
    "epci_code": "244500468",
    "departement_code": "45",
    "region_code": "24",
    "postal_code": "45160"
  },
  {
    "name": "Ondreville-sur-Essonne",
    "code": "45233",
    "epci_code": "200071850",
    "departement_code": "45",
    "region_code": "24",
    "postal_code": "45390"
  },
  {
    "name": "Orléans",
    "code": "45234",
    "epci_code": "244500468",
    "departement_code": "45",
    "region_code": "24",
    "postal_code": "45000"
  },
  {
    "name": "Orléans",
    "code": "45234",
    "epci_code": "244500468",
    "departement_code": "45",
    "region_code": "24",
    "postal_code": "45100"
  },
  {
    "name": "Ormes",
    "code": "45235",
    "epci_code": "244500468",
    "departement_code": "45",
    "region_code": "24",
    "postal_code": "45140"
  },
  {
    "name": "Orville",
    "code": "45237",
    "epci_code": "200071850",
    "departement_code": "45",
    "region_code": "24",
    "postal_code": "45390"
  },
  {
    "name": "Ousson-sur-Loire",
    "code": "45238",
    "epci_code": "200068278",
    "departement_code": "45",
    "region_code": "24",
    "postal_code": "45250"
  },
  {
    "name": "Oussoy-en-Gâtinais",
    "code": "45239",
    "epci_code": "200067676",
    "departement_code": "45",
    "region_code": "24",
    "postal_code": "45290"
  },
  {
    "name": "Outarville",
    "code": "45240",
    "epci_code": "244500542",
    "departement_code": "45",
    "region_code": "24",
    "postal_code": "45480"
  },
  {
    "name": "Ouvrouer-les-Champs",
    "code": "45241",
    "epci_code": "244500427",
    "departement_code": "45",
    "region_code": "24",
    "postal_code": "45150"
  },
  {
    "name": "Ouzouer-des-Champs",
    "code": "45242",
    "epci_code": "200067676",
    "departement_code": "45",
    "region_code": "24",
    "postal_code": "45290"
  },
  {
    "name": "Ouzouer-sous-Bellegarde",
    "code": "45243",
    "epci_code": "200067676",
    "departement_code": "45",
    "region_code": "24",
    "postal_code": "45270"
  },
  {
    "name": "Ouzouer-sur-Loire",
    "code": "45244",
    "epci_code": "200070100",
    "departement_code": "45",
    "region_code": "24",
    "postal_code": "45570"
  },
  {
    "name": "Ouzouer-sur-Trézée",
    "code": "45245",
    "epci_code": "200068278",
    "departement_code": "45",
    "region_code": "24",
    "postal_code": "45250"
  },
  {
    "name": "Pannecières",
    "code": "45246",
    "epci_code": "200066280",
    "departement_code": "45",
    "region_code": "24",
    "postal_code": "45300"
  },
  {
    "name": "Pannes",
    "code": "45247",
    "epci_code": "244500203",
    "departement_code": "45",
    "region_code": "24",
    "postal_code": "45700"
  },
  {
    "name": "Patay",
    "code": "45248",
    "epci_code": "200035764",
    "departement_code": "45",
    "region_code": "24",
    "postal_code": "45310"
  },
  {
    "name": "Paucourt",
    "code": "45249",
    "epci_code": "244500203",
    "departement_code": "45",
    "region_code": "24",
    "postal_code": "45200"
  },
  {
    "name": "Pers-en-Gâtinais",
    "code": "45250",
    "epci_code": "200067668",
    "departement_code": "45",
    "region_code": "24",
    "postal_code": "45210"
  },
  {
    "name": "Pierrefitte-ès-Bois",
    "code": "45251",
    "epci_code": "200068278",
    "departement_code": "45",
    "region_code": "24",
    "postal_code": "45360"
  },
  {
    "name": "Pithiviers",
    "code": "45252",
    "epci_code": "200066280",
    "departement_code": "45",
    "region_code": "24",
    "postal_code": "45300"
  },
  {
    "name": "Pithiviers-le-Vieil",
    "code": "45253",
    "epci_code": "200066280",
    "departement_code": "45",
    "region_code": "24",
    "postal_code": "45300"
  },
  {
    "name": "Poilly-lez-Gien",
    "code": "45254",
    "epci_code": "244500211",
    "departement_code": "45",
    "region_code": "24",
    "postal_code": "45500"
  },
  {
    "name": "Préfontaines",
    "code": "45255",
    "epci_code": "244500419",
    "departement_code": "45",
    "region_code": "24",
    "postal_code": "45490"
  },
  {
    "name": "Presnoy",
    "code": "45256",
    "epci_code": "200067676",
    "departement_code": "45",
    "region_code": "24",
    "postal_code": "45260"
  },
  {
    "name": "Pressigny-les-Pins",
    "code": "45257",
    "epci_code": "200067676",
    "departement_code": "45",
    "region_code": "24",
    "postal_code": "45290"
  },
  {
    "name": "Puiseaux",
    "code": "45258",
    "epci_code": "200071850",
    "departement_code": "45",
    "region_code": "24",
    "postal_code": "45390"
  },
  {
    "name": "Quiers-sur-Bezonde",
    "code": "45259",
    "epci_code": "200067676",
    "departement_code": "45",
    "region_code": "24",
    "postal_code": "45270"
  },
  {
    "name": "Ramoulu",
    "code": "45260",
    "epci_code": "200066280",
    "departement_code": "45",
    "region_code": "24",
    "postal_code": "45300"
  },
  {
    "name": "Rebréchien",
    "code": "45261",
    "epci_code": "244500484",
    "departement_code": "45",
    "region_code": "24",
    "postal_code": "45470"
  },
  {
    "name": "Rouvray-Sainte-Croix",
    "code": "45262",
    "epci_code": "200035764",
    "departement_code": "45",
    "region_code": "24",
    "postal_code": "45310"
  },
  {
    "name": "Rouvres-Saint-Jean",
    "code": "45263",
    "epci_code": "200066280",
    "departement_code": "45",
    "region_code": "24",
    "postal_code": "45300"
  },
  {
    "name": "Rozières-en-Beauce",
    "code": "45264",
    "epci_code": "200070183",
    "departement_code": "45",
    "region_code": "24",
    "postal_code": "45130"
  },
  {
    "name": "Rozoy-le-Vieil",
    "code": "45265",
    "epci_code": "244500419",
    "departement_code": "45",
    "region_code": "24",
    "postal_code": "45210"
  },
  {
    "name": "Ruan",
    "code": "45266",
    "epci_code": "200035764",
    "departement_code": "45",
    "region_code": "24",
    "postal_code": "45410"
  },
  {
    "name": "Saint-Aignan-le-Jaillard",
    "code": "45268",
    "epci_code": "200070100",
    "departement_code": "45",
    "region_code": "24",
    "postal_code": "45600"
  },
  {
    "name": "Saint-Ay",
    "code": "45269",
    "epci_code": "200070183",
    "departement_code": "45",
    "region_code": "24",
    "postal_code": "45130"
  },
  {
    "name": "Saint-Benoît-sur-Loire",
    "code": "45270",
    "epci_code": "200070100",
    "departement_code": "45",
    "region_code": "24",
    "postal_code": "45730"
  },
  {
    "name": "Saint-Brisson-sur-Loire",
    "code": "45271",
    "epci_code": "244500211",
    "departement_code": "45",
    "region_code": "24",
    "postal_code": "45500"
  },
  {
    "name": "Saint-Cyr-en-Val",
    "code": "45272",
    "epci_code": "244500468",
    "departement_code": "45",
    "region_code": "24",
    "postal_code": "45590"
  },
  {
    "name": "Saint-Denis-de-l’Hôtel",
    "code": "45273",
    "epci_code": "244500427",
    "departement_code": "45",
    "region_code": "24",
    "postal_code": "45550"
  },
  {
    "name": "Saint-Denis-en-Val",
    "code": "45274",
    "epci_code": "244500468",
    "departement_code": "45",
    "region_code": "24",
    "postal_code": "45560"
  },
  {
    "name": "Saint-Firmin-des-Bois",
    "code": "45275",
    "epci_code": "200067668",
    "departement_code": "45",
    "region_code": "24",
    "postal_code": "45220"
  },
  {
    "name": "Saint-Firmin-sur-Loire",
    "code": "45276",
    "epci_code": "200068278",
    "departement_code": "45",
    "region_code": "24",
    "postal_code": "45360"
  },
  {
    "name": "Saint-Florent",
    "code": "45277",
    "epci_code": "200070100",
    "departement_code": "45",
    "region_code": "24",
    "postal_code": "45600"
  },
  {
    "name": "Sainte-Geneviève-des-Bois",
    "code": "45278",
    "epci_code": "200067676",
    "departement_code": "45",
    "region_code": "24",
    "postal_code": "45230"
  },
  {
    "name": "Saint-Germain-des-Prés",
    "code": "45279",
    "epci_code": "200067668",
    "departement_code": "45",
    "region_code": "24",
    "postal_code": "45220"
  },
  {
    "name": "Saint-Gondon",
    "code": "45280",
    "epci_code": "244500211",
    "departement_code": "45",
    "region_code": "24",
    "postal_code": "45500"
  },
  {
    "name": "Saint-Hilaire-les-Andrésis",
    "code": "45281",
    "epci_code": "200067668",
    "departement_code": "45",
    "region_code": "24",
    "postal_code": "45320"
  },
  {
    "name": "Saint-Hilaire-Saint-Mesmin",
    "code": "45282",
    "epci_code": "244500468",
    "departement_code": "45",
    "region_code": "24",
    "postal_code": "45160"
  },
  {
    "name": "Saint-Hilaire-sur-Puiseaux",
    "code": "45283",
    "epci_code": "200067676",
    "departement_code": "45",
    "region_code": "24",
    "postal_code": "45700"
  },
  {
    "name": "Saint-Jean-de-Braye",
    "code": "45284",
    "epci_code": "244500468",
    "departement_code": "45",
    "region_code": "24",
    "postal_code": "45800"
  },
  {
    "name": "Saint-Jean-de-la-Ruelle",
    "code": "45285",
    "epci_code": "244500468",
    "departement_code": "45",
    "region_code": "24",
    "postal_code": "45140"
  },
  {
    "name": "Saint-Jean-le-Blanc",
    "code": "45286",
    "epci_code": "244500468",
    "departement_code": "45",
    "region_code": "24",
    "postal_code": "45650"
  },
  {
    "name": "Saint-Loup-des-Vignes",
    "code": "45288",
    "epci_code": "200071850",
    "departement_code": "45",
    "region_code": "24",
    "postal_code": "45340"
  },
  {
    "name": "Saint-Lyé-la-Forêt",
    "code": "45289",
    "epci_code": "244500484",
    "departement_code": "45",
    "region_code": "24",
    "postal_code": "45170"
  },
  {
    "name": "Saint-Martin-d’Abbat",
    "code": "45290",
    "epci_code": "244500427",
    "departement_code": "45",
    "region_code": "24",
    "postal_code": "45110"
  },
  {
    "name": "Saint-Martin-sur-Ocre",
    "code": "45291",
    "epci_code": "244500211",
    "departement_code": "45",
    "region_code": "24",
    "postal_code": "45500"
  },
  {
    "name": "Saint-Maurice-sur-Aveyron",
    "code": "45292",
    "epci_code": "200067676",
    "departement_code": "45",
    "region_code": "24",
    "postal_code": "45230"
  },
  {
    "name": "Saint-Maurice-sur-Fessard",
    "code": "45293",
    "epci_code": "244500203",
    "departement_code": "45",
    "region_code": "24",
    "postal_code": "45700"
  },
  {
    "name": "Saint-Michel",
    "code": "45294",
    "epci_code": "200071850",
    "departement_code": "45",
    "region_code": "24",
    "postal_code": "45340"
  },
  {
    "name": "Saint-Péravy-la-Colombe",
    "code": "45296",
    "epci_code": "200035764",
    "departement_code": "45",
    "region_code": "24",
    "postal_code": "45310"
  },
  {
    "name": "Saint-Père-sur-Loire",
    "code": "45297",
    "epci_code": "200070100",
    "departement_code": "45",
    "region_code": "24",
    "postal_code": "45600"
  },
  {
    "name": "Saint-Pryvé-Saint-Mesmin",
    "code": "45298",
    "epci_code": "244500468",
    "departement_code": "45",
    "region_code": "24",
    "postal_code": "45750"
  },
  {
    "name": "Saint-Sigismond",
    "code": "45299",
    "epci_code": "200035764",
    "departement_code": "45",
    "region_code": "24",
    "postal_code": "45310"
  },
  {
    "name": "Sandillon",
    "code": "45300",
    "epci_code": "244500427",
    "departement_code": "45",
    "region_code": "24",
    "postal_code": "45640"
  },
  {
    "name": "Santeau",
    "code": "45301",
    "epci_code": "200066280",
    "departement_code": "45",
    "region_code": "24",
    "postal_code": "45170"
  },
  {
    "name": "Saran",
    "code": "45302",
    "epci_code": "244500468",
    "departement_code": "45",
    "region_code": "24",
    "postal_code": "45770"
  },
  {
    "name": "Sceaux-du-Gâtinais",
    "code": "45303",
    "epci_code": "244500419",
    "departement_code": "45",
    "region_code": "24",
    "postal_code": "45490"
  },
  {
    "name": "Seichebrières",
    "code": "45305",
    "epci_code": "244500427",
    "departement_code": "45",
    "region_code": "24",
    "postal_code": "45530"
  },
  {
    "name": "La Selle-en-Hermoy",
    "code": "45306",
    "epci_code": "200067668",
    "departement_code": "45",
    "region_code": "24",
    "postal_code": "45210"
  },
  {
    "name": "La Selle-sur-le-Bied",
    "code": "45307",
    "epci_code": "200067668",
    "departement_code": "45",
    "region_code": "24",
    "postal_code": "45210"
  },
  {
    "name": "Semoy",
    "code": "45308",
    "epci_code": "244500468",
    "departement_code": "45",
    "region_code": "24",
    "postal_code": "45400"
  },
  {
    "name": "Sennely",
    "code": "45309",
    "epci_code": "200005932",
    "departement_code": "45",
    "region_code": "24",
    "postal_code": "45240"
  },
  {
    "name": "Sermaises",
    "code": "45310",
    "epci_code": "200066280",
    "departement_code": "45",
    "region_code": "24",
    "postal_code": "45300"
  },
  {
    "name": "Sigloy",
    "code": "45311",
    "epci_code": "244500427",
    "departement_code": "45",
    "region_code": "24",
    "postal_code": "45110"
  },
  {
    "name": "Solterre",
    "code": "45312",
    "epci_code": "244500203",
    "departement_code": "45",
    "region_code": "24",
    "postal_code": "45700"
  },
  {
    "name": "Sougy",
    "code": "45313",
    "epci_code": "200035764",
    "departement_code": "45",
    "region_code": "24",
    "postal_code": "45410"
  },
  {
    "name": "Sully-la-Chapelle",
    "code": "45314",
    "epci_code": "244500427",
    "departement_code": "45",
    "region_code": "24",
    "postal_code": "45450"
  },
  {
    "name": "Sully-sur-Loire",
    "code": "45315",
    "epci_code": "200070100",
    "departement_code": "45",
    "region_code": "24",
    "postal_code": "45600"
  },
  {
    "name": "Sury-aux-Bois",
    "code": "45316",
    "epci_code": "244500427",
    "departement_code": "45",
    "region_code": "24",
    "postal_code": "45530"
  },
  {
    "name": "Tavers",
    "code": "45317",
    "epci_code": "200070183",
    "departement_code": "45",
    "region_code": "24",
    "postal_code": "45190"
  },
  {
    "name": "Thignonville",
    "code": "45320",
    "epci_code": "200066280",
    "departement_code": "45",
    "region_code": "24",
    "postal_code": "45300"
  },
  {
    "name": "Thimory",
    "code": "45321",
    "epci_code": "200067676",
    "departement_code": "45",
    "region_code": "24",
    "postal_code": "45260"
  },
  {
    "name": "Thorailles",
    "code": "45322",
    "epci_code": "200067668",
    "departement_code": "45",
    "region_code": "24",
    "postal_code": "45210"
  },
  {
    "name": "Thou",
    "code": "45323",
    "epci_code": "200068278",
    "departement_code": "45",
    "region_code": "24",
    "postal_code": "45420"
  },
  {
    "name": "Tigy",
    "code": "45324",
    "epci_code": "244500427",
    "departement_code": "45",
    "region_code": "24",
    "postal_code": "45510"
  },
  {
    "name": "Tivernon",
    "code": "45325",
    "epci_code": "244500542",
    "departement_code": "45",
    "region_code": "24",
    "postal_code": "45170"
  },
  {
    "name": "Tournoisis",
    "code": "45326",
    "epci_code": "200035764",
    "departement_code": "45",
    "region_code": "24",
    "postal_code": "45310"
  },
  {
    "name": "Traînou",
    "code": "45327",
    "epci_code": "244500484",
    "departement_code": "45",
    "region_code": "24",
    "postal_code": "45470"
  },
  {
    "name": "Treilles-en-Gâtinais",
    "code": "45328",
    "epci_code": "244500419",
    "departement_code": "45",
    "region_code": "24",
    "postal_code": "45490"
  },
  {
    "name": "Triguères",
    "code": "45329",
    "epci_code": "200067668",
    "departement_code": "45",
    "region_code": "24",
    "postal_code": "45220"
  },
  {
    "name": "Trinay",
    "code": "45330",
    "epci_code": "200035764",
    "departement_code": "45",
    "region_code": "24",
    "postal_code": "45410"
  },
  {
    "name": "Vannes-sur-Cosson",
    "code": "45331",
    "epci_code": "200070100",
    "departement_code": "45",
    "region_code": "24",
    "postal_code": "45510"
  },
  {
    "name": "Varennes-Changy",
    "code": "45332",
    "epci_code": "200067676",
    "departement_code": "45",
    "region_code": "24",
    "postal_code": "45290"
  },
  {
    "name": "Vennecy",
    "code": "45333",
    "epci_code": "244500484",
    "departement_code": "45",
    "region_code": "24",
    "postal_code": "45760"
  },
  {
    "name": "Vieilles-Maisons-sur-Joudry",
    "code": "45334",
    "epci_code": "200067676",
    "departement_code": "45",
    "region_code": "24",
    "postal_code": "45260"
  },
  {
    "name": "Vienne-en-Val",
    "code": "45335",
    "epci_code": "244500427",
    "departement_code": "45",
    "region_code": "24",
    "postal_code": "45510"
  },
  {
    "name": "Viglain",
    "code": "45336",
    "epci_code": "200070100",
    "departement_code": "45",
    "region_code": "24",
    "postal_code": "45600"
  },
  {
    "name": "Villamblain",
    "code": "45337",
    "epci_code": "200035764",
    "departement_code": "45",
    "region_code": "24",
    "postal_code": "45310"
  },
  {
    "name": "Villemandeur",
    "code": "45338",
    "epci_code": "244500203",
    "departement_code": "45",
    "region_code": "24",
    "postal_code": "45700"
  },
  {
    "name": "Villemoutiers",
    "code": "45339",
    "epci_code": "200067676",
    "departement_code": "45",
    "region_code": "24",
    "postal_code": "45270"
  },
  {
    "name": "Villemurlin",
    "code": "45340",
    "epci_code": "200070100",
    "departement_code": "45",
    "region_code": "24",
    "postal_code": "45600"
  },
  {
    "name": "Villeneuve-sur-Conie",
    "code": "45341",
    "epci_code": "200035764",
    "departement_code": "45",
    "region_code": "24",
    "postal_code": "45310"
  },
  {
    "name": "Villereau",
    "code": "45342",
    "epci_code": "244500484",
    "departement_code": "45",
    "region_code": "24",
    "postal_code": "45170"
  },
  {
    "name": "Villevoques",
    "code": "45343",
    "epci_code": "244500419",
    "departement_code": "45",
    "region_code": "24",
    "postal_code": "45700"
  },
  {
    "name": "Villorceau",
    "code": "45344",
    "epci_code": "200070183",
    "departement_code": "45",
    "region_code": "24",
    "postal_code": "45190"
  },
  {
    "name": "Vimory",
    "code": "45345",
    "epci_code": "244500203",
    "departement_code": "45",
    "region_code": "24",
    "postal_code": "45700"
  },
  {
    "name": "Vitry-aux-Loges",
    "code": "45346",
    "epci_code": "244500427",
    "departement_code": "45",
    "region_code": "24",
    "postal_code": "45530"
  },
  {
    "name": "Vrigny",
    "code": "45347",
    "epci_code": "200066280",
    "departement_code": "45",
    "region_code": "24",
    "postal_code": "45300"
  },
  {
    "name": "Yèvre-la-Ville",
    "code": "45348",
    "epci_code": "200066280",
    "departement_code": "45",
    "region_code": "24",
    "postal_code": "45300"
  }
]