[
  {
    "name": "L’Absie",
    "code": "79001",
    "epci_code": "200040244",
    "departement_code": "79",
    "region_code": "75",
    "postal_code": "79240"
  },
  {
    "name": "Adilly",
    "code": "79002",
    "epci_code": "200041333",
    "departement_code": "79",
    "region_code": "75",
    "postal_code": "79200"
  },
  {
    "name": "Aiffres",
    "code": "79003",
    "epci_code": "200041317",
    "departement_code": "79",
    "region_code": "75",
    "postal_code": "79230"
  },
  {
    "name": "Airvault",
    "code": "79005",
    "epci_code": "200041416",
    "departement_code": "79",
    "region_code": "75",
    "postal_code": "79600"
  },
  {
    "name": "Allonne",
    "code": "79007",
    "epci_code": "200041333",
    "departement_code": "79",
    "region_code": "75",
    "postal_code": "79130"
  },
  {
    "name": "Amailloux",
    "code": "79008",
    "epci_code": "200041333",
    "departement_code": "79",
    "region_code": "75",
    "postal_code": "79350"
  },
  {
    "name": "Amuré",
    "code": "79009",
    "epci_code": "200041317",
    "departement_code": "79",
    "region_code": "75",
    "postal_code": "79210"
  },
  {
    "name": "Arçais",
    "code": "79010",
    "epci_code": "200041317",
    "departement_code": "79",
    "region_code": "75",
    "postal_code": "79210"
  },
  {
    "name": "Ardin",
    "code": "79012",
    "epci_code": "200069748",
    "departement_code": "79",
    "region_code": "75",
    "postal_code": "79160"
  },
  {
    "name": "Argentonnay",
    "code": "79013",
    "epci_code": "200040244",
    "departement_code": "79",
    "region_code": "75",
    "postal_code": "79150"
  },
  {
    "name": "Argentonnay",
    "code": "79013",
    "epci_code": "200040244",
    "departement_code": "79",
    "region_code": "75",
    "postal_code": "79300"
  },
  {
    "name": "Loretz-d’Argenton",
    "code": "79014",
    "epci_code": "247900798",
    "departement_code": "79",
    "region_code": "75",
    "postal_code": "79290"
  },
  {
    "name": "Asnières-en-Poitou",
    "code": "79015",
    "epci_code": "200069755",
    "departement_code": "79",
    "region_code": "75",
    "postal_code": "79170"
  },
  {
    "name": "Assais-les-Jumeaux",
    "code": "79016",
    "epci_code": "200041416",
    "departement_code": "79",
    "region_code": "75",
    "postal_code": "79600"
  },
  {
    "name": "Aubigné",
    "code": "79018",
    "epci_code": "200069755",
    "departement_code": "79",
    "region_code": "75",
    "postal_code": "79110"
  },
  {
    "name": "Aubigny",
    "code": "79019",
    "epci_code": "200041333",
    "departement_code": "79",
    "region_code": "75",
    "postal_code": "79390"
  },
  {
    "name": "Augé",
    "code": "79020",
    "epci_code": "200041994",
    "departement_code": "79",
    "region_code": "75",
    "postal_code": "79400"
  },
  {
    "name": "Availles-Thouarsais",
    "code": "79022",
    "epci_code": "200041416",
    "departement_code": "79",
    "region_code": "75",
    "postal_code": "79600"
  },
  {
    "name": "Avon",
    "code": "79023",
    "epci_code": "200041994",
    "departement_code": "79",
    "region_code": "75",
    "postal_code": "79800"
  },
  {
    "name": "Azay-le-Brûlé",
    "code": "79024",
    "epci_code": "200041994",
    "departement_code": "79",
    "region_code": "75",
    "postal_code": "79400"
  },
  {
    "name": "Azay-sur-Thouet",
    "code": "79025",
    "epci_code": "200041333",
    "departement_code": "79",
    "region_code": "75",
    "postal_code": "79130"
  },
  {
    "name": "Beaulieu-sous-Parthenay",
    "code": "79029",
    "epci_code": "200069748",
    "departement_code": "79",
    "region_code": "75",
    "postal_code": "79420"
  },
  {
    "name": "Beaussais-Vitré",
    "code": "79030",
    "epci_code": "200069755",
    "departement_code": "79",
    "region_code": "75",
    "postal_code": "79370"
  },
  {
    "name": "Beauvoir-sur-Niort",
    "code": "79031",
    "epci_code": "200041317",
    "departement_code": "79",
    "region_code": "75",
    "postal_code": "79360"
  },
  {
    "name": "Béceleuf",
    "code": "79032",
    "epci_code": "200069748",
    "departement_code": "79",
    "region_code": "75",
    "postal_code": "79160"
  },
  {
    "name": "Bessines",
    "code": "79034",
    "epci_code": "200041317",
    "departement_code": "79",
    "region_code": "75",
    "postal_code": "79000"
  },
  {
    "name": "Boismé",
    "code": "79038",
    "epci_code": "200040244",
    "departement_code": "79",
    "region_code": "75",
    "postal_code": "79300"
  },
  {
    "name": "La Boissière-en-Gâtine",
    "code": "79040",
    "epci_code": "200069748",
    "departement_code": "79",
    "region_code": "75",
    "postal_code": "79310"
  },
  {
    "name": "Bougon",
    "code": "79042",
    "epci_code": "200041994",
    "departement_code": "79",
    "region_code": "75",
    "postal_code": "79800"
  },
  {
    "name": "Le Bourdet",
    "code": "79046",
    "epci_code": "200041317",
    "departement_code": "79",
    "region_code": "75",
    "postal_code": "79210"
  },
  {
    "name": "Boussais",
    "code": "79047",
    "epci_code": "200041416",
    "departement_code": "79",
    "region_code": "75",
    "postal_code": "79600"
  },
  {
    "name": "La Crèche",
    "code": "79048",
    "epci_code": "200041994",
    "departement_code": "79",
    "region_code": "75",
    "postal_code": "79260"
  },
  {
    "name": "Bressuire",
    "code": "79049",
    "epci_code": "200040244",
    "departement_code": "79",
    "region_code": "75",
    "postal_code": "79300"
  },
  {
    "name": "Bretignolles",
    "code": "79050",
    "epci_code": "200040244",
    "departement_code": "79",
    "region_code": "75",
    "postal_code": "79140"
  },
  {
    "name": "Brieuil-sur-Chizé",
    "code": "79055",
    "epci_code": "200069755",
    "departement_code": "79",
    "region_code": "75",
    "postal_code": "79170"
  },
  {
    "name": "Brion-près-Thouet",
    "code": "79056",
    "epci_code": "247900798",
    "departement_code": "79",
    "region_code": "75",
    "postal_code": "79290"
  },
  {
    "name": "Brioux-sur-Boutonne",
    "code": "79057",
    "epci_code": "200069755",
    "departement_code": "79",
    "region_code": "75",
    "postal_code": "79170"
  },
  {
    "name": "Brûlain",
    "code": "79058",
    "epci_code": "200041317",
    "departement_code": "79",
    "region_code": "75",
    "postal_code": "79230"
  },
  {
    "name": "Le Busseau",
    "code": "79059",
    "epci_code": "200069748",
    "departement_code": "79",
    "region_code": "75",
    "postal_code": "79240"
  },
  {
    "name": "Celles-sur-Belle",
    "code": "79061",
    "epci_code": "200069755",
    "departement_code": "79",
    "region_code": "75",
    "postal_code": "79370"
  },
  {
    "name": "Cerizay",
    "code": "79062",
    "epci_code": "200040244",
    "departement_code": "79",
    "region_code": "75",
    "postal_code": "79140"
  },
  {
    "name": "Val en Vignes",
    "code": "79063",
    "epci_code": "247900798",
    "departement_code": "79",
    "region_code": "75",
    "postal_code": "79150"
  },
  {
    "name": "Val en Vignes",
    "code": "79063",
    "epci_code": "247900798",
    "departement_code": "79",
    "region_code": "75",
    "postal_code": "79290"
  },
  {
    "name": "Fontivillié",
    "code": "79064",
    "epci_code": "200069755",
    "departement_code": "79",
    "region_code": "75",
    "postal_code": "79110"
  },
  {
    "name": "Fontivillié",
    "code": "79064",
    "epci_code": "200069755",
    "departement_code": "79",
    "region_code": "75",
    "postal_code": "79500"
  },
  {
    "name": "Champdeniers",
    "code": "79066",
    "epci_code": "200069748",
    "departement_code": "79",
    "region_code": "75",
    "postal_code": "79220"
  },
  {
    "name": "Chanteloup",
    "code": "79069",
    "epci_code": "200040244",
    "departement_code": "79",
    "region_code": "75",
    "postal_code": "79320"
  },
  {
    "name": "La Chapelle-Bâton",
    "code": "79070",
    "epci_code": "200069748",
    "departement_code": "79",
    "region_code": "75",
    "postal_code": "79220"
  },
  {
    "name": "La Chapelle-Bertrand",
    "code": "79071",
    "epci_code": "200041333",
    "departement_code": "79",
    "region_code": "75",
    "postal_code": "79200"
  },
  {
    "name": "La Chapelle-Pouilloux",
    "code": "79074",
    "epci_code": "200069755",
    "departement_code": "79",
    "region_code": "75",
    "postal_code": "79190"
  },
  {
    "name": "La Chapelle-Saint-Laurent",
    "code": "79076",
    "epci_code": "200040244",
    "departement_code": "79",
    "region_code": "75",
    "postal_code": "79430"
  },
  {
    "name": "Beugnon-Thireuil",
    "code": "79077",
    "epci_code": "200069748",
    "departement_code": "79",
    "region_code": "75",
    "postal_code": "79130"
  },
  {
    "name": "Beugnon-Thireuil",
    "code": "79077",
    "epci_code": "200069748",
    "departement_code": "79",
    "region_code": "75",
    "postal_code": "79160"
  },
  {
    "name": "Plaine-d’Argenson",
    "code": "79078",
    "epci_code": "200041317",
    "departement_code": "79",
    "region_code": "75",
    "postal_code": "79360"
  },
  {
    "name": "Mauléon",
    "code": "79079",
    "epci_code": "200040244",
    "departement_code": "79",
    "region_code": "75",
    "postal_code": "79700"
  },
  {
    "name": "Châtillon-sur-Thouet",
    "code": "79080",
    "epci_code": "200041333",
    "departement_code": "79",
    "region_code": "75",
    "postal_code": "79200"
  },
  {
    "name": "Chauray",
    "code": "79081",
    "epci_code": "200041317",
    "departement_code": "79",
    "region_code": "75",
    "postal_code": "79180"
  },
  {
    "name": "Chef-Boutonne",
    "code": "79083",
    "epci_code": "200069755",
    "departement_code": "79",
    "region_code": "75",
    "postal_code": "79110"
  },
  {
    "name": "Chenay",
    "code": "79084",
    "epci_code": "200069755",
    "departement_code": "79",
    "region_code": "75",
    "postal_code": "79120"
  },
  {
    "name": "Chérigné",
    "code": "79085",
    "epci_code": "200069755",
    "departement_code": "79",
    "region_code": "75",
    "postal_code": "79170"
  },
  {
    "name": "Cherveux",
    "code": "79086",
    "epci_code": "200041994",
    "departement_code": "79",
    "region_code": "75",
    "postal_code": "79410"
  },
  {
    "name": "Chey",
    "code": "79087",
    "epci_code": "200069755",
    "departement_code": "79",
    "region_code": "75",
    "postal_code": "79120"
  },
  {
    "name": "Chiché",
    "code": "79088",
    "epci_code": "200040244",
    "departement_code": "79",
    "region_code": "75",
    "postal_code": "79350"
  },
  {
    "name": "Le Chillou",
    "code": "79089",
    "epci_code": "200041416",
    "departement_code": "79",
    "region_code": "75",
    "postal_code": "79600"
  },
  {
    "name": "Chizé",
    "code": "79090",
    "epci_code": "200069755",
    "departement_code": "79",
    "region_code": "75",
    "postal_code": "79170"
  },
  {
    "name": "Cirières",
    "code": "79091",
    "epci_code": "200040244",
    "departement_code": "79",
    "region_code": "75",
    "postal_code": "79140"
  },
  {
    "name": "Clavé",
    "code": "79092",
    "epci_code": "200069748",
    "departement_code": "79",
    "region_code": "75",
    "postal_code": "79420"
  },
  {
    "name": "Clessé",
    "code": "79094",
    "epci_code": "200040244",
    "departement_code": "79",
    "region_code": "75",
    "postal_code": "79350"
  },
  {
    "name": "Clussais-la-Pommeraie",
    "code": "79095",
    "epci_code": "200069755",
    "departement_code": "79",
    "region_code": "75",
    "postal_code": "79190"
  },
  {
    "name": "Combrand",
    "code": "79096",
    "epci_code": "200040244",
    "departement_code": "79",
    "region_code": "75",
    "postal_code": "79140"
  },
  {
    "name": "Coulon",
    "code": "79100",
    "epci_code": "200041317",
    "departement_code": "79",
    "region_code": "75",
    "postal_code": "79510"
  },
  {
    "name": "Coulonges-sur-l’Autize",
    "code": "79101",
    "epci_code": "200069748",
    "departement_code": "79",
    "region_code": "75",
    "postal_code": "79160"
  },
  {
    "name": "Coulonges-Thouarsais",
    "code": "79102",
    "epci_code": "247900798",
    "departement_code": "79",
    "region_code": "75",
    "postal_code": "79330"
  },
  {
    "name": "Courlay",
    "code": "79103",
    "epci_code": "200040244",
    "departement_code": "79",
    "region_code": "75",
    "postal_code": "79440"
  },
  {
    "name": "Cours",
    "code": "79104",
    "epci_code": "200069748",
    "departement_code": "79",
    "region_code": "75",
    "postal_code": "79220"
  },
  {
    "name": "Les Châteliers",
    "code": "79105",
    "epci_code": "200041333",
    "departement_code": "79",
    "region_code": "75",
    "postal_code": "79340"
  },
  {
    "name": "Couture-d’Argenson",
    "code": "79106",
    "epci_code": "200069755",
    "departement_code": "79",
    "region_code": "75",
    "postal_code": "79110"
  },
  {
    "name": "Doux",
    "code": "79108",
    "epci_code": "200041333",
    "departement_code": "79",
    "region_code": "75",
    "postal_code": "79390"
  },
  {
    "name": "Échiré",
    "code": "79109",
    "epci_code": "200041317",
    "departement_code": "79",
    "region_code": "75",
    "postal_code": "79410"
  },
  {
    "name": "Ensigné",
    "code": "79111",
    "epci_code": "200069755",
    "departement_code": "79",
    "region_code": "75",
    "postal_code": "79170"
  },
  {
    "name": "Épannes",
    "code": "79112",
    "epci_code": "200041317",
    "departement_code": "79",
    "region_code": "75",
    "postal_code": "79270"
  },
  {
    "name": "Exireuil",
    "code": "79114",
    "epci_code": "200041994",
    "departement_code": "79",
    "region_code": "75",
    "postal_code": "79400"
  },
  {
    "name": "Exoudun",
    "code": "79115",
    "epci_code": "200069755",
    "departement_code": "79",
    "region_code": "75",
    "postal_code": "79800"
  },
  {
    "name": "Faye-l’Abbesse",
    "code": "79116",
    "epci_code": "200040244",
    "departement_code": "79",
    "region_code": "75",
    "postal_code": "79350"
  },
  {
    "name": "Faye-sur-Ardin",
    "code": "79117",
    "epci_code": "200069748",
    "departement_code": "79",
    "region_code": "75",
    "postal_code": "79160"
  },
  {
    "name": "Fénery",
    "code": "79118",
    "epci_code": "200041333",
    "departement_code": "79",
    "region_code": "75",
    "postal_code": "79450"
  },
  {
    "name": "Fenioux",
    "code": "79119",
    "epci_code": "200069748",
    "departement_code": "79",
    "region_code": "75",
    "postal_code": "79160"
  },
  {
    "name": "La Ferrière-en-Parthenay",
    "code": "79120",
    "epci_code": "200041333",
    "departement_code": "79",
    "region_code": "75",
    "postal_code": "79390"
  },
  {
    "name": "Fomperron",
    "code": "79121",
    "epci_code": "200041333",
    "departement_code": "79",
    "region_code": "75",
    "postal_code": "79340"
  },
  {
    "name": "Fontenille-Saint-Martin-d’Entraigues",
    "code": "79122",
    "epci_code": "200069755",
    "departement_code": "79",
    "region_code": "75",
    "postal_code": "79110"
  },
  {
    "name": "La Forêt-sur-Sèvre",
    "code": "79123",
    "epci_code": "200040244",
    "departement_code": "79",
    "region_code": "75",
    "postal_code": "79380"
  },
  {
    "name": "Les Forges",
    "code": "79124",
    "epci_code": "200041333",
    "departement_code": "79",
    "region_code": "75",
    "postal_code": "79340"
  },
  {
    "name": "Fors",
    "code": "79125",
    "epci_code": "200041317",
    "departement_code": "79",
    "region_code": "75",
    "postal_code": "79230"
  },
  {
    "name": "Les Fosses",
    "code": "79126",
    "epci_code": "200069755",
    "departement_code": "79",
    "region_code": "75",
    "postal_code": "79360"
  },
  {
    "name": "La Foye-Monjault",
    "code": "79127",
    "epci_code": "200041317",
    "departement_code": "79",
    "region_code": "75",
    "postal_code": "79360"
  },
  {
    "name": "François",
    "code": "79128",
    "epci_code": "200041994",
    "departement_code": "79",
    "region_code": "75",
    "postal_code": "79260"
  },
  {
    "name": "Fressines",
    "code": "79129",
    "epci_code": "200069755",
    "departement_code": "79",
    "region_code": "75",
    "postal_code": "79370"
  },
  {
    "name": "Frontenay-Rohan-Rohan",
    "code": "79130",
    "epci_code": "200041317",
    "departement_code": "79",
    "region_code": "75",
    "postal_code": "79270"
  },
  {
    "name": "Geay",
    "code": "79131",
    "epci_code": "200040244",
    "departement_code": "79",
    "region_code": "75",
    "postal_code": "79330"
  },
  {
    "name": "Genneton",
    "code": "79132",
    "epci_code": "200040244",
    "departement_code": "79",
    "region_code": "75",
    "postal_code": "79150"
  },
  {
    "name": "Germond-Rouvre",
    "code": "79133",
    "epci_code": "200041317",
    "departement_code": "79",
    "region_code": "75",
    "postal_code": "79220"
  },
  {
    "name": "Glénay",
    "code": "79134",
    "epci_code": "247900798",
    "departement_code": "79",
    "region_code": "75",
    "postal_code": "79330"
  },
  {
    "name": "Gourgé",
    "code": "79135",
    "epci_code": "200041333",
    "departement_code": "79",
    "region_code": "75",
    "postal_code": "79200"
  },
  {
    "name": "Alloinay",
    "code": "79136",
    "epci_code": "200069755",
    "departement_code": "79",
    "region_code": "75",
    "postal_code": "79110"
  },
  {
    "name": "Alloinay",
    "code": "79136",
    "epci_code": "200069755",
    "departement_code": "79",
    "region_code": "75",
    "postal_code": "79190"
  },
  {
    "name": "Granzay-Gript",
    "code": "79137",
    "epci_code": "200041317",
    "departement_code": "79",
    "region_code": "75",
    "postal_code": "79360"
  },
  {
    "name": "Les Groseillers",
    "code": "79139",
    "epci_code": "200069748",
    "departement_code": "79",
    "region_code": "75",
    "postal_code": "79220"
  },
  {
    "name": "Valdelaume",
    "code": "79140",
    "epci_code": "200069755",
    "departement_code": "79",
    "region_code": "75",
    "postal_code": "79110"
  },
  {
    "name": "Irais",
    "code": "79141",
    "epci_code": "200041416",
    "departement_code": "79",
    "region_code": "75",
    "postal_code": "79600"
  },
  {
    "name": "Juillé",
    "code": "79142",
    "epci_code": "200069755",
    "departement_code": "79",
    "region_code": "75",
    "postal_code": "79170"
  },
  {
    "name": "Juscorps",
    "code": "79144",
    "epci_code": "200041317",
    "departement_code": "79",
    "region_code": "75",
    "postal_code": "79230"
  },
  {
    "name": "Lageon",
    "code": "79145",
    "epci_code": "200041333",
    "departement_code": "79",
    "region_code": "75",
    "postal_code": "79200"
  },
  {
    "name": "Largeasse",
    "code": "79147",
    "epci_code": "200040244",
    "departement_code": "79",
    "region_code": "75",
    "postal_code": "79240"
  },
  {
    "name": "Lezay",
    "code": "79148",
    "epci_code": "200069755",
    "departement_code": "79",
    "region_code": "75",
    "postal_code": "79120"
  },
  {
    "name": "Lhoumois",
    "code": "79149",
    "epci_code": "200041333",
    "departement_code": "79",
    "region_code": "75",
    "postal_code": "79390"
  },
  {
    "name": "Limalonges",
    "code": "79150",
    "epci_code": "200069755",
    "departement_code": "79",
    "region_code": "75",
    "postal_code": "79190"
  },
  {
    "name": "Lorigné",
    "code": "79152",
    "epci_code": "200069755",
    "departement_code": "79",
    "region_code": "75",
    "postal_code": "79190"
  },
  {
    "name": "Loubigné",
    "code": "79153",
    "epci_code": "200069755",
    "departement_code": "79",
    "region_code": "75",
    "postal_code": "79110"
  },
  {
    "name": "Loubillé",
    "code": "79154",
    "epci_code": "200069755",
    "departement_code": "79",
    "region_code": "75",
    "postal_code": "79110"
  },
  {
    "name": "Louin",
    "code": "79156",
    "epci_code": "200041416",
    "departement_code": "79",
    "region_code": "75",
    "postal_code": "79600"
  },
  {
    "name": "Louzy",
    "code": "79157",
    "epci_code": "247900798",
    "departement_code": "79",
    "region_code": "75",
    "postal_code": "79100"
  },
  {
    "name": "Luché-sur-Brioux",
    "code": "79158",
    "epci_code": "200069755",
    "departement_code": "79",
    "region_code": "75",
    "postal_code": "79170"
  },
  {
    "name": "Luché-Thouarsais",
    "code": "79159",
    "epci_code": "247900798",
    "departement_code": "79",
    "region_code": "75",
    "postal_code": "79330"
  },
  {
    "name": "Lusseray",
    "code": "79160",
    "epci_code": "200069755",
    "departement_code": "79",
    "region_code": "75",
    "postal_code": "79170"
  },
  {
    "name": "Luzay",
    "code": "79161",
    "epci_code": "247900798",
    "departement_code": "79",
    "region_code": "75",
    "postal_code": "79100"
  },
  {
    "name": "Magné",
    "code": "79162",
    "epci_code": "200041317",
    "departement_code": "79",
    "region_code": "75",
    "postal_code": "79460"
  },
  {
    "name": "Mairé-Levescault",
    "code": "79163",
    "epci_code": "200069755",
    "departement_code": "79",
    "region_code": "75",
    "postal_code": "79190"
  },
  {
    "name": "Maisonnay",
    "code": "79164",
    "epci_code": "200069755",
    "departement_code": "79",
    "region_code": "75",
    "postal_code": "79500"
  },
  {
    "name": "Maisontiers",
    "code": "79165",
    "epci_code": "200041416",
    "departement_code": "79",
    "region_code": "75",
    "postal_code": "79600"
  },
  {
    "name": "Marigny",
    "code": "79166",
    "epci_code": "200041317",
    "departement_code": "79",
    "region_code": "75",
    "postal_code": "79360"
  },
  {
    "name": "Marnes",
    "code": "79167",
    "epci_code": "247900798",
    "departement_code": "79",
    "region_code": "75",
    "postal_code": "79600"
  },
  {
    "name": "Mauzé-sur-le-Mignon",
    "code": "79170",
    "epci_code": "200041317",
    "departement_code": "79",
    "region_code": "75",
    "postal_code": "79210"
  },
  {
    "name": "Mazières-en-Gâtine",
    "code": "79172",
    "epci_code": "200069748",
    "departement_code": "79",
    "region_code": "75",
    "postal_code": "79310"
  },
  {
    "name": "Melle",
    "code": "79174",
    "epci_code": "200069755",
    "departement_code": "79",
    "region_code": "75",
    "postal_code": "79500"
  },
  {
    "name": "Melleran",
    "code": "79175",
    "epci_code": "200069755",
    "departement_code": "79",
    "region_code": "75",
    "postal_code": "79190"
  },
  {
    "name": "Ménigoute",
    "code": "79176",
    "epci_code": "200041333",
    "departement_code": "79",
    "region_code": "75",
    "postal_code": "79340"
  },
  {
    "name": "Messé",
    "code": "79177",
    "epci_code": "200069755",
    "departement_code": "79",
    "region_code": "75",
    "postal_code": "79120"
  },
  {
    "name": "Moncoutant-sur-Sèvre",
    "code": "79179",
    "epci_code": "200040244",
    "departement_code": "79",
    "region_code": "75",
    "postal_code": "79240"
  },
  {
    "name": "Moncoutant-sur-Sèvre",
    "code": "79179",
    "epci_code": "200040244",
    "departement_code": "79",
    "region_code": "75",
    "postal_code": "79320"
  },
  {
    "name": "Moncoutant-sur-Sèvre",
    "code": "79179",
    "epci_code": "200040244",
    "departement_code": "79",
    "region_code": "75",
    "postal_code": "79380"
  },
  {
    "name": "Montravers",
    "code": "79183",
    "epci_code": "200040244",
    "departement_code": "79",
    "region_code": "75",
    "postal_code": "79140"
  },
  {
    "name": "La Mothe-Saint-Héray",
    "code": "79184",
    "epci_code": "200069755",
    "departement_code": "79",
    "region_code": "75",
    "postal_code": "79800"
  },
  {
    "name": "Aigondigné",
    "code": "79185",
    "epci_code": "200069755",
    "departement_code": "79",
    "region_code": "75",
    "postal_code": "79370"
  },
  {
    "name": "Nanteuil",
    "code": "79189",
    "epci_code": "200041994",
    "departement_code": "79",
    "region_code": "75",
    "postal_code": "79400"
  },
  {
    "name": "Neuvy-Bouin",
    "code": "79190",
    "epci_code": "200040244",
    "departement_code": "79",
    "region_code": "75",
    "postal_code": "79130"
  },
  {
    "name": "Niort",
    "code": "79191",
    "epci_code": "200041317",
    "departement_code": "79",
    "region_code": "75",
    "postal_code": "79000"
  },
  {
    "name": "Nueil-les-Aubiers",
    "code": "79195",
    "epci_code": "200040244",
    "departement_code": "79",
    "region_code": "75",
    "postal_code": "79250"
  },
  {
    "name": "Plaine-et-Vallées",
    "code": "79196",
    "epci_code": "247900798",
    "departement_code": "79",
    "region_code": "75",
    "postal_code": "79100"
  },
  {
    "name": "Plaine-et-Vallées",
    "code": "79196",
    "epci_code": "247900798",
    "departement_code": "79",
    "region_code": "75",
    "postal_code": "79600"
  },
  {
    "name": "Oroux",
    "code": "79197",
    "epci_code": "200041333",
    "departement_code": "79",
    "region_code": "75",
    "postal_code": "79390"
  },
  {
    "name": "Paizay-le-Chapt",
    "code": "79198",
    "epci_code": "200069755",
    "departement_code": "79",
    "region_code": "75",
    "postal_code": "79170"
  },
  {
    "name": "Pamplie",
    "code": "79200",
    "epci_code": "200069748",
    "departement_code": "79",
    "region_code": "75",
    "postal_code": "79220"
  },
  {
    "name": "Pamproux",
    "code": "79201",
    "epci_code": "200041994",
    "departement_code": "79",
    "region_code": "75",
    "postal_code": "79800"
  },
  {
    "name": "Parthenay",
    "code": "79202",
    "epci_code": "200041333",
    "departement_code": "79",
    "region_code": "75",
    "postal_code": "79200"
  },
  {
    "name": "Pas-de-Jeu",
    "code": "79203",
    "epci_code": "247900798",
    "departement_code": "79",
    "region_code": "75",
    "postal_code": "79100"
  },
  {
    "name": "Périgné",
    "code": "79204",
    "epci_code": "200069755",
    "departement_code": "79",
    "region_code": "75",
    "postal_code": "79170"
  },
  {
    "name": "La Petite-Boissière",
    "code": "79207",
    "epci_code": "200040244",
    "departement_code": "79",
    "region_code": "75",
    "postal_code": "79700"
  },
  {
    "name": "La Peyratte",
    "code": "79208",
    "epci_code": "200041333",
    "departement_code": "79",
    "region_code": "75",
    "postal_code": "79200"
  },
  {
    "name": "Pierrefitte",
    "code": "79209",
    "epci_code": "247900798",
    "departement_code": "79",
    "region_code": "75",
    "postal_code": "79330"
  },
  {
    "name": "Le Pin",
    "code": "79210",
    "epci_code": "200040244",
    "departement_code": "79",
    "region_code": "75",
    "postal_code": "79140"
  },
  {
    "name": "Pompaire",
    "code": "79213",
    "epci_code": "200041333",
    "departement_code": "79",
    "region_code": "75",
    "postal_code": "79200"
  },
  {
    "name": "Pougne-Hérisson",
    "code": "79215",
    "epci_code": "200041333",
    "departement_code": "79",
    "region_code": "75",
    "postal_code": "79130"
  },
  {
    "name": "Prahecq",
    "code": "79216",
    "epci_code": "200041317",
    "departement_code": "79",
    "region_code": "75",
    "postal_code": "79230"
  },
  {
    "name": "Prailles-La Couarde",
    "code": "79217",
    "epci_code": "200069755",
    "departement_code": "79",
    "region_code": "75",
    "postal_code": "79370"
  },
  {
    "name": "Prailles-La Couarde",
    "code": "79217",
    "epci_code": "200069755",
    "departement_code": "79",
    "region_code": "75",
    "postal_code": "79800"
  },
  {
    "name": "Pressigny",
    "code": "79218",
    "epci_code": "200041333",
    "departement_code": "79",
    "region_code": "75",
    "postal_code": "79390"
  },
  {
    "name": "Prin-Deyrançon",
    "code": "79220",
    "epci_code": "200041317",
    "departement_code": "79",
    "region_code": "75",
    "postal_code": "79210"
  },
  {
    "name": "Puihardy",
    "code": "79223",
    "epci_code": "200069748",
    "departement_code": "79",
    "region_code": "75",
    "postal_code": "79160"
  },
  {
    "name": "Reffannes",
    "code": "79225",
    "epci_code": "200041333",
    "departement_code": "79",
    "region_code": "75",
    "postal_code": "79420"
  },
  {
    "name": "Le Retail",
    "code": "79226",
    "epci_code": "200041333",
    "departement_code": "79",
    "region_code": "75",
    "postal_code": "79130"
  },
  {
    "name": "La Rochénard",
    "code": "79229",
    "epci_code": "200041317",
    "departement_code": "79",
    "region_code": "75",
    "postal_code": "79270"
  },
  {
    "name": "Rom",
    "code": "79230",
    "epci_code": "200069755",
    "departement_code": "79",
    "region_code": "75",
    "postal_code": "79120"
  },
  {
    "name": "Romans",
    "code": "79231",
    "epci_code": "200041994",
    "departement_code": "79",
    "region_code": "75",
    "postal_code": "79260"
  },
  {
    "name": "Saint-Amand-sur-Sèvre",
    "code": "79235",
    "epci_code": "200040244",
    "departement_code": "79",
    "region_code": "75",
    "postal_code": "79700"
  },
  {
    "name": "Saint-André-sur-Sèvre",
    "code": "79236",
    "epci_code": "200040244",
    "departement_code": "79",
    "region_code": "75",
    "postal_code": "79380"
  },
  {
    "name": "Saint-Aubin-du-Plain",
    "code": "79238",
    "epci_code": "200040244",
    "departement_code": "79",
    "region_code": "75",
    "postal_code": "79300"
  },
  {
    "name": "Saint-Aubin-le-Cloud",
    "code": "79239",
    "epci_code": "200041333",
    "departement_code": "79",
    "region_code": "75",
    "postal_code": "79450"
  },
  {
    "name": "Saint-Christophe-sur-Roc",
    "code": "79241",
    "epci_code": "200069748",
    "departement_code": "79",
    "region_code": "75",
    "postal_code": "79220"
  },
  {
    "name": "Voulmentin",
    "code": "79242",
    "epci_code": "200040244",
    "departement_code": "79",
    "region_code": "75",
    "postal_code": "79150"
  },
  {
    "name": "Saint-Coutant",
    "code": "79243",
    "epci_code": "200069755",
    "departement_code": "79",
    "region_code": "75",
    "postal_code": "79120"
  },
  {
    "name": "Saint-Cyr-la-Lande",
    "code": "79244",
    "epci_code": "247900798",
    "departement_code": "79",
    "region_code": "75",
    "postal_code": "79100"
  },
  {
    "name": "Sainte-Eanne",
    "code": "79246",
    "epci_code": "200041994",
    "departement_code": "79",
    "region_code": "75",
    "postal_code": "79800"
  },
  {
    "name": "Saint-Gelais",
    "code": "79249",
    "epci_code": "200041317",
    "departement_code": "79",
    "region_code": "75",
    "postal_code": "79410"
  },
  {
    "name": "Sainte-Gemme",
    "code": "79250",
    "epci_code": "247900798",
    "departement_code": "79",
    "region_code": "75",
    "postal_code": "79330"
  },
  {
    "name": "Marcillé",
    "code": "79251",
    "epci_code": "200069755",
    "departement_code": "79",
    "region_code": "75",
    "postal_code": "79500"
  },
  {
    "name": "Saint-Généroux",
    "code": "79252",
    "epci_code": "247900798",
    "departement_code": "79",
    "region_code": "75",
    "postal_code": "79600"
  },
  {
    "name": "Saint-Georges-de-Noisné",
    "code": "79253",
    "epci_code": "200069748",
    "departement_code": "79",
    "region_code": "75",
    "postal_code": "79400"
  },
  {
    "name": "Saint-Georges-de-Rex",
    "code": "79254",
    "epci_code": "200041317",
    "departement_code": "79",
    "region_code": "75",
    "postal_code": "79210"
  },
  {
    "name": "Saint-Germain-de-Longue-Chaume",
    "code": "79255",
    "epci_code": "200041333",
    "departement_code": "79",
    "region_code": "75",
    "postal_code": "79200"
  },
  {
    "name": "Saint-Germier",
    "code": "79256",
    "epci_code": "200041333",
    "departement_code": "79",
    "region_code": "75",
    "postal_code": "79340"
  },
  {
    "name": "Saint-Hilaire-la-Palud",
    "code": "79257",
    "epci_code": "200041317",
    "departement_code": "79",
    "region_code": "75",
    "postal_code": "79210"
  },
  {
    "name": "Saint-Jacques-de-Thouars",
    "code": "79258",
    "epci_code": "247900798",
    "departement_code": "79",
    "region_code": "75",
    "postal_code": "79100"
  },
  {
    "name": "Saint-Jean-de-Thouars",
    "code": "79259",
    "epci_code": "247900798",
    "departement_code": "79",
    "region_code": "75",
    "postal_code": "79100"
  },
  {
    "name": "Saint-Laurs",
    "code": "79263",
    "epci_code": "200069748",
    "departement_code": "79",
    "region_code": "75",
    "postal_code": "79160"
  },
  {
    "name": "Saint-Léger-de-Montbrun",
    "code": "79265",
    "epci_code": "247900798",
    "departement_code": "79",
    "region_code": "75",
    "postal_code": "79100"
  },
  {
    "name": "Saint-Lin",
    "code": "79267",
    "epci_code": "200069748",
    "departement_code": "79",
    "region_code": "75",
    "postal_code": "79420"
  },
  {
    "name": "Saint-Loup-Lamairé",
    "code": "79268",
    "epci_code": "200041416",
    "departement_code": "79",
    "region_code": "75",
    "postal_code": "79600"
  },
  {
    "name": "Saint-Maixent-de-Beugné",
    "code": "79269",
    "epci_code": "200069748",
    "departement_code": "79",
    "region_code": "75",
    "postal_code": "79160"
  },
  {
    "name": "Saint-Maixent-lՃcole",
    "code": "79270",
    "epci_code": "200041994",
    "departement_code": "79",
    "region_code": "75",
    "postal_code": "79400"
  },
  {
    "name": "Saint-Marc-la-Lande",
    "code": "79271",
    "epci_code": "200069748",
    "departement_code": "79",
    "region_code": "75",
    "postal_code": "79310"
  },
  {
    "name": "Saint-Martin-de-Bernegoue",
    "code": "79273",
    "epci_code": "200041317",
    "departement_code": "79",
    "region_code": "75",
    "postal_code": "79230"
  },
  {
    "name": "Saint-Martin-de-Mâcon",
    "code": "79274",
    "epci_code": "247900798",
    "departement_code": "79",
    "region_code": "75",
    "postal_code": "79100"
  },
  {
    "name": "Saint-Martin-de-Saint-Maixent",
    "code": "79276",
    "epci_code": "200041994",
    "departement_code": "79",
    "region_code": "75",
    "postal_code": "79400"
  },
  {
    "name": "Saint-Martin-de-Sanzay",
    "code": "79277",
    "epci_code": "247900798",
    "departement_code": "79",
    "region_code": "75",
    "postal_code": "79290"
  },
  {
    "name": "Saint-Martin-du-Fouilloux",
    "code": "79278",
    "epci_code": "200041333",
    "departement_code": "79",
    "region_code": "75",
    "postal_code": "79420"
  },
  {
    "name": "Saint Maurice Étusson",
    "code": "79280",
    "epci_code": "200040244",
    "departement_code": "79",
    "region_code": "75",
    "postal_code": "79150"
  },
  {
    "name": "Saint-Maxire",
    "code": "79281",
    "epci_code": "200041317",
    "departement_code": "79",
    "region_code": "75",
    "postal_code": "79410"
  },
  {
    "name": "Sainte-Néomaye",
    "code": "79283",
    "epci_code": "200041994",
    "departement_code": "79",
    "region_code": "75",
    "postal_code": "79260"
  },
  {
    "name": "Sainte-Ouenne",
    "code": "79284",
    "epci_code": "200069748",
    "departement_code": "79",
    "region_code": "75",
    "postal_code": "79220"
  },
  {
    "name": "Saint-Pardoux-Soutiers",
    "code": "79285",
    "epci_code": "200069748",
    "departement_code": "79",
    "region_code": "75",
    "postal_code": "79310"
  },
  {
    "name": "Saint-Paul-en-Gâtine",
    "code": "79286",
    "epci_code": "200040244",
    "departement_code": "79",
    "region_code": "75",
    "postal_code": "79240"
  },
  {
    "name": "Saint-Pierre-des-Échaubrognes",
    "code": "79289",
    "epci_code": "200040244",
    "departement_code": "79",
    "region_code": "75",
    "postal_code": "79700"
  },
  {
    "name": "Saint-Pompain",
    "code": "79290",
    "epci_code": "200069748",
    "departement_code": "79",
    "region_code": "75",
    "postal_code": "79160"
  },
  {
    "name": "Saint-Rémy",
    "code": "79293",
    "epci_code": "200041317",
    "departement_code": "79",
    "region_code": "75",
    "postal_code": "79410"
  },
  {
    "name": "Saint-Romans-des-Champs",
    "code": "79294",
    "epci_code": "200041317",
    "departement_code": "79",
    "region_code": "75",
    "postal_code": "79230"
  },
  {
    "name": "Saint-Romans-lès-Melle",
    "code": "79295",
    "epci_code": "200069755",
    "departement_code": "79",
    "region_code": "75",
    "postal_code": "79500"
  },
  {
    "name": "Sainte-Soline",
    "code": "79297",
    "epci_code": "200069755",
    "departement_code": "79",
    "region_code": "75",
    "postal_code": "79120"
  },
  {
    "name": "Saint-Symphorien",
    "code": "79298",
    "epci_code": "200041317",
    "departement_code": "79",
    "region_code": "75",
    "postal_code": "79270"
  },
  {
    "name": "Saint-Varent",
    "code": "79299",
    "epci_code": "247900798",
    "departement_code": "79",
    "region_code": "75",
    "postal_code": "79330"
  },
  {
    "name": "Sainte-Verge",
    "code": "79300",
    "epci_code": "247900798",
    "departement_code": "79",
    "region_code": "75",
    "postal_code": "79100"
  },
  {
    "name": "Saint-Vincent-la-Châtre",
    "code": "79301",
    "epci_code": "200069755",
    "departement_code": "79",
    "region_code": "75",
    "postal_code": "79500"
  },
  {
    "name": "Saivres",
    "code": "79302",
    "epci_code": "200041994",
    "departement_code": "79",
    "region_code": "75",
    "postal_code": "79400"
  },
  {
    "name": "Salles",
    "code": "79303",
    "epci_code": "200041994",
    "departement_code": "79",
    "region_code": "75",
    "postal_code": "79800"
  },
  {
    "name": "Sansais",
    "code": "79304",
    "epci_code": "200041317",
    "departement_code": "79",
    "region_code": "75",
    "postal_code": "79270"
  },
  {
    "name": "Saurais",
    "code": "79306",
    "epci_code": "200041333",
    "departement_code": "79",
    "region_code": "75",
    "postal_code": "79200"
  },
  {
    "name": "Sauzé-entre-Bois",
    "code": "79307",
    "epci_code": "200069755",
    "departement_code": "79",
    "region_code": "75",
    "postal_code": "79190"
  },
  {
    "name": "Sciecq",
    "code": "79308",
    "epci_code": "200041317",
    "departement_code": "79",
    "region_code": "75",
    "postal_code": "79000"
  },
  {
    "name": "Scillé",
    "code": "79309",
    "epci_code": "200069748",
    "departement_code": "79",
    "region_code": "75",
    "postal_code": "79240"
  },
  {
    "name": "Secondigné-sur-Belle",
    "code": "79310",
    "epci_code": "200069755",
    "departement_code": "79",
    "region_code": "75",
    "postal_code": "79170"
  },
  {
    "name": "Secondigny",
    "code": "79311",
    "epci_code": "200041333",
    "departement_code": "79",
    "region_code": "75",
    "postal_code": "79130"
  },
  {
    "name": "Séligné",
    "code": "79312",
    "epci_code": "200069755",
    "departement_code": "79",
    "region_code": "75",
    "postal_code": "79170"
  },
  {
    "name": "Sepvret",
    "code": "79313",
    "epci_code": "200069755",
    "departement_code": "79",
    "region_code": "75",
    "postal_code": "79120"
  },
  {
    "name": "Soudan",
    "code": "79316",
    "epci_code": "200041994",
    "departement_code": "79",
    "region_code": "75",
    "postal_code": "79800"
  },
  {
    "name": "Souvigné",
    "code": "79319",
    "epci_code": "200041994",
    "departement_code": "79",
    "region_code": "75",
    "postal_code": "79800"
  },
  {
    "name": "Surin",
    "code": "79320",
    "epci_code": "200069748",
    "departement_code": "79",
    "region_code": "75",
    "postal_code": "79220"
  },
  {
    "name": "Le Tallud",
    "code": "79322",
    "epci_code": "200041333",
    "departement_code": "79",
    "region_code": "75",
    "postal_code": "79200"
  },
  {
    "name": "Thénezay",
    "code": "79326",
    "epci_code": "200041333",
    "departement_code": "79",
    "region_code": "75",
    "postal_code": "79390"
  },
  {
    "name": "Thouars",
    "code": "79329",
    "epci_code": "247900798",
    "departement_code": "79",
    "region_code": "75",
    "postal_code": "79100"
  },
  {
    "name": "Tourtenay",
    "code": "79331",
    "epci_code": "247900798",
    "departement_code": "79",
    "region_code": "75",
    "postal_code": "79100"
  },
  {
    "name": "Trayes",
    "code": "79332",
    "epci_code": "200040244",
    "departement_code": "79",
    "region_code": "75",
    "postal_code": "79240"
  },
  {
    "name": "Val-du-Mignon",
    "code": "79334",
    "epci_code": "200041317",
    "departement_code": "79",
    "region_code": "75",
    "postal_code": "79210"
  },
  {
    "name": "Val-du-Mignon",
    "code": "79334",
    "epci_code": "200041317",
    "departement_code": "79",
    "region_code": "75",
    "postal_code": "79360"
  },
  {
    "name": "Vallans",
    "code": "79335",
    "epci_code": "200041317",
    "departement_code": "79",
    "region_code": "75",
    "postal_code": "79270"
  },
  {
    "name": "Vançais",
    "code": "79336",
    "epci_code": "200069755",
    "departement_code": "79",
    "region_code": "75",
    "postal_code": "79120"
  },
  {
    "name": "Le Vanneau-Irleau",
    "code": "79337",
    "epci_code": "200041317",
    "departement_code": "79",
    "region_code": "75",
    "postal_code": "79270"
  },
  {
    "name": "Vanzay",
    "code": "79338",
    "epci_code": "200069755",
    "departement_code": "79",
    "region_code": "75",
    "postal_code": "79120"
  },
  {
    "name": "Vasles",
    "code": "79339",
    "epci_code": "200041333",
    "departement_code": "79",
    "region_code": "75",
    "postal_code": "79340"
  },
  {
    "name": "Vausseroux",
    "code": "79340",
    "epci_code": "200041333",
    "departement_code": "79",
    "region_code": "75",
    "postal_code": "79420"
  },
  {
    "name": "Vautebis",
    "code": "79341",
    "epci_code": "200041333",
    "departement_code": "79",
    "region_code": "75",
    "postal_code": "79420"
  },
  {
    "name": "Vernoux-en-Gâtine",
    "code": "79342",
    "epci_code": "200041333",
    "departement_code": "79",
    "region_code": "75",
    "postal_code": "79240"
  },
  {
    "name": "Vernoux-sur-Boutonne",
    "code": "79343",
    "epci_code": "200069755",
    "departement_code": "79",
    "region_code": "75",
    "postal_code": "79170"
  },
  {
    "name": "Verruyes",
    "code": "79345",
    "epci_code": "200069748",
    "departement_code": "79",
    "region_code": "75",
    "postal_code": "79310"
  },
  {
    "name": "Le Vert",
    "code": "79346",
    "epci_code": "200069755",
    "departement_code": "79",
    "region_code": "75",
    "postal_code": "79170"
  },
  {
    "name": "Viennay",
    "code": "79347",
    "epci_code": "200041333",
    "departement_code": "79",
    "region_code": "75",
    "postal_code": "79200"
  },
  {
    "name": "Villefollet",
    "code": "79348",
    "epci_code": "200069755",
    "departement_code": "79",
    "region_code": "75",
    "postal_code": "79170"
  },
  {
    "name": "Villemain",
    "code": "79349",
    "epci_code": "200069755",
    "departement_code": "79",
    "region_code": "75",
    "postal_code": "79110"
  },
  {
    "name": "Villiers-en-Bois",
    "code": "79350",
    "epci_code": "200069755",
    "departement_code": "79",
    "region_code": "75",
    "postal_code": "79360"
  },
  {
    "name": "Villiers-en-Plaine",
    "code": "79351",
    "epci_code": "200041317",
    "departement_code": "79",
    "region_code": "75",
    "postal_code": "79160"
  },
  {
    "name": "Villiers-sur-Chizé",
    "code": "79352",
    "epci_code": "200069755",
    "departement_code": "79",
    "region_code": "75",
    "postal_code": "79170"
  },
  {
    "name": "Vouhé",
    "code": "79354",
    "epci_code": "200069748",
    "departement_code": "79",
    "region_code": "75",
    "postal_code": "79310"
  },
  {
    "name": "Vouillé",
    "code": "79355",
    "epci_code": "200041317",
    "departement_code": "79",
    "region_code": "75",
    "postal_code": "79230"
  },
  {
    "name": "Xaintray",
    "code": "79357",
    "epci_code": "200069748",
    "departement_code": "79",
    "region_code": "75",
    "postal_code": "79220"
  }
]