[
  {
    "name": "Alençon",
    "code": "61001",
    "epci_code": "246100663",
    "departement_code": "61",
    "region_code": "28",
    "postal_code": "61000"
  },
  {
    "name": "Almenêches",
    "code": "61002",
    "epci_code": "200035111",
    "departement_code": "61",
    "region_code": "28",
    "postal_code": "61570"
  },
  {
    "name": "Appenai-sous-Bellême",
    "code": "61005",
    "epci_code": "200071504",
    "departement_code": "61",
    "region_code": "28",
    "postal_code": "61130"
  },
  {
    "name": "Argentan",
    "code": "61006",
    "epci_code": "200068450",
    "departement_code": "61",
    "region_code": "28",
    "postal_code": "61200"
  },
  {
    "name": "Athis-Val de Rouvre",
    "code": "61007",
    "epci_code": "200035814",
    "departement_code": "61",
    "region_code": "28",
    "postal_code": "61100"
  },
  {
    "name": "Athis-Val de Rouvre",
    "code": "61007",
    "epci_code": "200035814",
    "departement_code": "61",
    "region_code": "28",
    "postal_code": "61430"
  },
  {
    "name": "Aube",
    "code": "61008",
    "epci_code": "200068468",
    "departement_code": "61",
    "region_code": "28",
    "postal_code": "61270"
  },
  {
    "name": "Aubry-le-Panthou",
    "code": "61010",
    "epci_code": "200069458",
    "departement_code": "61",
    "region_code": "28",
    "postal_code": "61120"
  },
  {
    "name": "Aubusson",
    "code": "61011",
    "epci_code": "200035814",
    "departement_code": "61",
    "region_code": "28",
    "postal_code": "61100"
  },
  {
    "name": "Auguaise",
    "code": "61012",
    "epci_code": "200068468",
    "departement_code": "61",
    "region_code": "28",
    "postal_code": "61270"
  },
  {
    "name": "Aunay-les-Bois",
    "code": "61013",
    "epci_code": "200035103",
    "departement_code": "61",
    "region_code": "28",
    "postal_code": "61500"
  },
  {
    "name": "Aunou-le-Faucon",
    "code": "61014",
    "epci_code": "200068450",
    "departement_code": "61",
    "region_code": "28",
    "postal_code": "61200"
  },
  {
    "name": "Aunou-sur-Orne",
    "code": "61015",
    "epci_code": "200035111",
    "departement_code": "61",
    "region_code": "28",
    "postal_code": "61500"
  },
  {
    "name": "Avernes-Saint-Gourgon",
    "code": "61018",
    "epci_code": "200069458",
    "departement_code": "61",
    "region_code": "28",
    "postal_code": "61470"
  },
  {
    "name": "Avoine",
    "code": "61020",
    "epci_code": "200068450",
    "departement_code": "61",
    "region_code": "28",
    "postal_code": "61150"
  },
  {
    "name": "Avrilly",
    "code": "61021",
    "epci_code": "200071520",
    "departement_code": "61",
    "region_code": "28",
    "postal_code": "61700"
  },
  {
    "name": "Bailleul",
    "code": "61023",
    "epci_code": "200068450",
    "departement_code": "61",
    "region_code": "28",
    "postal_code": "61160"
  },
  {
    "name": "Banvou",
    "code": "61024",
    "epci_code": "200035814",
    "departement_code": "61",
    "region_code": "28",
    "postal_code": "61450"
  },
  {
    "name": "Barville",
    "code": "61026",
    "epci_code": "200035103",
    "departement_code": "61",
    "region_code": "28",
    "postal_code": "61170"
  },
  {
    "name": "Bazoches-au-Houlme",
    "code": "61028",
    "epci_code": "246100390",
    "departement_code": "61",
    "region_code": "28",
    "postal_code": "61210"
  },
  {
    "name": "Bazoches-sur-Hoëne",
    "code": "61029",
    "epci_code": "200036069",
    "departement_code": "61",
    "region_code": "28",
    "postal_code": "61560"
  },
  {
    "name": "La Bazoque",
    "code": "61030",
    "epci_code": "200035814",
    "departement_code": "61",
    "region_code": "28",
    "postal_code": "61100"
  },
  {
    "name": "Beaufai",
    "code": "61032",
    "epci_code": "200068468",
    "departement_code": "61",
    "region_code": "28",
    "postal_code": "61270"
  },
  {
    "name": "Beaulieu",
    "code": "61034",
    "epci_code": "200068856",
    "departement_code": "61",
    "region_code": "28",
    "postal_code": "61190"
  },
  {
    "name": "Beauvain",
    "code": "61035",
    "epci_code": "200071652",
    "departement_code": "61",
    "region_code": "28",
    "postal_code": "61600"
  },
  {
    "name": "Belfonds",
    "code": "61036",
    "epci_code": "200035111",
    "departement_code": "61",
    "region_code": "28",
    "postal_code": "61500"
  },
  {
    "name": "Bellavilliers",
    "code": "61037",
    "epci_code": "200036069",
    "departement_code": "61",
    "region_code": "28",
    "postal_code": "61360"
  },
  {
    "name": "Bellême",
    "code": "61038",
    "epci_code": "200071504",
    "departement_code": "61",
    "region_code": "28",
    "postal_code": "61130"
  },
  {
    "name": "La Bellière",
    "code": "61039",
    "epci_code": "200035111",
    "departement_code": "61",
    "region_code": "28",
    "postal_code": "61570"
  },
  {
    "name": "Bellou-en-Houlme",
    "code": "61040",
    "epci_code": "200035814",
    "departement_code": "61",
    "region_code": "28",
    "postal_code": "61220"
  },
  {
    "name": "Bellou-le-Trichard",
    "code": "61041",
    "epci_code": "200071504",
    "departement_code": "61",
    "region_code": "28",
    "postal_code": "61130"
  },
  {
    "name": "Berd’huis",
    "code": "61043",
    "epci_code": "200068435",
    "departement_code": "61",
    "region_code": "28",
    "postal_code": "61340"
  },
  {
    "name": "Berjou",
    "code": "61044",
    "epci_code": "200035814",
    "departement_code": "61",
    "region_code": "28",
    "postal_code": "61430"
  },
  {
    "name": "Bizou",
    "code": "61046",
    "epci_code": "200068856",
    "departement_code": "61",
    "region_code": "28",
    "postal_code": "61290"
  },
  {
    "name": "Boëcé",
    "code": "61048",
    "epci_code": "200036069",
    "departement_code": "61",
    "region_code": "28",
    "postal_code": "61560"
  },
  {
    "name": "Boissei-la-Lande",
    "code": "61049",
    "epci_code": "200035111",
    "departement_code": "61",
    "region_code": "28",
    "postal_code": "61570"
  },
  {
    "name": "Cour-Maugis sur Huisne",
    "code": "61050",
    "epci_code": "200068435",
    "departement_code": "61",
    "region_code": "28",
    "postal_code": "61110"
  },
  {
    "name": "Cour-Maugis sur Huisne",
    "code": "61050",
    "epci_code": "200068435",
    "departement_code": "61",
    "region_code": "28",
    "postal_code": "61340"
  },
  {
    "name": "Boitron",
    "code": "61051",
    "epci_code": "200035111",
    "departement_code": "61",
    "region_code": "28",
    "postal_code": "61500"
  },
  {
    "name": "Bonnefoi",
    "code": "61052",
    "epci_code": "200068468",
    "departement_code": "61",
    "region_code": "28",
    "postal_code": "61270"
  },
  {
    "name": "Bonsmoulins",
    "code": "61053",
    "epci_code": "200068468",
    "departement_code": "61",
    "region_code": "28",
    "postal_code": "61380"
  },
  {
    "name": "Le Bosc-Renoult",
    "code": "61054",
    "epci_code": "200069458",
    "departement_code": "61",
    "region_code": "28",
    "postal_code": "61470"
  },
  {
    "name": "Boucé",
    "code": "61055",
    "epci_code": "200068450",
    "departement_code": "61",
    "region_code": "28",
    "postal_code": "61570"
  },
  {
    "name": "Le Bouillon",
    "code": "61056",
    "epci_code": "200035111",
    "departement_code": "61",
    "region_code": "28",
    "postal_code": "61500"
  },
  {
    "name": "Brethel",
    "code": "61060",
    "epci_code": "200068468",
    "departement_code": "61",
    "region_code": "28",
    "postal_code": "61270"
  },
  {
    "name": "Bretoncelles",
    "code": "61061",
    "epci_code": "200068435",
    "departement_code": "61",
    "region_code": "28",
    "postal_code": "61110"
  },
  {
    "name": "Brieux",
    "code": "61062",
    "epci_code": "200068450",
    "departement_code": "61",
    "region_code": "28",
    "postal_code": "61160"
  },
  {
    "name": "Briouze",
    "code": "61063",
    "epci_code": "200035814",
    "departement_code": "61",
    "region_code": "28",
    "postal_code": "61220"
  },
  {
    "name": "Brullemail",
    "code": "61064",
    "epci_code": "200035103",
    "departement_code": "61",
    "region_code": "28",
    "postal_code": "61390"
  },
  {
    "name": "Buré",
    "code": "61066",
    "epci_code": "200035103",
    "departement_code": "61",
    "region_code": "28",
    "postal_code": "61170"
  },
  {
    "name": "Bures",
    "code": "61067",
    "epci_code": "200035103",
    "departement_code": "61",
    "region_code": "28",
    "postal_code": "61170"
  },
  {
    "name": "Bursard",
    "code": "61068",
    "epci_code": "200035111",
    "departement_code": "61",
    "region_code": "28",
    "postal_code": "61500"
  },
  {
    "name": "Cahan",
    "code": "61069",
    "epci_code": "200035814",
    "departement_code": "61",
    "region_code": "28",
    "postal_code": "61430"
  },
  {
    "name": "Caligny",
    "code": "61070",
    "epci_code": "200035814",
    "departement_code": "61",
    "region_code": "28",
    "postal_code": "61100"
  },
  {
    "name": "Camembert",
    "code": "61071",
    "epci_code": "200069458",
    "departement_code": "61",
    "region_code": "28",
    "postal_code": "61120"
  },
  {
    "name": "Canapville",
    "code": "61072",
    "epci_code": "200069458",
    "departement_code": "61",
    "region_code": "28",
    "postal_code": "61120"
  },
  {
    "name": "Carrouges",
    "code": "61074",
    "epci_code": "200071652",
    "departement_code": "61",
    "region_code": "28",
    "postal_code": "61320"
  },
  {
    "name": "Ceaucé",
    "code": "61075",
    "epci_code": "200068443",
    "departement_code": "61",
    "region_code": "28",
    "postal_code": "61330"
  },
  {
    "name": "Le Cercueil",
    "code": "61076",
    "epci_code": "200035111",
    "departement_code": "61",
    "region_code": "28",
    "postal_code": "61500"
  },
  {
    "name": "Cerisé",
    "code": "61077",
    "epci_code": "246100663",
    "departement_code": "61",
    "region_code": "28",
    "postal_code": "61000"
  },
  {
    "name": "Cerisy-Belle-Étoile",
    "code": "61078",
    "epci_code": "200035814",
    "departement_code": "61",
    "region_code": "28",
    "postal_code": "61100"
  },
  {
    "name": "Ceton",
    "code": "61079",
    "epci_code": "200071504",
    "departement_code": "61",
    "region_code": "28",
    "postal_code": "61260"
  },
  {
    "name": "Chahains",
    "code": "61080",
    "epci_code": "200071652",
    "departement_code": "61",
    "region_code": "28",
    "postal_code": "61320"
  },
  {
    "name": "Chailloué",
    "code": "61081",
    "epci_code": "200035111",
    "departement_code": "61",
    "region_code": "28",
    "postal_code": "61240"
  },
  {
    "name": "Chailloué",
    "code": "61081",
    "epci_code": "200035111",
    "departement_code": "61",
    "region_code": "28",
    "postal_code": "61500"
  },
  {
    "name": "Le Chalange",
    "code": "61082",
    "epci_code": "200035103",
    "departement_code": "61",
    "region_code": "28",
    "postal_code": "61390"
  },
  {
    "name": "Champcerie",
    "code": "61084",
    "epci_code": "246100390",
    "departement_code": "61",
    "region_code": "28",
    "postal_code": "61210"
  },
  {
    "name": "Le Champ-de-la-Pierre",
    "code": "61085",
    "epci_code": "200071652",
    "departement_code": "61",
    "region_code": "28",
    "postal_code": "61320"
  },
  {
    "name": "Les Champeaux",
    "code": "61086",
    "epci_code": "200069458",
    "departement_code": "61",
    "region_code": "28",
    "postal_code": "61120"
  },
  {
    "name": "Champeaux-sur-Sarthe",
    "code": "61087",
    "epci_code": "200036069",
    "departement_code": "61",
    "region_code": "28",
    "postal_code": "61560"
  },
  {
    "name": "Champ-Haut",
    "code": "61088",
    "epci_code": "200069458",
    "departement_code": "61",
    "region_code": "28",
    "postal_code": "61240"
  },
  {
    "name": "Champosoult",
    "code": "61089",
    "epci_code": "200069458",
    "departement_code": "61",
    "region_code": "28",
    "postal_code": "61120"
  },
  {
    "name": "Champsecret",
    "code": "61091",
    "epci_code": "200071520",
    "departement_code": "61",
    "region_code": "28",
    "postal_code": "61700"
  },
  {
    "name": "Chandai",
    "code": "61092",
    "epci_code": "200068468",
    "departement_code": "61",
    "region_code": "28",
    "postal_code": "61300"
  },
  {
    "name": "Chanu",
    "code": "61093",
    "epci_code": "200071520",
    "departement_code": "61",
    "region_code": "28",
    "postal_code": "61800"
  },
  {
    "name": "La Chapelle-au-Moine",
    "code": "61094",
    "epci_code": "200035814",
    "departement_code": "61",
    "region_code": "28",
    "postal_code": "61100"
  },
  {
    "name": "La Chapelle-Biche",
    "code": "61095",
    "epci_code": "200035814",
    "departement_code": "61",
    "region_code": "28",
    "postal_code": "61100"
  },
  {
    "name": "Rives d’Andaine",
    "code": "61096",
    "epci_code": "200068443",
    "departement_code": "61",
    "region_code": "28",
    "postal_code": "61140"
  },
  {
    "name": "Rives d’Andaine",
    "code": "61096",
    "epci_code": "200068443",
    "departement_code": "61",
    "region_code": "28",
    "postal_code": "61410"
  },
  {
    "name": "La Chapelle-Montligeon",
    "code": "61097",
    "epci_code": "200036069",
    "departement_code": "61",
    "region_code": "28",
    "postal_code": "61400"
  },
  {
    "name": "La Chapelle-près-Sées",
    "code": "61098",
    "epci_code": "200035111",
    "departement_code": "61",
    "region_code": "28",
    "postal_code": "61500"
  },
  {
    "name": "La Chapelle-Souëf",
    "code": "61099",
    "epci_code": "200071504",
    "departement_code": "61",
    "region_code": "28",
    "postal_code": "61130"
  },
  {
    "name": "La Chapelle-Viel",
    "code": "61100",
    "epci_code": "200068468",
    "departement_code": "61",
    "region_code": "28",
    "postal_code": "61270"
  },
  {
    "name": "Le Château-d’Almenêches",
    "code": "61101",
    "epci_code": "200035111",
    "departement_code": "61",
    "region_code": "28",
    "postal_code": "61570"
  },
  {
    "name": "Le Châtellier",
    "code": "61102",
    "epci_code": "200035814",
    "departement_code": "61",
    "region_code": "28",
    "postal_code": "61450"
  },
  {
    "name": "Chaumont",
    "code": "61103",
    "epci_code": "200069458",
    "departement_code": "61",
    "region_code": "28",
    "postal_code": "61230"
  },
  {
    "name": "La Chaux",
    "code": "61104",
    "epci_code": "200071652",
    "departement_code": "61",
    "region_code": "28",
    "postal_code": "61600"
  },
  {
    "name": "Chemilli",
    "code": "61105",
    "epci_code": "200071504",
    "departement_code": "61",
    "region_code": "28",
    "postal_code": "61360"
  },
  {
    "name": "Ciral",
    "code": "61107",
    "epci_code": "246100663",
    "departement_code": "61",
    "region_code": "28",
    "postal_code": "61320"
  },
  {
    "name": "Cisai-Saint-Aubin",
    "code": "61108",
    "epci_code": "200069458",
    "departement_code": "61",
    "region_code": "28",
    "postal_code": "61230"
  },
  {
    "name": "Colombiers",
    "code": "61111",
    "epci_code": "246100663",
    "departement_code": "61",
    "region_code": "28",
    "postal_code": "61250"
  },
  {
    "name": "Comblot",
    "code": "61113",
    "epci_code": "200036069",
    "departement_code": "61",
    "region_code": "28",
    "postal_code": "61400"
  },
  {
    "name": "Commeaux",
    "code": "61114",
    "epci_code": "200068450",
    "departement_code": "61",
    "region_code": "28",
    "postal_code": "61200"
  },
  {
    "name": "Sablons sur Huisne",
    "code": "61116",
    "epci_code": "200068435",
    "departement_code": "61",
    "region_code": "28",
    "postal_code": "61110"
  },
  {
    "name": "Condé-sur-Sarthe",
    "code": "61117",
    "epci_code": "246100663",
    "departement_code": "61",
    "region_code": "28",
    "postal_code": "61250"
  },
  {
    "name": "Corbon",
    "code": "61118",
    "epci_code": "200036069",
    "departement_code": "61",
    "region_code": "28",
    "postal_code": "61400"
  },
  {
    "name": "Coudehard",
    "code": "61120",
    "epci_code": "200068450",
    "departement_code": "61",
    "region_code": "28",
    "postal_code": "61160"
  },
  {
    "name": "Coulimer",
    "code": "61121",
    "epci_code": "200036069",
    "departement_code": "61",
    "region_code": "28",
    "postal_code": "61360"
  },
  {
    "name": "Coulmer",
    "code": "61122",
    "epci_code": "200069458",
    "departement_code": "61",
    "region_code": "28",
    "postal_code": "61230"
  },
  {
    "name": "Coulonces",
    "code": "61123",
    "epci_code": "200068450",
    "departement_code": "61",
    "region_code": "28",
    "postal_code": "61160"
  },
  {
    "name": "La Coulonche",
    "code": "61124",
    "epci_code": "200035814",
    "departement_code": "61",
    "region_code": "28",
    "postal_code": "61220"
  },
  {
    "name": "Coulonges-sur-Sarthe",
    "code": "61126",
    "epci_code": "200035103",
    "departement_code": "61",
    "region_code": "28",
    "postal_code": "61170"
  },
  {
    "name": "Courgeon",
    "code": "61129",
    "epci_code": "200036069",
    "departement_code": "61",
    "region_code": "28",
    "postal_code": "61400"
  },
  {
    "name": "Courgeoût",
    "code": "61130",
    "epci_code": "200036069",
    "departement_code": "61",
    "region_code": "28",
    "postal_code": "61560"
  },
  {
    "name": "Courtomer",
    "code": "61133",
    "epci_code": "200035103",
    "departement_code": "61",
    "region_code": "28",
    "postal_code": "61390"
  },
  {
    "name": "Craménil",
    "code": "61137",
    "epci_code": "246100390",
    "departement_code": "61",
    "region_code": "28",
    "postal_code": "61220"
  },
  {
    "name": "Croisilles",
    "code": "61138",
    "epci_code": "200069458",
    "departement_code": "61",
    "region_code": "28",
    "postal_code": "61230"
  },
  {
    "name": "Crouttes",
    "code": "61139",
    "epci_code": "200069458",
    "departement_code": "61",
    "region_code": "28",
    "postal_code": "61120"
  },
  {
    "name": "Crulai",
    "code": "61140",
    "epci_code": "200068468",
    "departement_code": "61",
    "region_code": "28",
    "postal_code": "61300"
  },
  {
    "name": "Cuissai",
    "code": "61141",
    "epci_code": "246100663",
    "departement_code": "61",
    "region_code": "28",
    "postal_code": "61250"
  },
  {
    "name": "Dame-Marie",
    "code": "61142",
    "epci_code": "200071504",
    "departement_code": "61",
    "region_code": "28",
    "postal_code": "61130"
  },
  {
    "name": "Damigny",
    "code": "61143",
    "epci_code": "246100663",
    "departement_code": "61",
    "region_code": "28",
    "postal_code": "61250"
  },
  {
    "name": "Domfront en Poiraie",
    "code": "61145",
    "epci_code": "200071520",
    "departement_code": "61",
    "region_code": "28",
    "postal_code": "61700"
  },
  {
    "name": "Dompierre",
    "code": "61146",
    "epci_code": "200035814",
    "departement_code": "61",
    "region_code": "28",
    "postal_code": "61700"
  },
  {
    "name": "Durcet",
    "code": "61148",
    "epci_code": "200035814",
    "departement_code": "61",
    "region_code": "28",
    "postal_code": "61100"
  },
  {
    "name": "Échalou",
    "code": "61149",
    "epci_code": "200035814",
    "departement_code": "61",
    "region_code": "28",
    "postal_code": "61440"
  },
  {
    "name": "Échauffour",
    "code": "61150",
    "epci_code": "200069458",
    "departement_code": "61",
    "region_code": "28",
    "postal_code": "61370"
  },
  {
    "name": "Écorcei",
    "code": "61151",
    "epci_code": "200068468",
    "departement_code": "61",
    "region_code": "28",
    "postal_code": "61270"
  },
  {
    "name": "Écorches",
    "code": "61152",
    "epci_code": "200068450",
    "departement_code": "61",
    "region_code": "28",
    "postal_code": "61160"
  },
  {
    "name": "Écouché-les-Vallées",
    "code": "61153",
    "epci_code": "200068450",
    "departement_code": "61",
    "region_code": "28",
    "postal_code": "61150"
  },
  {
    "name": "Écouché-les-Vallées",
    "code": "61153",
    "epci_code": "200068450",
    "departement_code": "61",
    "region_code": "28",
    "postal_code": "61200"
  },
  {
    "name": "Essay",
    "code": "61156",
    "epci_code": "200035111",
    "departement_code": "61",
    "region_code": "28",
    "postal_code": "61500"
  },
  {
    "name": "Faverolles",
    "code": "61158",
    "epci_code": "246100390",
    "departement_code": "61",
    "region_code": "28",
    "postal_code": "61600"
  },
  {
    "name": "Fay",
    "code": "61159",
    "epci_code": "200068468",
    "departement_code": "61",
    "region_code": "28",
    "postal_code": "61390"
  },
  {
    "name": "Feings",
    "code": "61160",
    "epci_code": "200036069",
    "departement_code": "61",
    "region_code": "28",
    "postal_code": "61400"
  },
  {
    "name": "La Ferrière-au-Doyen",
    "code": "61162",
    "epci_code": "200068468",
    "departement_code": "61",
    "region_code": "28",
    "postal_code": "61380"
  },
  {
    "name": "La Ferrière-aux-Étangs",
    "code": "61163",
    "epci_code": "200035814",
    "departement_code": "61",
    "region_code": "28",
    "postal_code": "61450"
  },
  {
    "name": "La Ferrière-Béchet",
    "code": "61164",
    "epci_code": "200035111",
    "departement_code": "61",
    "region_code": "28",
    "postal_code": "61500"
  },
  {
    "name": "La Ferrière-Bochard",
    "code": "61165",
    "epci_code": "246100663",
    "departement_code": "61",
    "region_code": "28",
    "postal_code": "61420"
  },
  {
    "name": "Ferrières-la-Verrerie",
    "code": "61166",
    "epci_code": "200035103",
    "departement_code": "61",
    "region_code": "28",
    "postal_code": "61390"
  },
  {
    "name": "La Ferté-en-Ouche",
    "code": "61167",
    "epci_code": "200068468",
    "departement_code": "61",
    "region_code": "28",
    "postal_code": "61470"
  },
  {
    "name": "La Ferté-en-Ouche",
    "code": "61167",
    "epci_code": "200068468",
    "departement_code": "61",
    "region_code": "28",
    "postal_code": "61550"
  },
  {
    "name": "La Ferté Macé",
    "code": "61168",
    "epci_code": "200035814",
    "departement_code": "61",
    "region_code": "28",
    "postal_code": "61410"
  },
  {
    "name": "La Ferté Macé",
    "code": "61168",
    "epci_code": "200035814",
    "departement_code": "61",
    "region_code": "28",
    "postal_code": "61600"
  },
  {
    "name": "Flers",
    "code": "61169",
    "epci_code": "200035814",
    "departement_code": "61",
    "region_code": "28",
    "postal_code": "61100"
  },
  {
    "name": "Fleuré",
    "code": "61170",
    "epci_code": "200068450",
    "departement_code": "61",
    "region_code": "28",
    "postal_code": "61200"
  },
  {
    "name": "Fontaine-les-Bassets",
    "code": "61171",
    "epci_code": "200068450",
    "departement_code": "61",
    "region_code": "28",
    "postal_code": "61160"
  },
  {
    "name": "Francheville",
    "code": "61176",
    "epci_code": "200035111",
    "departement_code": "61",
    "region_code": "28",
    "postal_code": "61570"
  },
  {
    "name": "La Fresnaie-Fayel",
    "code": "61178",
    "epci_code": "200069458",
    "departement_code": "61",
    "region_code": "28",
    "postal_code": "61230"
  },
  {
    "name": "Fresnay-le-Samson",
    "code": "61180",
    "epci_code": "200069458",
    "departement_code": "61",
    "region_code": "28",
    "postal_code": "61120"
  },
  {
    "name": "Gacé",
    "code": "61181",
    "epci_code": "200069458",
    "departement_code": "61",
    "region_code": "28",
    "postal_code": "61230"
  },
  {
    "name": "Gandelain",
    "code": "61182",
    "epci_code": "246100663",
    "departement_code": "61",
    "region_code": "28",
    "postal_code": "61420"
  },
  {
    "name": "Gâprée",
    "code": "61183",
    "epci_code": "200035103",
    "departement_code": "61",
    "region_code": "28",
    "postal_code": "61390"
  },
  {
    "name": "Les Genettes",
    "code": "61187",
    "epci_code": "200068468",
    "departement_code": "61",
    "region_code": "28",
    "postal_code": "61270"
  },
  {
    "name": "Giel-Courteilles",
    "code": "61189",
    "epci_code": "246100390",
    "departement_code": "61",
    "region_code": "28",
    "postal_code": "61210"
  },
  {
    "name": "Ginai",
    "code": "61190",
    "epci_code": "200068450",
    "departement_code": "61",
    "region_code": "28",
    "postal_code": "61310"
  },
  {
    "name": "La Gonfrière",
    "code": "61193",
    "epci_code": "200068468",
    "departement_code": "61",
    "region_code": "28",
    "postal_code": "61550"
  },
  {
    "name": "Monts-sur-Orne",
    "code": "61194",
    "epci_code": "200068450",
    "departement_code": "61",
    "region_code": "28",
    "postal_code": "61150"
  },
  {
    "name": "Le Grais",
    "code": "61195",
    "epci_code": "200035814",
    "departement_code": "61",
    "region_code": "28",
    "postal_code": "61600"
  },
  {
    "name": "Belforêt-en-Perche",
    "code": "61196",
    "epci_code": "200071504",
    "departement_code": "61",
    "region_code": "28",
    "postal_code": "61130"
  },
  {
    "name": "Belforêt-en-Perche",
    "code": "61196",
    "epci_code": "200071504",
    "departement_code": "61",
    "region_code": "28",
    "postal_code": "61360"
  },
  {
    "name": "Belforêt-en-Perche",
    "code": "61196",
    "epci_code": "200071504",
    "departement_code": "61",
    "region_code": "28",
    "postal_code": "61400"
  },
  {
    "name": "Guêprei",
    "code": "61197",
    "epci_code": "200068450",
    "departement_code": "61",
    "region_code": "28",
    "postal_code": "61160"
  },
  {
    "name": "Guerquesalles",
    "code": "61198",
    "epci_code": "200069458",
    "departement_code": "61",
    "region_code": "28",
    "postal_code": "61120"
  },
  {
    "name": "Habloville",
    "code": "61199",
    "epci_code": "246100390",
    "departement_code": "61",
    "region_code": "28",
    "postal_code": "61210"
  },
  {
    "name": "Hauterive",
    "code": "61202",
    "epci_code": "200035103",
    "departement_code": "61",
    "region_code": "28",
    "postal_code": "61250"
  },
  {
    "name": "Héloup",
    "code": "61203",
    "epci_code": "246100663",
    "departement_code": "61",
    "region_code": "28",
    "postal_code": "61250"
  },
  {
    "name": "L’Hôme-Chamondot",
    "code": "61206",
    "epci_code": "200068856",
    "departement_code": "61",
    "region_code": "28",
    "postal_code": "61290"
  },
  {
    "name": "Igé",
    "code": "61207",
    "epci_code": "200071504",
    "departement_code": "61",
    "region_code": "28",
    "postal_code": "61130"
  },
  {
    "name": "Irai",
    "code": "61208",
    "epci_code": "200068468",
    "departement_code": "61",
    "region_code": "28",
    "postal_code": "61190"
  },
  {
    "name": "Joué-du-Bois",
    "code": "61209",
    "epci_code": "200071652",
    "departement_code": "61",
    "region_code": "28",
    "postal_code": "61320"
  },
  {
    "name": "Joué-du-Plain",
    "code": "61210",
    "epci_code": "200068450",
    "departement_code": "61",
    "region_code": "28",
    "postal_code": "61150"
  },
  {
    "name": "Juvigny Val d’Andaine",
    "code": "61211",
    "epci_code": "200068443",
    "departement_code": "61",
    "region_code": "28",
    "postal_code": "61140"
  },
  {
    "name": "Juvigny Val d’Andaine",
    "code": "61211",
    "epci_code": "200068443",
    "departement_code": "61",
    "region_code": "28",
    "postal_code": "61330"
  },
  {
    "name": "Juvigny-sur-Orne",
    "code": "61212",
    "epci_code": "200068450",
    "departement_code": "61",
    "region_code": "28",
    "postal_code": "61200"
  },
  {
    "name": "Lalacelle",
    "code": "61213",
    "epci_code": "246100663",
    "departement_code": "61",
    "region_code": "28",
    "postal_code": "61320"
  },
  {
    "name": "L’Aigle",
    "code": "61214",
    "epci_code": "200068468",
    "departement_code": "61",
    "region_code": "28",
    "postal_code": "61300"
  },
  {
    "name": "Laleu",
    "code": "61215",
    "epci_code": "200035103",
    "departement_code": "61",
    "region_code": "28",
    "postal_code": "61170"
  },
  {
    "name": "La Lande-de-Goult",
    "code": "61216",
    "epci_code": "200071652",
    "departement_code": "61",
    "region_code": "28",
    "postal_code": "61320"
  },
  {
    "name": "La Lande-de-Lougé",
    "code": "61217",
    "epci_code": "200068450",
    "departement_code": "61",
    "region_code": "28",
    "postal_code": "61210"
  },
  {
    "name": "La Lande-Patry",
    "code": "61218",
    "epci_code": "200035814",
    "departement_code": "61",
    "region_code": "28",
    "postal_code": "61100"
  },
  {
    "name": "La Lande-Saint-Siméon",
    "code": "61219",
    "epci_code": "200035814",
    "departement_code": "61",
    "region_code": "28",
    "postal_code": "61100"
  },
  {
    "name": "Landigou",
    "code": "61221",
    "epci_code": "200035814",
    "departement_code": "61",
    "region_code": "28",
    "postal_code": "61100"
  },
  {
    "name": "Landisacq",
    "code": "61222",
    "epci_code": "200035814",
    "departement_code": "61",
    "region_code": "28",
    "postal_code": "61100"
  },
  {
    "name": "Larré",
    "code": "61224",
    "epci_code": "246100663",
    "departement_code": "61",
    "region_code": "28",
    "postal_code": "61250"
  },
  {
    "name": "Lignères",
    "code": "61225",
    "epci_code": "200069458",
    "departement_code": "61",
    "region_code": "28",
    "postal_code": "61240"
  },
  {
    "name": "Lignou",
    "code": "61227",
    "epci_code": "246100390",
    "departement_code": "61",
    "region_code": "28",
    "postal_code": "61220"
  },
  {
    "name": "L’Orée-d’Écouves",
    "code": "61228",
    "epci_code": "246100663",
    "departement_code": "61",
    "region_code": "28",
    "postal_code": "61320"
  },
  {
    "name": "L’Orée-d’Écouves",
    "code": "61228",
    "epci_code": "246100663",
    "departement_code": "61",
    "region_code": "28",
    "postal_code": "61420"
  },
  {
    "name": "Loisail",
    "code": "61229",
    "epci_code": "200036069",
    "departement_code": "61",
    "region_code": "28",
    "postal_code": "61400"
  },
  {
    "name": "Longny les Villages",
    "code": "61230",
    "epci_code": "200068856",
    "departement_code": "61",
    "region_code": "28",
    "postal_code": "61290"
  },
  {
    "name": "Lonlay-l’Abbaye",
    "code": "61232",
    "epci_code": "200071520",
    "departement_code": "61",
    "region_code": "28",
    "postal_code": "61700"
  },
  {
    "name": "Lonlay-le-Tesson",
    "code": "61233",
    "epci_code": "200035814",
    "departement_code": "61",
    "region_code": "28",
    "postal_code": "61600"
  },
  {
    "name": "Lonrai",
    "code": "61234",
    "epci_code": "246100663",
    "departement_code": "61",
    "region_code": "28",
    "postal_code": "61250"
  },
  {
    "name": "Lougé-sur-Maire",
    "code": "61237",
    "epci_code": "200068450",
    "departement_code": "61",
    "region_code": "28",
    "postal_code": "61150"
  },
  {
    "name": "Louvières-en-Auge",
    "code": "61238",
    "epci_code": "200068450",
    "departement_code": "61",
    "region_code": "28",
    "postal_code": "61160"
  },
  {
    "name": "Macé",
    "code": "61240",
    "epci_code": "200035111",
    "departement_code": "61",
    "region_code": "28",
    "postal_code": "61500"
  },
  {
    "name": "La Madeleine-Bouvet",
    "code": "61241",
    "epci_code": "200068435",
    "departement_code": "61",
    "region_code": "28",
    "postal_code": "61110"
  },
  {
    "name": "Le Mage",
    "code": "61242",
    "epci_code": "200068856",
    "departement_code": "61",
    "region_code": "28",
    "postal_code": "61290"
  },
  {
    "name": "Magny-le-Désert",
    "code": "61243",
    "epci_code": "200071652",
    "departement_code": "61",
    "region_code": "28",
    "postal_code": "61600"
  },
  {
    "name": "Mahéru",
    "code": "61244",
    "epci_code": "200068468",
    "departement_code": "61",
    "region_code": "28",
    "postal_code": "61380"
  },
  {
    "name": "Mantilly",
    "code": "61248",
    "epci_code": "200068443",
    "departement_code": "61",
    "region_code": "28",
    "postal_code": "61350"
  },
  {
    "name": "Marchemaisons",
    "code": "61251",
    "epci_code": "200035103",
    "departement_code": "61",
    "region_code": "28",
    "postal_code": "61170"
  },
  {
    "name": "Mardilly",
    "code": "61252",
    "epci_code": "200069458",
    "departement_code": "61",
    "region_code": "28",
    "postal_code": "61230"
  },
  {
    "name": "Mauves-sur-Huisne",
    "code": "61255",
    "epci_code": "200036069",
    "departement_code": "61",
    "region_code": "28",
    "postal_code": "61400"
  },
  {
    "name": "Médavy",
    "code": "61256",
    "epci_code": "200035111",
    "departement_code": "61",
    "region_code": "28",
    "postal_code": "61570"
  },
  {
    "name": "Méhoudin",
    "code": "61257",
    "epci_code": "200071652",
    "departement_code": "61",
    "region_code": "28",
    "postal_code": "61410"
  },
  {
    "name": "Le Mêle-sur-Sarthe",
    "code": "61258",
    "epci_code": "200035103",
    "departement_code": "61",
    "region_code": "28",
    "postal_code": "61170"
  },
  {
    "name": "Le Ménil-Bérard",
    "code": "61259",
    "epci_code": "200068468",
    "departement_code": "61",
    "region_code": "28",
    "postal_code": "61270"
  },
  {
    "name": "Le Ménil-de-Briouze",
    "code": "61260",
    "epci_code": "200035814",
    "departement_code": "61",
    "region_code": "28",
    "postal_code": "61220"
  },
  {
    "name": "Le Ménil-Broût",
    "code": "61261",
    "epci_code": "200035103",
    "departement_code": "61",
    "region_code": "28",
    "postal_code": "61250"
  },
  {
    "name": "Le Ménil-Ciboult",
    "code": "61262",
    "epci_code": "200071520",
    "departement_code": "61",
    "region_code": "28",
    "postal_code": "61800"
  },
  {
    "name": "Ménil-Erreux",
    "code": "61263",
    "epci_code": "246100663",
    "departement_code": "61",
    "region_code": "28",
    "postal_code": "61250"
  },
  {
    "name": "Ménil-Froger",
    "code": "61264",
    "epci_code": "200069458",
    "departement_code": "61",
    "region_code": "28",
    "postal_code": "61240"
  },
  {
    "name": "Ménil-Gondouin",
    "code": "61265",
    "epci_code": "246100390",
    "departement_code": "61",
    "region_code": "28",
    "postal_code": "61210"
  },
  {
    "name": "Le Ménil-Guyon",
    "code": "61266",
    "epci_code": "200035103",
    "departement_code": "61",
    "region_code": "28",
    "postal_code": "61170"
  },
  {
    "name": "Ménil-Hermei",
    "code": "61267",
    "epci_code": "246100390",
    "departement_code": "61",
    "region_code": "28",
    "postal_code": "61210"
  },
  {
    "name": "Ménil-Hubert-en-Exmes",
    "code": "61268",
    "epci_code": "200069458",
    "departement_code": "61",
    "region_code": "28",
    "postal_code": "61230"
  },
  {
    "name": "Ménil-Hubert-sur-Orne",
    "code": "61269",
    "epci_code": "200035814",
    "departement_code": "61",
    "region_code": "28",
    "postal_code": "61430"
  },
  {
    "name": "Le Ménil-Scelleur",
    "code": "61271",
    "epci_code": "200071652",
    "departement_code": "61",
    "region_code": "28",
    "postal_code": "61320"
  },
  {
    "name": "Le Ménil-Vicomte",
    "code": "61272",
    "epci_code": "200069458",
    "departement_code": "61",
    "region_code": "28",
    "postal_code": "61240"
  },
  {
    "name": "Ménil-Vin",
    "code": "61273",
    "epci_code": "246100390",
    "departement_code": "61",
    "region_code": "28",
    "postal_code": "61210"
  },
  {
    "name": "Les Menus",
    "code": "61274",
    "epci_code": "200068856",
    "departement_code": "61",
    "region_code": "28",
    "postal_code": "61290"
  },
  {
    "name": "Merlerault-le-Pin",
    "code": "61275",
    "epci_code": "200069458",
    "departement_code": "61",
    "region_code": "28",
    "postal_code": "61240"
  },
  {
    "name": "Merri",
    "code": "61276",
    "epci_code": "200068450",
    "departement_code": "61",
    "region_code": "28",
    "postal_code": "61160"
  },
  {
    "name": "La Mesnière",
    "code": "61277",
    "epci_code": "200036069",
    "departement_code": "61",
    "region_code": "28",
    "postal_code": "61560"
  },
  {
    "name": "Messei",
    "code": "61278",
    "epci_code": "200035814",
    "departement_code": "61",
    "region_code": "28",
    "postal_code": "61440"
  },
  {
    "name": "Mieuxcé",
    "code": "61279",
    "epci_code": "246100663",
    "departement_code": "61",
    "region_code": "28",
    "postal_code": "61250"
  },
  {
    "name": "Moncy",
    "code": "61281",
    "epci_code": "200071520",
    "departement_code": "61",
    "region_code": "28",
    "postal_code": "61800"
  },
  {
    "name": "Montabard",
    "code": "61283",
    "epci_code": "200068450",
    "departement_code": "61",
    "region_code": "28",
    "postal_code": "61160"
  },
  {
    "name": "Montchevrel",
    "code": "61284",
    "epci_code": "200035103",
    "departement_code": "61",
    "region_code": "28",
    "postal_code": "61170"
  },
  {
    "name": "Montgaudry",
    "code": "61286",
    "epci_code": "200036069",
    "departement_code": "61",
    "region_code": "28",
    "postal_code": "61360"
  },
  {
    "name": "Montilly-sur-Noireau",
    "code": "61287",
    "epci_code": "200035814",
    "departement_code": "61",
    "region_code": "28",
    "postal_code": "61100"
  },
  {
    "name": "Montmerrei",
    "code": "61288",
    "epci_code": "200035111",
    "departement_code": "61",
    "region_code": "28",
    "postal_code": "61570"
  },
  {
    "name": "Mont-Ormel",
    "code": "61289",
    "epci_code": "200068450",
    "departement_code": "61",
    "region_code": "28",
    "postal_code": "61160"
  },
  {
    "name": "Montreuil-au-Houlme",
    "code": "61290",
    "epci_code": "246100390",
    "departement_code": "61",
    "region_code": "28",
    "postal_code": "61210"
  },
  {
    "name": "Montreuil-la-Cambe",
    "code": "61291",
    "epci_code": "200068450",
    "departement_code": "61",
    "region_code": "28",
    "postal_code": "61160"
  },
  {
    "name": "Montsecret-Clairefougère",
    "code": "61292",
    "epci_code": "200071520",
    "departement_code": "61",
    "region_code": "28",
    "postal_code": "61800"
  },
  {
    "name": "Mortagne-au-Perche",
    "code": "61293",
    "epci_code": "200036069",
    "departement_code": "61",
    "region_code": "28",
    "postal_code": "61400"
  },
  {
    "name": "Mortrée",
    "code": "61294",
    "epci_code": "200035111",
    "departement_code": "61",
    "region_code": "28",
    "postal_code": "61500"
  },
  {
    "name": "Mortrée",
    "code": "61294",
    "epci_code": "200035111",
    "departement_code": "61",
    "region_code": "28",
    "postal_code": "61570"
  },
  {
    "name": "La Motte-Fouquet",
    "code": "61295",
    "epci_code": "200071652",
    "departement_code": "61",
    "region_code": "28",
    "postal_code": "61600"
  },
  {
    "name": "Moulins-la-Marche",
    "code": "61297",
    "epci_code": "200068468",
    "departement_code": "61",
    "region_code": "28",
    "postal_code": "61380"
  },
  {
    "name": "Moulins-sur-Orne",
    "code": "61298",
    "epci_code": "200068450",
    "departement_code": "61",
    "region_code": "28",
    "postal_code": "61200"
  },
  {
    "name": "Moutiers-au-Perche",
    "code": "61300",
    "epci_code": "200068435",
    "departement_code": "61",
    "region_code": "28",
    "postal_code": "61110"
  },
  {
    "name": "Neauphe-sous-Essai",
    "code": "61301",
    "epci_code": "200035111",
    "departement_code": "61",
    "region_code": "28",
    "postal_code": "61500"
  },
  {
    "name": "Neauphe-sur-Dive",
    "code": "61302",
    "epci_code": "200068450",
    "departement_code": "61",
    "region_code": "28",
    "postal_code": "61160"
  },
  {
    "name": "Nécy",
    "code": "61303",
    "epci_code": "200068450",
    "departement_code": "61",
    "region_code": "28",
    "postal_code": "61160"
  },
  {
    "name": "Neuilly-le-Bisson",
    "code": "61304",
    "epci_code": "200035103",
    "departement_code": "61",
    "region_code": "28",
    "postal_code": "61250"
  },
  {
    "name": "Neuville-sur-Touques",
    "code": "61307",
    "epci_code": "200069458",
    "departement_code": "61",
    "region_code": "28",
    "postal_code": "61120"
  },
  {
    "name": "Neuvy-au-Houlme",
    "code": "61308",
    "epci_code": "246100390",
    "departement_code": "61",
    "region_code": "28",
    "postal_code": "61210"
  },
  {
    "name": "Perche en Nocé",
    "code": "61309",
    "epci_code": "200068435",
    "departement_code": "61",
    "region_code": "28",
    "postal_code": "61340"
  },
  {
    "name": "Occagnes",
    "code": "61314",
    "epci_code": "200068450",
    "departement_code": "61",
    "region_code": "28",
    "postal_code": "61200"
  },
  {
    "name": "Ommoy",
    "code": "61316",
    "epci_code": "200068450",
    "departement_code": "61",
    "region_code": "28",
    "postal_code": "61160"
  },
  {
    "name": "Orgères",
    "code": "61317",
    "epci_code": "200069458",
    "departement_code": "61",
    "region_code": "28",
    "postal_code": "61230"
  },
  {
    "name": "Origny-le-Roux",
    "code": "61319",
    "epci_code": "200072676",
    "departement_code": "61",
    "region_code": "28",
    "postal_code": "61130"
  },
  {
    "name": "Pacé",
    "code": "61321",
    "epci_code": "246100663",
    "departement_code": "61",
    "region_code": "28",
    "postal_code": "61250"
  },
  {
    "name": "Parfondeval",
    "code": "61322",
    "epci_code": "200036069",
    "departement_code": "61",
    "region_code": "28",
    "postal_code": "61400"
  },
  {
    "name": "Le Pas-Saint-l’Homer",
    "code": "61323",
    "epci_code": "200068856",
    "departement_code": "61",
    "region_code": "28",
    "postal_code": "61290"
  },
  {
    "name": "Passais Villages",
    "code": "61324",
    "epci_code": "200068443",
    "departement_code": "61",
    "region_code": "28",
    "postal_code": "61350"
  },
  {
    "name": "Perrou",
    "code": "61326",
    "epci_code": "200068443",
    "departement_code": "61",
    "region_code": "28",
    "postal_code": "61700"
  },
  {
    "name": "Pervenchères",
    "code": "61327",
    "epci_code": "200036069",
    "departement_code": "61",
    "region_code": "28",
    "postal_code": "61360"
  },
  {
    "name": "Le Pin-au-Haras",
    "code": "61328",
    "epci_code": "200068450",
    "departement_code": "61",
    "region_code": "28",
    "postal_code": "61310"
  },
  {
    "name": "Le Pin-la-Garenne",
    "code": "61329",
    "epci_code": "200036069",
    "departement_code": "61",
    "region_code": "28",
    "postal_code": "61400"
  },
  {
    "name": "Planches",
    "code": "61330",
    "epci_code": "200069458",
    "departement_code": "61",
    "region_code": "28",
    "postal_code": "61370"
  },
  {
    "name": "Le Plantis",
    "code": "61331",
    "epci_code": "200035103",
    "departement_code": "61",
    "region_code": "28",
    "postal_code": "61170"
  },
  {
    "name": "Pointel",
    "code": "61332",
    "epci_code": "200035814",
    "departement_code": "61",
    "region_code": "28",
    "postal_code": "61220"
  },
  {
    "name": "Pontchardon",
    "code": "61333",
    "epci_code": "200069458",
    "departement_code": "61",
    "region_code": "28",
    "postal_code": "61120"
  },
  {
    "name": "Pouvrai",
    "code": "61336",
    "epci_code": "200071504",
    "departement_code": "61",
    "region_code": "28",
    "postal_code": "61130"
  },
  {
    "name": "Putanges-le-Lac",
    "code": "61339",
    "epci_code": "246100390",
    "departement_code": "61",
    "region_code": "28",
    "postal_code": "61210"
  },
  {
    "name": "Écouves",
    "code": "61341",
    "epci_code": "246100663",
    "departement_code": "61",
    "region_code": "28",
    "postal_code": "61250"
  },
  {
    "name": "Rai",
    "code": "61342",
    "epci_code": "200068468",
    "departement_code": "61",
    "region_code": "28",
    "postal_code": "61270"
  },
  {
    "name": "Rânes",
    "code": "61344",
    "epci_code": "200068450",
    "departement_code": "61",
    "region_code": "28",
    "postal_code": "61150"
  },
  {
    "name": "Rémalard en Perche",
    "code": "61345",
    "epci_code": "200068435",
    "departement_code": "61",
    "region_code": "28",
    "postal_code": "61110"
  },
  {
    "name": "Le Renouard",
    "code": "61346",
    "epci_code": "200069458",
    "departement_code": "61",
    "region_code": "28",
    "postal_code": "61120"
  },
  {
    "name": "Résenlieu",
    "code": "61347",
    "epci_code": "200069458",
    "departement_code": "61",
    "region_code": "28",
    "postal_code": "61230"
  },
  {
    "name": "Réveillon",
    "code": "61348",
    "epci_code": "200036069",
    "departement_code": "61",
    "region_code": "28",
    "postal_code": "61400"
  },
  {
    "name": "Ri",
    "code": "61349",
    "epci_code": "200068450",
    "departement_code": "61",
    "region_code": "28",
    "postal_code": "61210"
  },
  {
    "name": "La Roche-Mabile",
    "code": "61350",
    "epci_code": "246100663",
    "departement_code": "61",
    "region_code": "28",
    "postal_code": "61420"
  },
  {
    "name": "Roiville",
    "code": "61351",
    "epci_code": "200069458",
    "departement_code": "61",
    "region_code": "28",
    "postal_code": "61120"
  },
  {
    "name": "Rônai",
    "code": "61352",
    "epci_code": "200068450",
    "departement_code": "61",
    "region_code": "28",
    "postal_code": "61160"
  },
  {
    "name": "Rouperroux",
    "code": "61357",
    "epci_code": "200071652",
    "departement_code": "61",
    "region_code": "28",
    "postal_code": "61320"
  },
  {
    "name": "Sai",
    "code": "61358",
    "epci_code": "200068450",
    "departement_code": "61",
    "region_code": "28",
    "postal_code": "61200"
  },
  {
    "name": "Saint-Agnan-sur-Sarthe",
    "code": "61360",
    "epci_code": "200035103",
    "departement_code": "61",
    "region_code": "28",
    "postal_code": "61170"
  },
  {
    "name": "Saint-André-de-Briouze",
    "code": "61361",
    "epci_code": "246100390",
    "departement_code": "61",
    "region_code": "28",
    "postal_code": "61220"
  },
  {
    "name": "Saint-André-de-Messei",
    "code": "61362",
    "epci_code": "200035814",
    "departement_code": "61",
    "region_code": "28",
    "postal_code": "61440"
  },
  {
    "name": "Saint-Aquilin-de-Corbion",
    "code": "61363",
    "epci_code": "200036069",
    "departement_code": "61",
    "region_code": "28",
    "postal_code": "61380"
  },
  {
    "name": "Saint-Aubin-d’Appenai",
    "code": "61365",
    "epci_code": "200035103",
    "departement_code": "61",
    "region_code": "28",
    "postal_code": "61170"
  },
  {
    "name": "Saint-Aubin-de-Bonneval",
    "code": "61366",
    "epci_code": "200069458",
    "departement_code": "61",
    "region_code": "28",
    "postal_code": "61470"
  },
  {
    "name": "Saint-Aubin-de-Courteraie",
    "code": "61367",
    "epci_code": "200036069",
    "departement_code": "61",
    "region_code": "28",
    "postal_code": "61560"
  },
  {
    "name": "Saint-Bômer-les-Forges",
    "code": "61369",
    "epci_code": "200071520",
    "departement_code": "61",
    "region_code": "28",
    "postal_code": "61700"
  },
  {
    "name": "Saint-Brice",
    "code": "61370",
    "epci_code": "200071520",
    "departement_code": "61",
    "region_code": "28",
    "postal_code": "61700"
  },
  {
    "name": "Saint-Brice-sous-Rânes",
    "code": "61371",
    "epci_code": "200068450",
    "departement_code": "61",
    "region_code": "28",
    "postal_code": "61150"
  },
  {
    "name": "Saint-Céneri-le-Gérei",
    "code": "61372",
    "epci_code": "246100663",
    "departement_code": "61",
    "region_code": "28",
    "postal_code": "61250"
  },
  {
    "name": "Sainte-Céronne-lès-Mortagne",
    "code": "61373",
    "epci_code": "200036069",
    "departement_code": "61",
    "region_code": "28",
    "postal_code": "61380"
  },
  {
    "name": "Saint-Christophe-de-Chaulieu",
    "code": "61374",
    "epci_code": "200071520",
    "departement_code": "61",
    "region_code": "28",
    "postal_code": "61800"
  },
  {
    "name": "Boischampré",
    "code": "61375",
    "epci_code": "200068450",
    "departement_code": "61",
    "region_code": "28",
    "postal_code": "61570"
  },
  {
    "name": "Saint-Clair-de-Halouze",
    "code": "61376",
    "epci_code": "200035814",
    "departement_code": "61",
    "region_code": "28",
    "postal_code": "61490"
  },
  {
    "name": "Saint-Cyr-la-Rosière",
    "code": "61379",
    "epci_code": "200068435",
    "departement_code": "61",
    "region_code": "28",
    "postal_code": "61130"
  },
  {
    "name": "Saint-Denis-sur-Huisne",
    "code": "61381",
    "epci_code": "200036069",
    "departement_code": "61",
    "region_code": "28",
    "postal_code": "61400"
  },
  {
    "name": "Saint-Denis-sur-Sarthon",
    "code": "61382",
    "epci_code": "246100663",
    "departement_code": "61",
    "region_code": "28",
    "postal_code": "61420"
  },
  {
    "name": "Saint-Ellier-les-Bois",
    "code": "61384",
    "epci_code": "246100663",
    "departement_code": "61",
    "region_code": "28",
    "postal_code": "61320"
  },
  {
    "name": "Saint-Evroult-de-Montfort",
    "code": "61385",
    "epci_code": "200069458",
    "departement_code": "61",
    "region_code": "28",
    "postal_code": "61230"
  },
  {
    "name": "Saint-Evroult-Notre-Dame-du-Bois",
    "code": "61386",
    "epci_code": "200068468",
    "departement_code": "61",
    "region_code": "28",
    "postal_code": "61550"
  },
  {
    "name": "Saint-Fraimbault",
    "code": "61387",
    "epci_code": "200068443",
    "departement_code": "61",
    "region_code": "28",
    "postal_code": "61350"
  },
  {
    "name": "Saint-Fulgent-des-Ormes",
    "code": "61388",
    "epci_code": "200071504",
    "departement_code": "61",
    "region_code": "28",
    "postal_code": "61130"
  },
  {
    "name": "Sainte-Gauburge-Sainte-Colombe",
    "code": "61389",
    "epci_code": "200069458",
    "departement_code": "61",
    "region_code": "28",
    "postal_code": "61370"
  },
  {
    "name": "Saint-Georges-d’Annebecq",
    "code": "61390",
    "epci_code": "200068450",
    "departement_code": "61",
    "region_code": "28",
    "postal_code": "61600"
  },
  {
    "name": "Saint-Georges-des-Groseillers",
    "code": "61391",
    "epci_code": "200035814",
    "departement_code": "61",
    "region_code": "28",
    "postal_code": "61100"
  },
  {
    "name": "Saint-Germain-d’Aunay",
    "code": "61392",
    "epci_code": "200069458",
    "departement_code": "61",
    "region_code": "28",
    "postal_code": "61470"
  },
  {
    "name": "Saint-Germain-de-Clairefeuille",
    "code": "61393",
    "epci_code": "200069458",
    "departement_code": "61",
    "region_code": "28",
    "postal_code": "61240"
  },
  {
    "name": "Saint-Germain-de-la-Coudre",
    "code": "61394",
    "epci_code": "200071504",
    "departement_code": "61",
    "region_code": "28",
    "postal_code": "61130"
  },
  {
    "name": "Saint-Germain-des-Grois",
    "code": "61395",
    "epci_code": "200068435",
    "departement_code": "61",
    "region_code": "28",
    "postal_code": "61110"
  },
  {
    "name": "Saint-Germain-de-Martigny",
    "code": "61396",
    "epci_code": "200036069",
    "departement_code": "61",
    "region_code": "28",
    "postal_code": "61560"
  },
  {
    "name": "Saint-Germain-du-Corbéis",
    "code": "61397",
    "epci_code": "246100663",
    "departement_code": "61",
    "region_code": "28",
    "postal_code": "61000"
  },
  {
    "name": "Saint-Germain-le-Vieux",
    "code": "61398",
    "epci_code": "200035103",
    "departement_code": "61",
    "region_code": "28",
    "postal_code": "61390"
  },
  {
    "name": "Saint-Gervais-des-Sablons",
    "code": "61399",
    "epci_code": "200068450",
    "departement_code": "61",
    "region_code": "28",
    "postal_code": "61160"
  },
  {
    "name": "Saint-Gervais-du-Perron",
    "code": "61400",
    "epci_code": "200035111",
    "departement_code": "61",
    "region_code": "28",
    "postal_code": "61500"
  },
  {
    "name": "Saint-Gilles-des-Marais",
    "code": "61401",
    "epci_code": "200071520",
    "departement_code": "61",
    "region_code": "28",
    "postal_code": "61700"
  },
  {
    "name": "Saint-Hilaire-de-Briouze",
    "code": "61402",
    "epci_code": "246100390",
    "departement_code": "61",
    "region_code": "28",
    "postal_code": "61220"
  },
  {
    "name": "Saint-Hilaire-le-Châtel",
    "code": "61404",
    "epci_code": "200036069",
    "departement_code": "61",
    "region_code": "28",
    "postal_code": "61400"
  },
  {
    "name": "Saint-Hilaire-sur-Erre",
    "code": "61405",
    "epci_code": "200071504",
    "departement_code": "61",
    "region_code": "28",
    "postal_code": "61340"
  },
  {
    "name": "Saint-Hilaire-sur-Risle",
    "code": "61406",
    "epci_code": "200068468",
    "departement_code": "61",
    "region_code": "28",
    "postal_code": "61270"
  },
  {
    "name": "Sainte-Honorine-la-Chardonne",
    "code": "61407",
    "epci_code": "200035814",
    "departement_code": "61",
    "region_code": "28",
    "postal_code": "61430"
  },
  {
    "name": "Sainte-Honorine-la-Guillaume",
    "code": "61408",
    "epci_code": "246100390",
    "departement_code": "61",
    "region_code": "28",
    "postal_code": "61210"
  },
  {
    "name": "Saint-Jouin-de-Blavou",
    "code": "61411",
    "epci_code": "200036069",
    "departement_code": "61",
    "region_code": "28",
    "postal_code": "61360"
  },
  {
    "name": "Saint-Julien-sur-Sarthe",
    "code": "61412",
    "epci_code": "200035103",
    "departement_code": "61",
    "region_code": "28",
    "postal_code": "61170"
  },
  {
    "name": "Saint-Lambert-sur-Dive",
    "code": "61413",
    "epci_code": "200068450",
    "departement_code": "61",
    "region_code": "28",
    "postal_code": "61160"
  },
  {
    "name": "Saint-Langis-lès-Mortagne",
    "code": "61414",
    "epci_code": "200036069",
    "departement_code": "61",
    "region_code": "28",
    "postal_code": "61400"
  },
  {
    "name": "Saint-Léger-sur-Sarthe",
    "code": "61415",
    "epci_code": "200035103",
    "departement_code": "61",
    "region_code": "28",
    "postal_code": "61170"
  },
  {
    "name": "Saint-Léonard-des-Parcs",
    "code": "61416",
    "epci_code": "200035103",
    "departement_code": "61",
    "region_code": "28",
    "postal_code": "61390"
  },
  {
    "name": "Saint-Mard-de-Réno",
    "code": "61418",
    "epci_code": "200036069",
    "departement_code": "61",
    "region_code": "28",
    "postal_code": "61400"
  },
  {
    "name": "Sainte-Marguerite-de-Carrouges",
    "code": "61419",
    "epci_code": "200071652",
    "departement_code": "61",
    "region_code": "28",
    "postal_code": "61320"
  },
  {
    "name": "Sainte-Marie-la-Robert",
    "code": "61420",
    "epci_code": "200071652",
    "departement_code": "61",
    "region_code": "28",
    "postal_code": "61320"
  },
  {
    "name": "Saint-Mars-dՃgrenne",
    "code": "61421",
    "epci_code": "200068443",
    "departement_code": "61",
    "region_code": "28",
    "postal_code": "61350"
  },
  {
    "name": "Les Aspres",
    "code": "61422",
    "epci_code": "200068468",
    "departement_code": "61",
    "region_code": "28",
    "postal_code": "61270"
  },
  {
    "name": "Saint-Martin-dՃcublei",
    "code": "61423",
    "epci_code": "200068468",
    "departement_code": "61",
    "region_code": "28",
    "postal_code": "61300"
  },
  {
    "name": "Saint-Martin-des-Landes",
    "code": "61424",
    "epci_code": "200071652",
    "departement_code": "61",
    "region_code": "28",
    "postal_code": "61320"
  },
  {
    "name": "Saint-Martin-des-Pézerits",
    "code": "61425",
    "epci_code": "200036069",
    "departement_code": "61",
    "region_code": "28",
    "postal_code": "61380"
  },
  {
    "name": "Saint-Martin-du-Vieux-Bellême",
    "code": "61426",
    "epci_code": "200071504",
    "departement_code": "61",
    "region_code": "28",
    "postal_code": "61130"
  },
  {
    "name": "Saint-Martin-l’Aiguillon",
    "code": "61427",
    "epci_code": "200071652",
    "departement_code": "61",
    "region_code": "28",
    "postal_code": "61320"
  },
  {
    "name": "Charencey",
    "code": "61429",
    "epci_code": "200068856",
    "departement_code": "61",
    "region_code": "28",
    "postal_code": "61190"
  },
  {
    "name": "Saint-Michel-Tubœuf",
    "code": "61432",
    "epci_code": "200068468",
    "departement_code": "61",
    "region_code": "28",
    "postal_code": "61300"
  },
  {
    "name": "Saint-Nicolas-des-Bois",
    "code": "61433",
    "epci_code": "246100663",
    "departement_code": "61",
    "region_code": "28",
    "postal_code": "61250"
  },
  {
    "name": "Saint-Nicolas-de-Sommaire",
    "code": "61435",
    "epci_code": "200068468",
    "departement_code": "61",
    "region_code": "28",
    "postal_code": "61550"
  },
  {
    "name": "Sainte-Opportune",
    "code": "61436",
    "epci_code": "200035814",
    "departement_code": "61",
    "region_code": "28",
    "postal_code": "61100"
  },
  {
    "name": "Saint-Ouen-de-Sécherouvre",
    "code": "61438",
    "epci_code": "200036069",
    "departement_code": "61",
    "region_code": "28",
    "postal_code": "61560"
  },
  {
    "name": "Saint-Ouen-le-Brisoult",
    "code": "61439",
    "epci_code": "200071652",
    "departement_code": "61",
    "region_code": "28",
    "postal_code": "61410"
  },
  {
    "name": "Saint-Ouen-sur-Iton",
    "code": "61440",
    "epci_code": "200068468",
    "departement_code": "61",
    "region_code": "28",
    "postal_code": "61300"
  },
  {
    "name": "Saint-Patrice-du-Désert",
    "code": "61442",
    "epci_code": "200071652",
    "departement_code": "61",
    "region_code": "28",
    "postal_code": "61600"
  },
  {
    "name": "Saint-Paul",
    "code": "61443",
    "epci_code": "200035814",
    "departement_code": "61",
    "region_code": "28",
    "postal_code": "61100"
  },
  {
    "name": "Saint-Philbert-sur-Orne",
    "code": "61444",
    "epci_code": "200035814",
    "departement_code": "61",
    "region_code": "28",
    "postal_code": "61430"
  },
  {
    "name": "Saint-Pierre-d’Entremont",
    "code": "61445",
    "epci_code": "200071520",
    "departement_code": "61",
    "region_code": "28",
    "postal_code": "61800"
  },
  {
    "name": "Saint-Pierre-des-Loges",
    "code": "61446",
    "epci_code": "200069458",
    "departement_code": "61",
    "region_code": "28",
    "postal_code": "61370"
  },
  {
    "name": "Saint-Pierre-du-Regard",
    "code": "61447",
    "epci_code": "200035814",
    "departement_code": "61",
    "region_code": "28",
    "postal_code": "61790"
  },
  {
    "name": "Saint-Pierre-la-Bruyère",
    "code": "61448",
    "epci_code": "200068435",
    "departement_code": "61",
    "region_code": "28",
    "postal_code": "61340"
  },
  {
    "name": "Saint-Quentin-de-Blavou",
    "code": "61450",
    "epci_code": "200035103",
    "departement_code": "61",
    "region_code": "28",
    "postal_code": "61360"
  },
  {
    "name": "Saint-Quentin-les-Chardonnets",
    "code": "61451",
    "epci_code": "200071520",
    "departement_code": "61",
    "region_code": "28",
    "postal_code": "61800"
  },
  {
    "name": "Saint-Roch-sur-Égrenne",
    "code": "61452",
    "epci_code": "200068443",
    "departement_code": "61",
    "region_code": "28",
    "postal_code": "61350"
  },
  {
    "name": "Saint-Sauveur-de-Carrouges",
    "code": "61453",
    "epci_code": "200071652",
    "departement_code": "61",
    "region_code": "28",
    "postal_code": "61320"
  },
  {
    "name": "Sainte-Scolasse-sur-Sarthe",
    "code": "61454",
    "epci_code": "200035103",
    "departement_code": "61",
    "region_code": "28",
    "postal_code": "61170"
  },
  {
    "name": "Saint-Sulpice-sur-Risle",
    "code": "61456",
    "epci_code": "200068468",
    "departement_code": "61",
    "region_code": "28",
    "postal_code": "61300"
  },
  {
    "name": "Saint-Symphorien-des-Bruyères",
    "code": "61457",
    "epci_code": "200068468",
    "departement_code": "61",
    "region_code": "28",
    "postal_code": "61300"
  },
  {
    "name": "Saires-la-Verrerie",
    "code": "61459",
    "epci_code": "200035814",
    "departement_code": "61",
    "region_code": "28",
    "postal_code": "61220"
  },
  {
    "name": "Sap-en-Auge",
    "code": "61460",
    "epci_code": "200069458",
    "departement_code": "61",
    "region_code": "28",
    "postal_code": "61120"
  },
  {
    "name": "Sap-en-Auge",
    "code": "61460",
    "epci_code": "200069458",
    "departement_code": "61",
    "region_code": "28",
    "postal_code": "61470"
  },
  {
    "name": "Le Sap-André",
    "code": "61461",
    "epci_code": "200069458",
    "departement_code": "61",
    "region_code": "28",
    "postal_code": "61230"
  },
  {
    "name": "Sarceaux",
    "code": "61462",
    "epci_code": "200068450",
    "departement_code": "61",
    "region_code": "28",
    "postal_code": "61200"
  },
  {
    "name": "Les Monts d’Andaine",
    "code": "61463",
    "epci_code": "200035814",
    "departement_code": "61",
    "region_code": "28",
    "postal_code": "61600"
  },
  {
    "name": "Sées",
    "code": "61464",
    "epci_code": "200035111",
    "departement_code": "61",
    "region_code": "28",
    "postal_code": "61500"
  },
  {
    "name": "La Selle-la-Forge",
    "code": "61466",
    "epci_code": "200035814",
    "departement_code": "61",
    "region_code": "28",
    "postal_code": "61100"
  },
  {
    "name": "Semallé",
    "code": "61467",
    "epci_code": "246100663",
    "departement_code": "61",
    "region_code": "28",
    "postal_code": "61250"
  },
  {
    "name": "Sévigny",
    "code": "61472",
    "epci_code": "200068450",
    "departement_code": "61",
    "region_code": "28",
    "postal_code": "61200"
  },
  {
    "name": "Sevrai",
    "code": "61473",
    "epci_code": "200068450",
    "departement_code": "61",
    "region_code": "28",
    "postal_code": "61150"
  },
  {
    "name": "Gouffern en Auge",
    "code": "61474",
    "epci_code": "200068450",
    "departement_code": "61",
    "region_code": "28",
    "postal_code": "61160"
  },
  {
    "name": "Gouffern en Auge",
    "code": "61474",
    "epci_code": "200068450",
    "departement_code": "61",
    "region_code": "28",
    "postal_code": "61200"
  },
  {
    "name": "Gouffern en Auge",
    "code": "61474",
    "epci_code": "200068450",
    "departement_code": "61",
    "region_code": "28",
    "postal_code": "61310"
  },
  {
    "name": "Soligny-la-Trappe",
    "code": "61475",
    "epci_code": "200036069",
    "departement_code": "61",
    "region_code": "28",
    "postal_code": "61380"
  },
  {
    "name": "Suré",
    "code": "61476",
    "epci_code": "200072676",
    "departement_code": "61",
    "region_code": "28",
    "postal_code": "61360"
  },
  {
    "name": "Tanques",
    "code": "61479",
    "epci_code": "200068450",
    "departement_code": "61",
    "region_code": "28",
    "postal_code": "61150"
  },
  {
    "name": "Tanville",
    "code": "61480",
    "epci_code": "200035111",
    "departement_code": "61",
    "region_code": "28",
    "postal_code": "61500"
  },
  {
    "name": "Tellières-le-Plessis",
    "code": "61481",
    "epci_code": "200035103",
    "departement_code": "61",
    "region_code": "28",
    "postal_code": "61390"
  },
  {
    "name": "Tessé-Froulay",
    "code": "61482",
    "epci_code": "200068443",
    "departement_code": "61",
    "region_code": "28",
    "postal_code": "61410"
  },
  {
    "name": "Bagnoles de l’Orne Normandie",
    "code": "61483",
    "epci_code": "200068443",
    "departement_code": "61",
    "region_code": "28",
    "postal_code": "61140"
  },
  {
    "name": "Bagnoles de l’Orne Normandie",
    "code": "61483",
    "epci_code": "200068443",
    "departement_code": "61",
    "region_code": "28",
    "postal_code": "61600"
  },
  {
    "name": "Val-au-Perche",
    "code": "61484",
    "epci_code": "200071504",
    "departement_code": "61",
    "region_code": "28",
    "postal_code": "61130"
  },
  {
    "name": "Val-au-Perche",
    "code": "61484",
    "epci_code": "200071504",
    "departement_code": "61",
    "region_code": "28",
    "postal_code": "61260"
  },
  {
    "name": "Val-au-Perche",
    "code": "61484",
    "epci_code": "200071504",
    "departement_code": "61",
    "region_code": "28",
    "postal_code": "61340"
  },
  {
    "name": "Ticheville",
    "code": "61485",
    "epci_code": "200069458",
    "departement_code": "61",
    "region_code": "28",
    "postal_code": "61120"
  },
  {
    "name": "Tinchebray-Bocage",
    "code": "61486",
    "epci_code": "200071520",
    "departement_code": "61",
    "region_code": "28",
    "postal_code": "61800"
  },
  {
    "name": "Torchamp",
    "code": "61487",
    "epci_code": "200068443",
    "departement_code": "61",
    "region_code": "28",
    "postal_code": "61330"
  },
  {
    "name": "Touquettes",
    "code": "61488",
    "epci_code": "200068468",
    "departement_code": "61",
    "region_code": "28",
    "postal_code": "61550"
  },
  {
    "name": "Tournai-sur-Dive",
    "code": "61490",
    "epci_code": "200068450",
    "departement_code": "61",
    "region_code": "28",
    "postal_code": "61160"
  },
  {
    "name": "Tourouvre au Perche",
    "code": "61491",
    "epci_code": "200068856",
    "departement_code": "61",
    "region_code": "28",
    "postal_code": "61190"
  },
  {
    "name": "Trémont",
    "code": "61492",
    "epci_code": "200035103",
    "departement_code": "61",
    "region_code": "28",
    "postal_code": "61390"
  },
  {
    "name": "La Trinité-des-Laitiers",
    "code": "61493",
    "epci_code": "200069458",
    "departement_code": "61",
    "region_code": "28",
    "postal_code": "61230"
  },
  {
    "name": "Trun",
    "code": "61494",
    "epci_code": "200068450",
    "departement_code": "61",
    "region_code": "28",
    "postal_code": "61160"
  },
  {
    "name": "Valframbert",
    "code": "61497",
    "epci_code": "246100663",
    "departement_code": "61",
    "region_code": "28",
    "postal_code": "61250"
  },
  {
    "name": "Vaunoise",
    "code": "61498",
    "epci_code": "200071504",
    "departement_code": "61",
    "region_code": "28",
    "postal_code": "61130"
  },
  {
    "name": "Les Ventes-de-Bourse",
    "code": "61499",
    "epci_code": "200035103",
    "departement_code": "61",
    "region_code": "28",
    "postal_code": "61170"
  },
  {
    "name": "La Ventrouze",
    "code": "61500",
    "epci_code": "200068856",
    "departement_code": "61",
    "region_code": "28",
    "postal_code": "61190"
  },
  {
    "name": "Verrières",
    "code": "61501",
    "epci_code": "200068435",
    "departement_code": "61",
    "region_code": "28",
    "postal_code": "61110"
  },
  {
    "name": "Vidai",
    "code": "61502",
    "epci_code": "200035103",
    "departement_code": "61",
    "region_code": "28",
    "postal_code": "61360"
  },
  {
    "name": "Vieux-Pont",
    "code": "61503",
    "epci_code": "200068450",
    "departement_code": "61",
    "region_code": "28",
    "postal_code": "61150"
  },
  {
    "name": "Villedieu-lès-Bailleul",
    "code": "61505",
    "epci_code": "200068450",
    "departement_code": "61",
    "region_code": "28",
    "postal_code": "61160"
  },
  {
    "name": "Villiers-sous-Mortagne",
    "code": "61507",
    "epci_code": "200036069",
    "departement_code": "61",
    "region_code": "28",
    "postal_code": "61400"
  },
  {
    "name": "Vimoutiers",
    "code": "61508",
    "epci_code": "200069458",
    "departement_code": "61",
    "region_code": "28",
    "postal_code": "61120"
  },
  {
    "name": "Vitrai-sous-Laigle",
    "code": "61510",
    "epci_code": "200068468",
    "departement_code": "61",
    "region_code": "28",
    "postal_code": "61300"
  },
  {
    "name": "Les Yveteaux",
    "code": "61512",
    "epci_code": "246100390",
    "departement_code": "61",
    "region_code": "28",
    "postal_code": "61210"
  }
]