[
  {
    "name": "Aigné",
    "code": "72001",
    "epci_code": "247200132",
    "departement_code": "72",
    "region_code": "52",
    "postal_code": "72650"
  },
  {
    "name": "Aillières-Beauvoir",
    "code": "72002",
    "epci_code": "200072676",
    "departement_code": "72",
    "region_code": "52",
    "postal_code": "72600"
  },
  {
    "name": "Allonnes",
    "code": "72003",
    "epci_code": "247200132",
    "departement_code": "72",
    "region_code": "52",
    "postal_code": "72700"
  },
  {
    "name": "Amné",
    "code": "72004",
    "epci_code": "200040475",
    "departement_code": "72",
    "region_code": "52",
    "postal_code": "72540"
  },
  {
    "name": "Ancinnes",
    "code": "72005",
    "epci_code": "200072700",
    "departement_code": "72",
    "region_code": "52",
    "postal_code": "72610"
  },
  {
    "name": "Arçonnay",
    "code": "72006",
    "epci_code": "246100663",
    "departement_code": "72",
    "region_code": "52",
    "postal_code": "72610"
  },
  {
    "name": "Ardenay-sur-Mérize",
    "code": "72007",
    "epci_code": "200072684",
    "departement_code": "72",
    "region_code": "52",
    "postal_code": "72370"
  },
  {
    "name": "Arnage",
    "code": "72008",
    "epci_code": "247200132",
    "departement_code": "72",
    "region_code": "52",
    "postal_code": "72230"
  },
  {
    "name": "Arthezé",
    "code": "72009",
    "epci_code": "247200348",
    "departement_code": "72",
    "region_code": "52",
    "postal_code": "72270"
  },
  {
    "name": "Asnières-sur-Vègre",
    "code": "72010",
    "epci_code": "247200090",
    "departement_code": "72",
    "region_code": "52",
    "postal_code": "72430"
  },
  {
    "name": "Assé-le-Boisne",
    "code": "72011",
    "epci_code": "200072700",
    "departement_code": "72",
    "region_code": "52",
    "postal_code": "72130"
  },
  {
    "name": "Assé-le-Riboul",
    "code": "72012",
    "epci_code": "200072700",
    "departement_code": "72",
    "region_code": "52",
    "postal_code": "72170"
  },
  {
    "name": "Aubigné-Racan",
    "code": "72013",
    "epci_code": "200073112",
    "departement_code": "72",
    "region_code": "52",
    "postal_code": "72800"
  },
  {
    "name": "Les Aulneaux",
    "code": "72015",
    "epci_code": "200072676",
    "departement_code": "72",
    "region_code": "52",
    "postal_code": "72600"
  },
  {
    "name": "Auvers-le-Hamon",
    "code": "72016",
    "epci_code": "247200090",
    "departement_code": "72",
    "region_code": "52",
    "postal_code": "72300"
  },
  {
    "name": "Auvers-sous-Montfaucon",
    "code": "72017",
    "epci_code": "200040475",
    "departement_code": "72",
    "region_code": "52",
    "postal_code": "72540"
  },
  {
    "name": "Avesnes-en-Saosnois",
    "code": "72018",
    "epci_code": "200072676",
    "departement_code": "72",
    "region_code": "52",
    "postal_code": "72260"
  },
  {
    "name": "Avessé",
    "code": "72019",
    "epci_code": "200040475",
    "departement_code": "72",
    "region_code": "52",
    "postal_code": "72350"
  },
  {
    "name": "Avezé",
    "code": "72020",
    "epci_code": "247200686",
    "departement_code": "72",
    "region_code": "52",
    "postal_code": "72400"
  },
  {
    "name": "Avoise",
    "code": "72021",
    "epci_code": "247200090",
    "departement_code": "72",
    "region_code": "52",
    "postal_code": "72430"
  },
  {
    "name": "Le Bailleul",
    "code": "72022",
    "epci_code": "247200090",
    "departement_code": "72",
    "region_code": "52",
    "postal_code": "72200"
  },
  {
    "name": "Ballon-Saint Mars",
    "code": "72023",
    "epci_code": "200068963",
    "departement_code": "72",
    "region_code": "52",
    "postal_code": "72290"
  },
  {
    "name": "La Bazoge",
    "code": "72024",
    "epci_code": "200068963",
    "departement_code": "72",
    "region_code": "52",
    "postal_code": "72650"
  },
  {
    "name": "Bazouges Cré sur Loir",
    "code": "72025",
    "epci_code": "247200348",
    "departement_code": "72",
    "region_code": "52",
    "postal_code": "72200"
  },
  {
    "name": "Beaufay",
    "code": "72026",
    "epci_code": "200072676",
    "departement_code": "72",
    "region_code": "52",
    "postal_code": "72110"
  },
  {
    "name": "Beaumont-sur-Dême",
    "code": "72027",
    "epci_code": "200070373",
    "departement_code": "72",
    "region_code": "52",
    "postal_code": "72340"
  },
  {
    "name": "Beaumont-Pied-de-Bœuf",
    "code": "72028",
    "epci_code": "200070373",
    "departement_code": "72",
    "region_code": "52",
    "postal_code": "72500"
  },
  {
    "name": "Beaumont-sur-Sarthe",
    "code": "72029",
    "epci_code": "200072700",
    "departement_code": "72",
    "region_code": "52",
    "postal_code": "72170"
  },
  {
    "name": "Beillé",
    "code": "72031",
    "epci_code": "247200686",
    "departement_code": "72",
    "region_code": "52",
    "postal_code": "72160"
  },
  {
    "name": "Berfay",
    "code": "72032",
    "epci_code": "200072692",
    "departement_code": "72",
    "region_code": "52",
    "postal_code": "72320"
  },
  {
    "name": "Bérus",
    "code": "72034",
    "epci_code": "200072700",
    "departement_code": "72",
    "region_code": "52",
    "postal_code": "72610"
  },
  {
    "name": "Bessé-sur-Braye",
    "code": "72035",
    "epci_code": "200072692",
    "departement_code": "72",
    "region_code": "52",
    "postal_code": "72310"
  },
  {
    "name": "Béthon",
    "code": "72036",
    "epci_code": "200072700",
    "departement_code": "72",
    "region_code": "52",
    "postal_code": "72610"
  },
  {
    "name": "Blèves",
    "code": "72037",
    "epci_code": "200072676",
    "departement_code": "72",
    "region_code": "52",
    "postal_code": "72600"
  },
  {
    "name": "Boëssé-le-Sec",
    "code": "72038",
    "epci_code": "247200686",
    "departement_code": "72",
    "region_code": "52",
    "postal_code": "72400"
  },
  {
    "name": "Bonnétable",
    "code": "72039",
    "epci_code": "200072676",
    "departement_code": "72",
    "region_code": "52",
    "postal_code": "72110"
  },
  {
    "name": "La Bosse",
    "code": "72040",
    "epci_code": "247200686",
    "departement_code": "72",
    "region_code": "52",
    "postal_code": "72400"
  },
  {
    "name": "Bouër",
    "code": "72041",
    "epci_code": "247200686",
    "departement_code": "72",
    "region_code": "52",
    "postal_code": "72390"
  },
  {
    "name": "Bouloire",
    "code": "72042",
    "epci_code": "200072684",
    "departement_code": "72",
    "region_code": "52",
    "postal_code": "72440"
  },
  {
    "name": "Bourg-le-Roi",
    "code": "72043",
    "epci_code": "200072700",
    "departement_code": "72",
    "region_code": "52",
    "postal_code": "72610"
  },
  {
    "name": "Bousse",
    "code": "72044",
    "epci_code": "247200348",
    "departement_code": "72",
    "region_code": "52",
    "postal_code": "72270"
  },
  {
    "name": "Brains-sur-Gée",
    "code": "72045",
    "epci_code": "200040475",
    "departement_code": "72",
    "region_code": "52",
    "postal_code": "72550"
  },
  {
    "name": "Le Breil-sur-Mérize",
    "code": "72046",
    "epci_code": "200072684",
    "departement_code": "72",
    "region_code": "52",
    "postal_code": "72370"
  },
  {
    "name": "Brette-les-Pins",
    "code": "72047",
    "epci_code": "247200421",
    "departement_code": "72",
    "region_code": "52",
    "postal_code": "72250"
  },
  {
    "name": "Briosne-lès-Sables",
    "code": "72048",
    "epci_code": "200072676",
    "departement_code": "72",
    "region_code": "52",
    "postal_code": "72110"
  },
  {
    "name": "La Bruère-sur-Loir",
    "code": "72049",
    "epci_code": "200073112",
    "departement_code": "72",
    "region_code": "52",
    "postal_code": "72500"
  },
  {
    "name": "Brûlon",
    "code": "72050",
    "epci_code": "200040475",
    "departement_code": "72",
    "region_code": "52",
    "postal_code": "72350"
  },
  {
    "name": "Cérans-Foulletourte",
    "code": "72051",
    "epci_code": "247200629",
    "departement_code": "72",
    "region_code": "52",
    "postal_code": "72330"
  },
  {
    "name": "Chahaignes",
    "code": "72052",
    "epci_code": "200070373",
    "departement_code": "72",
    "region_code": "52",
    "postal_code": "72340"
  },
  {
    "name": "Challes",
    "code": "72053",
    "epci_code": "247200421",
    "departement_code": "72",
    "region_code": "52",
    "postal_code": "72250"
  },
  {
    "name": "Champagné",
    "code": "72054",
    "epci_code": "247200132",
    "departement_code": "72",
    "region_code": "52",
    "postal_code": "72470"
  },
  {
    "name": "Champfleur",
    "code": "72056",
    "epci_code": "246100663",
    "departement_code": "72",
    "region_code": "52",
    "postal_code": "72610"
  },
  {
    "name": "Champrond",
    "code": "72057",
    "epci_code": "247200686",
    "departement_code": "72",
    "region_code": "52",
    "postal_code": "72320"
  },
  {
    "name": "Changé",
    "code": "72058",
    "epci_code": "247200421",
    "departement_code": "72",
    "region_code": "52",
    "postal_code": "72560"
  },
  {
    "name": "Chantenay-Villedieu",
    "code": "72059",
    "epci_code": "200040475",
    "departement_code": "72",
    "region_code": "52",
    "postal_code": "72430"
  },
  {
    "name": "La Chapelle-aux-Choux",
    "code": "72060",
    "epci_code": "200073112",
    "departement_code": "72",
    "region_code": "52",
    "postal_code": "72800"
  },
  {
    "name": "La Chapelle-d’Aligné",
    "code": "72061",
    "epci_code": "247200348",
    "departement_code": "72",
    "region_code": "52",
    "postal_code": "72300"
  },
  {
    "name": "La Chapelle-du-Bois",
    "code": "72062",
    "epci_code": "247200686",
    "departement_code": "72",
    "region_code": "52",
    "postal_code": "72400"
  },
  {
    "name": "La Chapelle-Huon",
    "code": "72064",
    "epci_code": "200072692",
    "departement_code": "72",
    "region_code": "52",
    "postal_code": "72310"
  },
  {
    "name": "La Chapelle-Saint-Aubin",
    "code": "72065",
    "epci_code": "247200132",
    "departement_code": "72",
    "region_code": "52",
    "postal_code": "72650"
  },
  {
    "name": "La Chapelle-Saint-Fray",
    "code": "72066",
    "epci_code": "200072718",
    "departement_code": "72",
    "region_code": "52",
    "postal_code": "72240"
  },
  {
    "name": "La Chapelle-Saint-Rémy",
    "code": "72067",
    "epci_code": "247200686",
    "departement_code": "72",
    "region_code": "52",
    "postal_code": "72160"
  },
  {
    "name": "La Chartre-sur-le-Loir",
    "code": "72068",
    "epci_code": "200070373",
    "departement_code": "72",
    "region_code": "52",
    "postal_code": "72340"
  },
  {
    "name": "Chassillé",
    "code": "72070",
    "epci_code": "200040475",
    "departement_code": "72",
    "region_code": "52",
    "postal_code": "72540"
  },
  {
    "name": "Montval-sur-Loir",
    "code": "72071",
    "epci_code": "200070373",
    "departement_code": "72",
    "region_code": "52",
    "postal_code": "72500"
  },
  {
    "name": "Château-l’Hermitage",
    "code": "72072",
    "epci_code": "200073112",
    "departement_code": "72",
    "region_code": "52",
    "postal_code": "72510"
  },
  {
    "name": "Chaufour-Notre-Dame",
    "code": "72073",
    "epci_code": "247200132",
    "departement_code": "72",
    "region_code": "52",
    "postal_code": "72550"
  },
  {
    "name": "Chemiré-en-Charnie",
    "code": "72074",
    "epci_code": "200040475",
    "departement_code": "72",
    "region_code": "52",
    "postal_code": "72540"
  },
  {
    "name": "Chemiré-le-Gaudin",
    "code": "72075",
    "epci_code": "247200629",
    "departement_code": "72",
    "region_code": "52",
    "postal_code": "72210"
  },
  {
    "name": "Chenay",
    "code": "72076",
    "epci_code": "246100663",
    "departement_code": "72",
    "region_code": "52",
    "postal_code": "72610"
  },
  {
    "name": "Chenu",
    "code": "72077",
    "epci_code": "200073112",
    "departement_code": "72",
    "region_code": "52",
    "postal_code": "72500"
  },
  {
    "name": "Chérancé",
    "code": "72078",
    "epci_code": "200072700",
    "departement_code": "72",
    "region_code": "52",
    "postal_code": "72170"
  },
  {
    "name": "Chérisay",
    "code": "72079",
    "epci_code": "200072700",
    "departement_code": "72",
    "region_code": "52",
    "postal_code": "72610"
  },
  {
    "name": "Cherré-Au",
    "code": "72080",
    "epci_code": "247200686",
    "departement_code": "72",
    "region_code": "52",
    "postal_code": "72400"
  },
  {
    "name": "Chevillé",
    "code": "72083",
    "epci_code": "200040475",
    "departement_code": "72",
    "region_code": "52",
    "postal_code": "72350"
  },
  {
    "name": "Clermont-Créans",
    "code": "72084",
    "epci_code": "247200348",
    "departement_code": "72",
    "region_code": "52",
    "postal_code": "72200"
  },
  {
    "name": "Cogners",
    "code": "72085",
    "epci_code": "200072692",
    "departement_code": "72",
    "region_code": "52",
    "postal_code": "72310"
  },
  {
    "name": "Commerveil",
    "code": "72086",
    "epci_code": "200072676",
    "departement_code": "72",
    "region_code": "52",
    "postal_code": "72600"
  },
  {
    "name": "Conflans-sur-Anille",
    "code": "72087",
    "epci_code": "200072692",
    "departement_code": "72",
    "region_code": "52",
    "postal_code": "72120"
  },
  {
    "name": "Congé-sur-Orne",
    "code": "72088",
    "epci_code": "200072676",
    "departement_code": "72",
    "region_code": "52",
    "postal_code": "72290"
  },
  {
    "name": "Conlie",
    "code": "72089",
    "epci_code": "200072718",
    "departement_code": "72",
    "region_code": "52",
    "postal_code": "72240"
  },
  {
    "name": "Connerré",
    "code": "72090",
    "epci_code": "200072684",
    "departement_code": "72",
    "region_code": "52",
    "postal_code": "72160"
  },
  {
    "name": "Contilly",
    "code": "72091",
    "epci_code": "200072676",
    "departement_code": "72",
    "region_code": "52",
    "postal_code": "72600"
  },
  {
    "name": "Cormes",
    "code": "72093",
    "epci_code": "247200686",
    "departement_code": "72",
    "region_code": "52",
    "postal_code": "72400"
  },
  {
    "name": "Coudrecieux",
    "code": "72094",
    "epci_code": "200072684",
    "departement_code": "72",
    "region_code": "52",
    "postal_code": "72440"
  },
  {
    "name": "Coulaines",
    "code": "72095",
    "epci_code": "247200132",
    "departement_code": "72",
    "region_code": "52",
    "postal_code": "72190"
  },
  {
    "name": "Coulans-sur-Gée",
    "code": "72096",
    "epci_code": "200040475",
    "departement_code": "72",
    "region_code": "52",
    "postal_code": "72550"
  },
  {
    "name": "Coulongé",
    "code": "72098",
    "epci_code": "200073112",
    "departement_code": "72",
    "region_code": "52",
    "postal_code": "72800"
  },
  {
    "name": "Courcebœufs",
    "code": "72099",
    "epci_code": "200068963",
    "departement_code": "72",
    "region_code": "52",
    "postal_code": "72290"
  },
  {
    "name": "Courcelles-la-Forêt",
    "code": "72100",
    "epci_code": "247200348",
    "departement_code": "72",
    "region_code": "52",
    "postal_code": "72270"
  },
  {
    "name": "Courcemont",
    "code": "72101",
    "epci_code": "200072676",
    "departement_code": "72",
    "region_code": "52",
    "postal_code": "72110"
  },
  {
    "name": "Courcival",
    "code": "72102",
    "epci_code": "200072676",
    "departement_code": "72",
    "region_code": "52",
    "postal_code": "72110"
  },
  {
    "name": "Courdemanche",
    "code": "72103",
    "epci_code": "200070373",
    "departement_code": "72",
    "region_code": "52",
    "postal_code": "72150"
  },
  {
    "name": "Courgains",
    "code": "72104",
    "epci_code": "200072676",
    "departement_code": "72",
    "region_code": "52",
    "postal_code": "72260"
  },
  {
    "name": "Courgenard",
    "code": "72105",
    "epci_code": "247200686",
    "departement_code": "72",
    "region_code": "52",
    "postal_code": "72320"
  },
  {
    "name": "Courtillers",
    "code": "72106",
    "epci_code": "247200090",
    "departement_code": "72",
    "region_code": "52",
    "postal_code": "72300"
  },
  {
    "name": "Crannes-en-Champagne",
    "code": "72107",
    "epci_code": "200040475",
    "departement_code": "72",
    "region_code": "52",
    "postal_code": "72540"
  },
  {
    "name": "Crissé",
    "code": "72109",
    "epci_code": "200072718",
    "departement_code": "72",
    "region_code": "52",
    "postal_code": "72140"
  },
  {
    "name": "Crosmières",
    "code": "72110",
    "epci_code": "247200348",
    "departement_code": "72",
    "region_code": "52",
    "postal_code": "72200"
  },
  {
    "name": "Cures",
    "code": "72111",
    "epci_code": "200072718",
    "departement_code": "72",
    "region_code": "52",
    "postal_code": "72240"
  },
  {
    "name": "Dangeul",
    "code": "72112",
    "epci_code": "200072676",
    "departement_code": "72",
    "region_code": "52",
    "postal_code": "72260"
  },
  {
    "name": "Degré",
    "code": "72113",
    "epci_code": "200072718",
    "departement_code": "72",
    "region_code": "52",
    "postal_code": "72550"
  },
  {
    "name": "Dehault",
    "code": "72114",
    "epci_code": "247200686",
    "departement_code": "72",
    "region_code": "52",
    "postal_code": "72400"
  },
  {
    "name": "Dissay-sous-Courcillon",
    "code": "72115",
    "epci_code": "200070373",
    "departement_code": "72",
    "region_code": "52",
    "postal_code": "72500"
  },
  {
    "name": "Dollon",
    "code": "72118",
    "epci_code": "200072692",
    "departement_code": "72",
    "region_code": "52",
    "postal_code": "72390"
  },
  {
    "name": "Domfront-en-Champagne",
    "code": "72119",
    "epci_code": "200072718",
    "departement_code": "72",
    "region_code": "52",
    "postal_code": "72240"
  },
  {
    "name": "Doucelles",
    "code": "72120",
    "epci_code": "200072700",
    "departement_code": "72",
    "region_code": "52",
    "postal_code": "72170"
  },
  {
    "name": "Douillet",
    "code": "72121",
    "epci_code": "200072700",
    "departement_code": "72",
    "region_code": "52",
    "postal_code": "72130"
  },
  {
    "name": "Duneau",
    "code": "72122",
    "epci_code": "247200686",
    "departement_code": "72",
    "region_code": "52",
    "postal_code": "72160"
  },
  {
    "name": "Dureil",
    "code": "72123",
    "epci_code": "247200090",
    "departement_code": "72",
    "region_code": "52",
    "postal_code": "72270"
  },
  {
    "name": "Écommoy",
    "code": "72124",
    "epci_code": "247200447",
    "departement_code": "72",
    "region_code": "52",
    "postal_code": "72220"
  },
  {
    "name": "Écorpain",
    "code": "72125",
    "epci_code": "200072692",
    "departement_code": "72",
    "region_code": "52",
    "postal_code": "72120"
  },
  {
    "name": "Épineu-le-Chevreuil",
    "code": "72126",
    "epci_code": "200040475",
    "departement_code": "72",
    "region_code": "52",
    "postal_code": "72540"
  },
  {
    "name": "Étival-lès-le-Mans",
    "code": "72127",
    "epci_code": "247200629",
    "departement_code": "72",
    "region_code": "52",
    "postal_code": "72700"
  },
  {
    "name": "Val-dՃtangson",
    "code": "72128",
    "epci_code": "200072692",
    "departement_code": "72",
    "region_code": "52",
    "postal_code": "72120"
  },
  {
    "name": "Fatines",
    "code": "72129",
    "epci_code": "247200132",
    "departement_code": "72",
    "region_code": "52",
    "postal_code": "72470"
  },
  {
    "name": "Fay",
    "code": "72130",
    "epci_code": "247200132",
    "departement_code": "72",
    "region_code": "52",
    "postal_code": "72550"
  },
  {
    "name": "Fercé-sur-Sarthe",
    "code": "72131",
    "epci_code": "247200629",
    "departement_code": "72",
    "region_code": "52",
    "postal_code": "72430"
  },
  {
    "name": "La Ferté-Bernard",
    "code": "72132",
    "epci_code": "247200686",
    "departement_code": "72",
    "region_code": "52",
    "postal_code": "72400"
  },
  {
    "name": "Fillé",
    "code": "72133",
    "epci_code": "247200629",
    "departement_code": "72",
    "region_code": "52",
    "postal_code": "72210"
  },
  {
    "name": "Flée",
    "code": "72134",
    "epci_code": "200070373",
    "departement_code": "72",
    "region_code": "52",
    "postal_code": "72500"
  },
  {
    "name": "La Fontaine-Saint-Martin",
    "code": "72135",
    "epci_code": "247200348",
    "departement_code": "72",
    "region_code": "52",
    "postal_code": "72330"
  },
  {
    "name": "Fontenay-sur-Vègre",
    "code": "72136",
    "epci_code": "200040475",
    "departement_code": "72",
    "region_code": "52",
    "postal_code": "72350"
  },
  {
    "name": "Villeneuve-en-Perseigne",
    "code": "72137",
    "epci_code": "246100663",
    "departement_code": "72",
    "region_code": "52",
    "postal_code": "72600"
  },
  {
    "name": "Villeneuve-en-Perseigne",
    "code": "72137",
    "epci_code": "246100663",
    "departement_code": "72",
    "region_code": "52",
    "postal_code": "72610"
  },
  {
    "name": "Fresnay-sur-Sarthe",
    "code": "72138",
    "epci_code": "200072700",
    "departement_code": "72",
    "region_code": "52",
    "postal_code": "72130"
  },
  {
    "name": "Fyé",
    "code": "72139",
    "epci_code": "200072700",
    "departement_code": "72",
    "region_code": "52",
    "postal_code": "72610"
  },
  {
    "name": "Gesnes-le-Gandelin",
    "code": "72141",
    "epci_code": "200072700",
    "departement_code": "72",
    "region_code": "52",
    "postal_code": "72130"
  },
  {
    "name": "Grandchamp",
    "code": "72142",
    "epci_code": "200072700",
    "departement_code": "72",
    "region_code": "52",
    "postal_code": "72610"
  },
  {
    "name": "Le Grand-Lucé",
    "code": "72143",
    "epci_code": "200070373",
    "departement_code": "72",
    "region_code": "52",
    "postal_code": "72150"
  },
  {
    "name": "Gréez-sur-Roc",
    "code": "72144",
    "epci_code": "247200686",
    "departement_code": "72",
    "region_code": "52",
    "postal_code": "72320"
  },
  {
    "name": "Le Grez",
    "code": "72145",
    "epci_code": "200072718",
    "departement_code": "72",
    "region_code": "52",
    "postal_code": "72140"
  },
  {
    "name": "Guécélard",
    "code": "72146",
    "epci_code": "247200629",
    "departement_code": "72",
    "region_code": "52",
    "postal_code": "72230"
  },
  {
    "name": "La Guierche",
    "code": "72147",
    "epci_code": "200068963",
    "departement_code": "72",
    "region_code": "52",
    "postal_code": "72380"
  },
  {
    "name": "Jauzé",
    "code": "72148",
    "epci_code": "200072676",
    "departement_code": "72",
    "region_code": "52",
    "postal_code": "72110"
  },
  {
    "name": "Joué-en-Charnie",
    "code": "72149",
    "epci_code": "200040475",
    "departement_code": "72",
    "region_code": "52",
    "postal_code": "72540"
  },
  {
    "name": "Joué-l’Abbé",
    "code": "72150",
    "epci_code": "200068963",
    "departement_code": "72",
    "region_code": "52",
    "postal_code": "72380"
  },
  {
    "name": "Juigné-sur-Sarthe",
    "code": "72151",
    "epci_code": "247200090",
    "departement_code": "72",
    "region_code": "52",
    "postal_code": "72300"
  },
  {
    "name": "Juillé",
    "code": "72152",
    "epci_code": "200072700",
    "departement_code": "72",
    "region_code": "52",
    "postal_code": "72170"
  },
  {
    "name": "Jupilles",
    "code": "72153",
    "epci_code": "200070373",
    "departement_code": "72",
    "region_code": "52",
    "postal_code": "72500"
  },
  {
    "name": "La Flèche",
    "code": "72154",
    "epci_code": "247200348",
    "departement_code": "72",
    "region_code": "52",
    "postal_code": "72200"
  },
  {
    "name": "Laigné-Saint-Gervais",
    "code": "72155",
    "epci_code": "247200447",
    "departement_code": "72",
    "region_code": "52",
    "postal_code": "72220"
  },
  {
    "name": "Lamnay",
    "code": "72156",
    "epci_code": "247200686",
    "departement_code": "72",
    "region_code": "52",
    "postal_code": "72320"
  },
  {
    "name": "Lavardin",
    "code": "72157",
    "epci_code": "200072718",
    "departement_code": "72",
    "region_code": "52",
    "postal_code": "72240"
  },
  {
    "name": "Lavaré",
    "code": "72158",
    "epci_code": "200072692",
    "departement_code": "72",
    "region_code": "52",
    "postal_code": "72390"
  },
  {
    "name": "Lavernat",
    "code": "72160",
    "epci_code": "200070373",
    "departement_code": "72",
    "region_code": "52",
    "postal_code": "72500"
  },
  {
    "name": "Lhomme",
    "code": "72161",
    "epci_code": "200070373",
    "departement_code": "72",
    "region_code": "52",
    "postal_code": "72340"
  },
  {
    "name": "Ligron",
    "code": "72163",
    "epci_code": "247200348",
    "departement_code": "72",
    "region_code": "52",
    "postal_code": "72270"
  },
  {
    "name": "Livet-en-Saosnois",
    "code": "72164",
    "epci_code": "200072700",
    "departement_code": "72",
    "region_code": "52",
    "postal_code": "72610"
  },
  {
    "name": "Lombron",
    "code": "72165",
    "epci_code": "200072684",
    "departement_code": "72",
    "region_code": "52",
    "postal_code": "72450"
  },
  {
    "name": "Longnes",
    "code": "72166",
    "epci_code": "200040475",
    "departement_code": "72",
    "region_code": "52",
    "postal_code": "72540"
  },
  {
    "name": "Louailles",
    "code": "72167",
    "epci_code": "247200090",
    "departement_code": "72",
    "region_code": "52",
    "postal_code": "72300"
  },
  {
    "name": "Loué",
    "code": "72168",
    "epci_code": "200040475",
    "departement_code": "72",
    "region_code": "52",
    "postal_code": "72540"
  },
  {
    "name": "Louplande",
    "code": "72169",
    "epci_code": "247200629",
    "departement_code": "72",
    "region_code": "52",
    "postal_code": "72210"
  },
  {
    "name": "Louvigny",
    "code": "72170",
    "epci_code": "200072676",
    "departement_code": "72",
    "region_code": "52",
    "postal_code": "72600"
  },
  {
    "name": "Louzes",
    "code": "72171",
    "epci_code": "200072676",
    "departement_code": "72",
    "region_code": "52",
    "postal_code": "72600"
  },
  {
    "name": "Le Luart",
    "code": "72172",
    "epci_code": "247200686",
    "departement_code": "72",
    "region_code": "52",
    "postal_code": "72390"
  },
  {
    "name": "Luceau",
    "code": "72173",
    "epci_code": "200070373",
    "departement_code": "72",
    "region_code": "52",
    "postal_code": "72500"
  },
  {
    "name": "Lucé-sous-Ballon",
    "code": "72174",
    "epci_code": "200072676",
    "departement_code": "72",
    "region_code": "52",
    "postal_code": "72290"
  },
  {
    "name": "Luché-Pringé",
    "code": "72175",
    "epci_code": "200073112",
    "departement_code": "72",
    "region_code": "52",
    "postal_code": "72800"
  },
  {
    "name": "Le Lude",
    "code": "72176",
    "epci_code": "200073112",
    "departement_code": "72",
    "region_code": "52",
    "postal_code": "72800"
  },
  {
    "name": "Maigné",
    "code": "72177",
    "epci_code": "200040475",
    "departement_code": "72",
    "region_code": "52",
    "postal_code": "72210"
  },
  {
    "name": "Maisoncelles",
    "code": "72178",
    "epci_code": "200072684",
    "departement_code": "72",
    "region_code": "52",
    "postal_code": "72440"
  },
  {
    "name": "Malicorne-sur-Sarthe",
    "code": "72179",
    "epci_code": "247200629",
    "departement_code": "72",
    "region_code": "52",
    "postal_code": "72270"
  },
  {
    "name": "Mamers",
    "code": "72180",
    "epci_code": "200072676",
    "departement_code": "72",
    "region_code": "52",
    "postal_code": "72600"
  },
  {
    "name": "Le Mans",
    "code": "72181",
    "epci_code": "247200132",
    "departement_code": "72",
    "region_code": "52",
    "postal_code": "72000"
  },
  {
    "name": "Le Mans",
    "code": "72181",
    "epci_code": "247200132",
    "departement_code": "72",
    "region_code": "52",
    "postal_code": "72100"
  },
  {
    "name": "Mansigné",
    "code": "72182",
    "epci_code": "200073112",
    "departement_code": "72",
    "region_code": "52",
    "postal_code": "72510"
  },
  {
    "name": "Marçon",
    "code": "72183",
    "epci_code": "200070373",
    "departement_code": "72",
    "region_code": "52",
    "postal_code": "72340"
  },
  {
    "name": "Mareil-en-Champagne",
    "code": "72184",
    "epci_code": "200040475",
    "departement_code": "72",
    "region_code": "52",
    "postal_code": "72540"
  },
  {
    "name": "Mareil-sur-Loir",
    "code": "72185",
    "epci_code": "247200348",
    "departement_code": "72",
    "region_code": "52",
    "postal_code": "72200"
  },
  {
    "name": "Maresché",
    "code": "72186",
    "epci_code": "200072700",
    "departement_code": "72",
    "region_code": "52",
    "postal_code": "72170"
  },
  {
    "name": "Marigné-Laillé",
    "code": "72187",
    "epci_code": "247200447",
    "departement_code": "72",
    "region_code": "52",
    "postal_code": "72220"
  },
  {
    "name": "Marollette",
    "code": "72188",
    "epci_code": "200072676",
    "departement_code": "72",
    "region_code": "52",
    "postal_code": "72600"
  },
  {
    "name": "Marolles-les-Braults",
    "code": "72189",
    "epci_code": "200072676",
    "departement_code": "72",
    "region_code": "52",
    "postal_code": "72260"
  },
  {
    "name": "Marolles-lès-Saint-Calais",
    "code": "72190",
    "epci_code": "200072692",
    "departement_code": "72",
    "region_code": "52",
    "postal_code": "72120"
  },
  {
    "name": "Mayet",
    "code": "72191",
    "epci_code": "200073112",
    "departement_code": "72",
    "region_code": "52",
    "postal_code": "72360"
  },
  {
    "name": "Les Mées",
    "code": "72192",
    "epci_code": "200072676",
    "departement_code": "72",
    "region_code": "52",
    "postal_code": "72260"
  },
  {
    "name": "Melleray",
    "code": "72193",
    "epci_code": "247200686",
    "departement_code": "72",
    "region_code": "52",
    "postal_code": "72320"
  },
  {
    "name": "Meurcé",
    "code": "72194",
    "epci_code": "200072676",
    "departement_code": "72",
    "region_code": "52",
    "postal_code": "72170"
  },
  {
    "name": "Mézeray",
    "code": "72195",
    "epci_code": "247200629",
    "departement_code": "72",
    "region_code": "52",
    "postal_code": "72270"
  },
  {
    "name": "Mézières-sur-Ponthouin",
    "code": "72196",
    "epci_code": "200072676",
    "departement_code": "72",
    "region_code": "52",
    "postal_code": "72290"
  },
  {
    "name": "Mézières-sous-Lavardin",
    "code": "72197",
    "epci_code": "200072718",
    "departement_code": "72",
    "region_code": "52",
    "postal_code": "72240"
  },
  {
    "name": "La Milesse",
    "code": "72198",
    "epci_code": "247200132",
    "departement_code": "72",
    "region_code": "52",
    "postal_code": "72650"
  },
  {
    "name": "Moitron-sur-Sarthe",
    "code": "72199",
    "epci_code": "200072700",
    "departement_code": "72",
    "region_code": "52",
    "postal_code": "72170"
  },
  {
    "name": "Moncé-en-Belin",
    "code": "72200",
    "epci_code": "247200447",
    "departement_code": "72",
    "region_code": "52",
    "postal_code": "72230"
  },
  {
    "name": "Moncé-en-Saosnois",
    "code": "72201",
    "epci_code": "200072676",
    "departement_code": "72",
    "region_code": "52",
    "postal_code": "72260"
  },
  {
    "name": "Monhoudou",
    "code": "72202",
    "epci_code": "200072676",
    "departement_code": "72",
    "region_code": "52",
    "postal_code": "72260"
  },
  {
    "name": "Montaillé",
    "code": "72204",
    "epci_code": "200072692",
    "departement_code": "72",
    "region_code": "52",
    "postal_code": "72120"
  },
  {
    "name": "Montbizot",
    "code": "72205",
    "epci_code": "200068963",
    "departement_code": "72",
    "region_code": "52",
    "postal_code": "72380"
  },
  {
    "name": "Montmirail",
    "code": "72208",
    "epci_code": "247200686",
    "departement_code": "72",
    "region_code": "52",
    "postal_code": "72320"
  },
  {
    "name": "Montreuil-le-Chétif",
    "code": "72209",
    "epci_code": "200072700",
    "departement_code": "72",
    "region_code": "52",
    "postal_code": "72130"
  },
  {
    "name": "Montreuil-le-Henri",
    "code": "72210",
    "epci_code": "200070373",
    "departement_code": "72",
    "region_code": "52",
    "postal_code": "72150"
  },
  {
    "name": "Mont-Saint-Jean",
    "code": "72211",
    "epci_code": "200072718",
    "departement_code": "72",
    "region_code": "52",
    "postal_code": "72140"
  },
  {
    "name": "Moulins-le-Carbonnel",
    "code": "72212",
    "epci_code": "200072700",
    "departement_code": "72",
    "region_code": "52",
    "postal_code": "72130"
  },
  {
    "name": "Mulsanne",
    "code": "72213",
    "epci_code": "247200132",
    "departement_code": "72",
    "region_code": "52",
    "postal_code": "72230"
  },
  {
    "name": "Nauvay",
    "code": "72214",
    "epci_code": "200072676",
    "departement_code": "72",
    "region_code": "52",
    "postal_code": "72260"
  },
  {
    "name": "Neufchâtel-en-Saosnois",
    "code": "72215",
    "epci_code": "200072676",
    "departement_code": "72",
    "region_code": "52",
    "postal_code": "72600"
  },
  {
    "name": "Neuvillalais",
    "code": "72216",
    "epci_code": "200072718",
    "departement_code": "72",
    "region_code": "52",
    "postal_code": "72240"
  },
  {
    "name": "Neuville-sur-Sarthe",
    "code": "72217",
    "epci_code": "200068963",
    "departement_code": "72",
    "region_code": "52",
    "postal_code": "72190"
  },
  {
    "name": "Neuvillette-en-Charnie",
    "code": "72218",
    "epci_code": "200072718",
    "departement_code": "72",
    "region_code": "52",
    "postal_code": "72140"
  },
  {
    "name": "Bernay-Neuvy-en-Champagne",
    "code": "72219",
    "epci_code": "200072718",
    "departement_code": "72",
    "region_code": "52",
    "postal_code": "72240"
  },
  {
    "name": "Nogent-le-Bernard",
    "code": "72220",
    "epci_code": "200072676",
    "departement_code": "72",
    "region_code": "52",
    "postal_code": "72110"
  },
  {
    "name": "Nogent-sur-Loir",
    "code": "72221",
    "epci_code": "200070373",
    "departement_code": "72",
    "region_code": "52",
    "postal_code": "72500"
  },
  {
    "name": "Nouans",
    "code": "72222",
    "epci_code": "200072676",
    "departement_code": "72",
    "region_code": "52",
    "postal_code": "72260"
  },
  {
    "name": "Noyen-sur-Sarthe",
    "code": "72223",
    "epci_code": "200040475",
    "departement_code": "72",
    "region_code": "52",
    "postal_code": "72430"
  },
  {
    "name": "Nuillé-le-Jalais",
    "code": "72224",
    "epci_code": "200072684",
    "departement_code": "72",
    "region_code": "52",
    "postal_code": "72370"
  },
  {
    "name": "Oisseau-le-Petit",
    "code": "72225",
    "epci_code": "200072700",
    "departement_code": "72",
    "region_code": "52",
    "postal_code": "72610"
  },
  {
    "name": "Oizé",
    "code": "72226",
    "epci_code": "247200348",
    "departement_code": "72",
    "region_code": "52",
    "postal_code": "72330"
  },
  {
    "name": "Panon",
    "code": "72227",
    "epci_code": "200072676",
    "departement_code": "72",
    "region_code": "52",
    "postal_code": "72600"
  },
  {
    "name": "Parcé-sur-Sarthe",
    "code": "72228",
    "epci_code": "247200090",
    "departement_code": "72",
    "region_code": "52",
    "postal_code": "72300"
  },
  {
    "name": "Parennes",
    "code": "72229",
    "epci_code": "200072718",
    "departement_code": "72",
    "region_code": "52",
    "postal_code": "72140"
  },
  {
    "name": "Parigné-le-Pôlin",
    "code": "72230",
    "epci_code": "247200629",
    "departement_code": "72",
    "region_code": "52",
    "postal_code": "72330"
  },
  {
    "name": "Parigné-l’Évêque",
    "code": "72231",
    "epci_code": "247200421",
    "departement_code": "72",
    "region_code": "52",
    "postal_code": "72250"
  },
  {
    "name": "Notre-Dame-du-Pé",
    "code": "72232",
    "epci_code": "247200090",
    "departement_code": "72",
    "region_code": "52",
    "postal_code": "72300"
  },
  {
    "name": "Peray",
    "code": "72233",
    "epci_code": "200072676",
    "departement_code": "72",
    "region_code": "52",
    "postal_code": "72260"
  },
  {
    "name": "Pezé-le-Robert",
    "code": "72234",
    "epci_code": "200072718",
    "departement_code": "72",
    "region_code": "52",
    "postal_code": "72140"
  },
  {
    "name": "Piacé",
    "code": "72235",
    "epci_code": "200072700",
    "departement_code": "72",
    "region_code": "52",
    "postal_code": "72170"
  },
  {
    "name": "Pincé",
    "code": "72236",
    "epci_code": "247200090",
    "departement_code": "72",
    "region_code": "52",
    "postal_code": "72300"
  },
  {
    "name": "Pirmil",
    "code": "72237",
    "epci_code": "200040475",
    "departement_code": "72",
    "region_code": "52",
    "postal_code": "72430"
  },
  {
    "name": "Pizieux",
    "code": "72238",
    "epci_code": "200072676",
    "departement_code": "72",
    "region_code": "52",
    "postal_code": "72600"
  },
  {
    "name": "Poillé-sur-Vègre",
    "code": "72239",
    "epci_code": "200040475",
    "departement_code": "72",
    "region_code": "52",
    "postal_code": "72350"
  },
  {
    "name": "Montfort-le-Gesnois",
    "code": "72241",
    "epci_code": "200072684",
    "departement_code": "72",
    "region_code": "52",
    "postal_code": "72450"
  },
  {
    "name": "Pontvallain",
    "code": "72243",
    "epci_code": "200073112",
    "departement_code": "72",
    "region_code": "52",
    "postal_code": "72510"
  },
  {
    "name": "Précigné",
    "code": "72244",
    "epci_code": "247200090",
    "departement_code": "72",
    "region_code": "52",
    "postal_code": "72300"
  },
  {
    "name": "Préval",
    "code": "72245",
    "epci_code": "247200686",
    "departement_code": "72",
    "region_code": "52",
    "postal_code": "72400"
  },
  {
    "name": "Prévelles",
    "code": "72246",
    "epci_code": "247200686",
    "departement_code": "72",
    "region_code": "52",
    "postal_code": "72110"
  },
  {
    "name": "Pruillé-le-Chétif",
    "code": "72247",
    "epci_code": "247200132",
    "departement_code": "72",
    "region_code": "52",
    "postal_code": "72700"
  },
  {
    "name": "Pruillé-l’Éguillé",
    "code": "72248",
    "epci_code": "200070373",
    "departement_code": "72",
    "region_code": "52",
    "postal_code": "72150"
  },
  {
    "name": "La Quinte",
    "code": "72249",
    "epci_code": "200072718",
    "departement_code": "72",
    "region_code": "52",
    "postal_code": "72550"
  },
  {
    "name": "Rahay",
    "code": "72250",
    "epci_code": "200072692",
    "departement_code": "72",
    "region_code": "52",
    "postal_code": "72120"
  },
  {
    "name": "René",
    "code": "72251",
    "epci_code": "200072676",
    "departement_code": "72",
    "region_code": "52",
    "postal_code": "72260"
  },
  {
    "name": "Requeil",
    "code": "72252",
    "epci_code": "200073112",
    "departement_code": "72",
    "region_code": "52",
    "postal_code": "72510"
  },
  {
    "name": "Roëzé-sur-Sarthe",
    "code": "72253",
    "epci_code": "247200629",
    "departement_code": "72",
    "region_code": "52",
    "postal_code": "72210"
  },
  {
    "name": "Rouessé-Fontaine",
    "code": "72254",
    "epci_code": "200072700",
    "departement_code": "72",
    "region_code": "52",
    "postal_code": "72610"
  },
  {
    "name": "Rouessé-Vassé",
    "code": "72255",
    "epci_code": "200072718",
    "departement_code": "72",
    "region_code": "52",
    "postal_code": "72140"
  },
  {
    "name": "Rouez",
    "code": "72256",
    "epci_code": "200072718",
    "departement_code": "72",
    "region_code": "52",
    "postal_code": "72140"
  },
  {
    "name": "Rouillon",
    "code": "72257",
    "epci_code": "247200132",
    "departement_code": "72",
    "region_code": "52",
    "postal_code": "72700"
  },
  {
    "name": "Rouperroux-le-Coquet",
    "code": "72259",
    "epci_code": "200072676",
    "departement_code": "72",
    "region_code": "52",
    "postal_code": "72110"
  },
  {
    "name": "Ruaudin",
    "code": "72260",
    "epci_code": "247200132",
    "departement_code": "72",
    "region_code": "52",
    "postal_code": "72230"
  },
  {
    "name": "Ruillé-en-Champagne",
    "code": "72261",
    "epci_code": "200072718",
    "departement_code": "72",
    "region_code": "52",
    "postal_code": "72240"
  },
  {
    "name": "Loir en Vallée",
    "code": "72262",
    "epci_code": "200070373",
    "departement_code": "72",
    "region_code": "52",
    "postal_code": "72310"
  },
  {
    "name": "Loir en Vallée",
    "code": "72262",
    "epci_code": "200070373",
    "departement_code": "72",
    "region_code": "52",
    "postal_code": "72340"
  },
  {
    "name": "Sablé-sur-Sarthe",
    "code": "72264",
    "epci_code": "247200090",
    "departement_code": "72",
    "region_code": "52",
    "postal_code": "72300"
  },
  {
    "name": "Saint-Aignan",
    "code": "72265",
    "epci_code": "200072676",
    "departement_code": "72",
    "region_code": "52",
    "postal_code": "72110"
  },
  {
    "name": "Saint-Aubin-de-Locquenay",
    "code": "72266",
    "epci_code": "200072700",
    "departement_code": "72",
    "region_code": "52",
    "postal_code": "72130"
  },
  {
    "name": "Saint-Aubin-des-Coudrais",
    "code": "72267",
    "epci_code": "247200686",
    "departement_code": "72",
    "region_code": "52",
    "postal_code": "72400"
  },
  {
    "name": "Saint-Biez-en-Belin",
    "code": "72268",
    "epci_code": "247200447",
    "departement_code": "72",
    "region_code": "52",
    "postal_code": "72220"
  },
  {
    "name": "Saint-Calais",
    "code": "72269",
    "epci_code": "200072692",
    "departement_code": "72",
    "region_code": "52",
    "postal_code": "72120"
  },
  {
    "name": "Saint-Calez-en-Saosnois",
    "code": "72270",
    "epci_code": "200072676",
    "departement_code": "72",
    "region_code": "52",
    "postal_code": "72600"
  },
  {
    "name": "Saint-Célerin",
    "code": "72271",
    "epci_code": "200072684",
    "departement_code": "72",
    "region_code": "52",
    "postal_code": "72110"
  },
  {
    "name": "Sainte-Cérotte",
    "code": "72272",
    "epci_code": "200072692",
    "departement_code": "72",
    "region_code": "52",
    "postal_code": "72120"
  },
  {
    "name": "Saint-Christophe-du-Jambet",
    "code": "72273",
    "epci_code": "200072700",
    "departement_code": "72",
    "region_code": "52",
    "postal_code": "72170"
  },
  {
    "name": "Saint-Christophe-en-Champagne",
    "code": "72274",
    "epci_code": "200040475",
    "departement_code": "72",
    "region_code": "52",
    "postal_code": "72540"
  },
  {
    "name": "Saint-Corneille",
    "code": "72275",
    "epci_code": "200072684",
    "departement_code": "72",
    "region_code": "52",
    "postal_code": "72460"
  },
  {
    "name": "Saint-Cosme-en-Vairais",
    "code": "72276",
    "epci_code": "200072676",
    "departement_code": "72",
    "region_code": "52",
    "postal_code": "72110"
  },
  {
    "name": "Saint-Denis-des-Coudrais",
    "code": "72277",
    "epci_code": "247200686",
    "departement_code": "72",
    "region_code": "52",
    "postal_code": "72110"
  },
  {
    "name": "Saint-Denis-d’Orques",
    "code": "72278",
    "epci_code": "200040475",
    "departement_code": "72",
    "region_code": "52",
    "postal_code": "72350"
  },
  {
    "name": "Saint-Georges-de-la-Couée",
    "code": "72279",
    "epci_code": "200070373",
    "departement_code": "72",
    "region_code": "52",
    "postal_code": "72150"
  },
  {
    "name": "Saint-Georges-du-Bois",
    "code": "72280",
    "epci_code": "247200132",
    "departement_code": "72",
    "region_code": "52",
    "postal_code": "72700"
  },
  {
    "name": "Saint-Georges-du-Rosay",
    "code": "72281",
    "epci_code": "200072676",
    "departement_code": "72",
    "region_code": "52",
    "postal_code": "72110"
  },
  {
    "name": "Saint-Georges-le-Gaultier",
    "code": "72282",
    "epci_code": "200072700",
    "departement_code": "72",
    "region_code": "52",
    "postal_code": "72130"
  },
  {
    "name": "Saint-Germain-d’Arcé",
    "code": "72283",
    "epci_code": "200073112",
    "departement_code": "72",
    "region_code": "52",
    "postal_code": "72800"
  },
  {
    "name": "Saint-Gervais-de-Vic",
    "code": "72286",
    "epci_code": "200072692",
    "departement_code": "72",
    "region_code": "52",
    "postal_code": "72120"
  },
  {
    "name": "Sainte-Jamme-sur-Sarthe",
    "code": "72289",
    "epci_code": "200068963",
    "departement_code": "72",
    "region_code": "52",
    "postal_code": "72380"
  },
  {
    "name": "Saint-Jean-d’Assé",
    "code": "72290",
    "epci_code": "200068963",
    "departement_code": "72",
    "region_code": "52",
    "postal_code": "72380"
  },
  {
    "name": "Saint-Jean-de-la-Motte",
    "code": "72291",
    "epci_code": "200073112",
    "departement_code": "72",
    "region_code": "52",
    "postal_code": "72510"
  },
  {
    "name": "Saint-Jean-des-Échelles",
    "code": "72292",
    "epci_code": "247200686",
    "departement_code": "72",
    "region_code": "52",
    "postal_code": "72320"
  },
  {
    "name": "Saint-Jean-du-Bois",
    "code": "72293",
    "epci_code": "247200629",
    "departement_code": "72",
    "region_code": "52",
    "postal_code": "72430"
  },
  {
    "name": "Saint-Léonard-des-Bois",
    "code": "72294",
    "epci_code": "200072700",
    "departement_code": "72",
    "region_code": "52",
    "postal_code": "72130"
  },
  {
    "name": "Saint-Longis",
    "code": "72295",
    "epci_code": "200072676",
    "departement_code": "72",
    "region_code": "52",
    "postal_code": "72600"
  },
  {
    "name": "Saint-Maixent",
    "code": "72296",
    "epci_code": "247200686",
    "departement_code": "72",
    "region_code": "52",
    "postal_code": "72320"
  },
  {
    "name": "Saint-Marceau",
    "code": "72297",
    "epci_code": "200072700",
    "departement_code": "72",
    "region_code": "52",
    "postal_code": "72170"
  },
  {
    "name": "Saint-Mars-d’Outillé",
    "code": "72299",
    "epci_code": "247200421",
    "departement_code": "72",
    "region_code": "52",
    "postal_code": "72220"
  },
  {
    "name": "Saint-Mars-la-Brière",
    "code": "72300",
    "epci_code": "200072684",
    "departement_code": "72",
    "region_code": "52",
    "postal_code": "72470"
  },
  {
    "name": "Saint-Martin-des-Monts",
    "code": "72302",
    "epci_code": "247200686",
    "departement_code": "72",
    "region_code": "52",
    "postal_code": "72400"
  },
  {
    "name": "Saint-Michel-de-Chavaignes",
    "code": "72303",
    "epci_code": "200072684",
    "departement_code": "72",
    "region_code": "52",
    "postal_code": "72440"
  },
  {
    "name": "Saint-Ouen-de-Mimbré",
    "code": "72305",
    "epci_code": "200072700",
    "departement_code": "72",
    "region_code": "52",
    "postal_code": "72130"
  },
  {
    "name": "Saint-Ouen-en-Belin",
    "code": "72306",
    "epci_code": "247200447",
    "departement_code": "72",
    "region_code": "52",
    "postal_code": "72220"
  },
  {
    "name": "Saint-Ouen-en-Champagne",
    "code": "72307",
    "epci_code": "200040475",
    "departement_code": "72",
    "region_code": "52",
    "postal_code": "72350"
  },
  {
    "name": "Saint-Paterne - Le Chevain",
    "code": "72308",
    "epci_code": "246100663",
    "departement_code": "72",
    "region_code": "52",
    "postal_code": "72610"
  },
  {
    "name": "Saint-Paul-le-Gaultier",
    "code": "72309",
    "epci_code": "200072700",
    "departement_code": "72",
    "region_code": "52",
    "postal_code": "72130"
  },
  {
    "name": "Saint-Pavace",
    "code": "72310",
    "epci_code": "200068963",
    "departement_code": "72",
    "region_code": "52",
    "postal_code": "72190"
  },
  {
    "name": "Saint-Pierre-de-Chevillé",
    "code": "72311",
    "epci_code": "200070373",
    "departement_code": "72",
    "region_code": "52",
    "postal_code": "72500"
  },
  {
    "name": "Saint-Pierre-des-Bois",
    "code": "72312",
    "epci_code": "200040475",
    "departement_code": "72",
    "region_code": "52",
    "postal_code": "72430"
  },
  {
    "name": "Saint-Pierre-des-Ormes",
    "code": "72313",
    "epci_code": "200072676",
    "departement_code": "72",
    "region_code": "52",
    "postal_code": "72600"
  },
  {
    "name": "Saint-Pierre-du-Lorouër",
    "code": "72314",
    "epci_code": "200070373",
    "departement_code": "72",
    "region_code": "52",
    "postal_code": "72150"
  },
  {
    "name": "Saint-Rémy-de-Sillé",
    "code": "72315",
    "epci_code": "200072718",
    "departement_code": "72",
    "region_code": "52",
    "postal_code": "72140"
  },
  {
    "name": "Saint-Rémy-des-Monts",
    "code": "72316",
    "epci_code": "200072676",
    "departement_code": "72",
    "region_code": "52",
    "postal_code": "72600"
  },
  {
    "name": "Saint-Rémy-du-Val",
    "code": "72317",
    "epci_code": "200072676",
    "departement_code": "72",
    "region_code": "52",
    "postal_code": "72600"
  },
  {
    "name": "Sainte-Sabine-sur-Longève",
    "code": "72319",
    "epci_code": "200072718",
    "departement_code": "72",
    "region_code": "52",
    "postal_code": "72380"
  },
  {
    "name": "Saint-Saturnin",
    "code": "72320",
    "epci_code": "247200132",
    "departement_code": "72",
    "region_code": "52",
    "postal_code": "72650"
  },
  {
    "name": "Saint-Symphorien",
    "code": "72321",
    "epci_code": "200072718",
    "departement_code": "72",
    "region_code": "52",
    "postal_code": "72240"
  },
  {
    "name": "Saint-Ulphace",
    "code": "72322",
    "epci_code": "247200686",
    "departement_code": "72",
    "region_code": "52",
    "postal_code": "72320"
  },
  {
    "name": "Saint-Victeur",
    "code": "72323",
    "epci_code": "200072700",
    "departement_code": "72",
    "region_code": "52",
    "postal_code": "72130"
  },
  {
    "name": "Saint-Vincent-des-Prés",
    "code": "72324",
    "epci_code": "200072676",
    "departement_code": "72",
    "region_code": "52",
    "postal_code": "72600"
  },
  {
    "name": "Saint-Vincent-du-Lorouër",
    "code": "72325",
    "epci_code": "200070373",
    "departement_code": "72",
    "region_code": "52",
    "postal_code": "72150"
  },
  {
    "name": "Saosnes",
    "code": "72326",
    "epci_code": "200072676",
    "departement_code": "72",
    "region_code": "52",
    "postal_code": "72600"
  },
  {
    "name": "Sarcé",
    "code": "72327",
    "epci_code": "200073112",
    "departement_code": "72",
    "region_code": "52",
    "postal_code": "72360"
  },
  {
    "name": "Sargé-lès-le-Mans",
    "code": "72328",
    "epci_code": "247200132",
    "departement_code": "72",
    "region_code": "52",
    "postal_code": "72190"
  },
  {
    "name": "Savigné-l’Évêque",
    "code": "72329",
    "epci_code": "200072684",
    "departement_code": "72",
    "region_code": "52",
    "postal_code": "72460"
  },
  {
    "name": "Savigné-sous-le-Lude",
    "code": "72330",
    "epci_code": "200073112",
    "departement_code": "72",
    "region_code": "52",
    "postal_code": "72800"
  },
  {
    "name": "Sceaux-sur-Huisne",
    "code": "72331",
    "epci_code": "247200686",
    "departement_code": "72",
    "region_code": "52",
    "postal_code": "72160"
  },
  {
    "name": "Ségrie",
    "code": "72332",
    "epci_code": "200072700",
    "departement_code": "72",
    "region_code": "52",
    "postal_code": "72170"
  },
  {
    "name": "Semur-en-Vallon",
    "code": "72333",
    "epci_code": "200072692",
    "departement_code": "72",
    "region_code": "52",
    "postal_code": "72390"
  },
  {
    "name": "Sillé-le-Guillaume",
    "code": "72334",
    "epci_code": "200072718",
    "departement_code": "72",
    "region_code": "52",
    "postal_code": "72140"
  },
  {
    "name": "Sillé-le-Philippe",
    "code": "72335",
    "epci_code": "200072684",
    "departement_code": "72",
    "region_code": "52",
    "postal_code": "72460"
  },
  {
    "name": "Solesmes",
    "code": "72336",
    "epci_code": "247200090",
    "departement_code": "72",
    "region_code": "52",
    "postal_code": "72300"
  },
  {
    "name": "Sougé-le-Ganelon",
    "code": "72337",
    "epci_code": "200072700",
    "departement_code": "72",
    "region_code": "52",
    "postal_code": "72130"
  },
  {
    "name": "Souillé",
    "code": "72338",
    "epci_code": "200068963",
    "departement_code": "72",
    "region_code": "52",
    "postal_code": "72380"
  },
  {
    "name": "Souligné-Flacé",
    "code": "72339",
    "epci_code": "247200629",
    "departement_code": "72",
    "region_code": "52",
    "postal_code": "72210"
  },
  {
    "name": "Souligné-sous-Ballon",
    "code": "72340",
    "epci_code": "200068963",
    "departement_code": "72",
    "region_code": "52",
    "postal_code": "72290"
  },
  {
    "name": "Soulitré",
    "code": "72341",
    "epci_code": "200072684",
    "departement_code": "72",
    "region_code": "52",
    "postal_code": "72370"
  },
  {
    "name": "Souvigné-sur-Même",
    "code": "72342",
    "epci_code": "247200686",
    "departement_code": "72",
    "region_code": "52",
    "postal_code": "72400"
  },
  {
    "name": "Souvigné-sur-Sarthe",
    "code": "72343",
    "epci_code": "247200090",
    "departement_code": "72",
    "region_code": "52",
    "postal_code": "72300"
  },
  {
    "name": "Spay",
    "code": "72344",
    "epci_code": "247200629",
    "departement_code": "72",
    "region_code": "52",
    "postal_code": "72700"
  },
  {
    "name": "Surfonds",
    "code": "72345",
    "epci_code": "200072684",
    "departement_code": "72",
    "region_code": "52",
    "postal_code": "72370"
  },
  {
    "name": "La Suze-sur-Sarthe",
    "code": "72346",
    "epci_code": "247200629",
    "departement_code": "72",
    "region_code": "52",
    "postal_code": "72210"
  },
  {
    "name": "Tassé",
    "code": "72347",
    "epci_code": "200040475",
    "departement_code": "72",
    "region_code": "52",
    "postal_code": "72430"
  },
  {
    "name": "Tassillé",
    "code": "72348",
    "epci_code": "200040475",
    "departement_code": "72",
    "region_code": "52",
    "postal_code": "72540"
  },
  {
    "name": "Teillé",
    "code": "72349",
    "epci_code": "200068963",
    "departement_code": "72",
    "region_code": "52",
    "postal_code": "72290"
  },
  {
    "name": "Teloché",
    "code": "72350",
    "epci_code": "247200447",
    "departement_code": "72",
    "region_code": "52",
    "postal_code": "72220"
  },
  {
    "name": "Tennie",
    "code": "72351",
    "epci_code": "200072718",
    "departement_code": "72",
    "region_code": "52",
    "postal_code": "72240"
  },
  {
    "name": "Terrehault",
    "code": "72352",
    "epci_code": "200072676",
    "departement_code": "72",
    "region_code": "52",
    "postal_code": "72110"
  },
  {
    "name": "Théligny",
    "code": "72353",
    "epci_code": "247200686",
    "departement_code": "72",
    "region_code": "52",
    "postal_code": "72320"
  },
  {
    "name": "Thoigné",
    "code": "72354",
    "epci_code": "200072676",
    "departement_code": "72",
    "region_code": "52",
    "postal_code": "72260"
  },
  {
    "name": "Thoiré-sous-Contensor",
    "code": "72355",
    "epci_code": "200072700",
    "departement_code": "72",
    "region_code": "52",
    "postal_code": "72610"
  },
  {
    "name": "Thoiré-sur-Dinan",
    "code": "72356",
    "epci_code": "200070373",
    "departement_code": "72",
    "region_code": "52",
    "postal_code": "72500"
  },
  {
    "name": "Thorée-les-Pins",
    "code": "72357",
    "epci_code": "247200348",
    "departement_code": "72",
    "region_code": "52",
    "postal_code": "72800"
  },
  {
    "name": "Thorigné-sur-Dué",
    "code": "72358",
    "epci_code": "200072684",
    "departement_code": "72",
    "region_code": "52",
    "postal_code": "72160"
  },
  {
    "name": "Torcé-en-Vallée",
    "code": "72359",
    "epci_code": "200072684",
    "departement_code": "72",
    "region_code": "52",
    "postal_code": "72110"
  },
  {
    "name": "Trangé",
    "code": "72360",
    "epci_code": "247200132",
    "departement_code": "72",
    "region_code": "52",
    "postal_code": "72650"
  },
  {
    "name": "Tresson",
    "code": "72361",
    "epci_code": "200072684",
    "departement_code": "72",
    "region_code": "52",
    "postal_code": "72440"
  },
  {
    "name": "Le Tronchet",
    "code": "72362",
    "epci_code": "200072700",
    "departement_code": "72",
    "region_code": "52",
    "postal_code": "72170"
  },
  {
    "name": "Tuffé Val de la Chéronne",
    "code": "72363",
    "epci_code": "247200686",
    "departement_code": "72",
    "region_code": "52",
    "postal_code": "72160"
  },
  {
    "name": "Vaas",
    "code": "72364",
    "epci_code": "200073112",
    "departement_code": "72",
    "region_code": "52",
    "postal_code": "72500"
  },
  {
    "name": "Valennes",
    "code": "72366",
    "epci_code": "200072692",
    "departement_code": "72",
    "region_code": "52",
    "postal_code": "72320"
  },
  {
    "name": "Vallon-sur-Gée",
    "code": "72367",
    "epci_code": "200040475",
    "departement_code": "72",
    "region_code": "52",
    "postal_code": "72540"
  },
  {
    "name": "Vancé",
    "code": "72368",
    "epci_code": "200072692",
    "departement_code": "72",
    "region_code": "52",
    "postal_code": "72310"
  },
  {
    "name": "Verneil-le-Chétif",
    "code": "72369",
    "epci_code": "200073112",
    "departement_code": "72",
    "region_code": "52",
    "postal_code": "72360"
  },
  {
    "name": "Vernie",
    "code": "72370",
    "epci_code": "200072700",
    "departement_code": "72",
    "region_code": "52",
    "postal_code": "72170"
  },
  {
    "name": "Vezot",
    "code": "72372",
    "epci_code": "200072676",
    "departement_code": "72",
    "region_code": "52",
    "postal_code": "72600"
  },
  {
    "name": "Vibraye",
    "code": "72373",
    "epci_code": "200072692",
    "departement_code": "72",
    "region_code": "52",
    "postal_code": "72320"
  },
  {
    "name": "Villaines-la-Carelle",
    "code": "72374",
    "epci_code": "200072676",
    "departement_code": "72",
    "region_code": "52",
    "postal_code": "72600"
  },
  {
    "name": "Villaines-la-Gonais",
    "code": "72375",
    "epci_code": "247200686",
    "departement_code": "72",
    "region_code": "52",
    "postal_code": "72400"
  },
  {
    "name": "Villaines-sous-Lucé",
    "code": "72376",
    "epci_code": "200070373",
    "departement_code": "72",
    "region_code": "52",
    "postal_code": "72150"
  },
  {
    "name": "Villaines-sous-Malicorne",
    "code": "72377",
    "epci_code": "247200348",
    "departement_code": "72",
    "region_code": "52",
    "postal_code": "72270"
  },
  {
    "name": "Vion",
    "code": "72378",
    "epci_code": "247200090",
    "departement_code": "72",
    "region_code": "52",
    "postal_code": "72300"
  },
  {
    "name": "Viré-en-Champagne",
    "code": "72379",
    "epci_code": "200040475",
    "departement_code": "72",
    "region_code": "52",
    "postal_code": "72350"
  },
  {
    "name": "Vivoin",
    "code": "72380",
    "epci_code": "200072700",
    "departement_code": "72",
    "region_code": "52",
    "postal_code": "72170"
  },
  {
    "name": "Voivres-lès-le-Mans",
    "code": "72381",
    "epci_code": "247200629",
    "departement_code": "72",
    "region_code": "52",
    "postal_code": "72210"
  },
  {
    "name": "Val-de-la-Hune",
    "code": "72382",
    "epci_code": "200072684",
    "departement_code": "72",
    "region_code": "52",
    "postal_code": "72440"
  },
  {
    "name": "Vouvray-sur-Huisne",
    "code": "72383",
    "epci_code": "247200686",
    "departement_code": "72",
    "region_code": "52",
    "postal_code": "72160"
  },
  {
    "name": "Yvré-le-Pôlin",
    "code": "72385",
    "epci_code": "200073112",
    "departement_code": "72",
    "region_code": "52",
    "postal_code": "72330"
  },
  {
    "name": "Yvré-l’Évêque",
    "code": "72386",
    "epci_code": "247200132",
    "departement_code": "72",
    "region_code": "52",
    "postal_code": "72530"
  }
]