[
  {
    "name": "Aboën",
    "code": "42001",
    "epci_code": "244200770",
    "departement_code": "42",
    "region_code": "84",
    "postal_code": "42380"
  },
  {
    "name": "Ailleux",
    "code": "42002",
    "epci_code": "200065886",
    "departement_code": "42",
    "region_code": "84",
    "postal_code": "42130"
  },
  {
    "name": "Ambierle",
    "code": "42003",
    "epci_code": "200035731",
    "departement_code": "42",
    "region_code": "84",
    "postal_code": "42820"
  },
  {
    "name": "Andrézieux-Bouthéon",
    "code": "42005",
    "epci_code": "244200770",
    "departement_code": "42",
    "region_code": "84",
    "postal_code": "42160"
  },
  {
    "name": "Apinac",
    "code": "42006",
    "epci_code": "200065886",
    "departement_code": "42",
    "region_code": "84",
    "postal_code": "42550"
  },
  {
    "name": "Arcinges",
    "code": "42007",
    "epci_code": "200035202",
    "departement_code": "42",
    "region_code": "84",
    "postal_code": "42460"
  },
  {
    "name": "Arcon",
    "code": "42008",
    "epci_code": "200035731",
    "departement_code": "42",
    "region_code": "84",
    "postal_code": "42370"
  },
  {
    "name": "Arthun",
    "code": "42009",
    "epci_code": "200065886",
    "departement_code": "42",
    "region_code": "84",
    "postal_code": "42130"
  },
  {
    "name": "Aveizieux",
    "code": "42010",
    "epci_code": "200065894",
    "departement_code": "42",
    "region_code": "84",
    "postal_code": "42330"
  },
  {
    "name": "Balbigny",
    "code": "42011",
    "epci_code": "200065894",
    "departement_code": "42",
    "region_code": "84",
    "postal_code": "42510"
  },
  {
    "name": "Bard",
    "code": "42012",
    "epci_code": "200065886",
    "departement_code": "42",
    "region_code": "84",
    "postal_code": "42600"
  },
  {
    "name": "Bellegarde-en-Forez",
    "code": "42013",
    "epci_code": "200065894",
    "departement_code": "42",
    "region_code": "84",
    "postal_code": "42210"
  },
  {
    "name": "Belleroche",
    "code": "42014",
    "epci_code": "200035202",
    "departement_code": "42",
    "region_code": "84",
    "postal_code": "42670"
  },
  {
    "name": "Belmont-de-la-Loire",
    "code": "42015",
    "epci_code": "200035202",
    "departement_code": "42",
    "region_code": "84",
    "postal_code": "42670"
  },
  {
    "name": "La Bénisson-Dieu",
    "code": "42016",
    "epci_code": "200035202",
    "departement_code": "42",
    "region_code": "84",
    "postal_code": "42720"
  },
  {
    "name": "Le Bessat",
    "code": "42017",
    "epci_code": "244200622",
    "departement_code": "42",
    "region_code": "84",
    "postal_code": "42660"
  },
  {
    "name": "Bessey",
    "code": "42018",
    "epci_code": "244200895",
    "departement_code": "42",
    "region_code": "84",
    "postal_code": "42520"
  },
  {
    "name": "Boën-sur-Lignon",
    "code": "42019",
    "epci_code": "200065886",
    "departement_code": "42",
    "region_code": "84",
    "postal_code": "42130"
  },
  {
    "name": "Boisset-lès-Montrond",
    "code": "42020",
    "epci_code": "200065886",
    "departement_code": "42",
    "region_code": "84",
    "postal_code": "42210"
  },
  {
    "name": "Boisset-Saint-Priest",
    "code": "42021",
    "epci_code": "200065886",
    "departement_code": "42",
    "region_code": "84",
    "postal_code": "42560"
  },
  {
    "name": "Bonson",
    "code": "42022",
    "epci_code": "200065886",
    "departement_code": "42",
    "region_code": "84",
    "postal_code": "42160"
  },
  {
    "name": "Bourg-Argental",
    "code": "42023",
    "epci_code": "244200622",
    "departement_code": "42",
    "region_code": "84",
    "postal_code": "42220"
  },
  {
    "name": "Boyer",
    "code": "42025",
    "epci_code": "200035202",
    "departement_code": "42",
    "region_code": "84",
    "postal_code": "42460"
  },
  {
    "name": "Briennon",
    "code": "42026",
    "epci_code": "200035202",
    "departement_code": "42",
    "region_code": "84",
    "postal_code": "42720"
  },
  {
    "name": "Bully",
    "code": "42027",
    "epci_code": "244200614",
    "departement_code": "42",
    "region_code": "84",
    "postal_code": "42260"
  },
  {
    "name": "Burdignes",
    "code": "42028",
    "epci_code": "244200622",
    "departement_code": "42",
    "region_code": "84",
    "postal_code": "42220"
  },
  {
    "name": "Bussières",
    "code": "42029",
    "epci_code": "200065894",
    "departement_code": "42",
    "region_code": "84",
    "postal_code": "42510"
  },
  {
    "name": "Bussy-Albieux",
    "code": "42030",
    "epci_code": "200065886",
    "departement_code": "42",
    "region_code": "84",
    "postal_code": "42260"
  },
  {
    "name": "Caloire",
    "code": "42031",
    "epci_code": "244200770",
    "departement_code": "42",
    "region_code": "84",
    "postal_code": "42240"
  },
  {
    "name": "Cellieu",
    "code": "42032",
    "epci_code": "244200770",
    "departement_code": "42",
    "region_code": "84",
    "postal_code": "42320"
  },
  {
    "name": "Le Cergne",
    "code": "42033",
    "epci_code": "200035202",
    "departement_code": "42",
    "region_code": "84",
    "postal_code": "42460"
  },
  {
    "name": "Cervières",
    "code": "42034",
    "epci_code": "200065886",
    "departement_code": "42",
    "region_code": "84",
    "postal_code": "42440"
  },
  {
    "name": "Cezay",
    "code": "42035",
    "epci_code": "200065886",
    "departement_code": "42",
    "region_code": "84",
    "postal_code": "42130"
  },
  {
    "name": "Chagnon",
    "code": "42036",
    "epci_code": "244200770",
    "departement_code": "42",
    "region_code": "84",
    "postal_code": "42800"
  },
  {
    "name": "Chalain-d’Uzore",
    "code": "42037",
    "epci_code": "200065886",
    "departement_code": "42",
    "region_code": "84",
    "postal_code": "42600"
  },
  {
    "name": "Chalain-le-Comtal",
    "code": "42038",
    "epci_code": "200065886",
    "departement_code": "42",
    "region_code": "84",
    "postal_code": "42600"
  },
  {
    "name": "Chalmazel-Jeansagnière",
    "code": "42039",
    "epci_code": "200065886",
    "departement_code": "42",
    "region_code": "84",
    "postal_code": "42920"
  },
  {
    "name": "La Chamba",
    "code": "42040",
    "epci_code": "200065886",
    "departement_code": "42",
    "region_code": "84",
    "postal_code": "42440"
  },
  {
    "name": "Chambéon",
    "code": "42041",
    "epci_code": "200065894",
    "departement_code": "42",
    "region_code": "84",
    "postal_code": "42110"
  },
  {
    "name": "Chambles",
    "code": "42042",
    "epci_code": "200065886",
    "departement_code": "42",
    "region_code": "84",
    "postal_code": "42170"
  },
  {
    "name": "Chambœuf",
    "code": "42043",
    "epci_code": "244200770",
    "departement_code": "42",
    "region_code": "84",
    "postal_code": "42330"
  },
  {
    "name": "Le Chambon-Feugerolles",
    "code": "42044",
    "epci_code": "244200770",
    "departement_code": "42",
    "region_code": "84",
    "postal_code": "42500"
  },
  {
    "name": "La Chambonie",
    "code": "42045",
    "epci_code": "200065886",
    "departement_code": "42",
    "region_code": "84",
    "postal_code": "42440"
  },
  {
    "name": "Champdieu",
    "code": "42046",
    "epci_code": "200065886",
    "departement_code": "42",
    "region_code": "84",
    "postal_code": "42600"
  },
  {
    "name": "Champoly",
    "code": "42047",
    "epci_code": "244200820",
    "departement_code": "42",
    "region_code": "84",
    "postal_code": "42430"
  },
  {
    "name": "Chandon",
    "code": "42048",
    "epci_code": "200035202",
    "departement_code": "42",
    "region_code": "84",
    "postal_code": "42190"
  },
  {
    "name": "Changy",
    "code": "42049",
    "epci_code": "200035731",
    "departement_code": "42",
    "region_code": "84",
    "postal_code": "42310"
  },
  {
    "name": "La Chapelle-en-Lafaye",
    "code": "42050",
    "epci_code": "200065886",
    "departement_code": "42",
    "region_code": "84",
    "postal_code": "42380"
  },
  {
    "name": "La Chapelle-Villars",
    "code": "42051",
    "epci_code": "244200895",
    "departement_code": "42",
    "region_code": "84",
    "postal_code": "42410"
  },
  {
    "name": "Charlieu",
    "code": "42052",
    "epci_code": "200035202",
    "departement_code": "42",
    "region_code": "84",
    "postal_code": "42190"
  },
  {
    "name": "Châteauneuf",
    "code": "42053",
    "epci_code": "244200770",
    "departement_code": "42",
    "region_code": "84",
    "postal_code": "42800"
  },
  {
    "name": "Châtelneuf",
    "code": "42054",
    "epci_code": "200065886",
    "departement_code": "42",
    "region_code": "84",
    "postal_code": "42940"
  },
  {
    "name": "Châtelus",
    "code": "42055",
    "epci_code": "200066587",
    "departement_code": "42",
    "region_code": "84",
    "postal_code": "42140"
  },
  {
    "name": "Chavanay",
    "code": "42056",
    "epci_code": "244200895",
    "departement_code": "42",
    "region_code": "84",
    "postal_code": "42410"
  },
  {
    "name": "Chazelles-sur-Lavieu",
    "code": "42058",
    "epci_code": "200065886",
    "departement_code": "42",
    "region_code": "84",
    "postal_code": "42560"
  },
  {
    "name": "Chazelles-sur-Lyon",
    "code": "42059",
    "epci_code": "200065894",
    "departement_code": "42",
    "region_code": "84",
    "postal_code": "42140"
  },
  {
    "name": "Chenereilles",
    "code": "42060",
    "epci_code": "200065886",
    "departement_code": "42",
    "region_code": "84",
    "postal_code": "42560"
  },
  {
    "name": "Cherier",
    "code": "42061",
    "epci_code": "244200820",
    "departement_code": "42",
    "region_code": "84",
    "postal_code": "42430"
  },
  {
    "name": "Chevrières",
    "code": "42062",
    "epci_code": "200066587",
    "departement_code": "42",
    "region_code": "84",
    "postal_code": "42140"
  },
  {
    "name": "Chirassimont",
    "code": "42063",
    "epci_code": "244200630",
    "departement_code": "42",
    "region_code": "84",
    "postal_code": "42114"
  },
  {
    "name": "Chuyer",
    "code": "42064",
    "epci_code": "244200895",
    "departement_code": "42",
    "region_code": "84",
    "postal_code": "42410"
  },
  {
    "name": "Civens",
    "code": "42065",
    "epci_code": "200065894",
    "departement_code": "42",
    "region_code": "84",
    "postal_code": "42110"
  },
  {
    "name": "Cleppé",
    "code": "42066",
    "epci_code": "200065894",
    "departement_code": "42",
    "region_code": "84",
    "postal_code": "42110"
  },
  {
    "name": "Colombier",
    "code": "42067",
    "epci_code": "244200622",
    "departement_code": "42",
    "region_code": "84",
    "postal_code": "42220"
  },
  {
    "name": "Combre",
    "code": "42068",
    "epci_code": "200035731",
    "departement_code": "42",
    "region_code": "84",
    "postal_code": "42840"
  },
  {
    "name": "Commelle-Vernay",
    "code": "42069",
    "epci_code": "200035731",
    "departement_code": "42",
    "region_code": "84",
    "postal_code": "42120"
  },
  {
    "name": "Cordelle",
    "code": "42070",
    "epci_code": "244200630",
    "departement_code": "42",
    "region_code": "84",
    "postal_code": "42123"
  },
  {
    "name": "Le Coteau",
    "code": "42071",
    "epci_code": "200035731",
    "departement_code": "42",
    "region_code": "84",
    "postal_code": "42120"
  },
  {
    "name": "Cottance",
    "code": "42073",
    "epci_code": "200065894",
    "departement_code": "42",
    "region_code": "84",
    "postal_code": "42360"
  },
  {
    "name": "Coutouvre",
    "code": "42074",
    "epci_code": "200035731",
    "departement_code": "42",
    "region_code": "84",
    "postal_code": "42460"
  },
  {
    "name": "Craintilleux",
    "code": "42075",
    "epci_code": "200065886",
    "departement_code": "42",
    "region_code": "84",
    "postal_code": "42210"
  },
  {
    "name": "Cremeaux",
    "code": "42076",
    "epci_code": "244200820",
    "departement_code": "42",
    "region_code": "84",
    "postal_code": "42260"
  },
  {
    "name": "Croizet-sur-Gand",
    "code": "42077",
    "epci_code": "244200630",
    "departement_code": "42",
    "region_code": "84",
    "postal_code": "42540"
  },
  {
    "name": "Le Crozet",
    "code": "42078",
    "epci_code": "200035731",
    "departement_code": "42",
    "region_code": "84",
    "postal_code": "42310"
  },
  {
    "name": "Cuinzier",
    "code": "42079",
    "epci_code": "200035202",
    "departement_code": "42",
    "region_code": "84",
    "postal_code": "42460"
  },
  {
    "name": "Cuzieu",
    "code": "42081",
    "epci_code": "200065894",
    "departement_code": "42",
    "region_code": "84",
    "postal_code": "42330"
  },
  {
    "name": "Dargoire",
    "code": "42083",
    "epci_code": "244200770",
    "departement_code": "42",
    "region_code": "84",
    "postal_code": "42800"
  },
  {
    "name": "Solore-en-Forez",
    "code": "42084",
    "epci_code": "200065886",
    "departement_code": "42",
    "region_code": "84",
    "postal_code": "42130"
  },
  {
    "name": "Doizieux",
    "code": "42085",
    "epci_code": "244200770",
    "departement_code": "42",
    "region_code": "84",
    "postal_code": "42740"
  },
  {
    "name": "Écoche",
    "code": "42086",
    "epci_code": "200035202",
    "departement_code": "42",
    "region_code": "84",
    "postal_code": "42670"
  },
  {
    "name": "Écotay-l’Olme",
    "code": "42087",
    "epci_code": "200065886",
    "departement_code": "42",
    "region_code": "84",
    "postal_code": "42600"
  },
  {
    "name": "Épercieux-Saint-Paul",
    "code": "42088",
    "epci_code": "200065894",
    "departement_code": "42",
    "region_code": "84",
    "postal_code": "42110"
  },
  {
    "name": "Essertines-en-Châtelneuf",
    "code": "42089",
    "epci_code": "200065886",
    "departement_code": "42",
    "region_code": "84",
    "postal_code": "42600"
  },
  {
    "name": "Essertines-en-Donzy",
    "code": "42090",
    "epci_code": "200065894",
    "departement_code": "42",
    "region_code": "84",
    "postal_code": "42360"
  },
  {
    "name": "Estivareilles",
    "code": "42091",
    "epci_code": "200065886",
    "departement_code": "42",
    "region_code": "84",
    "postal_code": "42380"
  },
  {
    "name": "LՃtrat",
    "code": "42092",
    "epci_code": "244200770",
    "departement_code": "42",
    "region_code": "84",
    "postal_code": "42580"
  },
  {
    "name": "Farnay",
    "code": "42093",
    "epci_code": "244200770",
    "departement_code": "42",
    "region_code": "84",
    "postal_code": "42320"
  },
  {
    "name": "Feurs",
    "code": "42094",
    "epci_code": "200065894",
    "departement_code": "42",
    "region_code": "84",
    "postal_code": "42110"
  },
  {
    "name": "Firminy",
    "code": "42095",
    "epci_code": "244200770",
    "departement_code": "42",
    "region_code": "84",
    "postal_code": "42700"
  },
  {
    "name": "Fontanès",
    "code": "42096",
    "epci_code": "244200770",
    "departement_code": "42",
    "region_code": "84",
    "postal_code": "42140"
  },
  {
    "name": "La Fouillouse",
    "code": "42097",
    "epci_code": "244200770",
    "departement_code": "42",
    "region_code": "84",
    "postal_code": "42480"
  },
  {
    "name": "Fourneaux",
    "code": "42098",
    "epci_code": "244200630",
    "departement_code": "42",
    "region_code": "84",
    "postal_code": "42470"
  },
  {
    "name": "Fraisses",
    "code": "42099",
    "epci_code": "244200770",
    "departement_code": "42",
    "region_code": "84",
    "postal_code": "42490"
  },
  {
    "name": "La Gimond",
    "code": "42100",
    "epci_code": "244200770",
    "departement_code": "42",
    "region_code": "84",
    "postal_code": "42140"
  },
  {
    "name": "Graix",
    "code": "42101",
    "epci_code": "244200622",
    "departement_code": "42",
    "region_code": "84",
    "postal_code": "42220"
  },
  {
    "name": "Grammond",
    "code": "42102",
    "epci_code": "200066587",
    "departement_code": "42",
    "region_code": "84",
    "postal_code": "42140"
  },
  {
    "name": "La Grand-Croix",
    "code": "42103",
    "epci_code": "244200770",
    "departement_code": "42",
    "region_code": "84",
    "postal_code": "42320"
  },
  {
    "name": "La Gresle",
    "code": "42104",
    "epci_code": "200035202",
    "departement_code": "42",
    "region_code": "84",
    "postal_code": "42460"
  },
  {
    "name": "Grézieux-le-Fromental",
    "code": "42105",
    "epci_code": "200065886",
    "departement_code": "42",
    "region_code": "84",
    "postal_code": "42600"
  },
  {
    "name": "Grézolles",
    "code": "42106",
    "epci_code": "244200614",
    "departement_code": "42",
    "region_code": "84",
    "postal_code": "42260"
  },
  {
    "name": "Gumières",
    "code": "42107",
    "epci_code": "200065886",
    "departement_code": "42",
    "region_code": "84",
    "postal_code": "42560"
  },
  {
    "name": "L’Hôpital-le-Grand",
    "code": "42108",
    "epci_code": "200065886",
    "departement_code": "42",
    "region_code": "84",
    "postal_code": "42210"
  },
  {
    "name": "L’Horme",
    "code": "42110",
    "epci_code": "244200770",
    "departement_code": "42",
    "region_code": "84",
    "postal_code": "42152"
  },
  {
    "name": "Jarnosse",
    "code": "42112",
    "epci_code": "200035202",
    "departement_code": "42",
    "region_code": "84",
    "postal_code": "42460"
  },
  {
    "name": "Jas",
    "code": "42113",
    "epci_code": "200065894",
    "departement_code": "42",
    "region_code": "84",
    "postal_code": "42110"
  },
  {
    "name": "Jonzieux",
    "code": "42115",
    "epci_code": "244200622",
    "departement_code": "42",
    "region_code": "84",
    "postal_code": "42660"
  },
  {
    "name": "Juré",
    "code": "42116",
    "epci_code": "244200820",
    "departement_code": "42",
    "region_code": "84",
    "postal_code": "42430"
  },
  {
    "name": "Lavieu",
    "code": "42117",
    "epci_code": "200065886",
    "departement_code": "42",
    "region_code": "84",
    "postal_code": "42560"
  },
  {
    "name": "Lay",
    "code": "42118",
    "epci_code": "244200630",
    "departement_code": "42",
    "region_code": "84",
    "postal_code": "42470"
  },
  {
    "name": "Leigneux",
    "code": "42119",
    "epci_code": "200065886",
    "departement_code": "42",
    "region_code": "84",
    "postal_code": "42130"
  },
  {
    "name": "Lentigny",
    "code": "42120",
    "epci_code": "200035731",
    "departement_code": "42",
    "region_code": "84",
    "postal_code": "42155"
  },
  {
    "name": "Lérigneux",
    "code": "42121",
    "epci_code": "200065886",
    "departement_code": "42",
    "region_code": "84",
    "postal_code": "42600"
  },
  {
    "name": "Lézigneux",
    "code": "42122",
    "epci_code": "200065886",
    "departement_code": "42",
    "region_code": "84",
    "postal_code": "42600"
  },
  {
    "name": "Lorette",
    "code": "42123",
    "epci_code": "244200770",
    "departement_code": "42",
    "region_code": "84",
    "postal_code": "42420"
  },
  {
    "name": "Lupé",
    "code": "42124",
    "epci_code": "244200895",
    "departement_code": "42",
    "region_code": "84",
    "postal_code": "42520"
  },
  {
    "name": "Luré",
    "code": "42125",
    "epci_code": "244200614",
    "departement_code": "42",
    "region_code": "84",
    "postal_code": "42260"
  },
  {
    "name": "Luriecq",
    "code": "42126",
    "epci_code": "200065886",
    "departement_code": "42",
    "region_code": "84",
    "postal_code": "42380"
  },
  {
    "name": "Mably",
    "code": "42127",
    "epci_code": "200035731",
    "departement_code": "42",
    "region_code": "84",
    "postal_code": "42300"
  },
  {
    "name": "Machézal",
    "code": "42128",
    "epci_code": "244200630",
    "departement_code": "42",
    "region_code": "84",
    "postal_code": "42114"
  },
  {
    "name": "Maclas",
    "code": "42129",
    "epci_code": "244200895",
    "departement_code": "42",
    "region_code": "84",
    "postal_code": "42520"
  },
  {
    "name": "Magneux-Haute-Rive",
    "code": "42130",
    "epci_code": "200065886",
    "departement_code": "42",
    "region_code": "84",
    "postal_code": "42600"
  },
  {
    "name": "Maizilly",
    "code": "42131",
    "epci_code": "200035202",
    "departement_code": "42",
    "region_code": "84",
    "postal_code": "42750"
  },
  {
    "name": "Malleval",
    "code": "42132",
    "epci_code": "244200895",
    "departement_code": "42",
    "region_code": "84",
    "postal_code": "42520"
  },
  {
    "name": "Marcenod",
    "code": "42133",
    "epci_code": "244200770",
    "departement_code": "42",
    "region_code": "84",
    "postal_code": "42140"
  },
  {
    "name": "Marcilly-le-Châtel",
    "code": "42134",
    "epci_code": "200065886",
    "departement_code": "42",
    "region_code": "84",
    "postal_code": "42130"
  },
  {
    "name": "Marclopt",
    "code": "42135",
    "epci_code": "200065894",
    "departement_code": "42",
    "region_code": "84",
    "postal_code": "42210"
  },
  {
    "name": "Marcoux",
    "code": "42136",
    "epci_code": "200065886",
    "departement_code": "42",
    "region_code": "84",
    "postal_code": "42130"
  },
  {
    "name": "Margerie-Chantagret",
    "code": "42137",
    "epci_code": "200065886",
    "departement_code": "42",
    "region_code": "84",
    "postal_code": "42560"
  },
  {
    "name": "Maringes",
    "code": "42138",
    "epci_code": "200066587",
    "departement_code": "42",
    "region_code": "84",
    "postal_code": "42140"
  },
  {
    "name": "Marlhes",
    "code": "42139",
    "epci_code": "244200622",
    "departement_code": "42",
    "region_code": "84",
    "postal_code": "42660"
  },
  {
    "name": "Marols",
    "code": "42140",
    "epci_code": "200065886",
    "departement_code": "42",
    "region_code": "84",
    "postal_code": "42560"
  },
  {
    "name": "Mars",
    "code": "42141",
    "epci_code": "200035202",
    "departement_code": "42",
    "region_code": "84",
    "postal_code": "42750"
  },
  {
    "name": "Merle-Leignec",
    "code": "42142",
    "epci_code": "200065886",
    "departement_code": "42",
    "region_code": "84",
    "postal_code": "42380"
  },
  {
    "name": "Mizérieux",
    "code": "42143",
    "epci_code": "200065894",
    "departement_code": "42",
    "region_code": "84",
    "postal_code": "42110"
  },
  {
    "name": "Montagny",
    "code": "42145",
    "epci_code": "200035731",
    "departement_code": "42",
    "region_code": "84",
    "postal_code": "42840"
  },
  {
    "name": "Montarcher",
    "code": "42146",
    "epci_code": "200065886",
    "departement_code": "42",
    "region_code": "84",
    "postal_code": "42380"
  },
  {
    "name": "Montbrison",
    "code": "42147",
    "epci_code": "200065886",
    "departement_code": "42",
    "region_code": "84",
    "postal_code": "42600"
  },
  {
    "name": "Montchal",
    "code": "42148",
    "epci_code": "200065894",
    "departement_code": "42",
    "region_code": "84",
    "postal_code": "42360"
  },
  {
    "name": "Montrond-les-Bains",
    "code": "42149",
    "epci_code": "200065894",
    "departement_code": "42",
    "region_code": "84",
    "postal_code": "42210"
  },
  {
    "name": "Montverdun",
    "code": "42150",
    "epci_code": "200065886",
    "departement_code": "42",
    "region_code": "84",
    "postal_code": "42130"
  },
  {
    "name": "Mornand-en-Forez",
    "code": "42151",
    "epci_code": "200065886",
    "departement_code": "42",
    "region_code": "84",
    "postal_code": "42600"
  },
  {
    "name": "Nandax",
    "code": "42152",
    "epci_code": "200035202",
    "departement_code": "42",
    "region_code": "84",
    "postal_code": "42720"
  },
  {
    "name": "Neaux",
    "code": "42153",
    "epci_code": "244200630",
    "departement_code": "42",
    "region_code": "84",
    "postal_code": "42470"
  },
  {
    "name": "Néronde",
    "code": "42154",
    "epci_code": "200065894",
    "departement_code": "42",
    "region_code": "84",
    "postal_code": "42510"
  },
  {
    "name": "Nervieux",
    "code": "42155",
    "epci_code": "200065894",
    "departement_code": "42",
    "region_code": "84",
    "postal_code": "42510"
  },
  {
    "name": "Neulise",
    "code": "42156",
    "epci_code": "244200630",
    "departement_code": "42",
    "region_code": "84",
    "postal_code": "42590"
  },
  {
    "name": "Noailly",
    "code": "42157",
    "epci_code": "200035731",
    "departement_code": "42",
    "region_code": "84",
    "postal_code": "42640"
  },
  {
    "name": "Les Noës",
    "code": "42158",
    "epci_code": "200035731",
    "departement_code": "42",
    "region_code": "84",
    "postal_code": "42370"
  },
  {
    "name": "Noirétable",
    "code": "42159",
    "epci_code": "200065886",
    "departement_code": "42",
    "region_code": "84",
    "postal_code": "42440"
  },
  {
    "name": "Nollieux",
    "code": "42160",
    "epci_code": "244200614",
    "departement_code": "42",
    "region_code": "84",
    "postal_code": "42260"
  },
  {
    "name": "Notre-Dame-de-Boisset",
    "code": "42161",
    "epci_code": "200035731",
    "departement_code": "42",
    "region_code": "84",
    "postal_code": "42120"
  },
  {
    "name": "Ouches",
    "code": "42162",
    "epci_code": "200035731",
    "departement_code": "42",
    "region_code": "84",
    "postal_code": "42155"
  },
  {
    "name": "La Pacaudière",
    "code": "42163",
    "epci_code": "200035731",
    "departement_code": "42",
    "region_code": "84",
    "postal_code": "42310"
  },
  {
    "name": "Palogneux",
    "code": "42164",
    "epci_code": "200065886",
    "departement_code": "42",
    "region_code": "84",
    "postal_code": "42990"
  },
  {
    "name": "Panissières",
    "code": "42165",
    "epci_code": "200065894",
    "departement_code": "42",
    "region_code": "84",
    "postal_code": "42360"
  },
  {
    "name": "Parigny",
    "code": "42166",
    "epci_code": "200035731",
    "departement_code": "42",
    "region_code": "84",
    "postal_code": "42120"
  },
  {
    "name": "Pavezin",
    "code": "42167",
    "epci_code": "244200770",
    "departement_code": "42",
    "region_code": "84",
    "postal_code": "42410"
  },
  {
    "name": "Pélussin",
    "code": "42168",
    "epci_code": "244200895",
    "departement_code": "42",
    "region_code": "84",
    "postal_code": "42410"
  },
  {
    "name": "Périgneux",
    "code": "42169",
    "epci_code": "200065886",
    "departement_code": "42",
    "region_code": "84",
    "postal_code": "42380"
  },
  {
    "name": "Perreux",
    "code": "42170",
    "epci_code": "200035731",
    "departement_code": "42",
    "region_code": "84",
    "postal_code": "42120"
  },
  {
    "name": "Pinay",
    "code": "42171",
    "epci_code": "200065894",
    "departement_code": "42",
    "region_code": "84",
    "postal_code": "42590"
  },
  {
    "name": "Planfoy",
    "code": "42172",
    "epci_code": "244200622",
    "departement_code": "42",
    "region_code": "84",
    "postal_code": "42660"
  },
  {
    "name": "Pommiers-en-Forez",
    "code": "42173",
    "epci_code": "244200614",
    "departement_code": "42",
    "region_code": "84",
    "postal_code": "42260"
  },
  {
    "name": "Poncins",
    "code": "42174",
    "epci_code": "200065894",
    "departement_code": "42",
    "region_code": "84",
    "postal_code": "42110"
  },
  {
    "name": "Pouilly-lès-Feurs",
    "code": "42175",
    "epci_code": "200065894",
    "departement_code": "42",
    "region_code": "84",
    "postal_code": "42110"
  },
  {
    "name": "Pouilly-les-Nonains",
    "code": "42176",
    "epci_code": "200035731",
    "departement_code": "42",
    "region_code": "84",
    "postal_code": "42155"
  },
  {
    "name": "Pouilly-sous-Charlieu",
    "code": "42177",
    "epci_code": "200035202",
    "departement_code": "42",
    "region_code": "84",
    "postal_code": "42720"
  },
  {
    "name": "Pradines",
    "code": "42178",
    "epci_code": "244200630",
    "departement_code": "42",
    "region_code": "84",
    "postal_code": "42630"
  },
  {
    "name": "Pralong",
    "code": "42179",
    "epci_code": "200065886",
    "departement_code": "42",
    "region_code": "84",
    "postal_code": "42600"
  },
  {
    "name": "Précieux",
    "code": "42180",
    "epci_code": "200065886",
    "departement_code": "42",
    "region_code": "84",
    "postal_code": "42600"
  },
  {
    "name": "Régny",
    "code": "42181",
    "epci_code": "244200630",
    "departement_code": "42",
    "region_code": "84",
    "postal_code": "42630"
  },
  {
    "name": "Renaison",
    "code": "42182",
    "epci_code": "200035731",
    "departement_code": "42",
    "region_code": "84",
    "postal_code": "42370"
  },
  {
    "name": "La Ricamarie",
    "code": "42183",
    "epci_code": "244200770",
    "departement_code": "42",
    "region_code": "84",
    "postal_code": "42150"
  },
  {
    "name": "Riorges",
    "code": "42184",
    "epci_code": "200035731",
    "departement_code": "42",
    "region_code": "84",
    "postal_code": "42153"
  },
  {
    "name": "Rivas",
    "code": "42185",
    "epci_code": "200065894",
    "departement_code": "42",
    "region_code": "84",
    "postal_code": "42340"
  },
  {
    "name": "Rive-de-Gier",
    "code": "42186",
    "epci_code": "244200770",
    "departement_code": "42",
    "region_code": "84",
    "postal_code": "42800"
  },
  {
    "name": "Roanne",
    "code": "42187",
    "epci_code": "200035731",
    "departement_code": "42",
    "region_code": "84",
    "postal_code": "42300"
  },
  {
    "name": "Roche-en-Forez",
    "code": "42188",
    "epci_code": "200065886",
    "departement_code": "42",
    "region_code": "84",
    "postal_code": "42600"
  },
  {
    "name": "Roche-la-Molière",
    "code": "42189",
    "epci_code": "244200770",
    "departement_code": "42",
    "region_code": "84",
    "postal_code": "42230"
  },
  {
    "name": "Roisey",
    "code": "42191",
    "epci_code": "244200895",
    "departement_code": "42",
    "region_code": "84",
    "postal_code": "42520"
  },
  {
    "name": "Rozier-Côtes-d’Aurec",
    "code": "42192",
    "epci_code": "244200770",
    "departement_code": "42",
    "region_code": "84",
    "postal_code": "42380"
  },
  {
    "name": "Rozier-en-Donzy",
    "code": "42193",
    "epci_code": "200065894",
    "departement_code": "42",
    "region_code": "84",
    "postal_code": "42810"
  },
  {
    "name": "Sail-les-Bains",
    "code": "42194",
    "epci_code": "200035731",
    "departement_code": "42",
    "region_code": "84",
    "postal_code": "42310"
  },
  {
    "name": "Sail-sous-Couzan",
    "code": "42195",
    "epci_code": "200065886",
    "departement_code": "42",
    "region_code": "84",
    "postal_code": "42890"
  },
  {
    "name": "Sainte-Agathe-en-Donzy",
    "code": "42196",
    "epci_code": "200065894",
    "departement_code": "42",
    "region_code": "84",
    "postal_code": "42510"
  },
  {
    "name": "Sainte-Agathe-la-Bouteresse",
    "code": "42197",
    "epci_code": "200065886",
    "departement_code": "42",
    "region_code": "84",
    "postal_code": "42130"
  },
  {
    "name": "Saint-Alban-les-Eaux",
    "code": "42198",
    "epci_code": "200035731",
    "departement_code": "42",
    "region_code": "84",
    "postal_code": "42370"
  },
  {
    "name": "Saint-André-d’Apchon",
    "code": "42199",
    "epci_code": "200035731",
    "departement_code": "42",
    "region_code": "84",
    "postal_code": "42370"
  },
  {
    "name": "Saint-André-le-Puy",
    "code": "42200",
    "epci_code": "200065894",
    "departement_code": "42",
    "region_code": "84",
    "postal_code": "42210"
  },
  {
    "name": "Saint-Appolinard",
    "code": "42201",
    "epci_code": "244200895",
    "departement_code": "42",
    "region_code": "84",
    "postal_code": "42520"
  },
  {
    "name": "Saint-Barthélemy-Lestra",
    "code": "42202",
    "epci_code": "200065894",
    "departement_code": "42",
    "region_code": "84",
    "postal_code": "42110"
  },
  {
    "name": "Saint-Bonnet-des-Quarts",
    "code": "42203",
    "epci_code": "200035731",
    "departement_code": "42",
    "region_code": "84",
    "postal_code": "42310"
  },
  {
    "name": "Saint-Bonnet-le-Château",
    "code": "42204",
    "epci_code": "200065886",
    "departement_code": "42",
    "region_code": "84",
    "postal_code": "42380"
  },
  {
    "name": "Saint-Bonnet-le-Courreau",
    "code": "42205",
    "epci_code": "200065886",
    "departement_code": "42",
    "region_code": "84",
    "postal_code": "42940"
  },
  {
    "name": "Saint-Bonnet-les-Oules",
    "code": "42206",
    "epci_code": "244200770",
    "departement_code": "42",
    "region_code": "84",
    "postal_code": "42330"
  },
  {
    "name": "Saint-Chamond",
    "code": "42207",
    "epci_code": "244200770",
    "departement_code": "42",
    "region_code": "84",
    "postal_code": "42400"
  },
  {
    "name": "Saint-Christo-en-Jarez",
    "code": "42208",
    "epci_code": "244200770",
    "departement_code": "42",
    "region_code": "84",
    "postal_code": "42320"
  },
  {
    "name": "Sainte-Colombe-sur-Gand",
    "code": "42209",
    "epci_code": "200065894",
    "departement_code": "42",
    "region_code": "84",
    "postal_code": "42540"
  },
  {
    "name": "Sainte-Croix-en-Jarez",
    "code": "42210",
    "epci_code": "244200770",
    "departement_code": "42",
    "region_code": "84",
    "postal_code": "42800"
  },
  {
    "name": "Saint-Cyprien",
    "code": "42211",
    "epci_code": "200065886",
    "departement_code": "42",
    "region_code": "84",
    "postal_code": "42160"
  },
  {
    "name": "Saint-Cyr-de-Favières",
    "code": "42212",
    "epci_code": "244200630",
    "departement_code": "42",
    "region_code": "84",
    "postal_code": "42123"
  },
  {
    "name": "Saint-Cyr-de-Valorges",
    "code": "42213",
    "epci_code": "200065894",
    "departement_code": "42",
    "region_code": "84",
    "postal_code": "42114"
  },
  {
    "name": "Saint-Cyr-les-Vignes",
    "code": "42214",
    "epci_code": "200065894",
    "departement_code": "42",
    "region_code": "84",
    "postal_code": "42210"
  },
  {
    "name": "Saint-Denis-de-Cabanne",
    "code": "42215",
    "epci_code": "200035202",
    "departement_code": "42",
    "region_code": "84",
    "postal_code": "42750"
  },
  {
    "name": "Saint-Denis-sur-Coise",
    "code": "42216",
    "epci_code": "200066587",
    "departement_code": "42",
    "region_code": "84",
    "postal_code": "42140"
  },
  {
    "name": "La Côte-Saint-Didier",
    "code": "42217",
    "epci_code": "200065886",
    "departement_code": "42",
    "region_code": "84",
    "postal_code": "42111"
  },
  {
    "name": "Saint-Étienne",
    "code": "42218",
    "epci_code": "244200770",
    "departement_code": "42",
    "region_code": "84",
    "postal_code": "42000"
  },
  {
    "name": "Saint-Étienne",
    "code": "42218",
    "epci_code": "244200770",
    "departement_code": "42",
    "region_code": "84",
    "postal_code": "42100"
  },
  {
    "name": "Saint-Étienne",
    "code": "42218",
    "epci_code": "244200770",
    "departement_code": "42",
    "region_code": "84",
    "postal_code": "42230"
  },
  {
    "name": "Saint-Étienne-le-Molard",
    "code": "42219",
    "epci_code": "200065886",
    "departement_code": "42",
    "region_code": "84",
    "postal_code": "42130"
  },
  {
    "name": "Saint-Forgeux-Lespinasse",
    "code": "42220",
    "epci_code": "200035731",
    "departement_code": "42",
    "region_code": "84",
    "postal_code": "42640"
  },
  {
    "name": "Sainte-Foy-Saint-Sulpice",
    "code": "42221",
    "epci_code": "200065886",
    "departement_code": "42",
    "region_code": "84",
    "postal_code": "42110"
  },
  {
    "name": "Saint-Galmier",
    "code": "42222",
    "epci_code": "244200770",
    "departement_code": "42",
    "region_code": "84",
    "postal_code": "42330"
  },
  {
    "name": "Saint-Genest-Lerpt",
    "code": "42223",
    "epci_code": "244200770",
    "departement_code": "42",
    "region_code": "84",
    "postal_code": "42530"
  },
  {
    "name": "Saint-Genest-Malifaux",
    "code": "42224",
    "epci_code": "244200622",
    "departement_code": "42",
    "region_code": "84",
    "postal_code": "42660"
  },
  {
    "name": "Genilac",
    "code": "42225",
    "epci_code": "244200770",
    "departement_code": "42",
    "region_code": "84",
    "postal_code": "42800"
  },
  {
    "name": "Saint-Georges-de-Baroille",
    "code": "42226",
    "epci_code": "244200614",
    "departement_code": "42",
    "region_code": "84",
    "postal_code": "42510"
  },
  {
    "name": "Saint-Georges-en-Couzan",
    "code": "42227",
    "epci_code": "200065886",
    "departement_code": "42",
    "region_code": "84",
    "postal_code": "42990"
  },
  {
    "name": "Saint-Georges-Haute-Ville",
    "code": "42228",
    "epci_code": "200065886",
    "departement_code": "42",
    "region_code": "84",
    "postal_code": "42610"
  },
  {
    "name": "Saint-Germain-la-Montagne",
    "code": "42229",
    "epci_code": "200035202",
    "departement_code": "42",
    "region_code": "84",
    "postal_code": "42670"
  },
  {
    "name": "Saint-Germain-Laval",
    "code": "42230",
    "epci_code": "244200614",
    "departement_code": "42",
    "region_code": "84",
    "postal_code": "42260"
  },
  {
    "name": "Saint-Germain-Lespinasse",
    "code": "42231",
    "epci_code": "200035731",
    "departement_code": "42",
    "region_code": "84",
    "postal_code": "42640"
  },
  {
    "name": "Saint-Haon-le-Châtel",
    "code": "42232",
    "epci_code": "200035731",
    "departement_code": "42",
    "region_code": "84",
    "postal_code": "42370"
  },
  {
    "name": "Saint-Haon-le-Vieux",
    "code": "42233",
    "epci_code": "200035731",
    "departement_code": "42",
    "region_code": "84",
    "postal_code": "42370"
  },
  {
    "name": "Saint-Héand",
    "code": "42234",
    "epci_code": "244200770",
    "departement_code": "42",
    "region_code": "84",
    "postal_code": "42570"
  },
  {
    "name": "Saint-Hilaire-Cusson-la-Valmitte",
    "code": "42235",
    "epci_code": "200065886",
    "departement_code": "42",
    "region_code": "84",
    "postal_code": "42380"
  },
  {
    "name": "Saint-Hilaire-sous-Charlieu",
    "code": "42236",
    "epci_code": "200035202",
    "departement_code": "42",
    "region_code": "84",
    "postal_code": "42190"
  },
  {
    "name": "Saint-Jean-Bonnefonds",
    "code": "42237",
    "epci_code": "244200770",
    "departement_code": "42",
    "region_code": "84",
    "postal_code": "42650"
  },
  {
    "name": "Saint-Jean-la-Vêtre",
    "code": "42238",
    "epci_code": "200065886",
    "departement_code": "42",
    "region_code": "84",
    "postal_code": "42440"
  },
  {
    "name": "Saint-Jean-Saint-Maurice-sur-Loire",
    "code": "42239",
    "epci_code": "200035731",
    "departement_code": "42",
    "region_code": "84",
    "postal_code": "42155"
  },
  {
    "name": "Saint-Jean-Soleymieux",
    "code": "42240",
    "epci_code": "200065886",
    "departement_code": "42",
    "region_code": "84",
    "postal_code": "42560"
  },
  {
    "name": "Saint-Jodard",
    "code": "42241",
    "epci_code": "200065894",
    "departement_code": "42",
    "region_code": "84",
    "postal_code": "42590"
  },
  {
    "name": "Saint-Joseph",
    "code": "42242",
    "epci_code": "244200770",
    "departement_code": "42",
    "region_code": "84",
    "postal_code": "42800"
  },
  {
    "name": "Saint-Julien-d’Oddes",
    "code": "42243",
    "epci_code": "244200614",
    "departement_code": "42",
    "region_code": "84",
    "postal_code": "42260"
  },
  {
    "name": "Vêtre-sur-Anzon",
    "code": "42245",
    "epci_code": "200065886",
    "departement_code": "42",
    "region_code": "84",
    "postal_code": "42111"
  },
  {
    "name": "Vêtre-sur-Anzon",
    "code": "42245",
    "epci_code": "200065886",
    "departement_code": "42",
    "region_code": "84",
    "postal_code": "42440"
  },
  {
    "name": "Saint-Julien-Molin-Molette",
    "code": "42246",
    "epci_code": "244200622",
    "departement_code": "42",
    "region_code": "84",
    "postal_code": "42220"
  },
  {
    "name": "Saint-Just-en-Bas",
    "code": "42247",
    "epci_code": "200065886",
    "departement_code": "42",
    "region_code": "84",
    "postal_code": "42990"
  },
  {
    "name": "Saint-Just-en-Chevalet",
    "code": "42248",
    "epci_code": "244200820",
    "departement_code": "42",
    "region_code": "84",
    "postal_code": "42430"
  },
  {
    "name": "Saint-Just-la-Pendue",
    "code": "42249",
    "epci_code": "244200630",
    "departement_code": "42",
    "region_code": "84",
    "postal_code": "42540"
  },
  {
    "name": "Saint-Laurent-la-Conche",
    "code": "42251",
    "epci_code": "200065894",
    "departement_code": "42",
    "region_code": "84",
    "postal_code": "42210"
  },
  {
    "name": "Saint-Léger-sur-Roanne",
    "code": "42253",
    "epci_code": "200035731",
    "departement_code": "42",
    "region_code": "84",
    "postal_code": "42155"
  },
  {
    "name": "Saint-Marcel-de-Félines",
    "code": "42254",
    "epci_code": "200065894",
    "departement_code": "42",
    "region_code": "84",
    "postal_code": "42122"
  },
  {
    "name": "Saint-Marcel-d’Urfé",
    "code": "42255",
    "epci_code": "244200820",
    "departement_code": "42",
    "region_code": "84",
    "postal_code": "42430"
  },
  {
    "name": "Saint-Marcellin-en-Forez",
    "code": "42256",
    "epci_code": "200065886",
    "departement_code": "42",
    "region_code": "84",
    "postal_code": "42680"
  },
  {
    "name": "Saint-Martin-d’Estréaux",
    "code": "42257",
    "epci_code": "200035731",
    "departement_code": "42",
    "region_code": "84",
    "postal_code": "42620"
  },
  {
    "name": "Saint-Martin-la-Plaine",
    "code": "42259",
    "epci_code": "244200770",
    "departement_code": "42",
    "region_code": "84",
    "postal_code": "42800"
  },
  {
    "name": "Saint-Martin-la-Sauveté",
    "code": "42260",
    "epci_code": "244200614",
    "departement_code": "42",
    "region_code": "84",
    "postal_code": "42260"
  },
  {
    "name": "Saint-Martin-Lestra",
    "code": "42261",
    "epci_code": "200065894",
    "departement_code": "42",
    "region_code": "84",
    "postal_code": "42110"
  },
  {
    "name": "Saint-Maurice-en-Gourgois",
    "code": "42262",
    "epci_code": "244200770",
    "departement_code": "42",
    "region_code": "84",
    "postal_code": "42240"
  },
  {
    "name": "Saint-Médard-en-Forez",
    "code": "42264",
    "epci_code": "200065894",
    "departement_code": "42",
    "region_code": "84",
    "postal_code": "42330"
  },
  {
    "name": "Saint-Michel-sur-Rhône",
    "code": "42265",
    "epci_code": "244200895",
    "departement_code": "42",
    "region_code": "84",
    "postal_code": "42410"
  },
  {
    "name": "Saint-Nizier-de-Fornas",
    "code": "42266",
    "epci_code": "244200770",
    "departement_code": "42",
    "region_code": "84",
    "postal_code": "42380"
  },
  {
    "name": "Saint-Nizier-sous-Charlieu",
    "code": "42267",
    "epci_code": "200035202",
    "departement_code": "42",
    "region_code": "84",
    "postal_code": "42190"
  },
  {
    "name": "Vézelin-sur-Loire",
    "code": "42268",
    "epci_code": "244200614",
    "departement_code": "42",
    "region_code": "84",
    "postal_code": "42260"
  },
  {
    "name": "Vézelin-sur-Loire",
    "code": "42268",
    "epci_code": "244200614",
    "departement_code": "42",
    "region_code": "84",
    "postal_code": "42590"
  },
  {
    "name": "Saint-Paul-d’Uzore",
    "code": "42269",
    "epci_code": "200065886",
    "departement_code": "42",
    "region_code": "84",
    "postal_code": "42600"
  },
  {
    "name": "Saint-Paul-en-Cornillon",
    "code": "42270",
    "epci_code": "244200770",
    "departement_code": "42",
    "region_code": "84",
    "postal_code": "42240"
  },
  {
    "name": "Saint-Paul-en-Jarez",
    "code": "42271",
    "epci_code": "244200770",
    "departement_code": "42",
    "region_code": "84",
    "postal_code": "42740"
  },
  {
    "name": "Saint-Pierre-de-Bœuf",
    "code": "42272",
    "epci_code": "244200895",
    "departement_code": "42",
    "region_code": "84",
    "postal_code": "42520"
  },
  {
    "name": "Saint-Pierre-la-Noaille",
    "code": "42273",
    "epci_code": "200035202",
    "departement_code": "42",
    "region_code": "84",
    "postal_code": "42190"
  },
  {
    "name": "Saint-Polgues",
    "code": "42274",
    "epci_code": "244200614",
    "departement_code": "42",
    "region_code": "84",
    "postal_code": "42260"
  },
  {
    "name": "Saint-Priest-en-Jarez",
    "code": "42275",
    "epci_code": "244200770",
    "departement_code": "42",
    "region_code": "84",
    "postal_code": "42270"
  },
  {
    "name": "Saint-Priest-la-Prugne",
    "code": "42276",
    "epci_code": "244200820",
    "departement_code": "42",
    "region_code": "84",
    "postal_code": "42830"
  },
  {
    "name": "Saint-Priest-la-Roche",
    "code": "42277",
    "epci_code": "244200630",
    "departement_code": "42",
    "region_code": "84",
    "postal_code": "42590"
  },
  {
    "name": "Saint-Priest-la-Vêtre",
    "code": "42278",
    "epci_code": "200065886",
    "departement_code": "42",
    "region_code": "84",
    "postal_code": "42440"
  },
  {
    "name": "Saint-Just-Saint-Rambert",
    "code": "42279",
    "epci_code": "200065886",
    "departement_code": "42",
    "region_code": "84",
    "postal_code": "42170"
  },
  {
    "name": "Saint-Régis-du-Coin",
    "code": "42280",
    "epci_code": "244200622",
    "departement_code": "42",
    "region_code": "84",
    "postal_code": "42660"
  },
  {
    "name": "Saint-Rirand",
    "code": "42281",
    "epci_code": "200035731",
    "departement_code": "42",
    "region_code": "84",
    "postal_code": "42370"
  },
  {
    "name": "Saint-Romain-d’Urfé",
    "code": "42282",
    "epci_code": "244200820",
    "departement_code": "42",
    "region_code": "84",
    "postal_code": "42430"
  },
  {
    "name": "Saint-Romain-en-Jarez",
    "code": "42283",
    "epci_code": "244200770",
    "departement_code": "42",
    "region_code": "84",
    "postal_code": "42800"
  },
  {
    "name": "Saint-Romain-la-Motte",
    "code": "42284",
    "epci_code": "200035731",
    "departement_code": "42",
    "region_code": "84",
    "postal_code": "42640"
  },
  {
    "name": "Saint-Romain-le-Puy",
    "code": "42285",
    "epci_code": "200065886",
    "departement_code": "42",
    "region_code": "84",
    "postal_code": "42610"
  },
  {
    "name": "Saint-Romain-les-Atheux",
    "code": "42286",
    "epci_code": "244200622",
    "departement_code": "42",
    "region_code": "84",
    "postal_code": "42660"
  },
  {
    "name": "Saint-Sauveur-en-Rue",
    "code": "42287",
    "epci_code": "244200622",
    "departement_code": "42",
    "region_code": "84",
    "postal_code": "42220"
  },
  {
    "name": "Saint-Sixte",
    "code": "42288",
    "epci_code": "200065886",
    "departement_code": "42",
    "region_code": "84",
    "postal_code": "42130"
  },
  {
    "name": "Saint-Symphorien-de-Lay",
    "code": "42289",
    "epci_code": "244200630",
    "departement_code": "42",
    "region_code": "84",
    "postal_code": "42470"
  },
  {
    "name": "Saint-Thomas-la-Garde",
    "code": "42290",
    "epci_code": "200065886",
    "departement_code": "42",
    "region_code": "84",
    "postal_code": "42600"
  },
  {
    "name": "Saint-Victor-sur-Rhins",
    "code": "42293",
    "epci_code": "244200630",
    "departement_code": "42",
    "region_code": "84",
    "postal_code": "42630"
  },
  {
    "name": "Saint-Vincent-de-Boisset",
    "code": "42294",
    "epci_code": "200035731",
    "departement_code": "42",
    "region_code": "84",
    "postal_code": "42120"
  },
  {
    "name": "Les Salles",
    "code": "42295",
    "epci_code": "244200820",
    "departement_code": "42",
    "region_code": "84",
    "postal_code": "42440"
  },
  {
    "name": "Salt-en-Donzy",
    "code": "42296",
    "epci_code": "200065894",
    "departement_code": "42",
    "region_code": "84",
    "postal_code": "42110"
  },
  {
    "name": "Salvizinet",
    "code": "42297",
    "epci_code": "200065894",
    "departement_code": "42",
    "region_code": "84",
    "postal_code": "42110"
  },
  {
    "name": "Sauvain",
    "code": "42298",
    "epci_code": "200065886",
    "departement_code": "42",
    "region_code": "84",
    "postal_code": "42990"
  },
  {
    "name": "Savigneux",
    "code": "42299",
    "epci_code": "200065886",
    "departement_code": "42",
    "region_code": "84",
    "postal_code": "42600"
  },
  {
    "name": "Sevelinges",
    "code": "42300",
    "epci_code": "200035202",
    "departement_code": "42",
    "region_code": "84",
    "postal_code": "42460"
  },
  {
    "name": "Soleymieux",
    "code": "42301",
    "epci_code": "200065886",
    "departement_code": "42",
    "region_code": "84",
    "postal_code": "42560"
  },
  {
    "name": "Sorbiers",
    "code": "42302",
    "epci_code": "244200770",
    "departement_code": "42",
    "region_code": "84",
    "postal_code": "42290"
  },
  {
    "name": "Souternon",
    "code": "42303",
    "epci_code": "244200614",
    "departement_code": "42",
    "region_code": "84",
    "postal_code": "42260"
  },
  {
    "name": "Sury-le-Comtal",
    "code": "42304",
    "epci_code": "200065886",
    "departement_code": "42",
    "region_code": "84",
    "postal_code": "42450"
  },
  {
    "name": "La Talaudière",
    "code": "42305",
    "epci_code": "244200770",
    "departement_code": "42",
    "region_code": "84",
    "postal_code": "42350"
  },
  {
    "name": "Tarentaise",
    "code": "42306",
    "epci_code": "244200622",
    "departement_code": "42",
    "region_code": "84",
    "postal_code": "42660"
  },
  {
    "name": "Tartaras",
    "code": "42307",
    "epci_code": "244200770",
    "departement_code": "42",
    "region_code": "84",
    "postal_code": "42800"
  },
  {
    "name": "La Terrasse-sur-Dorlay",
    "code": "42308",
    "epci_code": "244200770",
    "departement_code": "42",
    "region_code": "84",
    "postal_code": "42740"
  },
  {
    "name": "Thélis-la-Combe",
    "code": "42310",
    "epci_code": "244200622",
    "departement_code": "42",
    "region_code": "84",
    "postal_code": "42220"
  },
  {
    "name": "La Tour-en-Jarez",
    "code": "42311",
    "epci_code": "244200770",
    "departement_code": "42",
    "region_code": "84",
    "postal_code": "42580"
  },
  {
    "name": "La Tourette",
    "code": "42312",
    "epci_code": "200065886",
    "departement_code": "42",
    "region_code": "84",
    "postal_code": "42380"
  },
  {
    "name": "Trelins",
    "code": "42313",
    "epci_code": "200065886",
    "departement_code": "42",
    "region_code": "84",
    "postal_code": "42130"
  },
  {
    "name": "La Tuilière",
    "code": "42314",
    "epci_code": "244200820",
    "departement_code": "42",
    "region_code": "84",
    "postal_code": "42830"
  },
  {
    "name": "Unias",
    "code": "42315",
    "epci_code": "200065886",
    "departement_code": "42",
    "region_code": "84",
    "postal_code": "42210"
  },
  {
    "name": "Unieux",
    "code": "42316",
    "epci_code": "244200770",
    "departement_code": "42",
    "region_code": "84",
    "postal_code": "42240"
  },
  {
    "name": "Urbise",
    "code": "42317",
    "epci_code": "200035731",
    "departement_code": "42",
    "region_code": "84",
    "postal_code": "42310"
  },
  {
    "name": "Usson-en-Forez",
    "code": "42318",
    "epci_code": "200065886",
    "departement_code": "42",
    "region_code": "84",
    "postal_code": "42550"
  },
  {
    "name": "Valeille",
    "code": "42319",
    "epci_code": "200065894",
    "departement_code": "42",
    "region_code": "84",
    "postal_code": "42110"
  },
  {
    "name": "Valfleury",
    "code": "42320",
    "epci_code": "244200770",
    "departement_code": "42",
    "region_code": "84",
    "postal_code": "42320"
  },
  {
    "name": "La Valla-sur-Rochefort",
    "code": "42321",
    "epci_code": "200065886",
    "departement_code": "42",
    "region_code": "84",
    "postal_code": "42111"
  },
  {
    "name": "La Valla-en-Gier",
    "code": "42322",
    "epci_code": "244200770",
    "departement_code": "42",
    "region_code": "84",
    "postal_code": "42131"
  },
  {
    "name": "Veauche",
    "code": "42323",
    "epci_code": "200065894",
    "departement_code": "42",
    "region_code": "84",
    "postal_code": "42340"
  },
  {
    "name": "Veauchette",
    "code": "42324",
    "epci_code": "200065886",
    "departement_code": "42",
    "region_code": "84",
    "postal_code": "42340"
  },
  {
    "name": "Vendranges",
    "code": "42325",
    "epci_code": "244200630",
    "departement_code": "42",
    "region_code": "84",
    "postal_code": "42590"
  },
  {
    "name": "Véranne",
    "code": "42326",
    "epci_code": "244200895",
    "departement_code": "42",
    "region_code": "84",
    "postal_code": "42520"
  },
  {
    "name": "Vérin",
    "code": "42327",
    "epci_code": "244200895",
    "departement_code": "42",
    "region_code": "84",
    "postal_code": "42410"
  },
  {
    "name": "Verrières-en-Forez",
    "code": "42328",
    "epci_code": "200065886",
    "departement_code": "42",
    "region_code": "84",
    "postal_code": "42600"
  },
  {
    "name": "La Versanne",
    "code": "42329",
    "epci_code": "244200622",
    "departement_code": "42",
    "region_code": "84",
    "postal_code": "42220"
  },
  {
    "name": "Villars",
    "code": "42330",
    "epci_code": "244200770",
    "departement_code": "42",
    "region_code": "84",
    "postal_code": "42390"
  },
  {
    "name": "Villemontais",
    "code": "42331",
    "epci_code": "200035731",
    "departement_code": "42",
    "region_code": "84",
    "postal_code": "42155"
  },
  {
    "name": "Villerest",
    "code": "42332",
    "epci_code": "200035731",
    "departement_code": "42",
    "region_code": "84",
    "postal_code": "42300"
  },
  {
    "name": "Villers",
    "code": "42333",
    "epci_code": "200035202",
    "departement_code": "42",
    "region_code": "84",
    "postal_code": "42460"
  },
  {
    "name": "Violay",
    "code": "42334",
    "epci_code": "200065894",
    "departement_code": "42",
    "region_code": "84",
    "postal_code": "42780"
  },
  {
    "name": "Viricelles",
    "code": "42335",
    "epci_code": "200066587",
    "departement_code": "42",
    "region_code": "84",
    "postal_code": "42140"
  },
  {
    "name": "Virigneux",
    "code": "42336",
    "epci_code": "200066587",
    "departement_code": "42",
    "region_code": "84",
    "postal_code": "42140"
  },
  {
    "name": "Vivans",
    "code": "42337",
    "epci_code": "200035731",
    "departement_code": "42",
    "region_code": "84",
    "postal_code": "42310"
  },
  {
    "name": "Vougy",
    "code": "42338",
    "epci_code": "200035202",
    "departement_code": "42",
    "region_code": "84",
    "postal_code": "42720"
  },
  {
    "name": "Chausseterre",
    "code": "42339",
    "epci_code": "244200820",
    "departement_code": "42",
    "region_code": "84",
    "postal_code": "42430"
  }
]