[
  {
    "name": "Abjat-sur-Bandiat",
    "code": "24001",
    "epci_code": "200071819",
    "departement_code": "24",
    "region_code": "75",
    "postal_code": "24300"
  },
  {
    "name": "Agonac",
    "code": "24002",
    "epci_code": "200040392",
    "departement_code": "24",
    "region_code": "75",
    "postal_code": "24460"
  },
  {
    "name": "Ajat",
    "code": "24004",
    "epci_code": "200041150",
    "departement_code": "24",
    "region_code": "75",
    "postal_code": "24210"
  },
  {
    "name": "Alles-sur-Dordogne",
    "code": "24005",
    "epci_code": "200034833",
    "departement_code": "24",
    "region_code": "75",
    "postal_code": "24480"
  },
  {
    "name": "Allas-les-Mines",
    "code": "24006",
    "epci_code": "200041051",
    "departement_code": "24",
    "region_code": "75",
    "postal_code": "24220"
  },
  {
    "name": "Allemans",
    "code": "24007",
    "epci_code": "200040400",
    "departement_code": "24",
    "region_code": "75",
    "postal_code": "24600"
  },
  {
    "name": "Angoisse",
    "code": "24008",
    "epci_code": "242401024",
    "departement_code": "24",
    "region_code": "75",
    "postal_code": "24270"
  },
  {
    "name": "Anlhiac",
    "code": "24009",
    "epci_code": "242401024",
    "departement_code": "24",
    "region_code": "75",
    "postal_code": "24160"
  },
  {
    "name": "Annesse-et-Beaulieu",
    "code": "24010",
    "epci_code": "200040392",
    "departement_code": "24",
    "region_code": "75",
    "postal_code": "24430"
  },
  {
    "name": "Antonne-et-Trigonant",
    "code": "24011",
    "epci_code": "200040392",
    "departement_code": "24",
    "region_code": "75",
    "postal_code": "24420"
  },
  {
    "name": "Archignac",
    "code": "24012",
    "epci_code": "200040830",
    "departement_code": "24",
    "region_code": "75",
    "postal_code": "24590"
  },
  {
    "name": "Aubas",
    "code": "24014",
    "epci_code": "200041168",
    "departement_code": "24",
    "region_code": "75",
    "postal_code": "24290"
  },
  {
    "name": "Audrix",
    "code": "24015",
    "epci_code": "200041168",
    "departement_code": "24",
    "region_code": "75",
    "postal_code": "24260"
  },
  {
    "name": "Augignac",
    "code": "24016",
    "epci_code": "200071819",
    "departement_code": "24",
    "region_code": "75",
    "postal_code": "24300"
  },
  {
    "name": "Auriac-du-Périgord",
    "code": "24018",
    "epci_code": "200041150",
    "departement_code": "24",
    "region_code": "75",
    "postal_code": "24290"
  },
  {
    "name": "Azerat",
    "code": "24019",
    "epci_code": "200041150",
    "departement_code": "24",
    "region_code": "75",
    "postal_code": "24210"
  },
  {
    "name": "La Bachellerie",
    "code": "24020",
    "epci_code": "200041150",
    "departement_code": "24",
    "region_code": "75",
    "postal_code": "24210"
  },
  {
    "name": "Badefols-d’Ans",
    "code": "24021",
    "epci_code": "200041150",
    "departement_code": "24",
    "region_code": "75",
    "postal_code": "24390"
  },
  {
    "name": "Badefols-sur-Dordogne",
    "code": "24022",
    "epci_code": "200034833",
    "departement_code": "24",
    "region_code": "75",
    "postal_code": "24150"
  },
  {
    "name": "Baneuil",
    "code": "24023",
    "epci_code": "200034833",
    "departement_code": "24",
    "region_code": "75",
    "postal_code": "24150"
  },
  {
    "name": "Bardou",
    "code": "24024",
    "epci_code": "200040889",
    "departement_code": "24",
    "region_code": "75",
    "postal_code": "24560"
  },
  {
    "name": "Bars",
    "code": "24025",
    "epci_code": "200041150",
    "departement_code": "24",
    "region_code": "75",
    "postal_code": "24210"
  },
  {
    "name": "Bassillac et Auberoche",
    "code": "24026",
    "epci_code": "200040392",
    "departement_code": "24",
    "region_code": "75",
    "postal_code": "24330"
  },
  {
    "name": "Bassillac et Auberoche",
    "code": "24026",
    "epci_code": "200040392",
    "departement_code": "24",
    "region_code": "75",
    "postal_code": "24640"
  },
  {
    "name": "Bayac",
    "code": "24027",
    "epci_code": "200034833",
    "departement_code": "24",
    "region_code": "75",
    "postal_code": "24150"
  },
  {
    "name": "Beaumontois en Périgord",
    "code": "24028",
    "epci_code": "200034833",
    "departement_code": "24",
    "region_code": "75",
    "postal_code": "24440"
  },
  {
    "name": "Beaupouyet",
    "code": "24029",
    "epci_code": "200069094",
    "departement_code": "24",
    "region_code": "75",
    "postal_code": "24400"
  },
  {
    "name": "Beauregard-de-Terrasson",
    "code": "24030",
    "epci_code": "200041150",
    "departement_code": "24",
    "region_code": "75",
    "postal_code": "24120"
  },
  {
    "name": "Beauregard-et-Bassac",
    "code": "24031",
    "epci_code": "200069094",
    "departement_code": "24",
    "region_code": "75",
    "postal_code": "24140"
  },
  {
    "name": "Beauronne",
    "code": "24032",
    "epci_code": "200040095",
    "departement_code": "24",
    "region_code": "75",
    "postal_code": "24400"
  },
  {
    "name": "Beleymas",
    "code": "24034",
    "epci_code": "200069094",
    "departement_code": "24",
    "region_code": "75",
    "postal_code": "24140"
  },
  {
    "name": "Pays de Belvès",
    "code": "24035",
    "epci_code": "200041051",
    "departement_code": "24",
    "region_code": "75",
    "postal_code": "24170"
  },
  {
    "name": "Berbiguières",
    "code": "24036",
    "epci_code": "200041051",
    "departement_code": "24",
    "region_code": "75",
    "postal_code": "24220"
  },
  {
    "name": "Bergerac",
    "code": "24037",
    "epci_code": "200070647",
    "departement_code": "24",
    "region_code": "75",
    "postal_code": "24100"
  },
  {
    "name": "Bertric-Burée",
    "code": "24038",
    "epci_code": "200040400",
    "departement_code": "24",
    "region_code": "75",
    "postal_code": "24320"
  },
  {
    "name": "Besse",
    "code": "24039",
    "epci_code": "200041440",
    "departement_code": "24",
    "region_code": "75",
    "postal_code": "24550"
  },
  {
    "name": "Beynac-et-Cazenac",
    "code": "24040",
    "epci_code": "200027217",
    "departement_code": "24",
    "region_code": "75",
    "postal_code": "24220"
  },
  {
    "name": "Biras",
    "code": "24042",
    "epci_code": "200041572",
    "departement_code": "24",
    "region_code": "75",
    "postal_code": "24310"
  },
  {
    "name": "Biron",
    "code": "24043",
    "epci_code": "200034833",
    "departement_code": "24",
    "region_code": "75",
    "postal_code": "24540"
  },
  {
    "name": "Boisse",
    "code": "24045",
    "epci_code": "200040889",
    "departement_code": "24",
    "region_code": "75",
    "postal_code": "24560"
  },
  {
    "name": "Boisseuilh",
    "code": "24046",
    "epci_code": "200041150",
    "departement_code": "24",
    "region_code": "75",
    "postal_code": "24390"
  },
  {
    "name": "Bonneville-et-Saint-Avit-de-Fumadières",
    "code": "24048",
    "epci_code": "200034197",
    "departement_code": "24",
    "region_code": "75",
    "postal_code": "24230"
  },
  {
    "name": "Borrèze",
    "code": "24050",
    "epci_code": "200040830",
    "departement_code": "24",
    "region_code": "75",
    "postal_code": "24590"
  },
  {
    "name": "Bosset",
    "code": "24051",
    "epci_code": "200070647",
    "departement_code": "24",
    "region_code": "75",
    "postal_code": "24130"
  },
  {
    "name": "Bouillac",
    "code": "24052",
    "epci_code": "200034833",
    "departement_code": "24",
    "region_code": "75",
    "postal_code": "24480"
  },
  {
    "name": "Boulazac Isle Manoire",
    "code": "24053",
    "epci_code": "200040392",
    "departement_code": "24",
    "region_code": "75",
    "postal_code": "24330"
  },
  {
    "name": "Boulazac Isle Manoire",
    "code": "24053",
    "epci_code": "200040392",
    "departement_code": "24",
    "region_code": "75",
    "postal_code": "24750"
  },
  {
    "name": "Bouniagues",
    "code": "24054",
    "epci_code": "200070647",
    "departement_code": "24",
    "region_code": "75",
    "postal_code": "24560"
  },
  {
    "name": "Bourdeilles",
    "code": "24055",
    "epci_code": "200041572",
    "departement_code": "24",
    "region_code": "75",
    "postal_code": "24310"
  },
  {
    "name": "Le Bourdeix",
    "code": "24056",
    "epci_code": "200071819",
    "departement_code": "24",
    "region_code": "75",
    "postal_code": "24300"
  },
  {
    "name": "Bourg-des-Maisons",
    "code": "24057",
    "epci_code": "200040400",
    "departement_code": "24",
    "region_code": "75",
    "postal_code": "24320"
  },
  {
    "name": "Bourg-du-Bost",
    "code": "24058",
    "epci_code": "200040400",
    "departement_code": "24",
    "region_code": "75",
    "postal_code": "24600"
  },
  {
    "name": "Bourgnac",
    "code": "24059",
    "epci_code": "200069094",
    "departement_code": "24",
    "region_code": "75",
    "postal_code": "24400"
  },
  {
    "name": "Bourniquel",
    "code": "24060",
    "epci_code": "200034833",
    "departement_code": "24",
    "region_code": "75",
    "postal_code": "24150"
  },
  {
    "name": "Bourrou",
    "code": "24061",
    "epci_code": "200040392",
    "departement_code": "24",
    "region_code": "75",
    "postal_code": "24110"
  },
  {
    "name": "Bouteilles-Saint-Sébastien",
    "code": "24062",
    "epci_code": "200040400",
    "departement_code": "24",
    "region_code": "75",
    "postal_code": "24320"
  },
  {
    "name": "Bouzic",
    "code": "24063",
    "epci_code": "200041440",
    "departement_code": "24",
    "region_code": "75",
    "postal_code": "24250"
  },
  {
    "name": "Brantôme en Périgord",
    "code": "24064",
    "epci_code": "200041572",
    "departement_code": "24",
    "region_code": "75",
    "postal_code": "24310"
  },
  {
    "name": "Brantôme en Périgord",
    "code": "24064",
    "epci_code": "200041572",
    "departement_code": "24",
    "region_code": "75",
    "postal_code": "24460"
  },
  {
    "name": "Brantôme en Périgord",
    "code": "24064",
    "epci_code": "200041572",
    "departement_code": "24",
    "region_code": "75",
    "postal_code": "24530"
  },
  {
    "name": "Brouchaud",
    "code": "24066",
    "epci_code": "242401024",
    "departement_code": "24",
    "region_code": "75",
    "postal_code": "24210"
  },
  {
    "name": "Le Bugue",
    "code": "24067",
    "epci_code": "200041168",
    "departement_code": "24",
    "region_code": "75",
    "postal_code": "24260"
  },
  {
    "name": "Le Buisson-de-Cadouin",
    "code": "24068",
    "epci_code": "200034833",
    "departement_code": "24",
    "region_code": "75",
    "postal_code": "24480"
  },
  {
    "name": "Bussac",
    "code": "24069",
    "epci_code": "200041572",
    "departement_code": "24",
    "region_code": "75",
    "postal_code": "24350"
  },
  {
    "name": "Busserolles",
    "code": "24070",
    "epci_code": "200071819",
    "departement_code": "24",
    "region_code": "75",
    "postal_code": "24360"
  },
  {
    "name": "Bussière-Badil",
    "code": "24071",
    "epci_code": "200071819",
    "departement_code": "24",
    "region_code": "75",
    "postal_code": "24360"
  },
  {
    "name": "Calès",
    "code": "24073",
    "epci_code": "200034833",
    "departement_code": "24",
    "region_code": "75",
    "postal_code": "24150"
  },
  {
    "name": "Calviac-en-Périgord",
    "code": "24074",
    "epci_code": "200040830",
    "departement_code": "24",
    "region_code": "75",
    "postal_code": "24370"
  },
  {
    "name": "Campagnac-lès-Quercy",
    "code": "24075",
    "epci_code": "200041440",
    "departement_code": "24",
    "region_code": "75",
    "postal_code": "24550"
  },
  {
    "name": "Campagne",
    "code": "24076",
    "epci_code": "200041168",
    "departement_code": "24",
    "region_code": "75",
    "postal_code": "24260"
  },
  {
    "name": "Campsegret",
    "code": "24077",
    "epci_code": "200069094",
    "departement_code": "24",
    "region_code": "75",
    "postal_code": "24140"
  },
  {
    "name": "Capdrot",
    "code": "24080",
    "epci_code": "200034833",
    "departement_code": "24",
    "region_code": "75",
    "postal_code": "24540"
  },
  {
    "name": "Carlux",
    "code": "24081",
    "epci_code": "200040830",
    "departement_code": "24",
    "region_code": "75",
    "postal_code": "24370"
  },
  {
    "name": "Carsac-Aillac",
    "code": "24082",
    "epci_code": "200040830",
    "departement_code": "24",
    "region_code": "75",
    "postal_code": "24200"
  },
  {
    "name": "Carsac-de-Gurson",
    "code": "24083",
    "epci_code": "200034197",
    "departement_code": "24",
    "region_code": "75",
    "postal_code": "24610"
  },
  {
    "name": "Carves",
    "code": "24084",
    "epci_code": "200041051",
    "departement_code": "24",
    "region_code": "75",
    "postal_code": "24170"
  },
  {
    "name": "La Cassagne",
    "code": "24085",
    "epci_code": "200041150",
    "departement_code": "24",
    "region_code": "75",
    "postal_code": "24120"
  },
  {
    "name": "Castelnaud-la-Chapelle",
    "code": "24086",
    "epci_code": "200041440",
    "departement_code": "24",
    "region_code": "75",
    "postal_code": "24250"
  },
  {
    "name": "Castels et Bézenac",
    "code": "24087",
    "epci_code": "200041051",
    "departement_code": "24",
    "region_code": "75",
    "postal_code": "24220"
  },
  {
    "name": "Cause-de-Clérans",
    "code": "24088",
    "epci_code": "200034833",
    "departement_code": "24",
    "region_code": "75",
    "postal_code": "24150"
  },
  {
    "name": "Celles",
    "code": "24090",
    "epci_code": "200040400",
    "departement_code": "24",
    "region_code": "75",
    "postal_code": "24600"
  },
  {
    "name": "Cénac-et-Saint-Julien",
    "code": "24091",
    "epci_code": "200041440",
    "departement_code": "24",
    "region_code": "75",
    "postal_code": "24250"
  },
  {
    "name": "Chalagnac",
    "code": "24094",
    "epci_code": "200040392",
    "departement_code": "24",
    "region_code": "75",
    "postal_code": "24380"
  },
  {
    "name": "Chalais",
    "code": "24095",
    "epci_code": "242400752",
    "departement_code": "24",
    "region_code": "75",
    "postal_code": "24800"
  },
  {
    "name": "Champagnac-de-Belair",
    "code": "24096",
    "epci_code": "200041572",
    "departement_code": "24",
    "region_code": "75",
    "postal_code": "24530"
  },
  {
    "name": "Champagne-et-Fontaine",
    "code": "24097",
    "epci_code": "200040400",
    "departement_code": "24",
    "region_code": "75",
    "postal_code": "24320"
  },
  {
    "name": "Champcevinel",
    "code": "24098",
    "epci_code": "200040392",
    "departement_code": "24",
    "region_code": "75",
    "postal_code": "24750"
  },
  {
    "name": "Champniers-et-Reilhac",
    "code": "24100",
    "epci_code": "200071819",
    "departement_code": "24",
    "region_code": "75",
    "postal_code": "24360"
  },
  {
    "name": "Champs-Romain",
    "code": "24101",
    "epci_code": "200071819",
    "departement_code": "24",
    "region_code": "75",
    "postal_code": "24470"
  },
  {
    "name": "Chancelade",
    "code": "24102",
    "epci_code": "200040392",
    "departement_code": "24",
    "region_code": "75",
    "postal_code": "24650"
  },
  {
    "name": "Chantérac",
    "code": "24104",
    "epci_code": "200040095",
    "departement_code": "24",
    "region_code": "75",
    "postal_code": "24190"
  },
  {
    "name": "Chapdeuil",
    "code": "24105",
    "epci_code": "200040400",
    "departement_code": "24",
    "region_code": "75",
    "postal_code": "24320"
  },
  {
    "name": "La Chapelle-Aubareil",
    "code": "24106",
    "epci_code": "200041168",
    "departement_code": "24",
    "region_code": "75",
    "postal_code": "24290"
  },
  {
    "name": "La Chapelle-Faucher",
    "code": "24107",
    "epci_code": "200041572",
    "departement_code": "24",
    "region_code": "75",
    "postal_code": "24530"
  },
  {
    "name": "La Chapelle-Gonaguet",
    "code": "24108",
    "epci_code": "200040392",
    "departement_code": "24",
    "region_code": "75",
    "postal_code": "24350"
  },
  {
    "name": "La Chapelle-Grésignac",
    "code": "24109",
    "epci_code": "200040400",
    "departement_code": "24",
    "region_code": "75",
    "postal_code": "24320"
  },
  {
    "name": "La Chapelle-Montabourlet",
    "code": "24110",
    "epci_code": "200040400",
    "departement_code": "24",
    "region_code": "75",
    "postal_code": "24320"
  },
  {
    "name": "La Chapelle-Montmoreau",
    "code": "24111",
    "epci_code": "200041572",
    "departement_code": "24",
    "region_code": "75",
    "postal_code": "24300"
  },
  {
    "name": "La Chapelle-Saint-Jean",
    "code": "24113",
    "epci_code": "200041150",
    "departement_code": "24",
    "region_code": "75",
    "postal_code": "24390"
  },
  {
    "name": "Chassaignes",
    "code": "24114",
    "epci_code": "200040400",
    "departement_code": "24",
    "region_code": "75",
    "postal_code": "24600"
  },
  {
    "name": "Château-l’Évêque",
    "code": "24115",
    "epci_code": "200040392",
    "departement_code": "24",
    "region_code": "75",
    "postal_code": "24460"
  },
  {
    "name": "Châtres",
    "code": "24116",
    "epci_code": "200041150",
    "departement_code": "24",
    "region_code": "75",
    "postal_code": "24120"
  },
  {
    "name": "Les Coteaux Périgourdins",
    "code": "24117",
    "epci_code": "200041150",
    "departement_code": "24",
    "region_code": "75",
    "postal_code": "24120"
  },
  {
    "name": "Cherval",
    "code": "24119",
    "epci_code": "200040400",
    "departement_code": "24",
    "region_code": "75",
    "postal_code": "24320"
  },
  {
    "name": "Cherveix-Cubas",
    "code": "24120",
    "epci_code": "242401024",
    "departement_code": "24",
    "region_code": "75",
    "postal_code": "24390"
  },
  {
    "name": "Chourgnac",
    "code": "24121",
    "epci_code": "200041150",
    "departement_code": "24",
    "region_code": "75",
    "postal_code": "24640"
  },
  {
    "name": "Cladech",
    "code": "24122",
    "epci_code": "200041051",
    "departement_code": "24",
    "region_code": "75",
    "postal_code": "24170"
  },
  {
    "name": "Clermont-de-Beauregard",
    "code": "24123",
    "epci_code": "200069094",
    "departement_code": "24",
    "region_code": "75",
    "postal_code": "24140"
  },
  {
    "name": "Clermont-d’Excideuil",
    "code": "24124",
    "epci_code": "242401024",
    "departement_code": "24",
    "region_code": "75",
    "postal_code": "24160"
  },
  {
    "name": "Colombier",
    "code": "24126",
    "epci_code": "200070647",
    "departement_code": "24",
    "region_code": "75",
    "postal_code": "24560"
  },
  {
    "name": "Comberanche-et-Épeluche",
    "code": "24128",
    "epci_code": "200040400",
    "departement_code": "24",
    "region_code": "75",
    "postal_code": "24600"
  },
  {
    "name": "Condat-sur-Trincou",
    "code": "24129",
    "epci_code": "200041572",
    "departement_code": "24",
    "region_code": "75",
    "postal_code": "24530"
  },
  {
    "name": "Condat-sur-Vézère",
    "code": "24130",
    "epci_code": "200041150",
    "departement_code": "24",
    "region_code": "75",
    "postal_code": "24570"
  },
  {
    "name": "Connezac",
    "code": "24131",
    "epci_code": "200071819",
    "departement_code": "24",
    "region_code": "75",
    "postal_code": "24300"
  },
  {
    "name": "Conne-de-Labarde",
    "code": "24132",
    "epci_code": "200040889",
    "departement_code": "24",
    "region_code": "75",
    "postal_code": "24560"
  },
  {
    "name": "La Coquille",
    "code": "24133",
    "epci_code": "242400752",
    "departement_code": "24",
    "region_code": "75",
    "postal_code": "24450"
  },
  {
    "name": "Corgnac-sur-l’Isle",
    "code": "24134",
    "epci_code": "242400752",
    "departement_code": "24",
    "region_code": "75",
    "postal_code": "24800"
  },
  {
    "name": "Cornille",
    "code": "24135",
    "epci_code": "200040392",
    "departement_code": "24",
    "region_code": "75",
    "postal_code": "24750"
  },
  {
    "name": "Coubjours",
    "code": "24136",
    "epci_code": "200041150",
    "departement_code": "24",
    "region_code": "75",
    "postal_code": "24390"
  },
  {
    "name": "Coulaures",
    "code": "24137",
    "epci_code": "242401024",
    "departement_code": "24",
    "region_code": "75",
    "postal_code": "24420"
  },
  {
    "name": "Coulounieix-Chamiers",
    "code": "24138",
    "epci_code": "200040392",
    "departement_code": "24",
    "region_code": "75",
    "postal_code": "24660"
  },
  {
    "name": "Coursac",
    "code": "24139",
    "epci_code": "200040392",
    "departement_code": "24",
    "region_code": "75",
    "postal_code": "24430"
  },
  {
    "name": "Cours-de-Pile",
    "code": "24140",
    "epci_code": "200070647",
    "departement_code": "24",
    "region_code": "75",
    "postal_code": "24520"
  },
  {
    "name": "Coutures",
    "code": "24141",
    "epci_code": "200040400",
    "departement_code": "24",
    "region_code": "75",
    "postal_code": "24320"
  },
  {
    "name": "Coux et Bigaroque-Mouzens",
    "code": "24142",
    "epci_code": "200041051",
    "departement_code": "24",
    "region_code": "75",
    "postal_code": "24220"
  },
  {
    "name": "Couze-et-Saint-Front",
    "code": "24143",
    "epci_code": "200034833",
    "departement_code": "24",
    "region_code": "75",
    "postal_code": "24150"
  },
  {
    "name": "Creyssac",
    "code": "24144",
    "epci_code": "200040400",
    "departement_code": "24",
    "region_code": "75",
    "postal_code": "24350"
  },
  {
    "name": "Creysse",
    "code": "24145",
    "epci_code": "200070647",
    "departement_code": "24",
    "region_code": "75",
    "postal_code": "24100"
  },
  {
    "name": "Creyssensac-et-Pissot",
    "code": "24146",
    "epci_code": "200040392",
    "departement_code": "24",
    "region_code": "75",
    "postal_code": "24380"
  },
  {
    "name": "Cubjac-Auvézère-Val d’Ans",
    "code": "24147",
    "epci_code": "242401024",
    "departement_code": "24",
    "region_code": "75",
    "postal_code": "24640"
  },
  {
    "name": "Cunèges",
    "code": "24148",
    "epci_code": "200070647",
    "departement_code": "24",
    "region_code": "75",
    "postal_code": "24240"
  },
  {
    "name": "Daglan",
    "code": "24150",
    "epci_code": "200041440",
    "departement_code": "24",
    "region_code": "75",
    "postal_code": "24250"
  },
  {
    "name": "Doissat",
    "code": "24151",
    "epci_code": "200041051",
    "departement_code": "24",
    "region_code": "75",
    "postal_code": "24170"
  },
  {
    "name": "Domme",
    "code": "24152",
    "epci_code": "200041440",
    "departement_code": "24",
    "region_code": "75",
    "postal_code": "24250"
  },
  {
    "name": "La Dornac",
    "code": "24153",
    "epci_code": "200041150",
    "departement_code": "24",
    "region_code": "75",
    "postal_code": "24120"
  },
  {
    "name": "Douchapt",
    "code": "24154",
    "epci_code": "200040400",
    "departement_code": "24",
    "region_code": "75",
    "postal_code": "24350"
  },
  {
    "name": "Douville",
    "code": "24155",
    "epci_code": "200069094",
    "departement_code": "24",
    "region_code": "75",
    "postal_code": "24140"
  },
  {
    "name": "La Douze",
    "code": "24156",
    "epci_code": "200040392",
    "departement_code": "24",
    "region_code": "75",
    "postal_code": "24330"
  },
  {
    "name": "Douzillac",
    "code": "24157",
    "epci_code": "200040095",
    "departement_code": "24",
    "region_code": "75",
    "postal_code": "24190"
  },
  {
    "name": "Dussac",
    "code": "24158",
    "epci_code": "242401024",
    "departement_code": "24",
    "region_code": "75",
    "postal_code": "24270"
  },
  {
    "name": "Échourgnac",
    "code": "24159",
    "epci_code": "200040384",
    "departement_code": "24",
    "region_code": "75",
    "postal_code": "24410"
  },
  {
    "name": "Église-Neuve-de-Vergt",
    "code": "24160",
    "epci_code": "200040392",
    "departement_code": "24",
    "region_code": "75",
    "postal_code": "24380"
  },
  {
    "name": "Église-Neuve-d’Issac",
    "code": "24161",
    "epci_code": "200069094",
    "departement_code": "24",
    "region_code": "75",
    "postal_code": "24400"
  },
  {
    "name": "Escoire",
    "code": "24162",
    "epci_code": "200040392",
    "departement_code": "24",
    "region_code": "75",
    "postal_code": "24420"
  },
  {
    "name": "Étouars",
    "code": "24163",
    "epci_code": "200071819",
    "departement_code": "24",
    "region_code": "75",
    "postal_code": "24360"
  },
  {
    "name": "Excideuil",
    "code": "24164",
    "epci_code": "242401024",
    "departement_code": "24",
    "region_code": "75",
    "postal_code": "24160"
  },
  {
    "name": "Eygurande-et-Gardedeuil",
    "code": "24165",
    "epci_code": "200040384",
    "departement_code": "24",
    "region_code": "75",
    "postal_code": "24700"
  },
  {
    "name": "Eymet",
    "code": "24167",
    "epci_code": "200040889",
    "departement_code": "24",
    "region_code": "75",
    "postal_code": "24500"
  },
  {
    "name": "Plaisance",
    "code": "24168",
    "epci_code": "200040889",
    "departement_code": "24",
    "region_code": "75",
    "postal_code": "24560"
  },
  {
    "name": "Eyzerac",
    "code": "24171",
    "epci_code": "242400752",
    "departement_code": "24",
    "region_code": "75",
    "postal_code": "24800"
  },
  {
    "name": "Les Eyzies",
    "code": "24172",
    "epci_code": "200041168",
    "departement_code": "24",
    "region_code": "75",
    "postal_code": "24260"
  },
  {
    "name": "Les Eyzies",
    "code": "24172",
    "epci_code": "200041168",
    "departement_code": "24",
    "region_code": "75",
    "postal_code": "24620"
  },
  {
    "name": "Fanlac",
    "code": "24174",
    "epci_code": "200041168",
    "departement_code": "24",
    "region_code": "75",
    "postal_code": "24290"
  },
  {
    "name": "Les Farges",
    "code": "24175",
    "epci_code": "200041168",
    "departement_code": "24",
    "region_code": "75",
    "postal_code": "24290"
  },
  {
    "name": "Faurilles",
    "code": "24176",
    "epci_code": "200040889",
    "departement_code": "24",
    "region_code": "75",
    "postal_code": "24560"
  },
  {
    "name": "Faux-en-Périgord",
    "code": "24177",
    "epci_code": "200040889",
    "departement_code": "24",
    "region_code": "75",
    "postal_code": "24560"
  },
  {
    "name": "La Feuillade",
    "code": "24179",
    "epci_code": "200041150",
    "departement_code": "24",
    "region_code": "75",
    "postal_code": "24120"
  },
  {
    "name": "Firbeix",
    "code": "24180",
    "epci_code": "242400752",
    "departement_code": "24",
    "region_code": "75",
    "postal_code": "24450"
  },
  {
    "name": "Le Fleix",
    "code": "24182",
    "epci_code": "200070647",
    "departement_code": "24",
    "region_code": "75",
    "postal_code": "24130"
  },
  {
    "name": "Fleurac",
    "code": "24183",
    "epci_code": "200041168",
    "departement_code": "24",
    "region_code": "75",
    "postal_code": "24580"
  },
  {
    "name": "Florimont-Gaumier",
    "code": "24184",
    "epci_code": "200041440",
    "departement_code": "24",
    "region_code": "75",
    "postal_code": "24250"
  },
  {
    "name": "Fonroque",
    "code": "24186",
    "epci_code": "200040889",
    "departement_code": "24",
    "region_code": "75",
    "postal_code": "24500"
  },
  {
    "name": "Fossemagne",
    "code": "24188",
    "epci_code": "200041150",
    "departement_code": "24",
    "region_code": "75",
    "postal_code": "24210"
  },
  {
    "name": "Fougueyrolles",
    "code": "24189",
    "epci_code": "200034197",
    "departement_code": "24",
    "region_code": "75",
    "postal_code": "33220"
  },
  {
    "name": "Fouleix",
    "code": "24190",
    "epci_code": "200040392",
    "departement_code": "24",
    "region_code": "75",
    "postal_code": "24380"
  },
  {
    "name": "Fraisse",
    "code": "24191",
    "epci_code": "200070647",
    "departement_code": "24",
    "region_code": "75",
    "postal_code": "24130"
  },
  {
    "name": "Gabillou",
    "code": "24192",
    "epci_code": "200041150",
    "departement_code": "24",
    "region_code": "75",
    "postal_code": "24210"
  },
  {
    "name": "Gageac-et-Rouillac",
    "code": "24193",
    "epci_code": "200070647",
    "departement_code": "24",
    "region_code": "75",
    "postal_code": "24240"
  },
  {
    "name": "Gardonne",
    "code": "24194",
    "epci_code": "200070647",
    "departement_code": "24",
    "region_code": "75",
    "postal_code": "24680"
  },
  {
    "name": "Gaugeac",
    "code": "24195",
    "epci_code": "200034833",
    "departement_code": "24",
    "region_code": "75",
    "postal_code": "24540"
  },
  {
    "name": "Génis",
    "code": "24196",
    "epci_code": "242401024",
    "departement_code": "24",
    "region_code": "75",
    "postal_code": "24160"
  },
  {
    "name": "Ginestet",
    "code": "24197",
    "epci_code": "200070647",
    "departement_code": "24",
    "region_code": "75",
    "postal_code": "24130"
  },
  {
    "name": "Gout-Rossignol",
    "code": "24199",
    "epci_code": "200040400",
    "departement_code": "24",
    "region_code": "75",
    "postal_code": "24320"
  },
  {
    "name": "Grand-Brassac",
    "code": "24200",
    "epci_code": "200040400",
    "departement_code": "24",
    "region_code": "75",
    "postal_code": "24350"
  },
  {
    "name": "Granges-d’Ans",
    "code": "24202",
    "epci_code": "200041150",
    "departement_code": "24",
    "region_code": "75",
    "postal_code": "24390"
  },
  {
    "name": "Grignols",
    "code": "24205",
    "epci_code": "200040095",
    "departement_code": "24",
    "region_code": "75",
    "postal_code": "24110"
  },
  {
    "name": "Grives",
    "code": "24206",
    "epci_code": "200041051",
    "departement_code": "24",
    "region_code": "75",
    "postal_code": "24170"
  },
  {
    "name": "Groléjac",
    "code": "24207",
    "epci_code": "200041440",
    "departement_code": "24",
    "region_code": "75",
    "postal_code": "24250"
  },
  {
    "name": "Grun-Bordas",
    "code": "24208",
    "epci_code": "200040392",
    "departement_code": "24",
    "region_code": "75",
    "postal_code": "24380"
  },
  {
    "name": "Hautefaye",
    "code": "24209",
    "epci_code": "200071819",
    "departement_code": "24",
    "region_code": "75",
    "postal_code": "24300"
  },
  {
    "name": "Hautefort",
    "code": "24210",
    "epci_code": "200041150",
    "departement_code": "24",
    "region_code": "75",
    "postal_code": "24390"
  },
  {
    "name": "Issac",
    "code": "24211",
    "epci_code": "200069094",
    "departement_code": "24",
    "region_code": "75",
    "postal_code": "24400"
  },
  {
    "name": "Issigeac",
    "code": "24212",
    "epci_code": "200040889",
    "departement_code": "24",
    "region_code": "75",
    "postal_code": "24560"
  },
  {
    "name": "Jaure",
    "code": "24213",
    "epci_code": "200040095",
    "departement_code": "24",
    "region_code": "75",
    "postal_code": "24140"
  },
  {
    "name": "Javerlhac-et-la-Chapelle-Saint-Robert",
    "code": "24214",
    "epci_code": "200071819",
    "departement_code": "24",
    "region_code": "75",
    "postal_code": "24300"
  },
  {
    "name": "Jayac",
    "code": "24215",
    "epci_code": "200040830",
    "departement_code": "24",
    "region_code": "75",
    "postal_code": "24590"
  },
  {
    "name": "La Jemaye-Ponteyraud",
    "code": "24216",
    "epci_code": "200040400",
    "departement_code": "24",
    "region_code": "75",
    "postal_code": "24410"
  },
  {
    "name": "Journiac",
    "code": "24217",
    "epci_code": "200041168",
    "departement_code": "24",
    "region_code": "75",
    "postal_code": "24260"
  },
  {
    "name": "Jumilhac-le-Grand",
    "code": "24218",
    "epci_code": "242400752",
    "departement_code": "24",
    "region_code": "75",
    "postal_code": "24630"
  },
  {
    "name": "Lacropte",
    "code": "24220",
    "epci_code": "200040392",
    "departement_code": "24",
    "region_code": "75",
    "postal_code": "24380"
  },
  {
    "name": "Rudeau-Ladosse",
    "code": "24221",
    "epci_code": "200041572",
    "departement_code": "24",
    "region_code": "75",
    "postal_code": "24340"
  },
  {
    "name": "La Force",
    "code": "24222",
    "epci_code": "200070647",
    "departement_code": "24",
    "region_code": "75",
    "postal_code": "24130"
  },
  {
    "name": "Lalinde",
    "code": "24223",
    "epci_code": "200034833",
    "departement_code": "24",
    "region_code": "75",
    "postal_code": "24150"
  },
  {
    "name": "Lamonzie-Montastruc",
    "code": "24224",
    "epci_code": "200070647",
    "departement_code": "24",
    "region_code": "75",
    "postal_code": "24520"
  },
  {
    "name": "Lamonzie-Saint-Martin",
    "code": "24225",
    "epci_code": "200070647",
    "departement_code": "24",
    "region_code": "75",
    "postal_code": "24680"
  },
  {
    "name": "Lamothe-Montravel",
    "code": "24226",
    "epci_code": "200034197",
    "departement_code": "24",
    "region_code": "75",
    "postal_code": "24230"
  },
  {
    "name": "Lanouaille",
    "code": "24227",
    "epci_code": "242401024",
    "departement_code": "24",
    "region_code": "75",
    "postal_code": "24270"
  },
  {
    "name": "Lanquais",
    "code": "24228",
    "epci_code": "200034833",
    "departement_code": "24",
    "region_code": "75",
    "postal_code": "24150"
  },
  {
    "name": "Le Lardin-Saint-Lazare",
    "code": "24229",
    "epci_code": "200041150",
    "departement_code": "24",
    "region_code": "75",
    "postal_code": "24570"
  },
  {
    "name": "Larzac",
    "code": "24230",
    "epci_code": "200041051",
    "departement_code": "24",
    "region_code": "75",
    "postal_code": "24170"
  },
  {
    "name": "Lavalade",
    "code": "24231",
    "epci_code": "200034833",
    "departement_code": "24",
    "region_code": "75",
    "postal_code": "24540"
  },
  {
    "name": "Lavaur",
    "code": "24232",
    "epci_code": "200041440",
    "departement_code": "24",
    "region_code": "75",
    "postal_code": "24550"
  },
  {
    "name": "Les Lèches",
    "code": "24234",
    "epci_code": "200069094",
    "departement_code": "24",
    "region_code": "75",
    "postal_code": "24400"
  },
  {
    "name": "Léguillac-de-l’Auche",
    "code": "24236",
    "epci_code": "200040095",
    "departement_code": "24",
    "region_code": "75",
    "postal_code": "24110"
  },
  {
    "name": "Lembras",
    "code": "24237",
    "epci_code": "200070647",
    "departement_code": "24",
    "region_code": "75",
    "postal_code": "24100"
  },
  {
    "name": "Lempzours",
    "code": "24238",
    "epci_code": "242400752",
    "departement_code": "24",
    "region_code": "75",
    "postal_code": "24800"
  },
  {
    "name": "Limeuil",
    "code": "24240",
    "epci_code": "200041168",
    "departement_code": "24",
    "region_code": "75",
    "postal_code": "24510"
  },
  {
    "name": "Limeyrat",
    "code": "24241",
    "epci_code": "200041150",
    "departement_code": "24",
    "region_code": "75",
    "postal_code": "24210"
  },
  {
    "name": "Liorac-sur-Louyre",
    "code": "24242",
    "epci_code": "200034833",
    "departement_code": "24",
    "region_code": "75",
    "postal_code": "24520"
  },
  {
    "name": "Lisle",
    "code": "24243",
    "epci_code": "200040400",
    "departement_code": "24",
    "region_code": "75",
    "postal_code": "24350"
  },
  {
    "name": "Lolme",
    "code": "24244",
    "epci_code": "200034833",
    "departement_code": "24",
    "region_code": "75",
    "postal_code": "24540"
  },
  {
    "name": "Loubejac",
    "code": "24245",
    "epci_code": "200041440",
    "departement_code": "24",
    "region_code": "75",
    "postal_code": "24550"
  },
  {
    "name": "Lunas",
    "code": "24246",
    "epci_code": "200070647",
    "departement_code": "24",
    "region_code": "75",
    "postal_code": "24130"
  },
  {
    "name": "Lusignac",
    "code": "24247",
    "epci_code": "200040400",
    "departement_code": "24",
    "region_code": "75",
    "postal_code": "24320"
  },
  {
    "name": "Lussas-et-Nontronneau",
    "code": "24248",
    "epci_code": "200071819",
    "departement_code": "24",
    "region_code": "75",
    "postal_code": "24300"
  },
  {
    "name": "Manzac-sur-Vern",
    "code": "24251",
    "epci_code": "200040392",
    "departement_code": "24",
    "region_code": "75",
    "postal_code": "24110"
  },
  {
    "name": "Marcillac-Saint-Quentin",
    "code": "24252",
    "epci_code": "200027217",
    "departement_code": "24",
    "region_code": "75",
    "postal_code": "24200"
  },
  {
    "name": "Mareuil en Périgord",
    "code": "24253",
    "epci_code": "200041572",
    "departement_code": "24",
    "region_code": "75",
    "postal_code": "24340"
  },
  {
    "name": "Marnac",
    "code": "24254",
    "epci_code": "200041051",
    "departement_code": "24",
    "region_code": "75",
    "postal_code": "24220"
  },
  {
    "name": "Marquay",
    "code": "24255",
    "epci_code": "200027217",
    "departement_code": "24",
    "region_code": "75",
    "postal_code": "24620"
  },
  {
    "name": "Marsac-sur-l’Isle",
    "code": "24256",
    "epci_code": "200040392",
    "departement_code": "24",
    "region_code": "75",
    "postal_code": "24430"
  },
  {
    "name": "Marsalès",
    "code": "24257",
    "epci_code": "200034833",
    "departement_code": "24",
    "region_code": "75",
    "postal_code": "24540"
  },
  {
    "name": "Eyraud-Crempse-Maurens",
    "code": "24259",
    "epci_code": "200069094",
    "departement_code": "24",
    "region_code": "75",
    "postal_code": "24130"
  },
  {
    "name": "Eyraud-Crempse-Maurens",
    "code": "24259",
    "epci_code": "200069094",
    "departement_code": "24",
    "region_code": "75",
    "postal_code": "24140"
  },
  {
    "name": "Mauzac-et-Grand-Castang",
    "code": "24260",
    "epci_code": "200034833",
    "departement_code": "24",
    "region_code": "75",
    "postal_code": "24150"
  },
  {
    "name": "Mauzens-et-Miremont",
    "code": "24261",
    "epci_code": "200041168",
    "departement_code": "24",
    "region_code": "75",
    "postal_code": "24260"
  },
  {
    "name": "Mayac",
    "code": "24262",
    "epci_code": "242401024",
    "departement_code": "24",
    "region_code": "75",
    "postal_code": "24420"
  },
  {
    "name": "Mazeyrolles",
    "code": "24263",
    "epci_code": "200041440",
    "departement_code": "24",
    "region_code": "75",
    "postal_code": "24550"
  },
  {
    "name": "Ménesplet",
    "code": "24264",
    "epci_code": "200040384",
    "departement_code": "24",
    "region_code": "75",
    "postal_code": "24700"
  },
  {
    "name": "Mensignac",
    "code": "24266",
    "epci_code": "200040392",
    "departement_code": "24",
    "region_code": "75",
    "postal_code": "24350"
  },
  {
    "name": "Mescoules",
    "code": "24267",
    "epci_code": "200070647",
    "departement_code": "24",
    "region_code": "75",
    "postal_code": "24240"
  },
  {
    "name": "Meyrals",
    "code": "24268",
    "epci_code": "200041051",
    "departement_code": "24",
    "region_code": "75",
    "postal_code": "24220"
  },
  {
    "name": "Mialet",
    "code": "24269",
    "epci_code": "242400752",
    "departement_code": "24",
    "region_code": "75",
    "postal_code": "24450"
  },
  {
    "name": "Milhac-de-Nontron",
    "code": "24271",
    "epci_code": "200071819",
    "departement_code": "24",
    "region_code": "75",
    "postal_code": "24470"
  },
  {
    "name": "Minzac",
    "code": "24272",
    "epci_code": "200034197",
    "departement_code": "24",
    "region_code": "75",
    "postal_code": "24610"
  },
  {
    "name": "Molières",
    "code": "24273",
    "epci_code": "200034833",
    "departement_code": "24",
    "region_code": "75",
    "postal_code": "24480"
  },
  {
    "name": "Monbazillac",
    "code": "24274",
    "epci_code": "200070647",
    "departement_code": "24",
    "region_code": "75",
    "postal_code": "24240"
  },
  {
    "name": "Monestier",
    "code": "24276",
    "epci_code": "200070647",
    "departement_code": "24",
    "region_code": "75",
    "postal_code": "24240"
  },
  {
    "name": "Monfaucon",
    "code": "24277",
    "epci_code": "200070647",
    "departement_code": "24",
    "region_code": "75",
    "postal_code": "24130"
  },
  {
    "name": "Monmadalès",
    "code": "24278",
    "epci_code": "200040889",
    "departement_code": "24",
    "region_code": "75",
    "postal_code": "24560"
  },
  {
    "name": "Monmarvès",
    "code": "24279",
    "epci_code": "200040889",
    "departement_code": "24",
    "region_code": "75",
    "postal_code": "24560"
  },
  {
    "name": "Monpazier",
    "code": "24280",
    "epci_code": "200034833",
    "departement_code": "24",
    "region_code": "75",
    "postal_code": "24540"
  },
  {
    "name": "Monsac",
    "code": "24281",
    "epci_code": "200034833",
    "departement_code": "24",
    "region_code": "75",
    "postal_code": "24440"
  },
  {
    "name": "Monsaguel",
    "code": "24282",
    "epci_code": "200040889",
    "departement_code": "24",
    "region_code": "75",
    "postal_code": "24560"
  },
  {
    "name": "Montagnac-d’Auberoche",
    "code": "24284",
    "epci_code": "200041150",
    "departement_code": "24",
    "region_code": "75",
    "postal_code": "24210"
  },
  {
    "name": "Montagnac-la-Crempse",
    "code": "24285",
    "epci_code": "200069094",
    "departement_code": "24",
    "region_code": "75",
    "postal_code": "24140"
  },
  {
    "name": "Montagrier",
    "code": "24286",
    "epci_code": "200040400",
    "departement_code": "24",
    "region_code": "75",
    "postal_code": "24350"
  },
  {
    "name": "Montaut",
    "code": "24287",
    "epci_code": "200040889",
    "departement_code": "24",
    "region_code": "75",
    "postal_code": "24560"
  },
  {
    "name": "Montazeau",
    "code": "24288",
    "epci_code": "200034197",
    "departement_code": "24",
    "region_code": "75",
    "postal_code": "24230"
  },
  {
    "name": "Montcaret",
    "code": "24289",
    "epci_code": "200034197",
    "departement_code": "24",
    "region_code": "75",
    "postal_code": "24230"
  },
  {
    "name": "Montferrand-du-Périgord",
    "code": "24290",
    "epci_code": "200034833",
    "departement_code": "24",
    "region_code": "75",
    "postal_code": "24440"
  },
  {
    "name": "Montignac-Lascaux",
    "code": "24291",
    "epci_code": "200041168",
    "departement_code": "24",
    "region_code": "75",
    "postal_code": "24290"
  },
  {
    "name": "Montpeyroux",
    "code": "24292",
    "epci_code": "200034197",
    "departement_code": "24",
    "region_code": "75",
    "postal_code": "24610"
  },
  {
    "name": "Monplaisant",
    "code": "24293",
    "epci_code": "200041051",
    "departement_code": "24",
    "region_code": "75",
    "postal_code": "24170"
  },
  {
    "name": "Montpon-Ménestérol",
    "code": "24294",
    "epci_code": "200040384",
    "departement_code": "24",
    "region_code": "75",
    "postal_code": "24700"
  },
  {
    "name": "Montrem",
    "code": "24295",
    "epci_code": "200040095",
    "departement_code": "24",
    "region_code": "75",
    "postal_code": "24110"
  },
  {
    "name": "Mouleydier",
    "code": "24296",
    "epci_code": "200070647",
    "departement_code": "24",
    "region_code": "75",
    "postal_code": "24520"
  },
  {
    "name": "Moulin-Neuf",
    "code": "24297",
    "epci_code": "200040384",
    "departement_code": "24",
    "region_code": "75",
    "postal_code": "24700"
  },
  {
    "name": "Mussidan",
    "code": "24299",
    "epci_code": "200069094",
    "departement_code": "24",
    "region_code": "75",
    "postal_code": "24400"
  },
  {
    "name": "Nabirat",
    "code": "24300",
    "epci_code": "200041440",
    "departement_code": "24",
    "region_code": "75",
    "postal_code": "24250"
  },
  {
    "name": "Nadaillac",
    "code": "24301",
    "epci_code": "200040830",
    "departement_code": "24",
    "region_code": "75",
    "postal_code": "24590"
  },
  {
    "name": "Nailhac",
    "code": "24302",
    "epci_code": "200041150",
    "departement_code": "24",
    "region_code": "75",
    "postal_code": "24390"
  },
  {
    "name": "Nanteuil-Auriac-de-Bourzac",
    "code": "24303",
    "epci_code": "200040400",
    "departement_code": "24",
    "region_code": "75",
    "postal_code": "24320"
  },
  {
    "name": "Nantheuil",
    "code": "24304",
    "epci_code": "242400752",
    "departement_code": "24",
    "region_code": "75",
    "postal_code": "24800"
  },
  {
    "name": "Nanthiat",
    "code": "24305",
    "epci_code": "242400752",
    "departement_code": "24",
    "region_code": "75",
    "postal_code": "24800"
  },
  {
    "name": "Nastringues",
    "code": "24306",
    "epci_code": "200034197",
    "departement_code": "24",
    "region_code": "75",
    "postal_code": "24230"
  },
  {
    "name": "Naussannes",
    "code": "24307",
    "epci_code": "200034833",
    "departement_code": "24",
    "region_code": "75",
    "postal_code": "24440"
  },
  {
    "name": "Négrondes",
    "code": "24308",
    "epci_code": "242400752",
    "departement_code": "24",
    "region_code": "75",
    "postal_code": "24460"
  },
  {
    "name": "Neuvic",
    "code": "24309",
    "epci_code": "200040095",
    "departement_code": "24",
    "region_code": "75",
    "postal_code": "24190"
  },
  {
    "name": "Nontron",
    "code": "24311",
    "epci_code": "200071819",
    "departement_code": "24",
    "region_code": "75",
    "postal_code": "24300"
  },
  {
    "name": "Sanilhac",
    "code": "24312",
    "epci_code": "200040392",
    "departement_code": "24",
    "region_code": "75",
    "postal_code": "24380"
  },
  {
    "name": "Sanilhac",
    "code": "24312",
    "epci_code": "200040392",
    "departement_code": "24",
    "region_code": "75",
    "postal_code": "24660"
  },
  {
    "name": "Sanilhac",
    "code": "24312",
    "epci_code": "200040392",
    "departement_code": "24",
    "region_code": "75",
    "postal_code": "24750"
  },
  {
    "name": "Orliac",
    "code": "24313",
    "epci_code": "200041440",
    "departement_code": "24",
    "region_code": "75",
    "postal_code": "24170"
  },
  {
    "name": "Parcoul-Chenaud",
    "code": "24316",
    "epci_code": "242400935",
    "departement_code": "24",
    "region_code": "75",
    "postal_code": "24410"
  },
  {
    "name": "Paulin",
    "code": "24317",
    "epci_code": "200040830",
    "departement_code": "24",
    "region_code": "75",
    "postal_code": "24590"
  },
  {
    "name": "Paunat",
    "code": "24318",
    "epci_code": "200040392",
    "departement_code": "24",
    "region_code": "75",
    "postal_code": "24510"
  },
  {
    "name": "Paussac-et-Saint-Vivien",
    "code": "24319",
    "epci_code": "200040400",
    "departement_code": "24",
    "region_code": "75",
    "postal_code": "24310"
  },
  {
    "name": "Payzac",
    "code": "24320",
    "epci_code": "242401024",
    "departement_code": "24",
    "region_code": "75",
    "postal_code": "24270"
  },
  {
    "name": "Pazayac",
    "code": "24321",
    "epci_code": "200041150",
    "departement_code": "24",
    "region_code": "75",
    "postal_code": "24120"
  },
  {
    "name": "Périgueux",
    "code": "24322",
    "epci_code": "200040392",
    "departement_code": "24",
    "region_code": "75",
    "postal_code": "24000"
  },
  {
    "name": "Petit-Bersac",
    "code": "24323",
    "epci_code": "200040400",
    "departement_code": "24",
    "region_code": "75",
    "postal_code": "24600"
  },
  {
    "name": "Peyrignac",
    "code": "24324",
    "epci_code": "200041150",
    "departement_code": "24",
    "region_code": "75",
    "postal_code": "24210"
  },
  {
    "name": "Pechs-de-l’Espérance",
    "code": "24325",
    "epci_code": "200040830",
    "departement_code": "24",
    "region_code": "75",
    "postal_code": "24370"
  },
  {
    "name": "Peyzac-le-Moustier",
    "code": "24326",
    "epci_code": "200041168",
    "departement_code": "24",
    "region_code": "75",
    "postal_code": "24620"
  },
  {
    "name": "Pezuls",
    "code": "24327",
    "epci_code": "200034833",
    "departement_code": "24",
    "region_code": "75",
    "postal_code": "24510"
  },
  {
    "name": "Piégut-Pluviers",
    "code": "24328",
    "epci_code": "200071819",
    "departement_code": "24",
    "region_code": "75",
    "postal_code": "24360"
  },
  {
    "name": "Le Pizou",
    "code": "24329",
    "epci_code": "200040384",
    "departement_code": "24",
    "region_code": "75",
    "postal_code": "24700"
  },
  {
    "name": "Plazac",
    "code": "24330",
    "epci_code": "200041168",
    "departement_code": "24",
    "region_code": "75",
    "postal_code": "24580"
  },
  {
    "name": "Pomport",
    "code": "24331",
    "epci_code": "200070647",
    "departement_code": "24",
    "region_code": "75",
    "postal_code": "24240"
  },
  {
    "name": "Pontours",
    "code": "24334",
    "epci_code": "200034833",
    "departement_code": "24",
    "region_code": "75",
    "postal_code": "24150"
  },
  {
    "name": "Port-Sainte-Foy-et-Ponchapt",
    "code": "24335",
    "epci_code": "243301371",
    "departement_code": "24",
    "region_code": "75",
    "postal_code": "33220"
  },
  {
    "name": "Prats-de-Carlux",
    "code": "24336",
    "epci_code": "200040830",
    "departement_code": "24",
    "region_code": "75",
    "postal_code": "24370"
  },
  {
    "name": "Prats-du-Périgord",
    "code": "24337",
    "epci_code": "200041440",
    "departement_code": "24",
    "region_code": "75",
    "postal_code": "24550"
  },
  {
    "name": "Pressignac-Vicq",
    "code": "24338",
    "epci_code": "200034833",
    "departement_code": "24",
    "region_code": "75",
    "postal_code": "24150"
  },
  {
    "name": "Preyssac-d’Excideuil",
    "code": "24339",
    "epci_code": "242401024",
    "departement_code": "24",
    "region_code": "75",
    "postal_code": "24160"
  },
  {
    "name": "Prigonrieux",
    "code": "24340",
    "epci_code": "200070647",
    "departement_code": "24",
    "region_code": "75",
    "postal_code": "24130"
  },
  {
    "name": "Proissans",
    "code": "24341",
    "epci_code": "200027217",
    "departement_code": "24",
    "region_code": "75",
    "postal_code": "24200"
  },
  {
    "name": "Queyssac",
    "code": "24345",
    "epci_code": "200070647",
    "departement_code": "24",
    "region_code": "75",
    "postal_code": "24140"
  },
  {
    "name": "Quinsac",
    "code": "24346",
    "epci_code": "200041572",
    "departement_code": "24",
    "region_code": "75",
    "postal_code": "24530"
  },
  {
    "name": "Rampieux",
    "code": "24347",
    "epci_code": "200034833",
    "departement_code": "24",
    "region_code": "75",
    "postal_code": "24440"
  },
  {
    "name": "Razac-d’Eymet",
    "code": "24348",
    "epci_code": "200040889",
    "departement_code": "24",
    "region_code": "75",
    "postal_code": "24500"
  },
  {
    "name": "Razac-de-Saussignac",
    "code": "24349",
    "epci_code": "200070647",
    "departement_code": "24",
    "region_code": "75",
    "postal_code": "24240"
  },
  {
    "name": "Razac-sur-l’Isle",
    "code": "24350",
    "epci_code": "200040392",
    "departement_code": "24",
    "region_code": "75",
    "postal_code": "24430"
  },
  {
    "name": "Ribagnac",
    "code": "24351",
    "epci_code": "200070647",
    "departement_code": "24",
    "region_code": "75",
    "postal_code": "24240"
  },
  {
    "name": "Ribérac",
    "code": "24352",
    "epci_code": "200040400",
    "departement_code": "24",
    "region_code": "75",
    "postal_code": "24600"
  },
  {
    "name": "La Rochebeaucourt-et-Argentine",
    "code": "24353",
    "epci_code": "200041572",
    "departement_code": "24",
    "region_code": "75",
    "postal_code": "24340"
  },
  {
    "name": "La Roche-Chalais",
    "code": "24354",
    "epci_code": "242400935",
    "departement_code": "24",
    "region_code": "75",
    "postal_code": "24490"
  },
  {
    "name": "La Roque-Gageac",
    "code": "24355",
    "epci_code": "200027217",
    "departement_code": "24",
    "region_code": "75",
    "postal_code": "24250"
  },
  {
    "name": "Rouffignac-Saint-Cernin-de-Reilhac",
    "code": "24356",
    "epci_code": "200041168",
    "departement_code": "24",
    "region_code": "75",
    "postal_code": "24580"
  },
  {
    "name": "Rouffignac-de-Sigoulès",
    "code": "24357",
    "epci_code": "200070647",
    "departement_code": "24",
    "region_code": "75",
    "postal_code": "24240"
  },
  {
    "name": "Sadillac",
    "code": "24359",
    "epci_code": "200040889",
    "departement_code": "24",
    "region_code": "75",
    "postal_code": "24500"
  },
  {
    "name": "Sagelat",
    "code": "24360",
    "epci_code": "200041051",
    "departement_code": "24",
    "region_code": "75",
    "postal_code": "24170"
  },
  {
    "name": "Saint-Agne",
    "code": "24361",
    "epci_code": "200034833",
    "departement_code": "24",
    "region_code": "75",
    "postal_code": "24520"
  },
  {
    "name": "Val de Louyre et Caudeau",
    "code": "24362",
    "epci_code": "200040392",
    "departement_code": "24",
    "region_code": "75",
    "postal_code": "24380"
  },
  {
    "name": "Val de Louyre et Caudeau",
    "code": "24362",
    "epci_code": "200040392",
    "departement_code": "24",
    "region_code": "75",
    "postal_code": "24510"
  },
  {
    "name": "Coly-Saint-Amand",
    "code": "24364",
    "epci_code": "200041168",
    "departement_code": "24",
    "region_code": "75",
    "postal_code": "24120"
  },
  {
    "name": "Coly-Saint-Amand",
    "code": "24364",
    "epci_code": "200041168",
    "departement_code": "24",
    "region_code": "75",
    "postal_code": "24290"
  },
  {
    "name": "Saint-Amand-de-Vergt",
    "code": "24365",
    "epci_code": "200040392",
    "departement_code": "24",
    "region_code": "75",
    "postal_code": "24380"
  },
  {
    "name": "Saint-André-d’Allas",
    "code": "24366",
    "epci_code": "200027217",
    "departement_code": "24",
    "region_code": "75",
    "postal_code": "24200"
  },
  {
    "name": "Saint-André-de-Double",
    "code": "24367",
    "epci_code": "200040400",
    "departement_code": "24",
    "region_code": "75",
    "postal_code": "24190"
  },
  {
    "name": "Saint-Antoine-de-Breuilh",
    "code": "24370",
    "epci_code": "200034197",
    "departement_code": "24",
    "region_code": "75",
    "postal_code": "24230"
  },
  {
    "name": "Saint-Aquilin",
    "code": "24371",
    "epci_code": "200040095",
    "departement_code": "24",
    "region_code": "75",
    "postal_code": "24110"
  },
  {
    "name": "Saint-Astier",
    "code": "24372",
    "epci_code": "200040095",
    "departement_code": "24",
    "region_code": "75",
    "postal_code": "24110"
  },
  {
    "name": "Saint-Aubin-de-Cadelech",
    "code": "24373",
    "epci_code": "200040889",
    "departement_code": "24",
    "region_code": "75",
    "postal_code": "24500"
  },
  {
    "name": "Saint-Aubin-de-Lanquais",
    "code": "24374",
    "epci_code": "200040889",
    "departement_code": "24",
    "region_code": "75",
    "postal_code": "24560"
  },
  {
    "name": "Saint-Aubin-de-Nabirat",
    "code": "24375",
    "epci_code": "200041440",
    "departement_code": "24",
    "region_code": "75",
    "postal_code": "24250"
  },
  {
    "name": "Saint Aulaye-Puymangou",
    "code": "24376",
    "epci_code": "242400935",
    "departement_code": "24",
    "region_code": "75",
    "postal_code": "24410"
  },
  {
    "name": "Saint-Avit-de-Vialard",
    "code": "24377",
    "epci_code": "200041168",
    "departement_code": "24",
    "region_code": "75",
    "postal_code": "24260"
  },
  {
    "name": "Saint-Avit-Rivière",
    "code": "24378",
    "epci_code": "200034833",
    "departement_code": "24",
    "region_code": "75",
    "postal_code": "24540"
  },
  {
    "name": "Saint-Avit-Sénieur",
    "code": "24379",
    "epci_code": "200034833",
    "departement_code": "24",
    "region_code": "75",
    "postal_code": "24440"
  },
  {
    "name": "Saint-Barthélemy-de-Bellegarde",
    "code": "24380",
    "epci_code": "200040384",
    "departement_code": "24",
    "region_code": "75",
    "postal_code": "24700"
  },
  {
    "name": "Saint-Barthélemy-de-Bussière",
    "code": "24381",
    "epci_code": "200071819",
    "departement_code": "24",
    "region_code": "75",
    "postal_code": "24360"
  },
  {
    "name": "Saint-Capraise-de-Lalinde",
    "code": "24382",
    "epci_code": "200034833",
    "departement_code": "24",
    "region_code": "75",
    "postal_code": "24150"
  },
  {
    "name": "Saint-Capraise-d’Eymet",
    "code": "24383",
    "epci_code": "200040889",
    "departement_code": "24",
    "region_code": "75",
    "postal_code": "24500"
  },
  {
    "name": "Saint-Cassien",
    "code": "24384",
    "epci_code": "200034833",
    "departement_code": "24",
    "region_code": "75",
    "postal_code": "24540"
  },
  {
    "name": "Saint-Cernin-de-Labarde",
    "code": "24385",
    "epci_code": "200040889",
    "departement_code": "24",
    "region_code": "75",
    "postal_code": "24560"
  },
  {
    "name": "Saint-Cernin-de-l’Herm",
    "code": "24386",
    "epci_code": "200041440",
    "departement_code": "24",
    "region_code": "75",
    "postal_code": "24550"
  },
  {
    "name": "Saint-Chamassy",
    "code": "24388",
    "epci_code": "200041168",
    "departement_code": "24",
    "region_code": "75",
    "postal_code": "24260"
  },
  {
    "name": "Saint-Crépin-d’Auberoche",
    "code": "24390",
    "epci_code": "200040392",
    "departement_code": "24",
    "region_code": "75",
    "postal_code": "24330"
  },
  {
    "name": "Saint-Crépin-et-Carlucet",
    "code": "24392",
    "epci_code": "200040830",
    "departement_code": "24",
    "region_code": "75",
    "postal_code": "24590"
  },
  {
    "name": "Sainte-Croix",
    "code": "24393",
    "epci_code": "200034833",
    "departement_code": "24",
    "region_code": "75",
    "postal_code": "24440"
  },
  {
    "name": "Sainte-Croix-de-Mareuil",
    "code": "24394",
    "epci_code": "200041572",
    "departement_code": "24",
    "region_code": "75",
    "postal_code": "24340"
  },
  {
    "name": "Saint-Cybranet",
    "code": "24395",
    "epci_code": "200041440",
    "departement_code": "24",
    "region_code": "75",
    "postal_code": "24250"
  },
  {
    "name": "Saint-Cyprien",
    "code": "24396",
    "epci_code": "200041051",
    "departement_code": "24",
    "region_code": "75",
    "postal_code": "24220"
  },
  {
    "name": "Saint-Cyr-les-Champagnes",
    "code": "24397",
    "epci_code": "242401024",
    "departement_code": "24",
    "region_code": "75",
    "postal_code": "24270"
  },
  {
    "name": "Saint-Estèphe",
    "code": "24398",
    "epci_code": "200071819",
    "departement_code": "24",
    "region_code": "75",
    "postal_code": "24360"
  },
  {
    "name": "Saint-Étienne-de-Puycorbier",
    "code": "24399",
    "epci_code": "200069094",
    "departement_code": "24",
    "region_code": "75",
    "postal_code": "24400"
  },
  {
    "name": "Sainte-Eulalie-d’Ans",
    "code": "24401",
    "epci_code": "200041150",
    "departement_code": "24",
    "region_code": "75",
    "postal_code": "24640"
  },
  {
    "name": "Saint-Félix-de-Bourdeilles",
    "code": "24403",
    "epci_code": "200041572",
    "departement_code": "24",
    "region_code": "75",
    "postal_code": "24340"
  },
  {
    "name": "Saint-Félix-de-Reillac-et-Mortemart",
    "code": "24404",
    "epci_code": "200041168",
    "departement_code": "24",
    "region_code": "75",
    "postal_code": "24260"
  },
  {
    "name": "Saint-Félix-de-Villadeix",
    "code": "24405",
    "epci_code": "200034833",
    "departement_code": "24",
    "region_code": "75",
    "postal_code": "24510"
  },
  {
    "name": "Sainte-Foy-de-Belvès",
    "code": "24406",
    "epci_code": "200041051",
    "departement_code": "24",
    "region_code": "75",
    "postal_code": "24170"
  },
  {
    "name": "Sainte-Foy-de-Longas",
    "code": "24407",
    "epci_code": "200034833",
    "departement_code": "24",
    "region_code": "75",
    "postal_code": "24510"
  },
  {
    "name": "Saint-Front-d’Alemps",
    "code": "24408",
    "epci_code": "242400752",
    "departement_code": "24",
    "region_code": "75",
    "postal_code": "24460"
  },
  {
    "name": "Saint-Front-de-Pradoux",
    "code": "24409",
    "epci_code": "200069094",
    "departement_code": "24",
    "region_code": "75",
    "postal_code": "24400"
  },
  {
    "name": "Saint-Front-la-Rivière",
    "code": "24410",
    "epci_code": "200071819",
    "departement_code": "24",
    "region_code": "75",
    "postal_code": "24300"
  },
  {
    "name": "Saint-Front-sur-Nizonne",
    "code": "24411",
    "epci_code": "200071819",
    "departement_code": "24",
    "region_code": "75",
    "postal_code": "24300"
  },
  {
    "name": "Saint-Geniès",
    "code": "24412",
    "epci_code": "200040830",
    "departement_code": "24",
    "region_code": "75",
    "postal_code": "24590"
  },
  {
    "name": "Saint-Georges-Blancaneix",
    "code": "24413",
    "epci_code": "200070647",
    "departement_code": "24",
    "region_code": "75",
    "postal_code": "24130"
  },
  {
    "name": "Saint-Georges-de-Montclard",
    "code": "24414",
    "epci_code": "200069094",
    "departement_code": "24",
    "region_code": "75",
    "postal_code": "24140"
  },
  {
    "name": "Saint-Géraud-de-Corps",
    "code": "24415",
    "epci_code": "200034197",
    "departement_code": "24",
    "region_code": "75",
    "postal_code": "24700"
  },
  {
    "name": "Saint-Germain-de-Belvès",
    "code": "24416",
    "epci_code": "200041051",
    "departement_code": "24",
    "region_code": "75",
    "postal_code": "24170"
  },
  {
    "name": "Saint-Germain-des-Prés",
    "code": "24417",
    "epci_code": "242401024",
    "departement_code": "24",
    "region_code": "75",
    "postal_code": "24160"
  },
  {
    "name": "Saint-Germain-du-Salembre",
    "code": "24418",
    "epci_code": "200040095",
    "departement_code": "24",
    "region_code": "75",
    "postal_code": "24190"
  },
  {
    "name": "Saint-Germain-et-Mons",
    "code": "24419",
    "epci_code": "200070647",
    "departement_code": "24",
    "region_code": "75",
    "postal_code": "24520"
  },
  {
    "name": "Saint-Géry",
    "code": "24420",
    "epci_code": "200070647",
    "departement_code": "24",
    "region_code": "75",
    "postal_code": "24400"
  },
  {
    "name": "Saint-Geyrac",
    "code": "24421",
    "epci_code": "200040392",
    "departement_code": "24",
    "region_code": "75",
    "postal_code": "24330"
  },
  {
    "name": "Saint-Hilaire-d’Estissac",
    "code": "24422",
    "epci_code": "200069094",
    "departement_code": "24",
    "region_code": "75",
    "postal_code": "24140"
  },
  {
    "name": "Saint-Julien-Innocence-Eulalie",
    "code": "24423",
    "epci_code": "200040889",
    "departement_code": "24",
    "region_code": "75",
    "postal_code": "24500"
  },
  {
    "name": "Saint-Jean-d’Ataux",
    "code": "24424",
    "epci_code": "200040095",
    "departement_code": "24",
    "region_code": "75",
    "postal_code": "24190"
  },
  {
    "name": "Saint-Jean-de-Côle",
    "code": "24425",
    "epci_code": "242400752",
    "departement_code": "24",
    "region_code": "75",
    "postal_code": "24800"
  },
  {
    "name": "Saint-Jean-d’Estissac",
    "code": "24426",
    "epci_code": "200069094",
    "departement_code": "24",
    "region_code": "75",
    "postal_code": "24140"
  },
  {
    "name": "Saint-Jory-de-Chalais",
    "code": "24428",
    "epci_code": "242400752",
    "departement_code": "24",
    "region_code": "75",
    "postal_code": "24800"
  },
  {
    "name": "Saint-Jory-las-Bloux",
    "code": "24429",
    "epci_code": "242401024",
    "departement_code": "24",
    "region_code": "75",
    "postal_code": "24160"
  },
  {
    "name": "Saint-Julien-de-Lampon",
    "code": "24432",
    "epci_code": "200040830",
    "departement_code": "24",
    "region_code": "75",
    "postal_code": "24370"
  },
  {
    "name": "Saint-Just",
    "code": "24434",
    "epci_code": "200040400",
    "departement_code": "24",
    "region_code": "75",
    "postal_code": "24320"
  },
  {
    "name": "Saint-Laurent-des-Hommes",
    "code": "24436",
    "epci_code": "200069094",
    "departement_code": "24",
    "region_code": "75",
    "postal_code": "24400"
  },
  {
    "name": "Saint-Laurent-des-Vignes",
    "code": "24437",
    "epci_code": "200070647",
    "departement_code": "24",
    "region_code": "75",
    "postal_code": "24100"
  },
  {
    "name": "Saint-Laurent-la-Vallée",
    "code": "24438",
    "epci_code": "200041440",
    "departement_code": "24",
    "region_code": "75",
    "postal_code": "24170"
  },
  {
    "name": "Saint-Léon-d’Issigeac",
    "code": "24441",
    "epci_code": "200040889",
    "departement_code": "24",
    "region_code": "75",
    "postal_code": "24560"
  },
  {
    "name": "Saint-Léon-sur-l’Isle",
    "code": "24442",
    "epci_code": "200040095",
    "departement_code": "24",
    "region_code": "75",
    "postal_code": "24110"
  },
  {
    "name": "Saint-Léon-sur-Vézère",
    "code": "24443",
    "epci_code": "200041168",
    "departement_code": "24",
    "region_code": "75",
    "postal_code": "24290"
  },
  {
    "name": "Saint-Louis-en-l’Isle",
    "code": "24444",
    "epci_code": "200069094",
    "departement_code": "24",
    "region_code": "75",
    "postal_code": "24400"
  },
  {
    "name": "Saint-Marcel-du-Périgord",
    "code": "24445",
    "epci_code": "200034833",
    "departement_code": "24",
    "region_code": "75",
    "postal_code": "24510"
  },
  {
    "name": "Saint-Marcory",
    "code": "24446",
    "epci_code": "200034833",
    "departement_code": "24",
    "region_code": "75",
    "postal_code": "24540"
  },
  {
    "name": "Saint-Martial-d’Albarède",
    "code": "24448",
    "epci_code": "242401024",
    "departement_code": "24",
    "region_code": "75",
    "postal_code": "24160"
  },
  {
    "name": "Saint-Martial-d’Artenset",
    "code": "24449",
    "epci_code": "200040384",
    "departement_code": "24",
    "region_code": "75",
    "postal_code": "24700"
  },
  {
    "name": "Saint-Martial-de-Nabirat",
    "code": "24450",
    "epci_code": "200041440",
    "departement_code": "24",
    "region_code": "75",
    "postal_code": "24250"
  },
  {
    "name": "Saint-Martial-de-Valette",
    "code": "24451",
    "epci_code": "200071819",
    "departement_code": "24",
    "region_code": "75",
    "postal_code": "24300"
  },
  {
    "name": "Saint-Martial-Viveyrol",
    "code": "24452",
    "epci_code": "200040400",
    "departement_code": "24",
    "region_code": "75",
    "postal_code": "24320"
  },
  {
    "name": "Saint-Martin-de-Fressengeas",
    "code": "24453",
    "epci_code": "242400752",
    "departement_code": "24",
    "region_code": "75",
    "postal_code": "24800"
  },
  {
    "name": "Saint-Martin-de-Gurson",
    "code": "24454",
    "epci_code": "200034197",
    "departement_code": "24",
    "region_code": "75",
    "postal_code": "24610"
  },
  {
    "name": "Saint-Martin-de-Ribérac",
    "code": "24455",
    "epci_code": "200040400",
    "departement_code": "24",
    "region_code": "75",
    "postal_code": "24600"
  },
  {
    "name": "Saint-Martin-des-Combes",
    "code": "24456",
    "epci_code": "200069094",
    "departement_code": "24",
    "region_code": "75",
    "postal_code": "24140"
  },
  {
    "name": "Saint-Martin-l’Astier",
    "code": "24457",
    "epci_code": "200069094",
    "departement_code": "24",
    "region_code": "75",
    "postal_code": "24400"
  },
  {
    "name": "Saint-Martin-le-Pin",
    "code": "24458",
    "epci_code": "200071819",
    "departement_code": "24",
    "region_code": "75",
    "postal_code": "24300"
  },
  {
    "name": "Saint-Mayme-de-Péreyrol",
    "code": "24459",
    "epci_code": "200040392",
    "departement_code": "24",
    "region_code": "75",
    "postal_code": "24380"
  },
  {
    "name": "Saint-Méard-de-Drône",
    "code": "24460",
    "epci_code": "200040400",
    "departement_code": "24",
    "region_code": "75",
    "postal_code": "24600"
  },
  {
    "name": "Saint-Méard-de-Gurçon",
    "code": "24461",
    "epci_code": "200034197",
    "departement_code": "24",
    "region_code": "75",
    "postal_code": "24610"
  },
  {
    "name": "Saint-Médard-de-Mussidan",
    "code": "24462",
    "epci_code": "200069094",
    "departement_code": "24",
    "region_code": "75",
    "postal_code": "24400"
  },
  {
    "name": "Saint-Médard-d’Excideuil",
    "code": "24463",
    "epci_code": "242401024",
    "departement_code": "24",
    "region_code": "75",
    "postal_code": "24160"
  },
  {
    "name": "Saint-Mesmin",
    "code": "24464",
    "epci_code": "242401024",
    "departement_code": "24",
    "region_code": "75",
    "postal_code": "24270"
  },
  {
    "name": "Saint-Michel-de-Double",
    "code": "24465",
    "epci_code": "200069094",
    "departement_code": "24",
    "region_code": "75",
    "postal_code": "24400"
  },
  {
    "name": "Saint-Michel-de-Montaigne",
    "code": "24466",
    "epci_code": "243301454",
    "departement_code": "24",
    "region_code": "75",
    "postal_code": "24230"
  },
  {
    "name": "Saint-Michel-de-Villadeix",
    "code": "24468",
    "epci_code": "200040392",
    "departement_code": "24",
    "region_code": "75",
    "postal_code": "24380"
  },
  {
    "name": "Sainte-Mondane",
    "code": "24470",
    "epci_code": "200040830",
    "departement_code": "24",
    "region_code": "75",
    "postal_code": "24370"
  },
  {
    "name": "Sainte-Nathalène",
    "code": "24471",
    "epci_code": "200027217",
    "departement_code": "24",
    "region_code": "75",
    "postal_code": "24200"
  },
  {
    "name": "Saint-Nexans",
    "code": "24472",
    "epci_code": "200070647",
    "departement_code": "24",
    "region_code": "75",
    "postal_code": "24520"
  },
  {
    "name": "Sainte-Orse",
    "code": "24473",
    "epci_code": "200041150",
    "departement_code": "24",
    "region_code": "75",
    "postal_code": "24210"
  },
  {
    "name": "Saint-Pancrace",
    "code": "24474",
    "epci_code": "200041572",
    "departement_code": "24",
    "region_code": "75",
    "postal_code": "24530"
  },
  {
    "name": "Saint-Pantaly-d’Excideuil",
    "code": "24476",
    "epci_code": "242401024",
    "departement_code": "24",
    "region_code": "75",
    "postal_code": "24160"
  },
  {
    "name": "Saint-Pardoux-de-Drône",
    "code": "24477",
    "epci_code": "200040400",
    "departement_code": "24",
    "region_code": "75",
    "postal_code": "24600"
  },
  {
    "name": "Saint-Pardoux-et-Vielvic",
    "code": "24478",
    "epci_code": "200041051",
    "departement_code": "24",
    "region_code": "75",
    "postal_code": "24170"
  },
  {
    "name": "Saint-Pardoux-la-Rivière",
    "code": "24479",
    "epci_code": "200071819",
    "departement_code": "24",
    "region_code": "75",
    "postal_code": "24470"
  },
  {
    "name": "Saint-Paul-de-Serre",
    "code": "24480",
    "epci_code": "200040392",
    "departement_code": "24",
    "region_code": "75",
    "postal_code": "24380"
  },
  {
    "name": "Saint-Paul-la-Roche",
    "code": "24481",
    "epci_code": "242400752",
    "departement_code": "24",
    "region_code": "75",
    "postal_code": "24800"
  },
  {
    "name": "Saint-Paul-Lizonne",
    "code": "24482",
    "epci_code": "200040400",
    "departement_code": "24",
    "region_code": "75",
    "postal_code": "24320"
  },
  {
    "name": "Saint-Perdoux",
    "code": "24483",
    "epci_code": "200040889",
    "departement_code": "24",
    "region_code": "75",
    "postal_code": "24560"
  },
  {
    "name": "Saint-Pierre-de-Chignac",
    "code": "24484",
    "epci_code": "200040392",
    "departement_code": "24",
    "region_code": "75",
    "postal_code": "24330"
  },
  {
    "name": "Saint-Pierre-de-Côle",
    "code": "24485",
    "epci_code": "242400752",
    "departement_code": "24",
    "region_code": "75",
    "postal_code": "24800"
  },
  {
    "name": "Saint-Pierre-de-Frugie",
    "code": "24486",
    "epci_code": "242400752",
    "departement_code": "24",
    "region_code": "75",
    "postal_code": "24450"
  },
  {
    "name": "Saint-Pierre-d’Eyraud",
    "code": "24487",
    "epci_code": "200070647",
    "departement_code": "24",
    "region_code": "75",
    "postal_code": "24130"
  },
  {
    "name": "Saint-Pompon",
    "code": "24488",
    "epci_code": "200041440",
    "departement_code": "24",
    "region_code": "75",
    "postal_code": "24170"
  },
  {
    "name": "Saint-Priest-les-Fougères",
    "code": "24489",
    "epci_code": "242400752",
    "departement_code": "24",
    "region_code": "75",
    "postal_code": "24450"
  },
  {
    "name": "Saint Privat en Périgord",
    "code": "24490",
    "epci_code": "242400935",
    "departement_code": "24",
    "region_code": "75",
    "postal_code": "24410"
  },
  {
    "name": "Saint-Rabier",
    "code": "24491",
    "epci_code": "200041150",
    "departement_code": "24",
    "region_code": "75",
    "postal_code": "24210"
  },
  {
    "name": "Sainte-Radegonde",
    "code": "24492",
    "epci_code": "200040889",
    "departement_code": "24",
    "region_code": "75",
    "postal_code": "24560"
  },
  {
    "name": "Saint-Raphaël",
    "code": "24493",
    "epci_code": "242401024",
    "departement_code": "24",
    "region_code": "75",
    "postal_code": "24160"
  },
  {
    "name": "Saint-Rémy",
    "code": "24494",
    "epci_code": "200034197",
    "departement_code": "24",
    "region_code": "75",
    "postal_code": "24700"
  },
  {
    "name": "Saint-Romain-de-Monpazier",
    "code": "24495",
    "epci_code": "200034833",
    "departement_code": "24",
    "region_code": "75",
    "postal_code": "24540"
  },
  {
    "name": "Saint-Romain-et-Saint-Clément",
    "code": "24496",
    "epci_code": "242400752",
    "departement_code": "24",
    "region_code": "75",
    "postal_code": "24800"
  },
  {
    "name": "Saint-Saud-Lacoussière",
    "code": "24498",
    "epci_code": "200071819",
    "departement_code": "24",
    "region_code": "75",
    "postal_code": "24470"
  },
  {
    "name": "Saint-Sauveur",
    "code": "24499",
    "epci_code": "200070647",
    "departement_code": "24",
    "region_code": "75",
    "postal_code": "24520"
  },
  {
    "name": "Saint-Sauveur-Lalande",
    "code": "24500",
    "epci_code": "200040384",
    "departement_code": "24",
    "region_code": "75",
    "postal_code": "24700"
  },
  {
    "name": "Saint-Seurin-de-Prats",
    "code": "24501",
    "epci_code": "200034197",
    "departement_code": "24",
    "region_code": "75",
    "postal_code": "24230"
  },
  {
    "name": "Saint-Séverin-d’Estissac",
    "code": "24502",
    "epci_code": "200040095",
    "departement_code": "24",
    "region_code": "75",
    "postal_code": "24190"
  },
  {
    "name": "Saint-Sulpice-de-Roumagnac",
    "code": "24504",
    "epci_code": "200040400",
    "departement_code": "24",
    "region_code": "75",
    "postal_code": "24600"
  },
  {
    "name": "Saint-Sulpice-d’Excideuil",
    "code": "24505",
    "epci_code": "242401024",
    "departement_code": "24",
    "region_code": "75",
    "postal_code": "24800"
  },
  {
    "name": "Sainte-Trie",
    "code": "24507",
    "epci_code": "200041150",
    "departement_code": "24",
    "region_code": "75",
    "postal_code": "24160"
  },
  {
    "name": "Saint-Victor",
    "code": "24508",
    "epci_code": "200040400",
    "departement_code": "24",
    "region_code": "75",
    "postal_code": "24350"
  },
  {
    "name": "Saint-Vincent-de-Connezac",
    "code": "24509",
    "epci_code": "200040400",
    "departement_code": "24",
    "region_code": "75",
    "postal_code": "24190"
  },
  {
    "name": "Saint-Vincent-de-Cosse",
    "code": "24510",
    "epci_code": "200027217",
    "departement_code": "24",
    "region_code": "75",
    "postal_code": "24220"
  },
  {
    "name": "Saint-Vincent-Jalmoutiers",
    "code": "24511",
    "epci_code": "242400935",
    "departement_code": "24",
    "region_code": "75",
    "postal_code": "24410"
  },
  {
    "name": "Saint-Vincent-le-Paluel",
    "code": "24512",
    "epci_code": "200027217",
    "departement_code": "24",
    "region_code": "75",
    "postal_code": "24200"
  },
  {
    "name": "Saint-Vincent-sur-l’Isle",
    "code": "24513",
    "epci_code": "242401024",
    "departement_code": "24",
    "region_code": "75",
    "postal_code": "24420"
  },
  {
    "name": "Saint-Vivien",
    "code": "24514",
    "epci_code": "200034197",
    "departement_code": "24",
    "region_code": "75",
    "postal_code": "24230"
  },
  {
    "name": "Salagnac",
    "code": "24515",
    "epci_code": "242401024",
    "departement_code": "24",
    "region_code": "75",
    "postal_code": "24160"
  },
  {
    "name": "Salignac-Eyvigues",
    "code": "24516",
    "epci_code": "200040830",
    "departement_code": "24",
    "region_code": "75",
    "postal_code": "24590"
  },
  {
    "name": "Salles-de-Belvès",
    "code": "24517",
    "epci_code": "200041051",
    "departement_code": "24",
    "region_code": "75",
    "postal_code": "24170"
  },
  {
    "name": "Salon",
    "code": "24518",
    "epci_code": "200040392",
    "departement_code": "24",
    "region_code": "75",
    "postal_code": "24380"
  },
  {
    "name": "Sarlande",
    "code": "24519",
    "epci_code": "242401024",
    "departement_code": "24",
    "region_code": "75",
    "postal_code": "24270"
  },
  {
    "name": "Sarlat-la-Canéda",
    "code": "24520",
    "epci_code": "200027217",
    "departement_code": "24",
    "region_code": "75",
    "postal_code": "24200"
  },
  {
    "name": "Sarliac-sur-l’Isle",
    "code": "24521",
    "epci_code": "200040392",
    "departement_code": "24",
    "region_code": "75",
    "postal_code": "24420"
  },
  {
    "name": "Sarrazac",
    "code": "24522",
    "epci_code": "242401024",
    "departement_code": "24",
    "region_code": "75",
    "postal_code": "24800"
  },
  {
    "name": "Saussignac",
    "code": "24523",
    "epci_code": "200070647",
    "departement_code": "24",
    "region_code": "75",
    "postal_code": "24240"
  },
  {
    "name": "Savignac-de-Miremont",
    "code": "24524",
    "epci_code": "200041168",
    "departement_code": "24",
    "region_code": "75",
    "postal_code": "24260"
  },
  {
    "name": "Savignac-de-Nontron",
    "code": "24525",
    "epci_code": "200071819",
    "departement_code": "24",
    "region_code": "75",
    "postal_code": "24300"
  },
  {
    "name": "Savignac-Lédrier",
    "code": "24526",
    "epci_code": "242401024",
    "departement_code": "24",
    "region_code": "75",
    "postal_code": "24270"
  },
  {
    "name": "Savignac-les-Églises",
    "code": "24527",
    "epci_code": "200040392",
    "departement_code": "24",
    "region_code": "75",
    "postal_code": "24420"
  },
  {
    "name": "Sceau-Saint-Angel",
    "code": "24528",
    "epci_code": "200071819",
    "departement_code": "24",
    "region_code": "75",
    "postal_code": "24300"
  },
  {
    "name": "Segonzac",
    "code": "24529",
    "epci_code": "200040400",
    "departement_code": "24",
    "region_code": "75",
    "postal_code": "24600"
  },
  {
    "name": "Sergeac",
    "code": "24531",
    "epci_code": "200041168",
    "departement_code": "24",
    "region_code": "75",
    "postal_code": "24290"
  },
  {
    "name": "Serres-et-Montguyard",
    "code": "24532",
    "epci_code": "200040889",
    "departement_code": "24",
    "region_code": "75",
    "postal_code": "24500"
  },
  {
    "name": "Servanches",
    "code": "24533",
    "epci_code": "242400935",
    "departement_code": "24",
    "region_code": "75",
    "postal_code": "24410"
  },
  {
    "name": "Sigoulès-et-Flaugeac",
    "code": "24534",
    "epci_code": "200070647",
    "departement_code": "24",
    "region_code": "75",
    "postal_code": "24240"
  },
  {
    "name": "Simeyrols",
    "code": "24535",
    "epci_code": "200040830",
    "departement_code": "24",
    "region_code": "75",
    "postal_code": "24370"
  },
  {
    "name": "Singleyrac",
    "code": "24536",
    "epci_code": "200040889",
    "departement_code": "24",
    "region_code": "75",
    "postal_code": "24500"
  },
  {
    "name": "Siorac-de-Ribérac",
    "code": "24537",
    "epci_code": "200040400",
    "departement_code": "24",
    "region_code": "75",
    "postal_code": "24600"
  },
  {
    "name": "Siorac-en-Périgord",
    "code": "24538",
    "epci_code": "200041051",
    "departement_code": "24",
    "region_code": "75",
    "postal_code": "24170"
  },
  {
    "name": "Sorges et Ligueux en Périgord",
    "code": "24540",
    "epci_code": "200040392",
    "departement_code": "24",
    "region_code": "75",
    "postal_code": "24420"
  },
  {
    "name": "Sorges et Ligueux en Périgord",
    "code": "24540",
    "epci_code": "200040392",
    "departement_code": "24",
    "region_code": "75",
    "postal_code": "24460"
  },
  {
    "name": "Soudat",
    "code": "24541",
    "epci_code": "200071819",
    "departement_code": "24",
    "region_code": "75",
    "postal_code": "24360"
  },
  {
    "name": "Soulaures",
    "code": "24542",
    "epci_code": "200034833",
    "departement_code": "24",
    "region_code": "75",
    "postal_code": "24540"
  },
  {
    "name": "Sourzac",
    "code": "24543",
    "epci_code": "200040095",
    "departement_code": "24",
    "region_code": "75",
    "postal_code": "24400"
  },
  {
    "name": "Tamniès",
    "code": "24544",
    "epci_code": "200027217",
    "departement_code": "24",
    "region_code": "75",
    "postal_code": "24620"
  },
  {
    "name": "Teillots",
    "code": "24545",
    "epci_code": "200041150",
    "departement_code": "24",
    "region_code": "75",
    "postal_code": "24390"
  },
  {
    "name": "Temple-Laguyon",
    "code": "24546",
    "epci_code": "200041150",
    "departement_code": "24",
    "region_code": "75",
    "postal_code": "24390"
  },
  {
    "name": "Terrasson-Lavilledieu",
    "code": "24547",
    "epci_code": "200041150",
    "departement_code": "24",
    "region_code": "75",
    "postal_code": "24120"
  },
  {
    "name": "Teyjat",
    "code": "24548",
    "epci_code": "200071819",
    "departement_code": "24",
    "region_code": "75",
    "postal_code": "24300"
  },
  {
    "name": "Thénac",
    "code": "24549",
    "epci_code": "200070647",
    "departement_code": "24",
    "region_code": "75",
    "postal_code": "24240"
  },
  {
    "name": "Thenon",
    "code": "24550",
    "epci_code": "200041150",
    "departement_code": "24",
    "region_code": "75",
    "postal_code": "24210"
  },
  {
    "name": "Thiviers",
    "code": "24551",
    "epci_code": "242400752",
    "departement_code": "24",
    "region_code": "75",
    "postal_code": "24800"
  },
  {
    "name": "Thonac",
    "code": "24552",
    "epci_code": "200041168",
    "departement_code": "24",
    "region_code": "75",
    "postal_code": "24290"
  },
  {
    "name": "Tocane-Saint-Apre",
    "code": "24553",
    "epci_code": "200040400",
    "departement_code": "24",
    "region_code": "75",
    "postal_code": "24350"
  },
  {
    "name": "La Tour-Blanche-Cercles",
    "code": "24554",
    "epci_code": "200040400",
    "departement_code": "24",
    "region_code": "75",
    "postal_code": "24320"
  },
  {
    "name": "Tourtoirac",
    "code": "24555",
    "epci_code": "200041150",
    "departement_code": "24",
    "region_code": "75",
    "postal_code": "24390"
  },
  {
    "name": "Trélissac",
    "code": "24557",
    "epci_code": "200040392",
    "departement_code": "24",
    "region_code": "75",
    "postal_code": "24750"
  },
  {
    "name": "Trémolat",
    "code": "24558",
    "epci_code": "200034833",
    "departement_code": "24",
    "region_code": "75",
    "postal_code": "24510"
  },
  {
    "name": "Tursac",
    "code": "24559",
    "epci_code": "200041168",
    "departement_code": "24",
    "region_code": "75",
    "postal_code": "24620"
  },
  {
    "name": "Urval",
    "code": "24560",
    "epci_code": "200034833",
    "departement_code": "24",
    "region_code": "75",
    "postal_code": "24480"
  },
  {
    "name": "Vallereuil",
    "code": "24562",
    "epci_code": "200040095",
    "departement_code": "24",
    "region_code": "75",
    "postal_code": "24190"
  },
  {
    "name": "Valojoulx",
    "code": "24563",
    "epci_code": "200041168",
    "departement_code": "24",
    "region_code": "75",
    "postal_code": "24290"
  },
  {
    "name": "Vanxains",
    "code": "24564",
    "epci_code": "200040400",
    "departement_code": "24",
    "region_code": "75",
    "postal_code": "24600"
  },
  {
    "name": "Varaignes",
    "code": "24565",
    "epci_code": "200071819",
    "departement_code": "24",
    "region_code": "75",
    "postal_code": "24360"
  },
  {
    "name": "Varennes",
    "code": "24566",
    "epci_code": "200034833",
    "departement_code": "24",
    "region_code": "75",
    "postal_code": "24150"
  },
  {
    "name": "Vaunac",
    "code": "24567",
    "epci_code": "242400752",
    "departement_code": "24",
    "region_code": "75",
    "postal_code": "24800"
  },
  {
    "name": "Vélines",
    "code": "24568",
    "epci_code": "200034197",
    "departement_code": "24",
    "region_code": "75",
    "postal_code": "24230"
  },
  {
    "name": "Vendoire",
    "code": "24569",
    "epci_code": "200040400",
    "departement_code": "24",
    "region_code": "75",
    "postal_code": "24320"
  },
  {
    "name": "Verdon",
    "code": "24570",
    "epci_code": "200034833",
    "departement_code": "24",
    "region_code": "75",
    "postal_code": "24520"
  },
  {
    "name": "Vergt",
    "code": "24571",
    "epci_code": "200040392",
    "departement_code": "24",
    "region_code": "75",
    "postal_code": "24380"
  },
  {
    "name": "Vergt-de-Biron",
    "code": "24572",
    "epci_code": "200034833",
    "departement_code": "24",
    "region_code": "75",
    "postal_code": "24540"
  },
  {
    "name": "Verteillac",
    "code": "24573",
    "epci_code": "200040400",
    "departement_code": "24",
    "region_code": "75",
    "postal_code": "24320"
  },
  {
    "name": "Veyrignac",
    "code": "24574",
    "epci_code": "200040830",
    "departement_code": "24",
    "region_code": "75",
    "postal_code": "24370"
  },
  {
    "name": "Veyrines-de-Domme",
    "code": "24575",
    "epci_code": "200041440",
    "departement_code": "24",
    "region_code": "75",
    "postal_code": "24250"
  },
  {
    "name": "Veyrines-de-Vergt",
    "code": "24576",
    "epci_code": "200040392",
    "departement_code": "24",
    "region_code": "75",
    "postal_code": "24380"
  },
  {
    "name": "Vézac",
    "code": "24577",
    "epci_code": "200027217",
    "departement_code": "24",
    "region_code": "75",
    "postal_code": "24220"
  },
  {
    "name": "Villac",
    "code": "24580",
    "epci_code": "200041150",
    "departement_code": "24",
    "region_code": "75",
    "postal_code": "24120"
  },
  {
    "name": "Villamblard",
    "code": "24581",
    "epci_code": "200069094",
    "departement_code": "24",
    "region_code": "75",
    "postal_code": "24140"
  },
  {
    "name": "Villars",
    "code": "24582",
    "epci_code": "200041572",
    "departement_code": "24",
    "region_code": "75",
    "postal_code": "24530"
  },
  {
    "name": "Villefranche-de-Lonchat",
    "code": "24584",
    "epci_code": "200034197",
    "departement_code": "24",
    "region_code": "75",
    "postal_code": "24610"
  },
  {
    "name": "Villefranche-du-Périgord",
    "code": "24585",
    "epci_code": "200041440",
    "departement_code": "24",
    "region_code": "75",
    "postal_code": "24550"
  },
  {
    "name": "Villetoureix",
    "code": "24586",
    "epci_code": "200040400",
    "departement_code": "24",
    "region_code": "75",
    "postal_code": "24600"
  },
  {
    "name": "Vitrac",
    "code": "24587",
    "epci_code": "200027217",
    "departement_code": "24",
    "region_code": "75",
    "postal_code": "24200"
  }
]