[
  {
    "name": "Ablon",
    "code": "14001",
    "epci_code": "200066827",
    "departement_code": "14",
    "region_code": "28",
    "postal_code": "14600"
  },
  {
    "name": "Agy",
    "code": "14003",
    "epci_code": "241400555",
    "departement_code": "14",
    "region_code": "28",
    "postal_code": "14400"
  },
  {
    "name": "Valambray",
    "code": "14005",
    "epci_code": "200065589",
    "departement_code": "14",
    "region_code": "28",
    "postal_code": "14190"
  },
  {
    "name": "Valambray",
    "code": "14005",
    "epci_code": "200065589",
    "departement_code": "14",
    "region_code": "28",
    "postal_code": "14370"
  },
  {
    "name": "Valambray",
    "code": "14005",
    "epci_code": "200065589",
    "departement_code": "14",
    "region_code": "28",
    "postal_code": "14540"
  },
  {
    "name": "Amayé-sur-Orne",
    "code": "14006",
    "epci_code": "200066728",
    "departement_code": "14",
    "region_code": "28",
    "postal_code": "14210"
  },
  {
    "name": "Amayé-sur-Seulles",
    "code": "14007",
    "epci_code": "200069524",
    "departement_code": "14",
    "region_code": "28",
    "postal_code": "14310"
  },
  {
    "name": "Amfreville",
    "code": "14009",
    "epci_code": "200065563",
    "departement_code": "14",
    "region_code": "28",
    "postal_code": "14860"
  },
  {
    "name": "Angerville",
    "code": "14012",
    "epci_code": "200065563",
    "departement_code": "14",
    "region_code": "28",
    "postal_code": "14430"
  },
  {
    "name": "Colomby-Anguerny",
    "code": "14014",
    "epci_code": "241400860",
    "departement_code": "14",
    "region_code": "28",
    "postal_code": "14610"
  },
  {
    "name": "Anisy",
    "code": "14015",
    "epci_code": "241400860",
    "departement_code": "14",
    "region_code": "28",
    "postal_code": "14610"
  },
  {
    "name": "Annebault",
    "code": "14016",
    "epci_code": "241400878",
    "departement_code": "14",
    "region_code": "28",
    "postal_code": "14430"
  },
  {
    "name": "Arganchy",
    "code": "14019",
    "epci_code": "241400555",
    "departement_code": "14",
    "region_code": "28",
    "postal_code": "14400"
  },
  {
    "name": "Argences",
    "code": "14020",
    "epci_code": "200065589",
    "departement_code": "14",
    "region_code": "28",
    "postal_code": "14370"
  },
  {
    "name": "Arromanches-les-Bains",
    "code": "14021",
    "epci_code": "241400555",
    "departement_code": "14",
    "region_code": "28",
    "postal_code": "14117"
  },
  {
    "name": "Asnelles",
    "code": "14022",
    "epci_code": "200069516",
    "departement_code": "14",
    "region_code": "28",
    "postal_code": "14960"
  },
  {
    "name": "Asnières-en-Bessin",
    "code": "14023",
    "epci_code": "200066801",
    "departement_code": "14",
    "region_code": "28",
    "postal_code": "14710"
  },
  {
    "name": "Auberville",
    "code": "14024",
    "epci_code": "200065563",
    "departement_code": "14",
    "region_code": "28",
    "postal_code": "14640"
  },
  {
    "name": "Aubigny",
    "code": "14025",
    "epci_code": "241400514",
    "departement_code": "14",
    "region_code": "28",
    "postal_code": "14700"
  },
  {
    "name": "Audrieu",
    "code": "14026",
    "epci_code": "200069516",
    "departement_code": "14",
    "region_code": "28",
    "postal_code": "14250"
  },
  {
    "name": "Les Monts d’Aunay",
    "code": "14027",
    "epci_code": "200069524",
    "departement_code": "14",
    "region_code": "28",
    "postal_code": "14260"
  },
  {
    "name": "Les Monts d’Aunay",
    "code": "14027",
    "epci_code": "200069524",
    "departement_code": "14",
    "region_code": "28",
    "postal_code": "14770"
  },
  {
    "name": "Authie",
    "code": "14030",
    "epci_code": "200065597",
    "departement_code": "14",
    "region_code": "28",
    "postal_code": "14280"
  },
  {
    "name": "Les Authieux-sur-Calonne",
    "code": "14032",
    "epci_code": "241400878",
    "departement_code": "14",
    "region_code": "28",
    "postal_code": "14130"
  },
  {
    "name": "Auvillars",
    "code": "14033",
    "epci_code": "241400878",
    "departement_code": "14",
    "region_code": "28",
    "postal_code": "14340"
  },
  {
    "name": "Avenay",
    "code": "14034",
    "epci_code": "200066728",
    "departement_code": "14",
    "region_code": "28",
    "postal_code": "14210"
  },
  {
    "name": "Balleroy-sur-Drôme",
    "code": "14035",
    "epci_code": "200066801",
    "departement_code": "14",
    "region_code": "28",
    "postal_code": "14490"
  },
  {
    "name": "Banneville-la-Campagne",
    "code": "14036",
    "epci_code": "200065589",
    "departement_code": "14",
    "region_code": "28",
    "postal_code": "14940"
  },
  {
    "name": "Malherbe-sur-Ajon",
    "code": "14037",
    "epci_code": "200069524",
    "departement_code": "14",
    "region_code": "28",
    "postal_code": "14260"
  },
  {
    "name": "Banville",
    "code": "14038",
    "epci_code": "200069516",
    "departement_code": "14",
    "region_code": "28",
    "postal_code": "14480"
  },
  {
    "name": "Barbery",
    "code": "14039",
    "epci_code": "200066710",
    "departement_code": "14",
    "region_code": "28",
    "postal_code": "14220"
  },
  {
    "name": "Barbeville",
    "code": "14040",
    "epci_code": "241400555",
    "departement_code": "14",
    "region_code": "28",
    "postal_code": "14400"
  },
  {
    "name": "Barneville-la-Bertran",
    "code": "14041",
    "epci_code": "200066827",
    "departement_code": "14",
    "region_code": "28",
    "postal_code": "14600"
  },
  {
    "name": "Baron-sur-Odon",
    "code": "14042",
    "epci_code": "200066728",
    "departement_code": "14",
    "region_code": "28",
    "postal_code": "14210"
  },
  {
    "name": "Barou-en-Auge",
    "code": "14043",
    "epci_code": "241400514",
    "departement_code": "14",
    "region_code": "28",
    "postal_code": "14620"
  },
  {
    "name": "Basly",
    "code": "14044",
    "epci_code": "241400860",
    "departement_code": "14",
    "region_code": "28",
    "postal_code": "14610"
  },
  {
    "name": "Basseneville",
    "code": "14045",
    "epci_code": "200065563",
    "departement_code": "14",
    "region_code": "28",
    "postal_code": "14670"
  },
  {
    "name": "Bavent",
    "code": "14046",
    "epci_code": "200065563",
    "departement_code": "14",
    "region_code": "28",
    "postal_code": "14860"
  },
  {
    "name": "Bayeux",
    "code": "14047",
    "epci_code": "241400555",
    "departement_code": "14",
    "region_code": "28",
    "postal_code": "14400"
  },
  {
    "name": "Bazenville",
    "code": "14049",
    "epci_code": "200069516",
    "departement_code": "14",
    "region_code": "28",
    "postal_code": "14480"
  },
  {
    "name": "La Bazoque",
    "code": "14050",
    "epci_code": "200066801",
    "departement_code": "14",
    "region_code": "28",
    "postal_code": "14490"
  },
  {
    "name": "Beaumais",
    "code": "14053",
    "epci_code": "241400514",
    "departement_code": "14",
    "region_code": "28",
    "postal_code": "14620"
  },
  {
    "name": "Beaumesnil",
    "code": "14054",
    "epci_code": "200068799",
    "departement_code": "14",
    "region_code": "28",
    "postal_code": "14380"
  },
  {
    "name": "Beaumont-en-Auge",
    "code": "14055",
    "epci_code": "241400878",
    "departement_code": "14",
    "region_code": "28",
    "postal_code": "14950"
  },
  {
    "name": "Bellengreville",
    "code": "14057",
    "epci_code": "200065589",
    "departement_code": "14",
    "region_code": "28",
    "postal_code": "14370"
  },
  {
    "name": "Benerville-sur-Mer",
    "code": "14059",
    "epci_code": "241400415",
    "departement_code": "14",
    "region_code": "28",
    "postal_code": "14910"
  },
  {
    "name": "Bénouville",
    "code": "14060",
    "epci_code": "200065597",
    "departement_code": "14",
    "region_code": "28",
    "postal_code": "14970"
  },
  {
    "name": "Souleuvre en Bocage",
    "code": "14061",
    "epci_code": "200068799",
    "departement_code": "14",
    "region_code": "28",
    "postal_code": "14260"
  },
  {
    "name": "Souleuvre en Bocage",
    "code": "14061",
    "epci_code": "200068799",
    "departement_code": "14",
    "region_code": "28",
    "postal_code": "14350"
  },
  {
    "name": "Bény-sur-Mer",
    "code": "14062",
    "epci_code": "200069516",
    "departement_code": "14",
    "region_code": "28",
    "postal_code": "14440"
  },
  {
    "name": "Bernesq",
    "code": "14063",
    "epci_code": "200066801",
    "departement_code": "14",
    "region_code": "28",
    "postal_code": "14710"
  },
  {
    "name": "Bernières-d’Ailly",
    "code": "14064",
    "epci_code": "241400514",
    "departement_code": "14",
    "region_code": "28",
    "postal_code": "14170"
  },
  {
    "name": "Bernières-sur-Mer",
    "code": "14066",
    "epci_code": "241400860",
    "departement_code": "14",
    "region_code": "28",
    "postal_code": "14990"
  },
  {
    "name": "Biéville-Beuville",
    "code": "14068",
    "epci_code": "200065597",
    "departement_code": "14",
    "region_code": "28",
    "postal_code": "14112"
  },
  {
    "name": "Beuvillers",
    "code": "14069",
    "epci_code": "200069532",
    "departement_code": "14",
    "region_code": "28",
    "postal_code": "14100"
  },
  {
    "name": "Beuvron-en-Auge",
    "code": "14070",
    "epci_code": "200065563",
    "departement_code": "14",
    "region_code": "28",
    "postal_code": "14430"
  },
  {
    "name": "Blainville-sur-Orne",
    "code": "14076",
    "epci_code": "200065597",
    "departement_code": "14",
    "region_code": "28",
    "postal_code": "14550"
  },
  {
    "name": "Blangy-le-Château",
    "code": "14077",
    "epci_code": "241400878",
    "departement_code": "14",
    "region_code": "28",
    "postal_code": "14130"
  },
  {
    "name": "Blay",
    "code": "14078",
    "epci_code": "200066801",
    "departement_code": "14",
    "region_code": "28",
    "postal_code": "14400"
  },
  {
    "name": "Blonville-sur-Mer",
    "code": "14079",
    "epci_code": "241400415",
    "departement_code": "14",
    "region_code": "28",
    "postal_code": "14910"
  },
  {
    "name": "Le Bô",
    "code": "14080",
    "epci_code": "200066710",
    "departement_code": "14",
    "region_code": "28",
    "postal_code": "14690"
  },
  {
    "name": "La Boissière",
    "code": "14082",
    "epci_code": "200069532",
    "departement_code": "14",
    "region_code": "28",
    "postal_code": "14340"
  },
  {
    "name": "Bonnebosq",
    "code": "14083",
    "epci_code": "241400878",
    "departement_code": "14",
    "region_code": "28",
    "postal_code": "14340"
  },
  {
    "name": "Bonnemaison",
    "code": "14084",
    "epci_code": "200069524",
    "departement_code": "14",
    "region_code": "28",
    "postal_code": "14260"
  },
  {
    "name": "Bonneville-la-Louvet",
    "code": "14085",
    "epci_code": "241400878",
    "departement_code": "14",
    "region_code": "28",
    "postal_code": "14130"
  },
  {
    "name": "Bonneville-sur-Touques",
    "code": "14086",
    "epci_code": "241400878",
    "departement_code": "14",
    "region_code": "28",
    "postal_code": "14800"
  },
  {
    "name": "Bonnœil",
    "code": "14087",
    "epci_code": "241400514",
    "departement_code": "14",
    "region_code": "28",
    "postal_code": "14700"
  },
  {
    "name": "Bons-Tassilly",
    "code": "14088",
    "epci_code": "241400514",
    "departement_code": "14",
    "region_code": "28",
    "postal_code": "14420"
  },
  {
    "name": "Bougy",
    "code": "14089",
    "epci_code": "200066728",
    "departement_code": "14",
    "region_code": "28",
    "postal_code": "14210"
  },
  {
    "name": "Boulon",
    "code": "14090",
    "epci_code": "200066710",
    "departement_code": "14",
    "region_code": "28",
    "postal_code": "14220"
  },
  {
    "name": "Bourgeauville",
    "code": "14091",
    "epci_code": "241400878",
    "departement_code": "14",
    "region_code": "28",
    "postal_code": "14430"
  },
  {
    "name": "Bourguébus",
    "code": "14092",
    "epci_code": "200065597",
    "departement_code": "14",
    "region_code": "28",
    "postal_code": "14540"
  },
  {
    "name": "Branville",
    "code": "14093",
    "epci_code": "241400878",
    "departement_code": "14",
    "region_code": "28",
    "postal_code": "14430"
  },
  {
    "name": "Brémoy",
    "code": "14096",
    "epci_code": "200069524",
    "departement_code": "14",
    "region_code": "28",
    "postal_code": "14260"
  },
  {
    "name": "Bretteville-le-Rabet",
    "code": "14097",
    "epci_code": "200066710",
    "departement_code": "14",
    "region_code": "28",
    "postal_code": "14190"
  },
  {
    "name": "Thue et Mue",
    "code": "14098",
    "epci_code": "200065597",
    "departement_code": "14",
    "region_code": "28",
    "postal_code": "14210"
  },
  {
    "name": "Thue et Mue",
    "code": "14098",
    "epci_code": "200065597",
    "departement_code": "14",
    "region_code": "28",
    "postal_code": "14250"
  },
  {
    "name": "Thue et Mue",
    "code": "14098",
    "epci_code": "200065597",
    "departement_code": "14",
    "region_code": "28",
    "postal_code": "14740"
  },
  {
    "name": "Bretteville-sur-Laize",
    "code": "14100",
    "epci_code": "200066710",
    "departement_code": "14",
    "region_code": "28",
    "postal_code": "14680"
  },
  {
    "name": "Bretteville-sur-Odon",
    "code": "14101",
    "epci_code": "200065597",
    "departement_code": "14",
    "region_code": "28",
    "postal_code": "14760"
  },
  {
    "name": "Le Breuil-en-Auge",
    "code": "14102",
    "epci_code": "241400878",
    "departement_code": "14",
    "region_code": "28",
    "postal_code": "14130"
  },
  {
    "name": "Le Breuil-en-Bessin",
    "code": "14103",
    "epci_code": "200066801",
    "departement_code": "14",
    "region_code": "28",
    "postal_code": "14330"
  },
  {
    "name": "Le Brévedent",
    "code": "14104",
    "epci_code": "241400878",
    "departement_code": "14",
    "region_code": "28",
    "postal_code": "14130"
  },
  {
    "name": "Bréville-les-Monts",
    "code": "14106",
    "epci_code": "200065563",
    "departement_code": "14",
    "region_code": "28",
    "postal_code": "14860"
  },
  {
    "name": "Bricqueville",
    "code": "14107",
    "epci_code": "200066801",
    "departement_code": "14",
    "region_code": "28",
    "postal_code": "14710"
  },
  {
    "name": "Brucourt",
    "code": "14110",
    "epci_code": "200065563",
    "departement_code": "14",
    "region_code": "28",
    "postal_code": "14160"
  },
  {
    "name": "Bucéels",
    "code": "14111",
    "epci_code": "200069516",
    "departement_code": "14",
    "region_code": "28",
    "postal_code": "14250"
  },
  {
    "name": "Le Bû-sur-Rouvres",
    "code": "14116",
    "epci_code": "200066710",
    "departement_code": "14",
    "region_code": "28",
    "postal_code": "14190"
  },
  {
    "name": "Cabourg",
    "code": "14117",
    "epci_code": "200065563",
    "departement_code": "14",
    "region_code": "28",
    "postal_code": "14390"
  },
  {
    "name": "Caen",
    "code": "14118",
    "epci_code": "200065597",
    "departement_code": "14",
    "region_code": "28",
    "postal_code": "14000"
  },
  {
    "name": "Cagny",
    "code": "14119",
    "epci_code": "200065589",
    "departement_code": "14",
    "region_code": "28",
    "postal_code": "14630"
  },
  {
    "name": "Cahagnes",
    "code": "14120",
    "epci_code": "200069524",
    "departement_code": "14",
    "region_code": "28",
    "postal_code": "14240"
  },
  {
    "name": "Cahagnolles",
    "code": "14121",
    "epci_code": "200066801",
    "departement_code": "14",
    "region_code": "28",
    "postal_code": "14490"
  },
  {
    "name": "La Caine",
    "code": "14122",
    "epci_code": "200066728",
    "departement_code": "14",
    "region_code": "28",
    "postal_code": "14210"
  },
  {
    "name": "Cairon",
    "code": "14123",
    "epci_code": "200065597",
    "departement_code": "14",
    "region_code": "28",
    "postal_code": "14610"
  },
  {
    "name": "La Cambe",
    "code": "14124",
    "epci_code": "200066801",
    "departement_code": "14",
    "region_code": "28",
    "postal_code": "14230"
  },
  {
    "name": "Cambes-en-Plaine",
    "code": "14125",
    "epci_code": "200065597",
    "departement_code": "14",
    "region_code": "28",
    "postal_code": "14610"
  },
  {
    "name": "Cambremer",
    "code": "14126",
    "epci_code": "200069532",
    "departement_code": "14",
    "region_code": "28",
    "postal_code": "14340"
  },
  {
    "name": "Campagnolles",
    "code": "14127",
    "epci_code": "200068799",
    "departement_code": "14",
    "region_code": "28",
    "postal_code": "14500"
  },
  {
    "name": "Campigny",
    "code": "14130",
    "epci_code": "241400555",
    "departement_code": "14",
    "region_code": "28",
    "postal_code": "14490"
  },
  {
    "name": "Canapville",
    "code": "14131",
    "epci_code": "241400878",
    "departement_code": "14",
    "region_code": "28",
    "postal_code": "14800"
  },
  {
    "name": "Canchy",
    "code": "14132",
    "epci_code": "200066801",
    "departement_code": "14",
    "region_code": "28",
    "postal_code": "14230"
  },
  {
    "name": "Canteloup",
    "code": "14134",
    "epci_code": "200065589",
    "departement_code": "14",
    "region_code": "28",
    "postal_code": "14370"
  },
  {
    "name": "Carcagny",
    "code": "14135",
    "epci_code": "200069516",
    "departement_code": "14",
    "region_code": "28",
    "postal_code": "14740"
  },
  {
    "name": "Cardonville",
    "code": "14136",
    "epci_code": "200066801",
    "departement_code": "14",
    "region_code": "28",
    "postal_code": "14230"
  },
  {
    "name": "Carpiquet",
    "code": "14137",
    "epci_code": "200065597",
    "departement_code": "14",
    "region_code": "28",
    "postal_code": "14650"
  },
  {
    "name": "Cartigny-lՃpinay",
    "code": "14138",
    "epci_code": "200066801",
    "departement_code": "14",
    "region_code": "28",
    "postal_code": "14330"
  },
  {
    "name": "Castillon",
    "code": "14140",
    "epci_code": "200066801",
    "departement_code": "14",
    "region_code": "28",
    "postal_code": "14490"
  },
  {
    "name": "Castillon-en-Auge",
    "code": "14141",
    "epci_code": "200069532",
    "departement_code": "14",
    "region_code": "28",
    "postal_code": "14140"
  },
  {
    "name": "Caumont-sur-Aure",
    "code": "14143",
    "epci_code": "200069524",
    "departement_code": "14",
    "region_code": "28",
    "postal_code": "14240"
  },
  {
    "name": "Cauvicourt",
    "code": "14145",
    "epci_code": "200066710",
    "departement_code": "14",
    "region_code": "28",
    "postal_code": "14190"
  },
  {
    "name": "Cauville",
    "code": "14146",
    "epci_code": "200066710",
    "departement_code": "14",
    "region_code": "28",
    "postal_code": "14770"
  },
  {
    "name": "Cernay",
    "code": "14147",
    "epci_code": "200069532",
    "departement_code": "14",
    "region_code": "28",
    "postal_code": "14290"
  },
  {
    "name": "Cesny-aux-Vignes",
    "code": "14149",
    "epci_code": "200065589",
    "departement_code": "14",
    "region_code": "28",
    "postal_code": "14270"
  },
  {
    "name": "Cesny-les-Sources",
    "code": "14150",
    "epci_code": "200066710",
    "departement_code": "14",
    "region_code": "28",
    "postal_code": "14220"
  },
  {
    "name": "Chouain",
    "code": "14159",
    "epci_code": "241400555",
    "departement_code": "14",
    "region_code": "28",
    "postal_code": "14250"
  },
  {
    "name": "Cintheaux",
    "code": "14160",
    "epci_code": "200066710",
    "departement_code": "14",
    "region_code": "28",
    "postal_code": "14680"
  },
  {
    "name": "Clarbec",
    "code": "14161",
    "epci_code": "241400878",
    "departement_code": "14",
    "region_code": "28",
    "postal_code": "14130"
  },
  {
    "name": "Clécy",
    "code": "14162",
    "epci_code": "200066710",
    "departement_code": "14",
    "region_code": "28",
    "postal_code": "14570"
  },
  {
    "name": "Cléville",
    "code": "14163",
    "epci_code": "200065589",
    "departement_code": "14",
    "region_code": "28",
    "postal_code": "14370"
  },
  {
    "name": "Colleville-sur-Mer",
    "code": "14165",
    "epci_code": "200066801",
    "departement_code": "14",
    "region_code": "28",
    "postal_code": "14710"
  },
  {
    "name": "Colleville-Montgomery",
    "code": "14166",
    "epci_code": "200065597",
    "departement_code": "14",
    "region_code": "28",
    "postal_code": "14880"
  },
  {
    "name": "Colombelles",
    "code": "14167",
    "epci_code": "200065597",
    "departement_code": "14",
    "region_code": "28",
    "postal_code": "14460"
  },
  {
    "name": "Colombières",
    "code": "14168",
    "epci_code": "200066801",
    "departement_code": "14",
    "region_code": "28",
    "postal_code": "14710"
  },
  {
    "name": "Colombiers-sur-Seulles",
    "code": "14169",
    "epci_code": "200069516",
    "departement_code": "14",
    "region_code": "28",
    "postal_code": "14480"
  },
  {
    "name": "Combray",
    "code": "14171",
    "epci_code": "200066710",
    "departement_code": "14",
    "region_code": "28",
    "postal_code": "14220"
  },
  {
    "name": "Commes",
    "code": "14172",
    "epci_code": "241400555",
    "departement_code": "14",
    "region_code": "28",
    "postal_code": "14520"
  },
  {
    "name": "Condé-sur-Ifs",
    "code": "14173",
    "epci_code": "200065589",
    "departement_code": "14",
    "region_code": "28",
    "postal_code": "14270"
  },
  {
    "name": "Condé-en-Normandie",
    "code": "14174",
    "epci_code": "200068799",
    "departement_code": "14",
    "region_code": "28",
    "postal_code": "14110"
  },
  {
    "name": "Condé-en-Normandie",
    "code": "14174",
    "epci_code": "200068799",
    "departement_code": "14",
    "region_code": "28",
    "postal_code": "14770"
  },
  {
    "name": "Condé-sur-Seulles",
    "code": "14175",
    "epci_code": "241400555",
    "departement_code": "14",
    "region_code": "28",
    "postal_code": "14400"
  },
  {
    "name": "Coquainvilliers",
    "code": "14177",
    "epci_code": "200069532",
    "departement_code": "14",
    "region_code": "28",
    "postal_code": "14130"
  },
  {
    "name": "Cordebugle",
    "code": "14179",
    "epci_code": "200069532",
    "departement_code": "14",
    "region_code": "28",
    "postal_code": "14100"
  },
  {
    "name": "Cordey",
    "code": "14180",
    "epci_code": "241400514",
    "departement_code": "14",
    "region_code": "28",
    "postal_code": "14700"
  },
  {
    "name": "Cormelles-le-Royal",
    "code": "14181",
    "epci_code": "200065597",
    "departement_code": "14",
    "region_code": "28",
    "postal_code": "14123"
  },
  {
    "name": "Cormolain",
    "code": "14182",
    "epci_code": "200066801",
    "departement_code": "14",
    "region_code": "28",
    "postal_code": "14240"
  },
  {
    "name": "Cossesseville",
    "code": "14183",
    "epci_code": "200066710",
    "departement_code": "14",
    "region_code": "28",
    "postal_code": "14690"
  },
  {
    "name": "Cottun",
    "code": "14184",
    "epci_code": "241400555",
    "departement_code": "14",
    "region_code": "28",
    "postal_code": "14400"
  },
  {
    "name": "Courcy",
    "code": "14190",
    "epci_code": "241400514",
    "departement_code": "14",
    "region_code": "28",
    "postal_code": "14170"
  },
  {
    "name": "Courseulles-sur-Mer",
    "code": "14191",
    "epci_code": "241400860",
    "departement_code": "14",
    "region_code": "28",
    "postal_code": "14470"
  },
  {
    "name": "Courtonne-la-Meurdrac",
    "code": "14193",
    "epci_code": "200069532",
    "departement_code": "14",
    "region_code": "28",
    "postal_code": "14100"
  },
  {
    "name": "Courtonne-les-Deux-Églises",
    "code": "14194",
    "epci_code": "200069532",
    "departement_code": "14",
    "region_code": "28",
    "postal_code": "14290"
  },
  {
    "name": "Courvaudon",
    "code": "14195",
    "epci_code": "200069524",
    "departement_code": "14",
    "region_code": "28",
    "postal_code": "14260"
  },
  {
    "name": "Crépon",
    "code": "14196",
    "epci_code": "200069516",
    "departement_code": "14",
    "region_code": "28",
    "postal_code": "14480"
  },
  {
    "name": "Cresserons",
    "code": "14197",
    "epci_code": "241400860",
    "departement_code": "14",
    "region_code": "28",
    "postal_code": "14440"
  },
  {
    "name": "Cresseveuille",
    "code": "14198",
    "epci_code": "200065563",
    "departement_code": "14",
    "region_code": "28",
    "postal_code": "14430"
  },
  {
    "name": "Creully sur Seulles",
    "code": "14200",
    "epci_code": "200069516",
    "departement_code": "14",
    "region_code": "28",
    "postal_code": "14480"
  },
  {
    "name": "Cricquebœuf",
    "code": "14202",
    "epci_code": "200066827",
    "departement_code": "14",
    "region_code": "28",
    "postal_code": "14113"
  },
  {
    "name": "Cricqueville-en-Auge",
    "code": "14203",
    "epci_code": "200065563",
    "departement_code": "14",
    "region_code": "28",
    "postal_code": "14430"
  },
  {
    "name": "Cricqueville-en-Bessin",
    "code": "14204",
    "epci_code": "200066801",
    "departement_code": "14",
    "region_code": "28",
    "postal_code": "14450"
  },
  {
    "name": "Cristot",
    "code": "14205",
    "epci_code": "200069516",
    "departement_code": "14",
    "region_code": "28",
    "postal_code": "14250"
  },
  {
    "name": "Crocy",
    "code": "14206",
    "epci_code": "241400514",
    "departement_code": "14",
    "region_code": "28",
    "postal_code": "14620"
  },
  {
    "name": "Croisilles",
    "code": "14207",
    "epci_code": "200066710",
    "departement_code": "14",
    "region_code": "28",
    "postal_code": "14220"
  },
  {
    "name": "Crouay",
    "code": "14209",
    "epci_code": "200066801",
    "departement_code": "14",
    "region_code": "28",
    "postal_code": "14400"
  },
  {
    "name": "Culey-le-Patry",
    "code": "14211",
    "epci_code": "200066710",
    "departement_code": "14",
    "region_code": "28",
    "postal_code": "14220"
  },
  {
    "name": "Cussy",
    "code": "14214",
    "epci_code": "241400555",
    "departement_code": "14",
    "region_code": "28",
    "postal_code": "14400"
  },
  {
    "name": "Cuverville",
    "code": "14215",
    "epci_code": "200065597",
    "departement_code": "14",
    "region_code": "28",
    "postal_code": "14840"
  },
  {
    "name": "Damblainville",
    "code": "14216",
    "epci_code": "241400514",
    "departement_code": "14",
    "region_code": "28",
    "postal_code": "14620"
  },
  {
    "name": "Danestal",
    "code": "14218",
    "epci_code": "241400878",
    "departement_code": "14",
    "region_code": "28",
    "postal_code": "14430"
  },
  {
    "name": "Deauville",
    "code": "14220",
    "epci_code": "241400415",
    "departement_code": "14",
    "region_code": "28",
    "postal_code": "14800"
  },
  {
    "name": "Démouville",
    "code": "14221",
    "epci_code": "200065597",
    "departement_code": "14",
    "region_code": "28",
    "postal_code": "14840"
  },
  {
    "name": "Le Détroit",
    "code": "14223",
    "epci_code": "241400514",
    "departement_code": "14",
    "region_code": "28",
    "postal_code": "14690"
  },
  {
    "name": "Deux-Jumeaux",
    "code": "14224",
    "epci_code": "200066801",
    "departement_code": "14",
    "region_code": "28",
    "postal_code": "14230"
  },
  {
    "name": "Dives-sur-Mer",
    "code": "14225",
    "epci_code": "200065563",
    "departement_code": "14",
    "region_code": "28",
    "postal_code": "14160"
  },
  {
    "name": "Donnay",
    "code": "14226",
    "epci_code": "200066710",
    "departement_code": "14",
    "region_code": "28",
    "postal_code": "14220"
  },
  {
    "name": "Douville-en-Auge",
    "code": "14227",
    "epci_code": "200065563",
    "departement_code": "14",
    "region_code": "28",
    "postal_code": "14430"
  },
  {
    "name": "Douvres-la-Délivrande",
    "code": "14228",
    "epci_code": "241400860",
    "departement_code": "14",
    "region_code": "28",
    "postal_code": "14440"
  },
  {
    "name": "Dozulé",
    "code": "14229",
    "epci_code": "200065563",
    "departement_code": "14",
    "region_code": "28",
    "postal_code": "14430"
  },
  {
    "name": "Drubec",
    "code": "14230",
    "epci_code": "241400878",
    "departement_code": "14",
    "region_code": "28",
    "postal_code": "14130"
  },
  {
    "name": "Beaufour-Druval",
    "code": "14231",
    "epci_code": "200065563",
    "departement_code": "14",
    "region_code": "28",
    "postal_code": "14340"
  },
  {
    "name": "Ducy-Sainte-Marguerite",
    "code": "14232",
    "epci_code": "200069516",
    "departement_code": "14",
    "region_code": "28",
    "postal_code": "14250"
  },
  {
    "name": "Ellon",
    "code": "14236",
    "epci_code": "241400555",
    "departement_code": "14",
    "region_code": "28",
    "postal_code": "14250"
  },
  {
    "name": "Émiéville",
    "code": "14237",
    "epci_code": "200065589",
    "departement_code": "14",
    "region_code": "28",
    "postal_code": "14630"
  },
  {
    "name": "Englesqueville-en-Auge",
    "code": "14238",
    "epci_code": "241400878",
    "departement_code": "14",
    "region_code": "28",
    "postal_code": "14800"
  },
  {
    "name": "Englesqueville-la-Percée",
    "code": "14239",
    "epci_code": "200066801",
    "departement_code": "14",
    "region_code": "28",
    "postal_code": "14710"
  },
  {
    "name": "Épaney",
    "code": "14240",
    "epci_code": "241400514",
    "departement_code": "14",
    "region_code": "28",
    "postal_code": "14170"
  },
  {
    "name": "Épinay-sur-Odon",
    "code": "14241",
    "epci_code": "200069524",
    "departement_code": "14",
    "region_code": "28",
    "postal_code": "14310"
  },
  {
    "name": "Épron",
    "code": "14242",
    "epci_code": "200065597",
    "departement_code": "14",
    "region_code": "28",
    "postal_code": "14610"
  },
  {
    "name": "Équemauville",
    "code": "14243",
    "epci_code": "200066827",
    "departement_code": "14",
    "region_code": "28",
    "postal_code": "14600"
  },
  {
    "name": "Eraines",
    "code": "14244",
    "epci_code": "241400514",
    "departement_code": "14",
    "region_code": "28",
    "postal_code": "14700"
  },
  {
    "name": "Ernes",
    "code": "14245",
    "epci_code": "241400514",
    "departement_code": "14",
    "region_code": "28",
    "postal_code": "14270"
  },
  {
    "name": "Escoville",
    "code": "14246",
    "epci_code": "200065563",
    "departement_code": "14",
    "region_code": "28",
    "postal_code": "14850"
  },
  {
    "name": "Espins",
    "code": "14248",
    "epci_code": "200066710",
    "departement_code": "14",
    "region_code": "28",
    "postal_code": "14220"
  },
  {
    "name": "Esquay-Notre-Dame",
    "code": "14249",
    "epci_code": "200066728",
    "departement_code": "14",
    "region_code": "28",
    "postal_code": "14210"
  },
  {
    "name": "Esquay-sur-Seulles",
    "code": "14250",
    "epci_code": "241400555",
    "departement_code": "14",
    "region_code": "28",
    "postal_code": "14400"
  },
  {
    "name": "Esson",
    "code": "14251",
    "epci_code": "200066710",
    "departement_code": "14",
    "region_code": "28",
    "postal_code": "14220"
  },
  {
    "name": "Estrées-la-Campagne",
    "code": "14252",
    "epci_code": "200066710",
    "departement_code": "14",
    "region_code": "28",
    "postal_code": "14190"
  },
  {
    "name": "Éterville",
    "code": "14254",
    "epci_code": "200065597",
    "departement_code": "14",
    "region_code": "28",
    "postal_code": "14930"
  },
  {
    "name": "Étréham",
    "code": "14256",
    "epci_code": "200066801",
    "departement_code": "14",
    "region_code": "28",
    "postal_code": "14400"
  },
  {
    "name": "Évrecy",
    "code": "14257",
    "epci_code": "200066728",
    "departement_code": "14",
    "region_code": "28",
    "postal_code": "14210"
  },
  {
    "name": "Falaise",
    "code": "14258",
    "epci_code": "241400514",
    "departement_code": "14",
    "region_code": "28",
    "postal_code": "14700"
  },
  {
    "name": "Fauguernon",
    "code": "14260",
    "epci_code": "200069532",
    "departement_code": "14",
    "region_code": "28",
    "postal_code": "14100"
  },
  {
    "name": "Le Faulq",
    "code": "14261",
    "epci_code": "241400878",
    "departement_code": "14",
    "region_code": "28",
    "postal_code": "14130"
  },
  {
    "name": "Feuguerolles-Bully",
    "code": "14266",
    "epci_code": "200066728",
    "departement_code": "14",
    "region_code": "28",
    "postal_code": "14320"
  },
  {
    "name": "Fierville-les-Parcs",
    "code": "14269",
    "epci_code": "241400878",
    "departement_code": "14",
    "region_code": "28",
    "postal_code": "14130"
  },
  {
    "name": "Firfol",
    "code": "14270",
    "epci_code": "200069532",
    "departement_code": "14",
    "region_code": "28",
    "postal_code": "14100"
  },
  {
    "name": "Fleury-sur-Orne",
    "code": "14271",
    "epci_code": "200065597",
    "departement_code": "14",
    "region_code": "28",
    "postal_code": "14123"
  },
  {
    "name": "La Folie",
    "code": "14272",
    "epci_code": "200066801",
    "departement_code": "14",
    "region_code": "28",
    "postal_code": "14710"
  },
  {
    "name": "La Folletière-Abenon",
    "code": "14273",
    "epci_code": "200069532",
    "departement_code": "14",
    "region_code": "28",
    "postal_code": "14290"
  },
  {
    "name": "Fontaine-Étoupefour",
    "code": "14274",
    "epci_code": "200066728",
    "departement_code": "14",
    "region_code": "28",
    "postal_code": "14790"
  },
  {
    "name": "Fontaine-Henry",
    "code": "14275",
    "epci_code": "200069516",
    "departement_code": "14",
    "region_code": "28",
    "postal_code": "14610"
  },
  {
    "name": "Fontaine-le-Pin",
    "code": "14276",
    "epci_code": "241400514",
    "departement_code": "14",
    "region_code": "28",
    "postal_code": "14190"
  },
  {
    "name": "Fontenay-le-Marmion",
    "code": "14277",
    "epci_code": "200066728",
    "departement_code": "14",
    "region_code": "28",
    "postal_code": "14320"
  },
  {
    "name": "Fontenay-le-Pesnel",
    "code": "14278",
    "epci_code": "200069516",
    "departement_code": "14",
    "region_code": "28",
    "postal_code": "14250"
  },
  {
    "name": "Formentin",
    "code": "14280",
    "epci_code": "241400878",
    "departement_code": "14",
    "region_code": "28",
    "postal_code": "14340"
  },
  {
    "name": "Formigny La Bataille",
    "code": "14281",
    "epci_code": "200066801",
    "departement_code": "14",
    "region_code": "28",
    "postal_code": "14710"
  },
  {
    "name": "Foulognes",
    "code": "14282",
    "epci_code": "200066801",
    "departement_code": "14",
    "region_code": "28",
    "postal_code": "14240"
  },
  {
    "name": "Fourches",
    "code": "14283",
    "epci_code": "241400514",
    "departement_code": "14",
    "region_code": "28",
    "postal_code": "14620"
  },
  {
    "name": "Fourneaux-le-Val",
    "code": "14284",
    "epci_code": "241400514",
    "departement_code": "14",
    "region_code": "28",
    "postal_code": "14700"
  },
  {
    "name": "Le Fournet",
    "code": "14285",
    "epci_code": "241400878",
    "departement_code": "14",
    "region_code": "28",
    "postal_code": "14340"
  },
  {
    "name": "Fourneville",
    "code": "14286",
    "epci_code": "200066827",
    "departement_code": "14",
    "region_code": "28",
    "postal_code": "14600"
  },
  {
    "name": "Frénouville",
    "code": "14287",
    "epci_code": "200065589",
    "departement_code": "14",
    "region_code": "28",
    "postal_code": "14630"
  },
  {
    "name": "Le Fresne-Camilly",
    "code": "14288",
    "epci_code": "200065597",
    "departement_code": "14",
    "region_code": "28",
    "postal_code": "14480"
  },
  {
    "name": "Fresné-la-Mère",
    "code": "14289",
    "epci_code": "241400514",
    "departement_code": "14",
    "region_code": "28",
    "postal_code": "14700"
  },
  {
    "name": "Fresney-le-Puceux",
    "code": "14290",
    "epci_code": "200066710",
    "departement_code": "14",
    "region_code": "28",
    "postal_code": "14680"
  },
  {
    "name": "Fresney-le-Vieux",
    "code": "14291",
    "epci_code": "200066710",
    "departement_code": "14",
    "region_code": "28",
    "postal_code": "14220"
  },
  {
    "name": "Fumichon",
    "code": "14293",
    "epci_code": "200069532",
    "departement_code": "14",
    "region_code": "28",
    "postal_code": "14590"
  },
  {
    "name": "Gavrus",
    "code": "14297",
    "epci_code": "200066728",
    "departement_code": "14",
    "region_code": "28",
    "postal_code": "14210"
  },
  {
    "name": "Géfosse-Fontenay",
    "code": "14298",
    "epci_code": "200066801",
    "departement_code": "14",
    "region_code": "28",
    "postal_code": "14230"
  },
  {
    "name": "Genneville",
    "code": "14299",
    "epci_code": "200066827",
    "departement_code": "14",
    "region_code": "28",
    "postal_code": "14600"
  },
  {
    "name": "Giberville",
    "code": "14301",
    "epci_code": "200065597",
    "departement_code": "14",
    "region_code": "28",
    "postal_code": "14730"
  },
  {
    "name": "Glanville",
    "code": "14302",
    "epci_code": "241400878",
    "departement_code": "14",
    "region_code": "28",
    "postal_code": "14950"
  },
  {
    "name": "Glos",
    "code": "14303",
    "epci_code": "200069532",
    "departement_code": "14",
    "region_code": "28",
    "postal_code": "14100"
  },
  {
    "name": "Gonneville-sur-Honfleur",
    "code": "14304",
    "epci_code": "200066827",
    "departement_code": "14",
    "region_code": "28",
    "postal_code": "14600"
  },
  {
    "name": "Gonneville-sur-Mer",
    "code": "14305",
    "epci_code": "200065563",
    "departement_code": "14",
    "region_code": "28",
    "postal_code": "14510"
  },
  {
    "name": "Gonneville-en-Auge",
    "code": "14306",
    "epci_code": "200065563",
    "departement_code": "14",
    "region_code": "28",
    "postal_code": "14810"
  },
  {
    "name": "Goustranville",
    "code": "14308",
    "epci_code": "200065563",
    "departement_code": "14",
    "region_code": "28",
    "postal_code": "14430"
  },
  {
    "name": "Gouvix",
    "code": "14309",
    "epci_code": "200066710",
    "departement_code": "14",
    "region_code": "28",
    "postal_code": "14680"
  },
  {
    "name": "Grainville-Langannerie",
    "code": "14310",
    "epci_code": "200066710",
    "departement_code": "14",
    "region_code": "28",
    "postal_code": "14190"
  },
  {
    "name": "Grainville-sur-Odon",
    "code": "14311",
    "epci_code": "200066728",
    "departement_code": "14",
    "region_code": "28",
    "postal_code": "14210"
  },
  {
    "name": "Grandcamp-Maisy",
    "code": "14312",
    "epci_code": "200066801",
    "departement_code": "14",
    "region_code": "28",
    "postal_code": "14450"
  },
  {
    "name": "Grangues",
    "code": "14316",
    "epci_code": "200065563",
    "departement_code": "14",
    "region_code": "28",
    "postal_code": "14160"
  },
  {
    "name": "Graye-sur-Mer",
    "code": "14318",
    "epci_code": "200069516",
    "departement_code": "14",
    "region_code": "28",
    "postal_code": "14470"
  },
  {
    "name": "Grentheville",
    "code": "14319",
    "epci_code": "200065597",
    "departement_code": "14",
    "region_code": "28",
    "postal_code": "14540"
  },
  {
    "name": "Grimbosq",
    "code": "14320",
    "epci_code": "200066710",
    "departement_code": "14",
    "region_code": "28",
    "postal_code": "14220"
  },
  {
    "name": "Guéron",
    "code": "14322",
    "epci_code": "241400555",
    "departement_code": "14",
    "region_code": "28",
    "postal_code": "14400"
  },
  {
    "name": "Hermanville-sur-Mer",
    "code": "14325",
    "epci_code": "200065597",
    "departement_code": "14",
    "region_code": "28",
    "postal_code": "14880"
  },
  {
    "name": "Hermival-les-Vaux",
    "code": "14326",
    "epci_code": "200069532",
    "departement_code": "14",
    "region_code": "28",
    "postal_code": "14100"
  },
  {
    "name": "Hérouville-Saint-Clair",
    "code": "14327",
    "epci_code": "200065597",
    "departement_code": "14",
    "region_code": "28",
    "postal_code": "14200"
  },
  {
    "name": "Hérouvillette",
    "code": "14328",
    "epci_code": "200065563",
    "departement_code": "14",
    "region_code": "28",
    "postal_code": "14850"
  },
  {
    "name": "Heuland",
    "code": "14329",
    "epci_code": "200065563",
    "departement_code": "14",
    "region_code": "28",
    "postal_code": "14430"
  },
  {
    "name": "La Hoguette",
    "code": "14332",
    "epci_code": "241400514",
    "departement_code": "14",
    "region_code": "28",
    "postal_code": "14700"
  },
  {
    "name": "Honfleur",
    "code": "14333",
    "epci_code": "200066827",
    "departement_code": "14",
    "region_code": "28",
    "postal_code": "14600"
  },
  {
    "name": "L’Hôtellerie",
    "code": "14334",
    "epci_code": "200069532",
    "departement_code": "14",
    "region_code": "28",
    "postal_code": "14100"
  },
  {
    "name": "Hotot-en-Auge",
    "code": "14335",
    "epci_code": "200065563",
    "departement_code": "14",
    "region_code": "28",
    "postal_code": "14430"
  },
  {
    "name": "Hottot-les-Bagues",
    "code": "14336",
    "epci_code": "200069516",
    "departement_code": "14",
    "region_code": "28",
    "postal_code": "14250"
  },
  {
    "name": "La Houblonnière",
    "code": "14337",
    "epci_code": "200069532",
    "departement_code": "14",
    "region_code": "28",
    "postal_code": "14340"
  },
  {
    "name": "Houlgate",
    "code": "14338",
    "epci_code": "200065563",
    "departement_code": "14",
    "region_code": "28",
    "postal_code": "14510"
  },
  {
    "name": "Ifs",
    "code": "14341",
    "epci_code": "200065597",
    "departement_code": "14",
    "region_code": "28",
    "postal_code": "14123"
  },
  {
    "name": "Isigny-sur-Mer",
    "code": "14342",
    "epci_code": "200066801",
    "departement_code": "14",
    "region_code": "28",
    "postal_code": "14230"
  },
  {
    "name": "Isigny-sur-Mer",
    "code": "14342",
    "epci_code": "200066801",
    "departement_code": "14",
    "region_code": "28",
    "postal_code": "14330"
  },
  {
    "name": "Les Isles-Bardel",
    "code": "14343",
    "epci_code": "241400514",
    "departement_code": "14",
    "region_code": "28",
    "postal_code": "14690"
  },
  {
    "name": "Janville",
    "code": "14344",
    "epci_code": "200065589",
    "departement_code": "14",
    "region_code": "28",
    "postal_code": "14670"
  },
  {
    "name": "Jort",
    "code": "14345",
    "epci_code": "241400514",
    "departement_code": "14",
    "region_code": "28",
    "postal_code": "14170"
  },
  {
    "name": "Juaye-Mondaye",
    "code": "14346",
    "epci_code": "241400555",
    "departement_code": "14",
    "region_code": "28",
    "postal_code": "14250"
  },
  {
    "name": "Dialan sur Chaîne",
    "code": "14347",
    "epci_code": "200069524",
    "departement_code": "14",
    "region_code": "28",
    "postal_code": "14260"
  },
  {
    "name": "Juvigny-sur-Seulles",
    "code": "14348",
    "epci_code": "200069516",
    "departement_code": "14",
    "region_code": "28",
    "postal_code": "14250"
  },
  {
    "name": "Laize-Clinchamps",
    "code": "14349",
    "epci_code": "200066728",
    "departement_code": "14",
    "region_code": "28",
    "postal_code": "14320"
  },
  {
    "name": "Landelles-et-Coupigny",
    "code": "14352",
    "epci_code": "200068799",
    "departement_code": "14",
    "region_code": "28",
    "postal_code": "14380"
  },
  {
    "name": "Landes-sur-Ajon",
    "code": "14353",
    "epci_code": "200069524",
    "departement_code": "14",
    "region_code": "28",
    "postal_code": "14310"
  },
  {
    "name": "Langrune-sur-Mer",
    "code": "14354",
    "epci_code": "241400860",
    "departement_code": "14",
    "region_code": "28",
    "postal_code": "14830"
  },
  {
    "name": "Ponts sur Seulles",
    "code": "14355",
    "epci_code": "200069516",
    "departement_code": "14",
    "region_code": "28",
    "postal_code": "14480"
  },
  {
    "name": "Terres de Druance",
    "code": "14357",
    "epci_code": "200068799",
    "departement_code": "14",
    "region_code": "28",
    "postal_code": "14770"
  },
  {
    "name": "Léaupartie",
    "code": "14358",
    "epci_code": "241400878",
    "departement_code": "14",
    "region_code": "28",
    "postal_code": "14340"
  },
  {
    "name": "Leffard",
    "code": "14360",
    "epci_code": "241400514",
    "departement_code": "14",
    "region_code": "28",
    "postal_code": "14700"
  },
  {
    "name": "Lessard-et-le-Chêne",
    "code": "14362",
    "epci_code": "200069532",
    "departement_code": "14",
    "region_code": "28",
    "postal_code": "14140"
  },
  {
    "name": "Lingèvres",
    "code": "14364",
    "epci_code": "200069516",
    "departement_code": "14",
    "region_code": "28",
    "postal_code": "14250"
  },
  {
    "name": "Lion-sur-Mer",
    "code": "14365",
    "epci_code": "200065597",
    "departement_code": "14",
    "region_code": "28",
    "postal_code": "14780"
  },
  {
    "name": "Lisieux",
    "code": "14366",
    "epci_code": "200069532",
    "departement_code": "14",
    "region_code": "28",
    "postal_code": "14100"
  },
  {
    "name": "Lison",
    "code": "14367",
    "epci_code": "200066801",
    "departement_code": "14",
    "region_code": "28",
    "postal_code": "14330"
  },
  {
    "name": "Lisores",
    "code": "14368",
    "epci_code": "200069532",
    "departement_code": "14",
    "region_code": "28",
    "postal_code": "14140"
  },
  {
    "name": "Litteau",
    "code": "14369",
    "epci_code": "200066801",
    "departement_code": "14",
    "region_code": "28",
    "postal_code": "14490"
  },
  {
    "name": "Le Molay-Littry",
    "code": "14370",
    "epci_code": "200066801",
    "departement_code": "14",
    "region_code": "28",
    "postal_code": "14330"
  },
  {
    "name": "Livarot-Pays-d’Auge",
    "code": "14371",
    "epci_code": "200069532",
    "departement_code": "14",
    "region_code": "28",
    "postal_code": "14290"
  },
  {
    "name": "Livarot-Pays-d’Auge",
    "code": "14371",
    "epci_code": "200069532",
    "departement_code": "14",
    "region_code": "28",
    "postal_code": "14140"
  },
  {
    "name": "Les Loges",
    "code": "14374",
    "epci_code": "200069524",
    "departement_code": "14",
    "region_code": "28",
    "postal_code": "14240"
  },
  {
    "name": "Les Loges-Saulces",
    "code": "14375",
    "epci_code": "241400514",
    "departement_code": "14",
    "region_code": "28",
    "postal_code": "14700"
  },
  {
    "name": "Longues-sur-Mer",
    "code": "14377",
    "epci_code": "241400555",
    "departement_code": "14",
    "region_code": "28",
    "postal_code": "14400"
  },
  {
    "name": "Longueville",
    "code": "14378",
    "epci_code": "200066801",
    "departement_code": "14",
    "region_code": "28",
    "postal_code": "14230"
  },
  {
    "name": "Longvillers",
    "code": "14379",
    "epci_code": "200069524",
    "departement_code": "14",
    "region_code": "28",
    "postal_code": "14310"
  },
  {
    "name": "Loucelles",
    "code": "14380",
    "epci_code": "200069516",
    "departement_code": "14",
    "region_code": "28",
    "postal_code": "14250"
  },
  {
    "name": "Louvagny",
    "code": "14381",
    "epci_code": "241400514",
    "departement_code": "14",
    "region_code": "28",
    "postal_code": "14170"
  },
  {
    "name": "Louvigny",
    "code": "14383",
    "epci_code": "200065597",
    "departement_code": "14",
    "region_code": "28",
    "postal_code": "14111"
  },
  {
    "name": "Luc-sur-Mer",
    "code": "14384",
    "epci_code": "241400860",
    "departement_code": "14",
    "region_code": "28",
    "postal_code": "14530"
  },
  {
    "name": "Magny-en-Bessin",
    "code": "14385",
    "epci_code": "241400555",
    "departement_code": "14",
    "region_code": "28",
    "postal_code": "14400"
  },
  {
    "name": "Maisoncelles-Pelvey",
    "code": "14389",
    "epci_code": "200069524",
    "departement_code": "14",
    "region_code": "28",
    "postal_code": "14310"
  },
  {
    "name": "Maisoncelles-sur-Ajon",
    "code": "14390",
    "epci_code": "200069524",
    "departement_code": "14",
    "region_code": "28",
    "postal_code": "14210"
  },
  {
    "name": "Maisons",
    "code": "14391",
    "epci_code": "200066801",
    "departement_code": "14",
    "region_code": "28",
    "postal_code": "14400"
  },
  {
    "name": "Maizet",
    "code": "14393",
    "epci_code": "200066728",
    "departement_code": "14",
    "region_code": "28",
    "postal_code": "14210"
  },
  {
    "name": "Maizières",
    "code": "14394",
    "epci_code": "241400514",
    "departement_code": "14",
    "region_code": "28",
    "postal_code": "14190"
  },
  {
    "name": "Maltot",
    "code": "14396",
    "epci_code": "200066728",
    "departement_code": "14",
    "region_code": "28",
    "postal_code": "14930"
  },
  {
    "name": "Mandeville-en-Bessin",
    "code": "14397",
    "epci_code": "200066801",
    "departement_code": "14",
    "region_code": "28",
    "postal_code": "14710"
  },
  {
    "name": "Manerbe",
    "code": "14398",
    "epci_code": "241400878",
    "departement_code": "14",
    "region_code": "28",
    "postal_code": "14340"
  },
  {
    "name": "Manneville-la-Pipard",
    "code": "14399",
    "epci_code": "241400878",
    "departement_code": "14",
    "region_code": "28",
    "postal_code": "14130"
  },
  {
    "name": "Le Manoir",
    "code": "14400",
    "epci_code": "241400555",
    "departement_code": "14",
    "region_code": "28",
    "postal_code": "14400"
  },
  {
    "name": "Manvieux",
    "code": "14401",
    "epci_code": "241400555",
    "departement_code": "14",
    "region_code": "28",
    "postal_code": "14117"
  },
  {
    "name": "Le Marais-la-Chapelle",
    "code": "14402",
    "epci_code": "241400514",
    "departement_code": "14",
    "region_code": "28",
    "postal_code": "14620"
  },
  {
    "name": "Marolles",
    "code": "14403",
    "epci_code": "200069532",
    "departement_code": "14",
    "region_code": "28",
    "postal_code": "14100"
  },
  {
    "name": "Martainville",
    "code": "14404",
    "epci_code": "200066710",
    "departement_code": "14",
    "region_code": "28",
    "postal_code": "14220"
  },
  {
    "name": "Martigny-sur-l’Ante",
    "code": "14405",
    "epci_code": "241400514",
    "departement_code": "14",
    "region_code": "28",
    "postal_code": "14700"
  },
  {
    "name": "Moulins-en-Bessin",
    "code": "14406",
    "epci_code": "200069516",
    "departement_code": "14",
    "region_code": "28",
    "postal_code": "14480"
  },
  {
    "name": "Moulins-en-Bessin",
    "code": "14406",
    "epci_code": "200069516",
    "departement_code": "14",
    "region_code": "28",
    "postal_code": "14740"
  },
  {
    "name": "Mathieu",
    "code": "14407",
    "epci_code": "200065597",
    "departement_code": "14",
    "region_code": "28",
    "postal_code": "14920"
  },
  {
    "name": "Saint-Martin-de-May",
    "code": "14408",
    "epci_code": "200066728",
    "departement_code": "14",
    "region_code": "28",
    "postal_code": "14320"
  },
  {
    "name": "Merville-Franceville-Plage",
    "code": "14409",
    "epci_code": "200065563",
    "departement_code": "14",
    "region_code": "28",
    "postal_code": "14810"
  },
  {
    "name": "Méry-Bissières-en-Auge",
    "code": "14410",
    "epci_code": "200069532",
    "departement_code": "14",
    "region_code": "28",
    "postal_code": "14370"
  },
  {
    "name": "Meslay",
    "code": "14411",
    "epci_code": "200066710",
    "departement_code": "14",
    "region_code": "28",
    "postal_code": "14220"
  },
  {
    "name": "Le Mesnil-au-Grain",
    "code": "14412",
    "epci_code": "200069524",
    "departement_code": "14",
    "region_code": "28",
    "postal_code": "14260"
  },
  {
    "name": "Le Mesnil-Eudes",
    "code": "14419",
    "epci_code": "200069532",
    "departement_code": "14",
    "region_code": "28",
    "postal_code": "14100"
  },
  {
    "name": "Le Mesnil-Guillaume",
    "code": "14421",
    "epci_code": "200069532",
    "departement_code": "14",
    "region_code": "28",
    "postal_code": "14100"
  },
  {
    "name": "Le Mesnil-Robert",
    "code": "14424",
    "epci_code": "200068799",
    "departement_code": "14",
    "region_code": "28",
    "postal_code": "14380"
  },
  {
    "name": "Le Mesnil-Simon",
    "code": "14425",
    "epci_code": "200069532",
    "departement_code": "14",
    "region_code": "28",
    "postal_code": "14140"
  },
  {
    "name": "Le Mesnil-sur-Blangy",
    "code": "14426",
    "epci_code": "241400878",
    "departement_code": "14",
    "region_code": "28",
    "postal_code": "14130"
  },
  {
    "name": "Le Mesnil-Villement",
    "code": "14427",
    "epci_code": "241400514",
    "departement_code": "14",
    "region_code": "28",
    "postal_code": "14690"
  },
  {
    "name": "Meuvaines",
    "code": "14430",
    "epci_code": "200069516",
    "departement_code": "14",
    "region_code": "28",
    "postal_code": "14960"
  },
  {
    "name": "Mézidon Vallée d’Auge",
    "code": "14431",
    "epci_code": "200069532",
    "departement_code": "14",
    "region_code": "28",
    "postal_code": "14140"
  },
  {
    "name": "Mézidon Vallée d’Auge",
    "code": "14431",
    "epci_code": "200069532",
    "departement_code": "14",
    "region_code": "28",
    "postal_code": "14270"
  },
  {
    "name": "Mézidon Vallée d’Auge",
    "code": "14431",
    "epci_code": "200069532",
    "departement_code": "14",
    "region_code": "28",
    "postal_code": "14340"
  },
  {
    "name": "Mézidon Vallée d’Auge",
    "code": "14431",
    "epci_code": "200069532",
    "departement_code": "14",
    "region_code": "28",
    "postal_code": "14370"
  },
  {
    "name": "Les Monceaux",
    "code": "14435",
    "epci_code": "200069532",
    "departement_code": "14",
    "region_code": "28",
    "postal_code": "14100"
  },
  {
    "name": "Monceaux-en-Bessin",
    "code": "14436",
    "epci_code": "241400555",
    "departement_code": "14",
    "region_code": "28",
    "postal_code": "14400"
  },
  {
    "name": "Mondeville",
    "code": "14437",
    "epci_code": "200065597",
    "departement_code": "14",
    "region_code": "28",
    "postal_code": "14120"
  },
  {
    "name": "Mondrainville",
    "code": "14438",
    "epci_code": "200066728",
    "departement_code": "14",
    "region_code": "28",
    "postal_code": "14210"
  },
  {
    "name": "Monfréville",
    "code": "14439",
    "epci_code": "200066801",
    "departement_code": "14",
    "region_code": "28",
    "postal_code": "14230"
  },
  {
    "name": "Montfiquet",
    "code": "14445",
    "epci_code": "200066801",
    "departement_code": "14",
    "region_code": "28",
    "postal_code": "14490"
  },
  {
    "name": "Montigny",
    "code": "14446",
    "epci_code": "200066728",
    "departement_code": "14",
    "region_code": "28",
    "postal_code": "14210"
  },
  {
    "name": "Montreuil-en-Auge",
    "code": "14448",
    "epci_code": "200069532",
    "departement_code": "14",
    "region_code": "28",
    "postal_code": "14340"
  },
  {
    "name": "Monts-en-Bessin",
    "code": "14449",
    "epci_code": "200069524",
    "departement_code": "14",
    "region_code": "28",
    "postal_code": "14310"
  },
  {
    "name": "Morteaux-Coulibœuf",
    "code": "14452",
    "epci_code": "241400514",
    "departement_code": "14",
    "region_code": "28",
    "postal_code": "14620"
  },
  {
    "name": "Mosles",
    "code": "14453",
    "epci_code": "200066801",
    "departement_code": "14",
    "region_code": "28",
    "postal_code": "14400"
  },
  {
    "name": "Mouen",
    "code": "14454",
    "epci_code": "200065597",
    "departement_code": "14",
    "region_code": "28",
    "postal_code": "14790"
  },
  {
    "name": "Moulines",
    "code": "14455",
    "epci_code": "200066710",
    "departement_code": "14",
    "region_code": "28",
    "postal_code": "14220"
  },
  {
    "name": "Moult-Chicheboville",
    "code": "14456",
    "epci_code": "200065589",
    "departement_code": "14",
    "region_code": "28",
    "postal_code": "14370"
  },
  {
    "name": "Les Moutiers-en-Auge",
    "code": "14457",
    "epci_code": "241400514",
    "departement_code": "14",
    "region_code": "28",
    "postal_code": "14620"
  },
  {
    "name": "Les Moutiers-en-Cinglais",
    "code": "14458",
    "epci_code": "200066710",
    "departement_code": "14",
    "region_code": "28",
    "postal_code": "14220"
  },
  {
    "name": "Moyaux",
    "code": "14460",
    "epci_code": "200069532",
    "departement_code": "14",
    "region_code": "28",
    "postal_code": "14590"
  },
  {
    "name": "Mutrécy",
    "code": "14461",
    "epci_code": "200066710",
    "departement_code": "14",
    "region_code": "28",
    "postal_code": "14220"
  },
  {
    "name": "Nonant",
    "code": "14465",
    "epci_code": "241400555",
    "departement_code": "14",
    "region_code": "28",
    "postal_code": "14400"
  },
  {
    "name": "Norolles",
    "code": "14466",
    "epci_code": "241400878",
    "departement_code": "14",
    "region_code": "28",
    "postal_code": "14100"
  },
  {
    "name": "Noron-l’Abbaye",
    "code": "14467",
    "epci_code": "241400514",
    "departement_code": "14",
    "region_code": "28",
    "postal_code": "14700"
  },
  {
    "name": "Noron-la-Poterie",
    "code": "14468",
    "epci_code": "200066801",
    "departement_code": "14",
    "region_code": "28",
    "postal_code": "14490"
  },
  {
    "name": "Norrey-en-Auge",
    "code": "14469",
    "epci_code": "241400514",
    "departement_code": "14",
    "region_code": "28",
    "postal_code": "14620"
  },
  {
    "name": "Notre-Dame-de-Livaye",
    "code": "14473",
    "epci_code": "200069532",
    "departement_code": "14",
    "region_code": "28",
    "postal_code": "14340"
  },
  {
    "name": "Notre-Dame-d’Estrées-Corbon",
    "code": "14474",
    "epci_code": "200069532",
    "departement_code": "14",
    "region_code": "28",
    "postal_code": "14340"
  },
  {
    "name": "Val d’Arry",
    "code": "14475",
    "epci_code": "200069524",
    "departement_code": "14",
    "region_code": "28",
    "postal_code": "14210"
  },
  {
    "name": "Val d’Arry",
    "code": "14475",
    "epci_code": "200069524",
    "departement_code": "14",
    "region_code": "28",
    "postal_code": "14310"
  },
  {
    "name": "Olendon",
    "code": "14476",
    "epci_code": "241400514",
    "departement_code": "14",
    "region_code": "28",
    "postal_code": "14170"
  },
  {
    "name": "Orbec",
    "code": "14478",
    "epci_code": "200069532",
    "departement_code": "14",
    "region_code": "28",
    "postal_code": "14290"
  },
  {
    "name": "Osmanville",
    "code": "14480",
    "epci_code": "200066801",
    "departement_code": "14",
    "region_code": "28",
    "postal_code": "14230"
  },
  {
    "name": "Ouézy",
    "code": "14482",
    "epci_code": "200065589",
    "departement_code": "14",
    "region_code": "28",
    "postal_code": "14270"
  },
  {
    "name": "Ouffières",
    "code": "14483",
    "epci_code": "200066710",
    "departement_code": "14",
    "region_code": "28",
    "postal_code": "14220"
  },
  {
    "name": "Ouilly-du-Houley",
    "code": "14484",
    "epci_code": "200069532",
    "departement_code": "14",
    "region_code": "28",
    "postal_code": "14590"
  },
  {
    "name": "Ouilly-le-Tesson",
    "code": "14486",
    "epci_code": "241400514",
    "departement_code": "14",
    "region_code": "28",
    "postal_code": "14190"
  },
  {
    "name": "Ouilly-le-Vicomte",
    "code": "14487",
    "epci_code": "200069532",
    "departement_code": "14",
    "region_code": "28",
    "postal_code": "14100"
  },
  {
    "name": "Ouistreham",
    "code": "14488",
    "epci_code": "200065597",
    "departement_code": "14",
    "region_code": "28",
    "postal_code": "14150"
  },
  {
    "name": "Parfouru-sur-Odon",
    "code": "14491",
    "epci_code": "200069524",
    "departement_code": "14",
    "region_code": "28",
    "postal_code": "14310"
  },
  {
    "name": "Pennedepie",
    "code": "14492",
    "epci_code": "200066827",
    "departement_code": "14",
    "region_code": "28",
    "postal_code": "14600"
  },
  {
    "name": "Périers-en-Auge",
    "code": "14494",
    "epci_code": "200065563",
    "departement_code": "14",
    "region_code": "28",
    "postal_code": "14160"
  },
  {
    "name": "Périers-sur-le-Dan",
    "code": "14495",
    "epci_code": "200065597",
    "departement_code": "14",
    "region_code": "28",
    "postal_code": "14112"
  },
  {
    "name": "Périgny",
    "code": "14496",
    "epci_code": "200068799",
    "departement_code": "14",
    "region_code": "28",
    "postal_code": "14770"
  },
  {
    "name": "Perrières",
    "code": "14497",
    "epci_code": "241400514",
    "departement_code": "14",
    "region_code": "28",
    "postal_code": "14170"
  },
  {
    "name": "Pertheville-Ners",
    "code": "14498",
    "epci_code": "241400514",
    "departement_code": "14",
    "region_code": "28",
    "postal_code": "14700"
  },
  {
    "name": "Petiville",
    "code": "14499",
    "epci_code": "200065563",
    "departement_code": "14",
    "region_code": "28",
    "postal_code": "14390"
  },
  {
    "name": "Pierrefitte-en-Auge",
    "code": "14500",
    "epci_code": "241400878",
    "departement_code": "14",
    "region_code": "28",
    "postal_code": "14130"
  },
  {
    "name": "Pierrefitte-en-Cinglais",
    "code": "14501",
    "epci_code": "241400514",
    "departement_code": "14",
    "region_code": "28",
    "postal_code": "14690"
  },
  {
    "name": "Pierrepont",
    "code": "14502",
    "epci_code": "241400514",
    "departement_code": "14",
    "region_code": "28",
    "postal_code": "14690"
  },
  {
    "name": "Le Pin",
    "code": "14504",
    "epci_code": "200069532",
    "departement_code": "14",
    "region_code": "28",
    "postal_code": "14590"
  },
  {
    "name": "Planquery",
    "code": "14506",
    "epci_code": "200066801",
    "departement_code": "14",
    "region_code": "28",
    "postal_code": "14490"
  },
  {
    "name": "Plumetot",
    "code": "14509",
    "epci_code": "241400860",
    "departement_code": "14",
    "region_code": "28",
    "postal_code": "14440"
  },
  {
    "name": "La Pommeraye",
    "code": "14510",
    "epci_code": "200066710",
    "departement_code": "14",
    "region_code": "28",
    "postal_code": "14690"
  },
  {
    "name": "Pont-Bellanger",
    "code": "14511",
    "epci_code": "200068799",
    "departement_code": "14",
    "region_code": "28",
    "postal_code": "14380"
  },
  {
    "name": "Pontécoulant",
    "code": "14512",
    "epci_code": "200068799",
    "departement_code": "14",
    "region_code": "28",
    "postal_code": "14110"
  },
  {
    "name": "Pont-l’Évêque",
    "code": "14514",
    "epci_code": "241400878",
    "departement_code": "14",
    "region_code": "28",
    "postal_code": "14130"
  },
  {
    "name": "Port-en-Bessin-Huppain",
    "code": "14515",
    "epci_code": "241400555",
    "departement_code": "14",
    "region_code": "28",
    "postal_code": "14520"
  },
  {
    "name": "Potigny",
    "code": "14516",
    "epci_code": "241400514",
    "departement_code": "14",
    "region_code": "28",
    "postal_code": "14420"
  },
  {
    "name": "Préaux-Bocage",
    "code": "14519",
    "epci_code": "200066728",
    "departement_code": "14",
    "region_code": "28",
    "postal_code": "14210"
  },
  {
    "name": "Le Pré-d’Auge",
    "code": "14520",
    "epci_code": "200069532",
    "departement_code": "14",
    "region_code": "28",
    "postal_code": "14340"
  },
  {
    "name": "Prêtreville",
    "code": "14522",
    "epci_code": "200069532",
    "departement_code": "14",
    "region_code": "28",
    "postal_code": "14140"
  },
  {
    "name": "Putot-en-Auge",
    "code": "14524",
    "epci_code": "200065563",
    "departement_code": "14",
    "region_code": "28",
    "postal_code": "14430"
  },
  {
    "name": "Belle Vie en Auge",
    "code": "14527",
    "epci_code": "200069532",
    "departement_code": "14",
    "region_code": "28",
    "postal_code": "14270"
  },
  {
    "name": "Belle Vie en Auge",
    "code": "14527",
    "epci_code": "200069532",
    "departement_code": "14",
    "region_code": "28",
    "postal_code": "14340"
  },
  {
    "name": "Quetteville",
    "code": "14528",
    "epci_code": "200066827",
    "departement_code": "14",
    "region_code": "28",
    "postal_code": "14130"
  },
  {
    "name": "Ranchy",
    "code": "14529",
    "epci_code": "241400555",
    "departement_code": "14",
    "region_code": "28",
    "postal_code": "14400"
  },
  {
    "name": "Ranville",
    "code": "14530",
    "epci_code": "200065563",
    "departement_code": "14",
    "region_code": "28",
    "postal_code": "14860"
  },
  {
    "name": "Rapilly",
    "code": "14531",
    "epci_code": "241400514",
    "departement_code": "14",
    "region_code": "28",
    "postal_code": "14690"
  },
  {
    "name": "Repentigny",
    "code": "14533",
    "epci_code": "241400878",
    "departement_code": "14",
    "region_code": "28",
    "postal_code": "14340"
  },
  {
    "name": "Reux",
    "code": "14534",
    "epci_code": "241400878",
    "departement_code": "14",
    "region_code": "28",
    "postal_code": "14130"
  },
  {
    "name": "Reviers",
    "code": "14535",
    "epci_code": "241400860",
    "departement_code": "14",
    "region_code": "28",
    "postal_code": "14470"
  },
  {
    "name": "La Rivière-Saint-Sauveur",
    "code": "14536",
    "epci_code": "200066827",
    "departement_code": "14",
    "region_code": "28",
    "postal_code": "14600"
  },
  {
    "name": "Castine-en-Plaine",
    "code": "14538",
    "epci_code": "200065597",
    "departement_code": "14",
    "region_code": "28",
    "postal_code": "14540"
  },
  {
    "name": "Rocques",
    "code": "14540",
    "epci_code": "200069532",
    "departement_code": "14",
    "region_code": "28",
    "postal_code": "14100"
  },
  {
    "name": "La Roque-Baignard",
    "code": "14541",
    "epci_code": "241400878",
    "departement_code": "14",
    "region_code": "28",
    "postal_code": "14340"
  },
  {
    "name": "Rosel",
    "code": "14542",
    "epci_code": "200065597",
    "departement_code": "14",
    "region_code": "28",
    "postal_code": "14740"
  },
  {
    "name": "Rots",
    "code": "14543",
    "epci_code": "200065597",
    "departement_code": "14",
    "region_code": "28",
    "postal_code": "14740"
  },
  {
    "name": "Rots",
    "code": "14543",
    "epci_code": "200065597",
    "departement_code": "14",
    "region_code": "28",
    "postal_code": "14980"
  },
  {
    "name": "Rouvres",
    "code": "14546",
    "epci_code": "241400514",
    "departement_code": "14",
    "region_code": "28",
    "postal_code": "14190"
  },
  {
    "name": "Rubercy",
    "code": "14547",
    "epci_code": "200066801",
    "departement_code": "14",
    "region_code": "28",
    "postal_code": "14710"
  },
  {
    "name": "Rumesnil",
    "code": "14550",
    "epci_code": "200065563",
    "departement_code": "14",
    "region_code": "28",
    "postal_code": "14340"
  },
  {
    "name": "Ryes",
    "code": "14552",
    "epci_code": "241400555",
    "departement_code": "14",
    "region_code": "28",
    "postal_code": "14400"
  },
  {
    "name": "Le Castelet",
    "code": "14554",
    "epci_code": "200065597",
    "departement_code": "14",
    "region_code": "28",
    "postal_code": "14540"
  },
  {
    "name": "Saint-André-d’Hébertot",
    "code": "14555",
    "epci_code": "241400878",
    "departement_code": "14",
    "region_code": "28",
    "postal_code": "14130"
  },
  {
    "name": "Saint-André-sur-Orne",
    "code": "14556",
    "epci_code": "200065597",
    "departement_code": "14",
    "region_code": "28",
    "postal_code": "14320"
  },
  {
    "name": "Saint-Arnoult",
    "code": "14557",
    "epci_code": "241400415",
    "departement_code": "14",
    "region_code": "28",
    "postal_code": "14800"
  },
  {
    "name": "Saint-Aubin-d’Arquenay",
    "code": "14558",
    "epci_code": "200065597",
    "departement_code": "14",
    "region_code": "28",
    "postal_code": "14970"
  },
  {
    "name": "Saint-Aubin-des-Bois",
    "code": "14559",
    "epci_code": "200068799",
    "departement_code": "14",
    "region_code": "28",
    "postal_code": "14380"
  },
  {
    "name": "Saint-Aubin-sur-Mer",
    "code": "14562",
    "epci_code": "241400860",
    "departement_code": "14",
    "region_code": "28",
    "postal_code": "14750"
  },
  {
    "name": "Saint-Benoît-d’Hébertot",
    "code": "14563",
    "epci_code": "241400878",
    "departement_code": "14",
    "region_code": "28",
    "postal_code": "14130"
  },
  {
    "name": "Saint-Côme-de-Fresné",
    "code": "14565",
    "epci_code": "241400555",
    "departement_code": "14",
    "region_code": "28",
    "postal_code": "14960"
  },
  {
    "name": "Saint-Contest",
    "code": "14566",
    "epci_code": "200065597",
    "departement_code": "14",
    "region_code": "28",
    "postal_code": "14280"
  },
  {
    "name": "Sainte-Croix-sur-Mer",
    "code": "14569",
    "epci_code": "200069516",
    "departement_code": "14",
    "region_code": "28",
    "postal_code": "14480"
  },
  {
    "name": "Valorbiquet",
    "code": "14570",
    "epci_code": "200069532",
    "departement_code": "14",
    "region_code": "28",
    "postal_code": "14290"
  },
  {
    "name": "Saint-Denis-de-Mailloc",
    "code": "14571",
    "epci_code": "200069532",
    "departement_code": "14",
    "region_code": "28",
    "postal_code": "14100"
  },
  {
    "name": "Saint-Denis-de-Méré",
    "code": "14572",
    "epci_code": "200068799",
    "departement_code": "14",
    "region_code": "28",
    "postal_code": "14110"
  },
  {
    "name": "Saint-Désir",
    "code": "14574",
    "epci_code": "200069532",
    "departement_code": "14",
    "region_code": "28",
    "postal_code": "14100"
  },
  {
    "name": "Saint-Étienne-la-Thillaye",
    "code": "14575",
    "epci_code": "241400878",
    "departement_code": "14",
    "region_code": "28",
    "postal_code": "14950"
  },
  {
    "name": "Val-de-Vie",
    "code": "14576",
    "epci_code": "200069532",
    "departement_code": "14",
    "region_code": "28",
    "postal_code": "14140"
  },
  {
    "name": "Saint-Gatien-des-Bois",
    "code": "14578",
    "epci_code": "241400415",
    "departement_code": "14",
    "region_code": "28",
    "postal_code": "14130"
  },
  {
    "name": "Seulline",
    "code": "14579",
    "epci_code": "200069524",
    "departement_code": "14",
    "region_code": "28",
    "postal_code": "14260"
  },
  {
    "name": "Seulline",
    "code": "14579",
    "epci_code": "200069524",
    "departement_code": "14",
    "region_code": "28",
    "postal_code": "14310"
  },
  {
    "name": "Aurseulles",
    "code": "14581",
    "epci_code": "200069524",
    "departement_code": "14",
    "region_code": "28",
    "postal_code": "14240"
  },
  {
    "name": "Aurseulles",
    "code": "14581",
    "epci_code": "200069524",
    "departement_code": "14",
    "region_code": "28",
    "postal_code": "14250"
  },
  {
    "name": "Saint-Germain-de-Livet",
    "code": "14582",
    "epci_code": "200069532",
    "departement_code": "14",
    "region_code": "28",
    "postal_code": "14100"
  },
  {
    "name": "Saint-Germain-du-Pert",
    "code": "14586",
    "epci_code": "200066801",
    "departement_code": "14",
    "region_code": "28",
    "postal_code": "14230"
  },
  {
    "name": "Saint-Germain-la-Blanche-Herbe",
    "code": "14587",
    "epci_code": "200065597",
    "departement_code": "14",
    "region_code": "28",
    "postal_code": "14280"
  },
  {
    "name": "Saint-Germain-Langot",
    "code": "14588",
    "epci_code": "241400514",
    "departement_code": "14",
    "region_code": "28",
    "postal_code": "14700"
  },
  {
    "name": "Saint-Germain-le-Vasson",
    "code": "14589",
    "epci_code": "200066710",
    "departement_code": "14",
    "region_code": "28",
    "postal_code": "14190"
  },
  {
    "name": "Sainte-Honorine-de-Ducy",
    "code": "14590",
    "epci_code": "200066801",
    "departement_code": "14",
    "region_code": "28",
    "postal_code": "14240"
  },
  {
    "name": "Aure sur Mer",
    "code": "14591",
    "epci_code": "200066801",
    "departement_code": "14",
    "region_code": "28",
    "postal_code": "14520"
  },
  {
    "name": "Aure sur Mer",
    "code": "14591",
    "epci_code": "200066801",
    "departement_code": "14",
    "region_code": "28",
    "postal_code": "14710"
  },
  {
    "name": "Sainte-Honorine-du-Fay",
    "code": "14592",
    "epci_code": "200066728",
    "departement_code": "14",
    "region_code": "28",
    "postal_code": "14210"
  },
  {
    "name": "Saint-Hymer",
    "code": "14593",
    "epci_code": "241400878",
    "departement_code": "14",
    "region_code": "28",
    "postal_code": "14130"
  },
  {
    "name": "Saint-Jean-de-Livet",
    "code": "14595",
    "epci_code": "200069532",
    "departement_code": "14",
    "region_code": "28",
    "postal_code": "14100"
  },
  {
    "name": "Saint-Jouin",
    "code": "14598",
    "epci_code": "200065563",
    "departement_code": "14",
    "region_code": "28",
    "postal_code": "14430"
  },
  {
    "name": "Saint-Julien-sur-Calonne",
    "code": "14601",
    "epci_code": "241400878",
    "departement_code": "14",
    "region_code": "28",
    "postal_code": "14130"
  },
  {
    "name": "Saint-Lambert",
    "code": "14602",
    "epci_code": "200066710",
    "departement_code": "14",
    "region_code": "28",
    "postal_code": "14570"
  },
  {
    "name": "Saint-Laurent-de-Condel",
    "code": "14603",
    "epci_code": "200066710",
    "departement_code": "14",
    "region_code": "28",
    "postal_code": "14220"
  },
  {
    "name": "Saint-Laurent-sur-Mer",
    "code": "14605",
    "epci_code": "200066801",
    "departement_code": "14",
    "region_code": "28",
    "postal_code": "14710"
  },
  {
    "name": "Saint-Léger-Dubosq",
    "code": "14606",
    "epci_code": "200065563",
    "departement_code": "14",
    "region_code": "28",
    "postal_code": "14430"
  },
  {
    "name": "Saint-Louet-sur-Seulles",
    "code": "14607",
    "epci_code": "200069524",
    "departement_code": "14",
    "region_code": "28",
    "postal_code": "14310"
  },
  {
    "name": "Saint-Loup-Hors",
    "code": "14609",
    "epci_code": "241400555",
    "departement_code": "14",
    "region_code": "28",
    "postal_code": "14400"
  },
  {
    "name": "Saint-Manvieu-Norrey",
    "code": "14610",
    "epci_code": "200065597",
    "departement_code": "14",
    "region_code": "28",
    "postal_code": "14740"
  },
  {
    "name": "Saint-Marcouf",
    "code": "14613",
    "epci_code": "200066801",
    "departement_code": "14",
    "region_code": "28",
    "postal_code": "14330"
  },
  {
    "name": "Sainte-Marguerite-d’Elle",
    "code": "14614",
    "epci_code": "200066801",
    "departement_code": "14",
    "region_code": "28",
    "postal_code": "14330"
  },
  {
    "name": "Sainte-Marie-Outre-l’Eau",
    "code": "14619",
    "epci_code": "200068799",
    "departement_code": "14",
    "region_code": "28",
    "postal_code": "14380"
  },
  {
    "name": "Saint-Martin-aux-Chartrains",
    "code": "14620",
    "epci_code": "241400878",
    "departement_code": "14",
    "region_code": "28",
    "postal_code": "14130"
  },
  {
    "name": "Saint-Martin-de-Bienfaite-la-Cressonnière",
    "code": "14621",
    "epci_code": "200069532",
    "departement_code": "14",
    "region_code": "28",
    "postal_code": "14290"
  },
  {
    "name": "Saint-Martin-de-Blagny",
    "code": "14622",
    "epci_code": "200066801",
    "departement_code": "14",
    "region_code": "28",
    "postal_code": "14710"
  },
  {
    "name": "Saint-Martin-de-la-Lieue",
    "code": "14625",
    "epci_code": "200069532",
    "departement_code": "14",
    "region_code": "28",
    "postal_code": "14100"
  },
  {
    "name": "Saint-Martin-de-Mailloc",
    "code": "14626",
    "epci_code": "200069532",
    "departement_code": "14",
    "region_code": "28",
    "postal_code": "14100"
  },
  {
    "name": "Saint-Martin-de-Mieux",
    "code": "14627",
    "epci_code": "241400514",
    "departement_code": "14",
    "region_code": "28",
    "postal_code": "14700"
  },
  {
    "name": "Saint-Martin-des-Entrées",
    "code": "14630",
    "epci_code": "241400555",
    "departement_code": "14",
    "region_code": "28",
    "postal_code": "14400"
  },
  {
    "name": "Saint-Omer",
    "code": "14635",
    "epci_code": "200066710",
    "departement_code": "14",
    "region_code": "28",
    "postal_code": "14220"
  },
  {
    "name": "Saint-Ouen-du-Mesnil-Oger",
    "code": "14637",
    "epci_code": "200065589",
    "departement_code": "14",
    "region_code": "28",
    "postal_code": "14670"
  },
  {
    "name": "Saint-Ouen-le-Pin",
    "code": "14639",
    "epci_code": "200069532",
    "departement_code": "14",
    "region_code": "28",
    "postal_code": "14340"
  },
  {
    "name": "Saint-Pair",
    "code": "14640",
    "epci_code": "200065589",
    "departement_code": "14",
    "region_code": "28",
    "postal_code": "14670"
  },
  {
    "name": "Saint-Paul-du-Vernay",
    "code": "14643",
    "epci_code": "200066801",
    "departement_code": "14",
    "region_code": "28",
    "postal_code": "14490"
  },
  {
    "name": "Saint-Philbert-des-Champs",
    "code": "14644",
    "epci_code": "241400878",
    "departement_code": "14",
    "region_code": "28",
    "postal_code": "14130"
  },
  {
    "name": "Saint-Pierre-Azif",
    "code": "14645",
    "epci_code": "241400415",
    "departement_code": "14",
    "region_code": "28",
    "postal_code": "14950"
  },
  {
    "name": "Saint-Pierre-Canivet",
    "code": "14646",
    "epci_code": "241400514",
    "departement_code": "14",
    "region_code": "28",
    "postal_code": "14700"
  },
  {
    "name": "Saint-Pierre-des-Ifs",
    "code": "14648",
    "epci_code": "200069532",
    "departement_code": "14",
    "region_code": "28",
    "postal_code": "14100"
  },
  {
    "name": "Saint-Pierre-du-Bû",
    "code": "14649",
    "epci_code": "241400514",
    "departement_code": "14",
    "region_code": "28",
    "postal_code": "14700"
  },
  {
    "name": "Saint-Pierre-du-Fresne",
    "code": "14650",
    "epci_code": "200069524",
    "departement_code": "14",
    "region_code": "28",
    "postal_code": "14260"
  },
  {
    "name": "Saint-Pierre-du-Jonquet",
    "code": "14651",
    "epci_code": "200065589",
    "departement_code": "14",
    "region_code": "28",
    "postal_code": "14670"
  },
  {
    "name": "Saint-Pierre-du-Mont",
    "code": "14652",
    "epci_code": "200066801",
    "departement_code": "14",
    "region_code": "28",
    "postal_code": "14450"
  },
  {
    "name": "Saint-Pierre-en-Auge",
    "code": "14654",
    "epci_code": "200069532",
    "departement_code": "14",
    "region_code": "28",
    "postal_code": "14140"
  },
  {
    "name": "Saint-Pierre-en-Auge",
    "code": "14654",
    "epci_code": "200069532",
    "departement_code": "14",
    "region_code": "28",
    "postal_code": "14170"
  },
  {
    "name": "Saint-Rémy",
    "code": "14656",
    "epci_code": "200066710",
    "departement_code": "14",
    "region_code": "28",
    "postal_code": "14570"
  },
  {
    "name": "Saint-Samson",
    "code": "14657",
    "epci_code": "200065563",
    "departement_code": "14",
    "region_code": "28",
    "postal_code": "14670"
  },
  {
    "name": "Noues de Sienne",
    "code": "14658",
    "epci_code": "200068799",
    "departement_code": "14",
    "region_code": "28",
    "postal_code": "14380"
  },
  {
    "name": "Saint-Sylvain",
    "code": "14659",
    "epci_code": "200065589",
    "departement_code": "14",
    "region_code": "28",
    "postal_code": "14190"
  },
  {
    "name": "Saint-Vaast-en-Auge",
    "code": "14660",
    "epci_code": "200065563",
    "departement_code": "14",
    "region_code": "28",
    "postal_code": "14640"
  },
  {
    "name": "Saint-Vaast-sur-Seulles",
    "code": "14661",
    "epci_code": "200069516",
    "departement_code": "14",
    "region_code": "28",
    "postal_code": "14250"
  },
  {
    "name": "Saint-Vigor-le-Grand",
    "code": "14663",
    "epci_code": "241400555",
    "departement_code": "14",
    "region_code": "28",
    "postal_code": "14400"
  },
  {
    "name": "Sallen",
    "code": "14664",
    "epci_code": "200066801",
    "departement_code": "14",
    "region_code": "28",
    "postal_code": "14240"
  },
  {
    "name": "Sallenelles",
    "code": "14665",
    "epci_code": "200065563",
    "departement_code": "14",
    "region_code": "28",
    "postal_code": "14121"
  },
  {
    "name": "Sannerville",
    "code": "14666",
    "epci_code": "200065597",
    "departement_code": "14",
    "region_code": "28",
    "postal_code": "14940"
  },
  {
    "name": "Saon",
    "code": "14667",
    "epci_code": "200066801",
    "departement_code": "14",
    "region_code": "28",
    "postal_code": "14330"
  },
  {
    "name": "Saonnet",
    "code": "14668",
    "epci_code": "200066801",
    "departement_code": "14",
    "region_code": "28",
    "postal_code": "14330"
  },
  {
    "name": "Sassy",
    "code": "14669",
    "epci_code": "241400514",
    "departement_code": "14",
    "region_code": "28",
    "postal_code": "14170"
  },
  {
    "name": "Val de Drôme",
    "code": "14672",
    "epci_code": "200069524",
    "departement_code": "14",
    "region_code": "28",
    "postal_code": "14240"
  },
  {
    "name": "Val de Drôme",
    "code": "14672",
    "epci_code": "200069524",
    "departement_code": "14",
    "region_code": "28",
    "postal_code": "14350"
  },
  {
    "name": "Soignolles",
    "code": "14674",
    "epci_code": "200066710",
    "departement_code": "14",
    "region_code": "28",
    "postal_code": "14190"
  },
  {
    "name": "Soliers",
    "code": "14675",
    "epci_code": "200065597",
    "departement_code": "14",
    "region_code": "28",
    "postal_code": "14540"
  },
  {
    "name": "Sommervieu",
    "code": "14676",
    "epci_code": "241400555",
    "departement_code": "14",
    "region_code": "28",
    "postal_code": "14400"
  },
  {
    "name": "Soulangy",
    "code": "14677",
    "epci_code": "241400514",
    "departement_code": "14",
    "region_code": "28",
    "postal_code": "14700"
  },
  {
    "name": "Soumont-Saint-Quentin",
    "code": "14678",
    "epci_code": "241400514",
    "departement_code": "14",
    "region_code": "28",
    "postal_code": "14420"
  },
  {
    "name": "Subles",
    "code": "14679",
    "epci_code": "241400555",
    "departement_code": "14",
    "region_code": "28",
    "postal_code": "14400"
  },
  {
    "name": "Sully",
    "code": "14680",
    "epci_code": "241400555",
    "departement_code": "14",
    "region_code": "28",
    "postal_code": "14400"
  },
  {
    "name": "Surrain",
    "code": "14681",
    "epci_code": "200066801",
    "departement_code": "14",
    "region_code": "28",
    "postal_code": "14710"
  },
  {
    "name": "Surville",
    "code": "14682",
    "epci_code": "241400878",
    "departement_code": "14",
    "region_code": "28",
    "postal_code": "14130"
  },
  {
    "name": "Tessel",
    "code": "14684",
    "epci_code": "200069516",
    "departement_code": "14",
    "region_code": "28",
    "postal_code": "14250"
  },
  {
    "name": "Thaon",
    "code": "14685",
    "epci_code": "200065597",
    "departement_code": "14",
    "region_code": "28",
    "postal_code": "14610"
  },
  {
    "name": "Le Theil-en-Auge",
    "code": "14687",
    "epci_code": "200066827",
    "departement_code": "14",
    "region_code": "28",
    "postal_code": "14130"
  },
  {
    "name": "Thury-Harcourt-le-Hom",
    "code": "14689",
    "epci_code": "200066710",
    "departement_code": "14",
    "region_code": "28",
    "postal_code": "14220"
  },
  {
    "name": "Tilly-sur-Seulles",
    "code": "14692",
    "epci_code": "200069516",
    "departement_code": "14",
    "region_code": "28",
    "postal_code": "14250"
  },
  {
    "name": "Le Torquesne",
    "code": "14694",
    "epci_code": "241400878",
    "departement_code": "14",
    "region_code": "28",
    "postal_code": "14130"
  },
  {
    "name": "Touffréville",
    "code": "14698",
    "epci_code": "200065563",
    "departement_code": "14",
    "region_code": "28",
    "postal_code": "14940"
  },
  {
    "name": "Touques",
    "code": "14699",
    "epci_code": "241400415",
    "departement_code": "14",
    "region_code": "28",
    "postal_code": "14800"
  },
  {
    "name": "Tour-en-Bessin",
    "code": "14700",
    "epci_code": "200066801",
    "departement_code": "14",
    "region_code": "28",
    "postal_code": "14400"
  },
  {
    "name": "Tourgéville",
    "code": "14701",
    "epci_code": "241400415",
    "departement_code": "14",
    "region_code": "28",
    "postal_code": "14800"
  },
  {
    "name": "Tournières",
    "code": "14705",
    "epci_code": "200066801",
    "departement_code": "14",
    "region_code": "28",
    "postal_code": "14330"
  },
  {
    "name": "Tourville-en-Auge",
    "code": "14706",
    "epci_code": "241400878",
    "departement_code": "14",
    "region_code": "28",
    "postal_code": "14130"
  },
  {
    "name": "Tourville-sur-Odon",
    "code": "14707",
    "epci_code": "200065597",
    "departement_code": "14",
    "region_code": "28",
    "postal_code": "14210"
  },
  {
    "name": "Tracy-Bocage",
    "code": "14708",
    "epci_code": "200069524",
    "departement_code": "14",
    "region_code": "28",
    "postal_code": "14310"
  },
  {
    "name": "Tracy-sur-Mer",
    "code": "14709",
    "epci_code": "241400555",
    "departement_code": "14",
    "region_code": "28",
    "postal_code": "14117"
  },
  {
    "name": "Tréprel",
    "code": "14710",
    "epci_code": "241400514",
    "departement_code": "14",
    "region_code": "28",
    "postal_code": "14690"
  },
  {
    "name": "Trévières",
    "code": "14711",
    "epci_code": "200066801",
    "departement_code": "14",
    "region_code": "28",
    "postal_code": "14710"
  },
  {
    "name": "Troarn",
    "code": "14712",
    "epci_code": "200065597",
    "departement_code": "14",
    "region_code": "28",
    "postal_code": "14670"
  },
  {
    "name": "Montillières-sur-Orne",
    "code": "14713",
    "epci_code": "200066710",
    "departement_code": "14",
    "region_code": "28",
    "postal_code": "14210"
  },
  {
    "name": "Le Tronquay",
    "code": "14714",
    "epci_code": "200066801",
    "departement_code": "14",
    "region_code": "28",
    "postal_code": "14490"
  },
  {
    "name": "Trouville-sur-Mer",
    "code": "14715",
    "epci_code": "241400415",
    "departement_code": "14",
    "region_code": "28",
    "postal_code": "14360"
  },
  {
    "name": "Trungy",
    "code": "14716",
    "epci_code": "200066801",
    "departement_code": "14",
    "region_code": "28",
    "postal_code": "14490"
  },
  {
    "name": "Urville",
    "code": "14719",
    "epci_code": "200066710",
    "departement_code": "14",
    "region_code": "28",
    "postal_code": "14190"
  },
  {
    "name": "Ussy",
    "code": "14720",
    "epci_code": "241400514",
    "departement_code": "14",
    "region_code": "28",
    "postal_code": "14420"
  },
  {
    "name": "Vacognes-Neuilly",
    "code": "14721",
    "epci_code": "200066728",
    "departement_code": "14",
    "region_code": "28",
    "postal_code": "14210"
  },
  {
    "name": "Valsemé",
    "code": "14723",
    "epci_code": "241400878",
    "departement_code": "14",
    "region_code": "28",
    "postal_code": "14340"
  },
  {
    "name": "Varaville",
    "code": "14724",
    "epci_code": "200065563",
    "departement_code": "14",
    "region_code": "28",
    "postal_code": "14390"
  },
  {
    "name": "Valdallière",
    "code": "14726",
    "epci_code": "200068799",
    "departement_code": "14",
    "region_code": "28",
    "postal_code": "14350"
  },
  {
    "name": "Valdallière",
    "code": "14726",
    "epci_code": "200068799",
    "departement_code": "14",
    "region_code": "28",
    "postal_code": "14410"
  },
  {
    "name": "Vaucelles",
    "code": "14728",
    "epci_code": "241400555",
    "departement_code": "14",
    "region_code": "28",
    "postal_code": "14400"
  },
  {
    "name": "Vauville",
    "code": "14731",
    "epci_code": "241400415",
    "departement_code": "14",
    "region_code": "28",
    "postal_code": "14800"
  },
  {
    "name": "Vaux-sur-Aure",
    "code": "14732",
    "epci_code": "241400555",
    "departement_code": "14",
    "region_code": "28",
    "postal_code": "14400"
  },
  {
    "name": "Vaux-sur-Seulles",
    "code": "14733",
    "epci_code": "241400555",
    "departement_code": "14",
    "region_code": "28",
    "postal_code": "14400"
  },
  {
    "name": "Vendes",
    "code": "14734",
    "epci_code": "200069516",
    "departement_code": "14",
    "region_code": "28",
    "postal_code": "14250"
  },
  {
    "name": "Vendeuvre",
    "code": "14735",
    "epci_code": "241400514",
    "departement_code": "14",
    "region_code": "28",
    "postal_code": "14170"
  },
  {
    "name": "Versainville",
    "code": "14737",
    "epci_code": "241400514",
    "departement_code": "14",
    "region_code": "28",
    "postal_code": "14700"
  },
  {
    "name": "Verson",
    "code": "14738",
    "epci_code": "200065597",
    "departement_code": "14",
    "region_code": "28",
    "postal_code": "14790"
  },
  {
    "name": "Ver-sur-Mer",
    "code": "14739",
    "epci_code": "200069516",
    "departement_code": "14",
    "region_code": "28",
    "postal_code": "14114"
  },
  {
    "name": "La Vespière-Friardel",
    "code": "14740",
    "epci_code": "200069532",
    "departement_code": "14",
    "region_code": "28",
    "postal_code": "14290"
  },
  {
    "name": "Le Vey",
    "code": "14741",
    "epci_code": "200066710",
    "departement_code": "14",
    "region_code": "28",
    "postal_code": "14570"
  },
  {
    "name": "Vicques",
    "code": "14742",
    "epci_code": "241400514",
    "departement_code": "14",
    "region_code": "28",
    "postal_code": "14170"
  },
  {
    "name": "Victot-en-Auge",
    "code": "14743",
    "epci_code": "200065563",
    "departement_code": "14",
    "region_code": "28",
    "postal_code": "14430"
  },
  {
    "name": "Vienne-en-Bessin",
    "code": "14744",
    "epci_code": "241400555",
    "departement_code": "14",
    "region_code": "28",
    "postal_code": "14400"
  },
  {
    "name": "Vierville-sur-Mer",
    "code": "14745",
    "epci_code": "200066801",
    "departement_code": "14",
    "region_code": "28",
    "postal_code": "14710"
  },
  {
    "name": "Vieux",
    "code": "14747",
    "epci_code": "200066728",
    "departement_code": "14",
    "region_code": "28",
    "postal_code": "14930"
  },
  {
    "name": "Vieux-Bourg",
    "code": "14748",
    "epci_code": "241400878",
    "departement_code": "14",
    "region_code": "28",
    "postal_code": "14130"
  },
  {
    "name": "Vignats",
    "code": "14751",
    "epci_code": "241400514",
    "departement_code": "14",
    "region_code": "28",
    "postal_code": "14700"
  },
  {
    "name": "Villers-Bocage",
    "code": "14752",
    "epci_code": "200069524",
    "departement_code": "14",
    "region_code": "28",
    "postal_code": "14310"
  },
  {
    "name": "Villers-Canivet",
    "code": "14753",
    "epci_code": "241400514",
    "departement_code": "14",
    "region_code": "28",
    "postal_code": "14420"
  },
  {
    "name": "Villers-sur-Mer",
    "code": "14754",
    "epci_code": "241400415",
    "departement_code": "14",
    "region_code": "28",
    "postal_code": "14640"
  },
  {
    "name": "Villerville",
    "code": "14755",
    "epci_code": "241400415",
    "departement_code": "14",
    "region_code": "28",
    "postal_code": "14113"
  },
  {
    "name": "La Villette",
    "code": "14756",
    "epci_code": "200068799",
    "departement_code": "14",
    "region_code": "28",
    "postal_code": "14570"
  },
  {
    "name": "Villons-les-Buissons",
    "code": "14758",
    "epci_code": "200065597",
    "departement_code": "14",
    "region_code": "28",
    "postal_code": "14610"
  },
  {
    "name": "Villy-lez-Falaise",
    "code": "14759",
    "epci_code": "241400514",
    "departement_code": "14",
    "region_code": "28",
    "postal_code": "14700"
  },
  {
    "name": "Villy-Bocage",
    "code": "14760",
    "epci_code": "200069524",
    "departement_code": "14",
    "region_code": "28",
    "postal_code": "14310"
  },
  {
    "name": "Vimont",
    "code": "14761",
    "epci_code": "200065589",
    "departement_code": "14",
    "region_code": "28",
    "postal_code": "14370"
  },
  {
    "name": "Vire Normandie",
    "code": "14762",
    "epci_code": "200068799",
    "departement_code": "14",
    "region_code": "28",
    "postal_code": "14500"
  },
  {
    "name": "Pont-d’Ouilly",
    "code": "14764",
    "epci_code": "241400514",
    "departement_code": "14",
    "region_code": "28",
    "postal_code": "14690"
  }
]