[
  {
    "name": "Les Ableuvenettes",
    "code": "88001",
    "epci_code": "200068369",
    "departement_code": "88",
    "region_code": "44",
    "postal_code": "88270"
  },
  {
    "name": "Ahéville",
    "code": "88002",
    "epci_code": "200068369",
    "departement_code": "88",
    "region_code": "44",
    "postal_code": "88500"
  },
  {
    "name": "Aingeville",
    "code": "88003",
    "epci_code": "200068682",
    "departement_code": "88",
    "region_code": "44",
    "postal_code": "88140"
  },
  {
    "name": "Ainvelle",
    "code": "88004",
    "epci_code": "200068773",
    "departement_code": "88",
    "region_code": "44",
    "postal_code": "88320"
  },
  {
    "name": "Allarmont",
    "code": "88005",
    "epci_code": "200071066",
    "departement_code": "88",
    "region_code": "44",
    "postal_code": "88110"
  },
  {
    "name": "Ambacourt",
    "code": "88006",
    "epci_code": "200068369",
    "departement_code": "88",
    "region_code": "44",
    "postal_code": "88500"
  },
  {
    "name": "Ameuvelle",
    "code": "88007",
    "epci_code": "200068773",
    "departement_code": "88",
    "region_code": "44",
    "postal_code": "88410"
  },
  {
    "name": "Anglemont",
    "code": "88008",
    "epci_code": "200005957",
    "departement_code": "88",
    "region_code": "44",
    "postal_code": "88700"
  },
  {
    "name": "Anould",
    "code": "88009",
    "epci_code": "200071066",
    "departement_code": "88",
    "region_code": "44",
    "postal_code": "88650"
  },
  {
    "name": "Aouze",
    "code": "88010",
    "epci_code": "200068559",
    "departement_code": "88",
    "region_code": "44",
    "postal_code": "88170"
  },
  {
    "name": "Arches",
    "code": "88011",
    "epci_code": "200068757",
    "departement_code": "88",
    "region_code": "44",
    "postal_code": "88380"
  },
  {
    "name": "Archettes",
    "code": "88012",
    "epci_code": "200068757",
    "departement_code": "88",
    "region_code": "44",
    "postal_code": "88380"
  },
  {
    "name": "Aroffe",
    "code": "88013",
    "epci_code": "200068559",
    "departement_code": "88",
    "region_code": "44",
    "postal_code": "88170"
  },
  {
    "name": "Arrentès-de-Corcieux",
    "code": "88014",
    "epci_code": "200071066",
    "departement_code": "88",
    "region_code": "44",
    "postal_code": "88430"
  },
  {
    "name": "Attignéville",
    "code": "88015",
    "epci_code": "200068559",
    "departement_code": "88",
    "region_code": "44",
    "postal_code": "88300"
  },
  {
    "name": "Attigny",
    "code": "88016",
    "epci_code": "200068773",
    "departement_code": "88",
    "region_code": "44",
    "postal_code": "88260"
  },
  {
    "name": "Aulnois",
    "code": "88017",
    "epci_code": "200068682",
    "departement_code": "88",
    "region_code": "44",
    "postal_code": "88300"
  },
  {
    "name": "Autigny-la-Tour",
    "code": "88019",
    "epci_code": "200068559",
    "departement_code": "88",
    "region_code": "44",
    "postal_code": "88300"
  },
  {
    "name": "Autreville",
    "code": "88020",
    "epci_code": "200068559",
    "departement_code": "88",
    "region_code": "44",
    "postal_code": "88300"
  },
  {
    "name": "Autrey",
    "code": "88021",
    "epci_code": "200005957",
    "departement_code": "88",
    "region_code": "44",
    "postal_code": "88700"
  },
  {
    "name": "Auzainvilliers",
    "code": "88022",
    "epci_code": "200068682",
    "departement_code": "88",
    "region_code": "44",
    "postal_code": "88140"
  },
  {
    "name": "Avillers",
    "code": "88023",
    "epci_code": "200068369",
    "departement_code": "88",
    "region_code": "44",
    "postal_code": "88500"
  },
  {
    "name": "Avrainville",
    "code": "88024",
    "epci_code": "200068369",
    "departement_code": "88",
    "region_code": "44",
    "postal_code": "88130"
  },
  {
    "name": "Avranville",
    "code": "88025",
    "epci_code": "200068559",
    "departement_code": "88",
    "region_code": "44",
    "postal_code": "88630"
  },
  {
    "name": "Aydoilles",
    "code": "88026",
    "epci_code": "200068757",
    "departement_code": "88",
    "region_code": "44",
    "postal_code": "88600"
  },
  {
    "name": "Badménil-aux-Bois",
    "code": "88027",
    "epci_code": "200068757",
    "departement_code": "88",
    "region_code": "44",
    "postal_code": "88330"
  },
  {
    "name": "La Baffe",
    "code": "88028",
    "epci_code": "200068757",
    "departement_code": "88",
    "region_code": "44",
    "postal_code": "88460"
  },
  {
    "name": "La Vôge-les-Bains",
    "code": "88029",
    "epci_code": "200068757",
    "departement_code": "88",
    "region_code": "44",
    "postal_code": "88240"
  },
  {
    "name": "Bainville-aux-Saules",
    "code": "88030",
    "epci_code": "200068369",
    "departement_code": "88",
    "region_code": "44",
    "postal_code": "88270"
  },
  {
    "name": "Balléville",
    "code": "88031",
    "epci_code": "200068559",
    "departement_code": "88",
    "region_code": "44",
    "postal_code": "88170"
  },
  {
    "name": "Ban-de-Laveline",
    "code": "88032",
    "epci_code": "200071066",
    "departement_code": "88",
    "region_code": "44",
    "postal_code": "88520"
  },
  {
    "name": "Ban-de-Sapt",
    "code": "88033",
    "epci_code": "200071066",
    "departement_code": "88",
    "region_code": "44",
    "postal_code": "88210"
  },
  {
    "name": "Barbey-Seroux",
    "code": "88035",
    "epci_code": "200071066",
    "departement_code": "88",
    "region_code": "44",
    "postal_code": "88640"
  },
  {
    "name": "Barville",
    "code": "88036",
    "epci_code": "200068559",
    "departement_code": "88",
    "region_code": "44",
    "postal_code": "88300"
  },
  {
    "name": "Basse-sur-le-Rupt",
    "code": "88037",
    "epci_code": "200096634",
    "departement_code": "88",
    "region_code": "44",
    "postal_code": "88120"
  },
  {
    "name": "Battexey",
    "code": "88038",
    "epci_code": "200068369",
    "departement_code": "88",
    "region_code": "44",
    "postal_code": "88130"
  },
  {
    "name": "Baudricourt",
    "code": "88039",
    "epci_code": "200068369",
    "departement_code": "88",
    "region_code": "44",
    "postal_code": "88500"
  },
  {
    "name": "Bayecourt",
    "code": "88040",
    "epci_code": "200068757",
    "departement_code": "88",
    "region_code": "44",
    "postal_code": "88150"
  },
  {
    "name": "Bazegney",
    "code": "88041",
    "epci_code": "200068369",
    "departement_code": "88",
    "region_code": "44",
    "postal_code": "88270"
  },
  {
    "name": "Bazien",
    "code": "88042",
    "epci_code": "200005957",
    "departement_code": "88",
    "region_code": "44",
    "postal_code": "88700"
  },
  {
    "name": "Bazoilles-et-Ménil",
    "code": "88043",
    "epci_code": "200068682",
    "departement_code": "88",
    "region_code": "44",
    "postal_code": "88500"
  },
  {
    "name": "Bazoilles-sur-Meuse",
    "code": "88044",
    "epci_code": "200068559",
    "departement_code": "88",
    "region_code": "44",
    "postal_code": "88300"
  },
  {
    "name": "Beaufremont",
    "code": "88045",
    "epci_code": "200068682",
    "departement_code": "88",
    "region_code": "44",
    "postal_code": "88300"
  },
  {
    "name": "Beauménil",
    "code": "88046",
    "epci_code": "200042000",
    "departement_code": "88",
    "region_code": "44",
    "postal_code": "88600"
  },
  {
    "name": "Begnécourt",
    "code": "88047",
    "epci_code": "200068369",
    "departement_code": "88",
    "region_code": "44",
    "postal_code": "88270"
  },
  {
    "name": "Bellefontaine",
    "code": "88048",
    "epci_code": "200068757",
    "departement_code": "88",
    "region_code": "44",
    "postal_code": "88370"
  },
  {
    "name": "Belmont-lès-Darney",
    "code": "88049",
    "epci_code": "200068773",
    "departement_code": "88",
    "region_code": "44",
    "postal_code": "88260"
  },
  {
    "name": "Belmont-sur-Buttant",
    "code": "88050",
    "epci_code": "200042000",
    "departement_code": "88",
    "region_code": "44",
    "postal_code": "88600"
  },
  {
    "name": "Belmont-sur-Vair",
    "code": "88051",
    "epci_code": "200068682",
    "departement_code": "88",
    "region_code": "44",
    "postal_code": "88800"
  },
  {
    "name": "Belrupt",
    "code": "88052",
    "epci_code": "200068773",
    "departement_code": "88",
    "region_code": "44",
    "postal_code": "88260"
  },
  {
    "name": "Belval",
    "code": "88053",
    "epci_code": "200071066",
    "departement_code": "88",
    "region_code": "44",
    "postal_code": "88210"
  },
  {
    "name": "Bertrimoutier",
    "code": "88054",
    "epci_code": "200071066",
    "departement_code": "88",
    "region_code": "44",
    "postal_code": "88520"
  },
  {
    "name": "Bettegney-Saint-Brice",
    "code": "88055",
    "epci_code": "200068369",
    "departement_code": "88",
    "region_code": "44",
    "postal_code": "88450"
  },
  {
    "name": "Bettoncourt",
    "code": "88056",
    "epci_code": "200068369",
    "departement_code": "88",
    "region_code": "44",
    "postal_code": "88500"
  },
  {
    "name": "Le Beulay",
    "code": "88057",
    "epci_code": "200071066",
    "departement_code": "88",
    "region_code": "44",
    "postal_code": "88490"
  },
  {
    "name": "Biécourt",
    "code": "88058",
    "epci_code": "200068369",
    "departement_code": "88",
    "region_code": "44",
    "postal_code": "88170"
  },
  {
    "name": "Biffontaine",
    "code": "88059",
    "epci_code": "200071066",
    "departement_code": "88",
    "region_code": "44",
    "postal_code": "88430"
  },
  {
    "name": "Blémerey",
    "code": "88060",
    "epci_code": "200068369",
    "departement_code": "88",
    "region_code": "44",
    "postal_code": "88500"
  },
  {
    "name": "Bleurville",
    "code": "88061",
    "epci_code": "200068773",
    "departement_code": "88",
    "region_code": "44",
    "postal_code": "88410"
  },
  {
    "name": "Blevaincourt",
    "code": "88062",
    "epci_code": "200068773",
    "departement_code": "88",
    "region_code": "44",
    "postal_code": "88320"
  },
  {
    "name": "Bocquegney",
    "code": "88063",
    "epci_code": "200068369",
    "departement_code": "88",
    "region_code": "44",
    "postal_code": "88270"
  },
  {
    "name": "Bois-de-Champ",
    "code": "88064",
    "epci_code": "200071066",
    "departement_code": "88",
    "region_code": "44",
    "postal_code": "88600"
  },
  {
    "name": "Bonvillet",
    "code": "88065",
    "epci_code": "200068773",
    "departement_code": "88",
    "region_code": "44",
    "postal_code": "88260"
  },
  {
    "name": "Boulaincourt",
    "code": "88066",
    "epci_code": "200068369",
    "departement_code": "88",
    "region_code": "44",
    "postal_code": "88500"
  },
  {
    "name": "La Bourgonce",
    "code": "88068",
    "epci_code": "200071066",
    "departement_code": "88",
    "region_code": "44",
    "postal_code": "88470"
  },
  {
    "name": "Bouxières-aux-Bois",
    "code": "88069",
    "epci_code": "200068369",
    "departement_code": "88",
    "region_code": "44",
    "postal_code": "88270"
  },
  {
    "name": "Bouxurulles",
    "code": "88070",
    "epci_code": "200068369",
    "departement_code": "88",
    "region_code": "44",
    "postal_code": "88130"
  },
  {
    "name": "Bouzemont",
    "code": "88071",
    "epci_code": "200068369",
    "departement_code": "88",
    "region_code": "44",
    "postal_code": "88270"
  },
  {
    "name": "Brantigny",
    "code": "88073",
    "epci_code": "200068757",
    "departement_code": "88",
    "region_code": "44",
    "postal_code": "88130"
  },
  {
    "name": "Brechainville",
    "code": "88074",
    "epci_code": "200068559",
    "departement_code": "88",
    "region_code": "44",
    "postal_code": "88350"
  },
  {
    "name": "La Bresse",
    "code": "88075",
    "epci_code": "200096634",
    "departement_code": "88",
    "region_code": "44",
    "postal_code": "88250"
  },
  {
    "name": "Brouvelieures",
    "code": "88076",
    "epci_code": "200042000",
    "departement_code": "88",
    "region_code": "44",
    "postal_code": "88600"
  },
  {
    "name": "Brû",
    "code": "88077",
    "epci_code": "200005957",
    "departement_code": "88",
    "region_code": "44",
    "postal_code": "88700"
  },
  {
    "name": "Bruyères",
    "code": "88078",
    "epci_code": "200042000",
    "departement_code": "88",
    "region_code": "44",
    "postal_code": "88600"
  },
  {
    "name": "Bulgnéville",
    "code": "88079",
    "epci_code": "200068682",
    "departement_code": "88",
    "region_code": "44",
    "postal_code": "88140"
  },
  {
    "name": "Bult",
    "code": "88080",
    "epci_code": "200005957",
    "departement_code": "88",
    "region_code": "44",
    "postal_code": "88700"
  },
  {
    "name": "Bussang",
    "code": "88081",
    "epci_code": "200033868",
    "departement_code": "88",
    "region_code": "44",
    "postal_code": "88540"
  },
  {
    "name": "Celles-sur-Plaine",
    "code": "88082",
    "epci_code": "200071066",
    "departement_code": "88",
    "region_code": "44",
    "postal_code": "88110"
  },
  {
    "name": "Certilleux",
    "code": "88083",
    "epci_code": "200068559",
    "departement_code": "88",
    "region_code": "44",
    "postal_code": "88300"
  },
  {
    "name": "Chamagne",
    "code": "88084",
    "epci_code": "200068757",
    "departement_code": "88",
    "region_code": "44",
    "postal_code": "88130"
  },
  {
    "name": "Champdray",
    "code": "88085",
    "epci_code": "200096642",
    "departement_code": "88",
    "region_code": "44",
    "postal_code": "88640"
  },
  {
    "name": "Champ-le-Duc",
    "code": "88086",
    "epci_code": "200042000",
    "departement_code": "88",
    "region_code": "44",
    "postal_code": "88600"
  },
  {
    "name": "Chantraine",
    "code": "88087",
    "epci_code": "200068757",
    "departement_code": "88",
    "region_code": "44",
    "postal_code": "88000"
  },
  {
    "name": "La Chapelle-aux-Bois",
    "code": "88088",
    "epci_code": "200068757",
    "departement_code": "88",
    "region_code": "44",
    "postal_code": "88240"
  },
  {
    "name": "La Chapelle-devant-Bruyères",
    "code": "88089",
    "epci_code": "200071066",
    "departement_code": "88",
    "region_code": "44",
    "postal_code": "88600"
  },
  {
    "name": "Charmes",
    "code": "88090",
    "epci_code": "200068757",
    "departement_code": "88",
    "region_code": "44",
    "postal_code": "88130"
  },
  {
    "name": "Charmois-devant-Bruyères",
    "code": "88091",
    "epci_code": "200042000",
    "departement_code": "88",
    "region_code": "44",
    "postal_code": "88460"
  },
  {
    "name": "Charmois-l’Orgueilleux",
    "code": "88092",
    "epci_code": "200068757",
    "departement_code": "88",
    "region_code": "44",
    "postal_code": "88270"
  },
  {
    "name": "Châtas",
    "code": "88093",
    "epci_code": "200071066",
    "departement_code": "88",
    "region_code": "44",
    "postal_code": "88210"
  },
  {
    "name": "Châtel-sur-Moselle",
    "code": "88094",
    "epci_code": "200068757",
    "departement_code": "88",
    "region_code": "44",
    "postal_code": "88330"
  },
  {
    "name": "Châtenois",
    "code": "88095",
    "epci_code": "200068559",
    "departement_code": "88",
    "region_code": "44",
    "postal_code": "88170"
  },
  {
    "name": "Châtillon-sur-Saône",
    "code": "88096",
    "epci_code": "200068773",
    "departement_code": "88",
    "region_code": "44",
    "postal_code": "88410"
  },
  {
    "name": "Chauffecourt",
    "code": "88097",
    "epci_code": "200068369",
    "departement_code": "88",
    "region_code": "44",
    "postal_code": "88500"
  },
  {
    "name": "Chaumousey",
    "code": "88098",
    "epci_code": "200068757",
    "departement_code": "88",
    "region_code": "44",
    "postal_code": "88390"
  },
  {
    "name": "Chavelot",
    "code": "88099",
    "epci_code": "200068757",
    "departement_code": "88",
    "region_code": "44",
    "postal_code": "88150"
  },
  {
    "name": "Chef-Haut",
    "code": "88100",
    "epci_code": "200068369",
    "departement_code": "88",
    "region_code": "44",
    "postal_code": "88500"
  },
  {
    "name": "Cheniménil",
    "code": "88101",
    "epci_code": "200042000",
    "departement_code": "88",
    "region_code": "44",
    "postal_code": "88460"
  },
  {
    "name": "Chermisey",
    "code": "88102",
    "epci_code": "200068559",
    "departement_code": "88",
    "region_code": "44",
    "postal_code": "88630"
  },
  {
    "name": "Circourt",
    "code": "88103",
    "epci_code": "200068369",
    "departement_code": "88",
    "region_code": "44",
    "postal_code": "88270"
  },
  {
    "name": "Circourt-sur-Mouzon",
    "code": "88104",
    "epci_code": "200068559",
    "departement_code": "88",
    "region_code": "44",
    "postal_code": "88300"
  },
  {
    "name": "Claudon",
    "code": "88105",
    "epci_code": "200068773",
    "departement_code": "88",
    "region_code": "44",
    "postal_code": "88410"
  },
  {
    "name": "Ban-sur-Meurthe-Clefcy",
    "code": "88106",
    "epci_code": "200071066",
    "departement_code": "88",
    "region_code": "44",
    "postal_code": "88230"
  },
  {
    "name": "Clérey-la-Côte",
    "code": "88107",
    "epci_code": "200068559",
    "departement_code": "88",
    "region_code": "44",
    "postal_code": "88630"
  },
  {
    "name": "Le Clerjus",
    "code": "88108",
    "epci_code": "200068757",
    "departement_code": "88",
    "region_code": "44",
    "postal_code": "88240"
  },
  {
    "name": "Cleurie",
    "code": "88109",
    "epci_code": "200096634",
    "departement_code": "88",
    "region_code": "44",
    "postal_code": "88120"
  },
  {
    "name": "Clézentaine",
    "code": "88110",
    "epci_code": "200005957",
    "departement_code": "88",
    "region_code": "44",
    "postal_code": "88700"
  },
  {
    "name": "Coinches",
    "code": "88111",
    "epci_code": "200071066",
    "departement_code": "88",
    "region_code": "44",
    "postal_code": "88100"
  },
  {
    "name": "Combrimont",
    "code": "88113",
    "epci_code": "200071066",
    "departement_code": "88",
    "region_code": "44",
    "postal_code": "88490"
  },
  {
    "name": "Contrexéville",
    "code": "88114",
    "epci_code": "200068682",
    "departement_code": "88",
    "region_code": "44",
    "postal_code": "88140"
  },
  {
    "name": "Corcieux",
    "code": "88115",
    "epci_code": "200071066",
    "departement_code": "88",
    "region_code": "44",
    "postal_code": "88430"
  },
  {
    "name": "Cornimont",
    "code": "88116",
    "epci_code": "200096634",
    "departement_code": "88",
    "region_code": "44",
    "postal_code": "88310"
  },
  {
    "name": "Courcelles-sous-Châtenois",
    "code": "88117",
    "epci_code": "200068559",
    "departement_code": "88",
    "region_code": "44",
    "postal_code": "88170"
  },
  {
    "name": "Coussey",
    "code": "88118",
    "epci_code": "200068559",
    "departement_code": "88",
    "region_code": "44",
    "postal_code": "88630"
  },
  {
    "name": "Crainvilliers",
    "code": "88119",
    "epci_code": "200068682",
    "departement_code": "88",
    "region_code": "44",
    "postal_code": "88140"
  },
  {
    "name": "La Croix-aux-Mines",
    "code": "88120",
    "epci_code": "200071066",
    "departement_code": "88",
    "region_code": "44",
    "postal_code": "88520"
  },
  {
    "name": "Damas-aux-Bois",
    "code": "88121",
    "epci_code": "200068757",
    "departement_code": "88",
    "region_code": "44",
    "postal_code": "88330"
  },
  {
    "name": "Damas-et-Bettegney",
    "code": "88122",
    "epci_code": "200068369",
    "departement_code": "88",
    "region_code": "44",
    "postal_code": "88270"
  },
  {
    "name": "Damblain",
    "code": "88123",
    "epci_code": "200068773",
    "departement_code": "88",
    "region_code": "44",
    "postal_code": "88320"
  },
  {
    "name": "Darney",
    "code": "88124",
    "epci_code": "200068773",
    "departement_code": "88",
    "region_code": "44",
    "postal_code": "88260"
  },
  {
    "name": "Darney-aux-Chênes",
    "code": "88125",
    "epci_code": "200068559",
    "departement_code": "88",
    "region_code": "44",
    "postal_code": "88170"
  },
  {
    "name": "Darnieulles",
    "code": "88126",
    "epci_code": "200068757",
    "departement_code": "88",
    "region_code": "44",
    "postal_code": "88390"
  },
  {
    "name": "Deinvillers",
    "code": "88127",
    "epci_code": "200005957",
    "departement_code": "88",
    "region_code": "44",
    "postal_code": "88700"
  },
  {
    "name": "Denipaire",
    "code": "88128",
    "epci_code": "200071066",
    "departement_code": "88",
    "region_code": "44",
    "postal_code": "88210"
  },
  {
    "name": "Derbamont",
    "code": "88129",
    "epci_code": "200068369",
    "departement_code": "88",
    "region_code": "44",
    "postal_code": "88270"
  },
  {
    "name": "Destord",
    "code": "88130",
    "epci_code": "200042000",
    "departement_code": "88",
    "region_code": "44",
    "postal_code": "88600"
  },
  {
    "name": "Deycimont",
    "code": "88131",
    "epci_code": "200042000",
    "departement_code": "88",
    "region_code": "44",
    "postal_code": "88600"
  },
  {
    "name": "Deyvillers",
    "code": "88132",
    "epci_code": "200068757",
    "departement_code": "88",
    "region_code": "44",
    "postal_code": "88000"
  },
  {
    "name": "Dignonville",
    "code": "88133",
    "epci_code": "200068757",
    "departement_code": "88",
    "region_code": "44",
    "postal_code": "88000"
  },
  {
    "name": "Dinozé",
    "code": "88134",
    "epci_code": "200068757",
    "departement_code": "88",
    "region_code": "44",
    "postal_code": "88000"
  },
  {
    "name": "Docelles",
    "code": "88135",
    "epci_code": "200042000",
    "departement_code": "88",
    "region_code": "44",
    "postal_code": "88460"
  },
  {
    "name": "Dogneville",
    "code": "88136",
    "epci_code": "200068757",
    "departement_code": "88",
    "region_code": "44",
    "postal_code": "88000"
  },
  {
    "name": "Dolaincourt",
    "code": "88137",
    "epci_code": "200068559",
    "departement_code": "88",
    "region_code": "44",
    "postal_code": "88170"
  },
  {
    "name": "Dombasle-devant-Darney",
    "code": "88138",
    "epci_code": "200068773",
    "departement_code": "88",
    "region_code": "44",
    "postal_code": "88260"
  },
  {
    "name": "Dombasle-en-Xaintois",
    "code": "88139",
    "epci_code": "200068369",
    "departement_code": "88",
    "region_code": "44",
    "postal_code": "88500"
  },
  {
    "name": "Dombrot-le-Sec",
    "code": "88140",
    "epci_code": "200068773",
    "departement_code": "88",
    "region_code": "44",
    "postal_code": "88140"
  },
  {
    "name": "Dombrot-sur-Vair",
    "code": "88141",
    "epci_code": "200068682",
    "departement_code": "88",
    "region_code": "44",
    "postal_code": "88170"
  },
  {
    "name": "Domèvre-sur-Avière",
    "code": "88142",
    "epci_code": "200068757",
    "departement_code": "88",
    "region_code": "44",
    "postal_code": "88390"
  },
  {
    "name": "Domèvre-sur-Durbion",
    "code": "88143",
    "epci_code": "200068757",
    "departement_code": "88",
    "region_code": "44",
    "postal_code": "88330"
  },
  {
    "name": "Domèvre-sous-Montfort",
    "code": "88144",
    "epci_code": "200068682",
    "departement_code": "88",
    "region_code": "44",
    "postal_code": "88500"
  },
  {
    "name": "Domfaing",
    "code": "88145",
    "epci_code": "200042000",
    "departement_code": "88",
    "region_code": "44",
    "postal_code": "88600"
  },
  {
    "name": "Domjulien",
    "code": "88146",
    "epci_code": "200068682",
    "departement_code": "88",
    "region_code": "44",
    "postal_code": "88800"
  },
  {
    "name": "Dommartin-aux-Bois",
    "code": "88147",
    "epci_code": "200068369",
    "departement_code": "88",
    "region_code": "44",
    "postal_code": "88390"
  },
  {
    "name": "Dommartin-lès-Remiremont",
    "code": "88148",
    "epci_code": "200068377",
    "departement_code": "88",
    "region_code": "44",
    "postal_code": "88200"
  },
  {
    "name": "Dommartin-lès-Vallois",
    "code": "88149",
    "epci_code": "200068773",
    "departement_code": "88",
    "region_code": "44",
    "postal_code": "88260"
  },
  {
    "name": "Dommartin-sur-Vraine",
    "code": "88150",
    "epci_code": "200068559",
    "departement_code": "88",
    "region_code": "44",
    "postal_code": "88170"
  },
  {
    "name": "Dompaire",
    "code": "88151",
    "epci_code": "200068369",
    "departement_code": "88",
    "region_code": "44",
    "postal_code": "88270"
  },
  {
    "name": "Dompierre",
    "code": "88152",
    "epci_code": "200068757",
    "departement_code": "88",
    "region_code": "44",
    "postal_code": "88600"
  },
  {
    "name": "Domptail",
    "code": "88153",
    "epci_code": "200005957",
    "departement_code": "88",
    "region_code": "44",
    "postal_code": "88700"
  },
  {
    "name": "Domrémy-la-Pucelle",
    "code": "88154",
    "epci_code": "200068559",
    "departement_code": "88",
    "region_code": "44",
    "postal_code": "88630"
  },
  {
    "name": "Domvallier",
    "code": "88155",
    "epci_code": "200068369",
    "departement_code": "88",
    "region_code": "44",
    "postal_code": "88500"
  },
  {
    "name": "Doncières",
    "code": "88156",
    "epci_code": "200005957",
    "departement_code": "88",
    "region_code": "44",
    "postal_code": "88700"
  },
  {
    "name": "Dounoux",
    "code": "88157",
    "epci_code": "200068757",
    "departement_code": "88",
    "region_code": "44",
    "postal_code": "88220"
  },
  {
    "name": "Éloyes",
    "code": "88158",
    "epci_code": "200068377",
    "departement_code": "88",
    "region_code": "44",
    "postal_code": "88510"
  },
  {
    "name": "Entre-deux-Eaux",
    "code": "88159",
    "epci_code": "200071066",
    "departement_code": "88",
    "region_code": "44",
    "postal_code": "88650"
  },
  {
    "name": "Épinal",
    "code": "88160",
    "epci_code": "200068757",
    "departement_code": "88",
    "region_code": "44",
    "postal_code": "88000"
  },
  {
    "name": "Escles",
    "code": "88161",
    "epci_code": "200068773",
    "departement_code": "88",
    "region_code": "44",
    "postal_code": "88260"
  },
  {
    "name": "Esley",
    "code": "88162",
    "epci_code": "200068773",
    "departement_code": "88",
    "region_code": "44",
    "postal_code": "88260"
  },
  {
    "name": "Essegney",
    "code": "88163",
    "epci_code": "200068757",
    "departement_code": "88",
    "region_code": "44",
    "postal_code": "88130"
  },
  {
    "name": "Estrennes",
    "code": "88164",
    "epci_code": "200068682",
    "departement_code": "88",
    "region_code": "44",
    "postal_code": "88500"
  },
  {
    "name": "Étival-Clairefontaine",
    "code": "88165",
    "epci_code": "200071066",
    "departement_code": "88",
    "region_code": "44",
    "postal_code": "88480"
  },
  {
    "name": "Évaux-et-Ménil",
    "code": "88166",
    "epci_code": "200068369",
    "departement_code": "88",
    "region_code": "44",
    "postal_code": "88450"
  },
  {
    "name": "Faucompierre",
    "code": "88167",
    "epci_code": "200042000",
    "departement_code": "88",
    "region_code": "44",
    "postal_code": "88460"
  },
  {
    "name": "Fauconcourt",
    "code": "88168",
    "epci_code": "200005957",
    "departement_code": "88",
    "region_code": "44",
    "postal_code": "88700"
  },
  {
    "name": "Fays",
    "code": "88169",
    "epci_code": "200042000",
    "departement_code": "88",
    "region_code": "44",
    "postal_code": "88600"
  },
  {
    "name": "Ferdrupt",
    "code": "88170",
    "epci_code": "200033868",
    "departement_code": "88",
    "region_code": "44",
    "postal_code": "88360"
  },
  {
    "name": "Fignévelle",
    "code": "88171",
    "epci_code": "200068773",
    "departement_code": "88",
    "region_code": "44",
    "postal_code": "88410"
  },
  {
    "name": "Fiménil",
    "code": "88172",
    "epci_code": "200042000",
    "departement_code": "88",
    "region_code": "44",
    "postal_code": "88600"
  },
  {
    "name": "Florémont",
    "code": "88173",
    "epci_code": "200068757",
    "departement_code": "88",
    "region_code": "44",
    "postal_code": "88130"
  },
  {
    "name": "Fomerey",
    "code": "88174",
    "epci_code": "200068757",
    "departement_code": "88",
    "region_code": "44",
    "postal_code": "88390"
  },
  {
    "name": "Fontenay",
    "code": "88175",
    "epci_code": "200042000",
    "departement_code": "88",
    "region_code": "44",
    "postal_code": "88600"
  },
  {
    "name": "Fontenoy-le-Château",
    "code": "88176",
    "epci_code": "200068757",
    "departement_code": "88",
    "region_code": "44",
    "postal_code": "88240"
  },
  {
    "name": "La Forge",
    "code": "88177",
    "epci_code": "200096634",
    "departement_code": "88",
    "region_code": "44",
    "postal_code": "88530"
  },
  {
    "name": "Les Forges",
    "code": "88178",
    "epci_code": "200068757",
    "departement_code": "88",
    "region_code": "44",
    "postal_code": "88390"
  },
  {
    "name": "Fouchécourt",
    "code": "88179",
    "epci_code": "200068773",
    "departement_code": "88",
    "region_code": "44",
    "postal_code": "88320"
  },
  {
    "name": "Frain",
    "code": "88180",
    "epci_code": "200068773",
    "departement_code": "88",
    "region_code": "44",
    "postal_code": "88320"
  },
  {
    "name": "Fraize",
    "code": "88181",
    "epci_code": "200071066",
    "departement_code": "88",
    "region_code": "44",
    "postal_code": "88230"
  },
  {
    "name": "Frapelle",
    "code": "88182",
    "epci_code": "200071066",
    "departement_code": "88",
    "region_code": "44",
    "postal_code": "88490"
  },
  {
    "name": "Frebécourt",
    "code": "88183",
    "epci_code": "200068559",
    "departement_code": "88",
    "region_code": "44",
    "postal_code": "88630"
  },
  {
    "name": "Fremifontaine",
    "code": "88184",
    "epci_code": "200042000",
    "departement_code": "88",
    "region_code": "44",
    "postal_code": "88600"
  },
  {
    "name": "Frenelle-la-Grande",
    "code": "88185",
    "epci_code": "200068369",
    "departement_code": "88",
    "region_code": "44",
    "postal_code": "88500"
  },
  {
    "name": "Frenelle-la-Petite",
    "code": "88186",
    "epci_code": "200068369",
    "departement_code": "88",
    "region_code": "44",
    "postal_code": "88500"
  },
  {
    "name": "Frénois",
    "code": "88187",
    "epci_code": "200068773",
    "departement_code": "88",
    "region_code": "44",
    "postal_code": "88270"
  },
  {
    "name": "Fresse-sur-Moselle",
    "code": "88188",
    "epci_code": "200033868",
    "departement_code": "88",
    "region_code": "44",
    "postal_code": "88160"
  },
  {
    "name": "Fréville",
    "code": "88189",
    "epci_code": "200068559",
    "departement_code": "88",
    "region_code": "44",
    "postal_code": "88350"
  },
  {
    "name": "Frizon",
    "code": "88190",
    "epci_code": "200068757",
    "departement_code": "88",
    "region_code": "44",
    "postal_code": "88440"
  },
  {
    "name": "Gelvécourt-et-Adompt",
    "code": "88192",
    "epci_code": "200068369",
    "departement_code": "88",
    "region_code": "44",
    "postal_code": "88270"
  },
  {
    "name": "Gemaingoutte",
    "code": "88193",
    "epci_code": "200071066",
    "departement_code": "88",
    "region_code": "44",
    "postal_code": "88520"
  },
  {
    "name": "Gemmelaincourt",
    "code": "88194",
    "epci_code": "200068682",
    "departement_code": "88",
    "region_code": "44",
    "postal_code": "88170"
  },
  {
    "name": "Gendreville",
    "code": "88195",
    "epci_code": "200068682",
    "departement_code": "88",
    "region_code": "44",
    "postal_code": "88140"
  },
  {
    "name": "Gérardmer",
    "code": "88196",
    "epci_code": "200096642",
    "departement_code": "88",
    "region_code": "44",
    "postal_code": "88400"
  },
  {
    "name": "Gerbamont",
    "code": "88197",
    "epci_code": "200096634",
    "departement_code": "88",
    "region_code": "44",
    "postal_code": "88120"
  },
  {
    "name": "Gerbépal",
    "code": "88198",
    "epci_code": "200071066",
    "departement_code": "88",
    "region_code": "44",
    "postal_code": "88430"
  },
  {
    "name": "Gignéville",
    "code": "88199",
    "epci_code": "200068773",
    "departement_code": "88",
    "region_code": "44",
    "postal_code": "88320"
  },
  {
    "name": "Gigney",
    "code": "88200",
    "epci_code": "200068757",
    "departement_code": "88",
    "region_code": "44",
    "postal_code": "88390"
  },
  {
    "name": "Girancourt",
    "code": "88201",
    "epci_code": "200068757",
    "departement_code": "88",
    "region_code": "44",
    "postal_code": "88390"
  },
  {
    "name": "Gircourt-lès-Viéville",
    "code": "88202",
    "epci_code": "200068369",
    "departement_code": "88",
    "region_code": "44",
    "postal_code": "88500"
  },
  {
    "name": "Girecourt-sur-Durbion",
    "code": "88203",
    "epci_code": "200042000",
    "departement_code": "88",
    "region_code": "44",
    "postal_code": "88600"
  },
  {
    "name": "Girmont-Val-d’Ajol",
    "code": "88205",
    "epci_code": "200068377",
    "departement_code": "88",
    "region_code": "44",
    "postal_code": "88340"
  },
  {
    "name": "Gironcourt-sur-Vraine",
    "code": "88206",
    "epci_code": "200068559",
    "departement_code": "88",
    "region_code": "44",
    "postal_code": "88170"
  },
  {
    "name": "Godoncourt",
    "code": "88208",
    "epci_code": "200068773",
    "departement_code": "88",
    "region_code": "44",
    "postal_code": "88410"
  },
  {
    "name": "Golbey",
    "code": "88209",
    "epci_code": "200068757",
    "departement_code": "88",
    "region_code": "44",
    "postal_code": "88190"
  },
  {
    "name": "Gorhey",
    "code": "88210",
    "epci_code": "200068369",
    "departement_code": "88",
    "region_code": "44",
    "postal_code": "88270"
  },
  {
    "name": "Grand",
    "code": "88212",
    "epci_code": "200068559",
    "departement_code": "88",
    "region_code": "44",
    "postal_code": "88350"
  },
  {
    "name": "La Grande-Fosse",
    "code": "88213",
    "epci_code": "200071066",
    "departement_code": "88",
    "region_code": "44",
    "postal_code": "88490"
  },
  {
    "name": "Grandrupt-de-Bains",
    "code": "88214",
    "epci_code": "200068773",
    "departement_code": "88",
    "region_code": "44",
    "postal_code": "88240"
  },
  {
    "name": "Grandrupt",
    "code": "88215",
    "epci_code": "200071066",
    "departement_code": "88",
    "region_code": "44",
    "postal_code": "88210"
  },
  {
    "name": "Grandvillers",
    "code": "88216",
    "epci_code": "200042000",
    "departement_code": "88",
    "region_code": "44",
    "postal_code": "88600"
  },
  {
    "name": "Granges-Aumontzey",
    "code": "88218",
    "epci_code": "200096642",
    "departement_code": "88",
    "region_code": "44",
    "postal_code": "88640"
  },
  {
    "name": "Greux",
    "code": "88219",
    "epci_code": "200068559",
    "departement_code": "88",
    "region_code": "44",
    "postal_code": "88630"
  },
  {
    "name": "Grignoncourt",
    "code": "88220",
    "epci_code": "200068773",
    "departement_code": "88",
    "region_code": "44",
    "postal_code": "88410"
  },
  {
    "name": "Gruey-lès-Surance",
    "code": "88221",
    "epci_code": "200068757",
    "departement_code": "88",
    "region_code": "44",
    "postal_code": "88240"
  },
  {
    "name": "Gugnécourt",
    "code": "88222",
    "epci_code": "200042000",
    "departement_code": "88",
    "region_code": "44",
    "postal_code": "88600"
  },
  {
    "name": "Gugney-aux-Aulx",
    "code": "88223",
    "epci_code": "200068369",
    "departement_code": "88",
    "region_code": "44",
    "postal_code": "88450"
  },
  {
    "name": "Hadigny-les-Verrières",
    "code": "88224",
    "epci_code": "200068757",
    "departement_code": "88",
    "region_code": "44",
    "postal_code": "88330"
  },
  {
    "name": "Hadol",
    "code": "88225",
    "epci_code": "200068757",
    "departement_code": "88",
    "region_code": "44",
    "postal_code": "88220"
  },
  {
    "name": "Hagécourt",
    "code": "88226",
    "epci_code": "200068369",
    "departement_code": "88",
    "region_code": "44",
    "postal_code": "88270"
  },
  {
    "name": "Hagnéville-et-Roncourt",
    "code": "88227",
    "epci_code": "200068682",
    "departement_code": "88",
    "region_code": "44",
    "postal_code": "88300"
  },
  {
    "name": "Haillainville",
    "code": "88228",
    "epci_code": "200068757",
    "departement_code": "88",
    "region_code": "44",
    "postal_code": "88330"
  },
  {
    "name": "Harchéchamp",
    "code": "88229",
    "epci_code": "200068559",
    "departement_code": "88",
    "region_code": "44",
    "postal_code": "88300"
  },
  {
    "name": "Hardancourt",
    "code": "88230",
    "epci_code": "200005957",
    "departement_code": "88",
    "region_code": "44",
    "postal_code": "88700"
  },
  {
    "name": "Haréville",
    "code": "88231",
    "epci_code": "200068682",
    "departement_code": "88",
    "region_code": "44",
    "postal_code": "88800"
  },
  {
    "name": "Harmonville",
    "code": "88232",
    "epci_code": "200068559",
    "departement_code": "88",
    "region_code": "44",
    "postal_code": "88300"
  },
  {
    "name": "Harol",
    "code": "88233",
    "epci_code": "200068369",
    "departement_code": "88",
    "region_code": "44",
    "postal_code": "88270"
  },
  {
    "name": "La Haye",
    "code": "88236",
    "epci_code": "200068757",
    "departement_code": "88",
    "region_code": "44",
    "postal_code": "88240"
  },
  {
    "name": "Hennecourt",
    "code": "88237",
    "epci_code": "200068369",
    "departement_code": "88",
    "region_code": "44",
    "postal_code": "88270"
  },
  {
    "name": "Hennezel",
    "code": "88238",
    "epci_code": "200068773",
    "departement_code": "88",
    "region_code": "44",
    "postal_code": "88260"
  },
  {
    "name": "Hergugney",
    "code": "88239",
    "epci_code": "200068757",
    "departement_code": "88",
    "region_code": "44",
    "postal_code": "88130"
  },
  {
    "name": "Herpelmont",
    "code": "88240",
    "epci_code": "200042000",
    "departement_code": "88",
    "region_code": "44",
    "postal_code": "88600"
  },
  {
    "name": "Houécourt",
    "code": "88241",
    "epci_code": "200068682",
    "departement_code": "88",
    "region_code": "44",
    "postal_code": "88170"
  },
  {
    "name": "Houéville",
    "code": "88242",
    "epci_code": "200068559",
    "departement_code": "88",
    "region_code": "44",
    "postal_code": "88300"
  },
  {
    "name": "Housseras",
    "code": "88243",
    "epci_code": "200005957",
    "departement_code": "88",
    "region_code": "44",
    "postal_code": "88700"
  },
  {
    "name": "La Houssière",
    "code": "88244",
    "epci_code": "200071066",
    "departement_code": "88",
    "region_code": "44",
    "postal_code": "88430"
  },
  {
    "name": "Hurbache",
    "code": "88245",
    "epci_code": "200071066",
    "departement_code": "88",
    "region_code": "44",
    "postal_code": "88210"
  },
  {
    "name": "Hymont",
    "code": "88246",
    "epci_code": "200068369",
    "departement_code": "88",
    "region_code": "44",
    "postal_code": "88500"
  },
  {
    "name": "Igney",
    "code": "88247",
    "epci_code": "200068757",
    "departement_code": "88",
    "region_code": "44",
    "postal_code": "88150"
  },
  {
    "name": "Isches",
    "code": "88248",
    "epci_code": "200068773",
    "departement_code": "88",
    "region_code": "44",
    "postal_code": "88320"
  },
  {
    "name": "Jainvillotte",
    "code": "88249",
    "epci_code": "200068559",
    "departement_code": "88",
    "region_code": "44",
    "postal_code": "88300"
  },
  {
    "name": "Jarménil",
    "code": "88250",
    "epci_code": "200068757",
    "departement_code": "88",
    "region_code": "44",
    "postal_code": "88550"
  },
  {
    "name": "Jeanménil",
    "code": "88251",
    "epci_code": "200005957",
    "departement_code": "88",
    "region_code": "44",
    "postal_code": "88700"
  },
  {
    "name": "Jésonville",
    "code": "88252",
    "epci_code": "200068773",
    "departement_code": "88",
    "region_code": "44",
    "postal_code": "88260"
  },
  {
    "name": "Jeuxey",
    "code": "88253",
    "epci_code": "200068757",
    "departement_code": "88",
    "region_code": "44",
    "postal_code": "88000"
  },
  {
    "name": "Jorxey",
    "code": "88254",
    "epci_code": "200068369",
    "departement_code": "88",
    "region_code": "44",
    "postal_code": "88500"
  },
  {
    "name": "Jubainville",
    "code": "88255",
    "epci_code": "200068559",
    "departement_code": "88",
    "region_code": "44",
    "postal_code": "88630"
  },
  {
    "name": "Jussarupt",
    "code": "88256",
    "epci_code": "200042000",
    "departement_code": "88",
    "region_code": "44",
    "postal_code": "88640"
  },
  {
    "name": "Juvaincourt",
    "code": "88257",
    "epci_code": "200068369",
    "departement_code": "88",
    "region_code": "44",
    "postal_code": "88500"
  },
  {
    "name": "Lamarche",
    "code": "88258",
    "epci_code": "200068773",
    "departement_code": "88",
    "region_code": "44",
    "postal_code": "88320"
  },
  {
    "name": "Landaville",
    "code": "88259",
    "epci_code": "200068559",
    "departement_code": "88",
    "region_code": "44",
    "postal_code": "88300"
  },
  {
    "name": "Langley",
    "code": "88260",
    "epci_code": "200068757",
    "departement_code": "88",
    "region_code": "44",
    "postal_code": "88130"
  },
  {
    "name": "Laval-sur-Vologne",
    "code": "88261",
    "epci_code": "200042000",
    "departement_code": "88",
    "region_code": "44",
    "postal_code": "88600"
  },
  {
    "name": "Laveline-devant-Bruyères",
    "code": "88262",
    "epci_code": "200042000",
    "departement_code": "88",
    "region_code": "44",
    "postal_code": "88600"
  },
  {
    "name": "Laveline-du-Houx",
    "code": "88263",
    "epci_code": "200042000",
    "departement_code": "88",
    "region_code": "44",
    "postal_code": "88640"
  },
  {
    "name": "Légéville-et-Bonfays",
    "code": "88264",
    "epci_code": "200068369",
    "departement_code": "88",
    "region_code": "44",
    "postal_code": "88270"
  },
  {
    "name": "Lemmecourt",
    "code": "88265",
    "epci_code": "200068559",
    "departement_code": "88",
    "region_code": "44",
    "postal_code": "88300"
  },
  {
    "name": "Lépanges-sur-Vologne",
    "code": "88266",
    "epci_code": "200042000",
    "departement_code": "88",
    "region_code": "44",
    "postal_code": "88600"
  },
  {
    "name": "Lerrain",
    "code": "88267",
    "epci_code": "200068773",
    "departement_code": "88",
    "region_code": "44",
    "postal_code": "88260"
  },
  {
    "name": "Lesseux",
    "code": "88268",
    "epci_code": "200071066",
    "departement_code": "88",
    "region_code": "44",
    "postal_code": "88490"
  },
  {
    "name": "Liézey",
    "code": "88269",
    "epci_code": "200096642",
    "departement_code": "88",
    "region_code": "44",
    "postal_code": "88400"
  },
  {
    "name": "Liffol-le-Grand",
    "code": "88270",
    "epci_code": "200068559",
    "departement_code": "88",
    "region_code": "44",
    "postal_code": "88350"
  },
  {
    "name": "Lignéville",
    "code": "88271",
    "epci_code": "200068773",
    "departement_code": "88",
    "region_code": "44",
    "postal_code": "88800"
  },
  {
    "name": "Lironcourt",
    "code": "88272",
    "epci_code": "200068773",
    "departement_code": "88",
    "region_code": "44",
    "postal_code": "88410"
  },
  {
    "name": "Longchamp",
    "code": "88273",
    "epci_code": "200068757",
    "departement_code": "88",
    "region_code": "44",
    "postal_code": "88000"
  },
  {
    "name": "Longchamp-sous-Châtenois",
    "code": "88274",
    "epci_code": "200068559",
    "departement_code": "88",
    "region_code": "44",
    "postal_code": "88170"
  },
  {
    "name": "Lubine",
    "code": "88275",
    "epci_code": "200071066",
    "departement_code": "88",
    "region_code": "44",
    "postal_code": "88490"
  },
  {
    "name": "Lusse",
    "code": "88276",
    "epci_code": "200071066",
    "departement_code": "88",
    "region_code": "44",
    "postal_code": "88490"
  },
  {
    "name": "Luvigny",
    "code": "88277",
    "epci_code": "200071066",
    "departement_code": "88",
    "region_code": "44",
    "postal_code": "88110"
  },
  {
    "name": "Maconcourt",
    "code": "88278",
    "epci_code": "200068559",
    "departement_code": "88",
    "region_code": "44",
    "postal_code": "88170"
  },
  {
    "name": "Madecourt",
    "code": "88279",
    "epci_code": "200068369",
    "departement_code": "88",
    "region_code": "44",
    "postal_code": "88270"
  },
  {
    "name": "Madegney",
    "code": "88280",
    "epci_code": "200068369",
    "departement_code": "88",
    "region_code": "44",
    "postal_code": "88450"
  },
  {
    "name": "Madonne-et-Lamerey",
    "code": "88281",
    "epci_code": "200068369",
    "departement_code": "88",
    "region_code": "44",
    "postal_code": "88270"
  },
  {
    "name": "Malaincourt",
    "code": "88283",
    "epci_code": "200068682",
    "departement_code": "88",
    "region_code": "44",
    "postal_code": "88140"
  },
  {
    "name": "Mandray",
    "code": "88284",
    "epci_code": "200071066",
    "departement_code": "88",
    "region_code": "44",
    "postal_code": "88650"
  },
  {
    "name": "Mandres-sur-Vair",
    "code": "88285",
    "epci_code": "200068682",
    "departement_code": "88",
    "region_code": "44",
    "postal_code": "88800"
  },
  {
    "name": "Marainville-sur-Madon",
    "code": "88286",
    "epci_code": "200068369",
    "departement_code": "88",
    "region_code": "44",
    "postal_code": "88130"
  },
  {
    "name": "Marey",
    "code": "88287",
    "epci_code": "200068773",
    "departement_code": "88",
    "region_code": "44",
    "postal_code": "88320"
  },
  {
    "name": "Maroncourt",
    "code": "88288",
    "epci_code": "200068369",
    "departement_code": "88",
    "region_code": "44",
    "postal_code": "88270"
  },
  {
    "name": "Martigny-les-Bains",
    "code": "88289",
    "epci_code": "200068773",
    "departement_code": "88",
    "region_code": "44",
    "postal_code": "88320"
  },
  {
    "name": "Martigny-les-Gerbonvaux",
    "code": "88290",
    "epci_code": "200068559",
    "departement_code": "88",
    "region_code": "44",
    "postal_code": "88300"
  },
  {
    "name": "Martinvelle",
    "code": "88291",
    "epci_code": "200068773",
    "departement_code": "88",
    "region_code": "44",
    "postal_code": "88410"
  },
  {
    "name": "Mattaincourt",
    "code": "88292",
    "epci_code": "200068369",
    "departement_code": "88",
    "region_code": "44",
    "postal_code": "88500"
  },
  {
    "name": "Maxey-sur-Meuse",
    "code": "88293",
    "epci_code": "200068559",
    "departement_code": "88",
    "region_code": "44",
    "postal_code": "88630"
  },
  {
    "name": "Mazeley",
    "code": "88294",
    "epci_code": "200068757",
    "departement_code": "88",
    "region_code": "44",
    "postal_code": "88150"
  },
  {
    "name": "Mazirot",
    "code": "88295",
    "epci_code": "200068369",
    "departement_code": "88",
    "region_code": "44",
    "postal_code": "88500"
  },
  {
    "name": "Médonville",
    "code": "88296",
    "epci_code": "200068682",
    "departement_code": "88",
    "region_code": "44",
    "postal_code": "88140"
  },
  {
    "name": "Méménil",
    "code": "88297",
    "epci_code": "200042000",
    "departement_code": "88",
    "region_code": "44",
    "postal_code": "88600"
  },
  {
    "name": "Ménarmont",
    "code": "88298",
    "epci_code": "200005957",
    "departement_code": "88",
    "region_code": "44",
    "postal_code": "88700"
  },
  {
    "name": "Ménil-en-Xaintois",
    "code": "88299",
    "epci_code": "200068559",
    "departement_code": "88",
    "region_code": "44",
    "postal_code": "88500"
  },
  {
    "name": "Ménil-de-Senones",
    "code": "88300",
    "epci_code": "200071066",
    "departement_code": "88",
    "region_code": "44",
    "postal_code": "88210"
  },
  {
    "name": "Ménil-sur-Belvitte",
    "code": "88301",
    "epci_code": "200005957",
    "departement_code": "88",
    "region_code": "44",
    "postal_code": "88700"
  },
  {
    "name": "Le Ménil",
    "code": "88302",
    "epci_code": "200033868",
    "departement_code": "88",
    "region_code": "44",
    "postal_code": "88160"
  },
  {
    "name": "Midrevaux",
    "code": "88303",
    "epci_code": "200068559",
    "departement_code": "88",
    "region_code": "44",
    "postal_code": "88630"
  },
  {
    "name": "Mirecourt",
    "code": "88304",
    "epci_code": "200068369",
    "departement_code": "88",
    "region_code": "44",
    "postal_code": "88500"
  },
  {
    "name": "Moncel-sur-Vair",
    "code": "88305",
    "epci_code": "200068559",
    "departement_code": "88",
    "region_code": "44",
    "postal_code": "88630"
  },
  {
    "name": "Le Mont",
    "code": "88306",
    "epci_code": "200071066",
    "departement_code": "88",
    "region_code": "44",
    "postal_code": "88210"
  },
  {
    "name": "Mont-lès-Lamarche",
    "code": "88307",
    "epci_code": "200068773",
    "departement_code": "88",
    "region_code": "44",
    "postal_code": "88320"
  },
  {
    "name": "Mont-lès-Neufchâteau",
    "code": "88308",
    "epci_code": "200068559",
    "departement_code": "88",
    "region_code": "44",
    "postal_code": "88300"
  },
  {
    "name": "Monthureux-le-Sec",
    "code": "88309",
    "epci_code": "200068682",
    "departement_code": "88",
    "region_code": "44",
    "postal_code": "88800"
  },
  {
    "name": "Monthureux-sur-Saône",
    "code": "88310",
    "epci_code": "200068773",
    "departement_code": "88",
    "region_code": "44",
    "postal_code": "88410"
  },
  {
    "name": "Montmotier",
    "code": "88311",
    "epci_code": "200068757",
    "departement_code": "88",
    "region_code": "44",
    "postal_code": "88240"
  },
  {
    "name": "Morelmaison",
    "code": "88312",
    "epci_code": "200068559",
    "departement_code": "88",
    "region_code": "44",
    "postal_code": "88170"
  },
  {
    "name": "Moriville",
    "code": "88313",
    "epci_code": "200068757",
    "departement_code": "88",
    "region_code": "44",
    "postal_code": "88330"
  },
  {
    "name": "Morizécourt",
    "code": "88314",
    "epci_code": "200068773",
    "departement_code": "88",
    "region_code": "44",
    "postal_code": "88320"
  },
  {
    "name": "Mortagne",
    "code": "88315",
    "epci_code": "200071066",
    "departement_code": "88",
    "region_code": "44",
    "postal_code": "88600"
  },
  {
    "name": "Morville",
    "code": "88316",
    "epci_code": "200068682",
    "departement_code": "88",
    "region_code": "44",
    "postal_code": "88140"
  },
  {
    "name": "Moussey",
    "code": "88317",
    "epci_code": "200071066",
    "departement_code": "88",
    "region_code": "44",
    "postal_code": "88210"
  },
  {
    "name": "Moyemont",
    "code": "88318",
    "epci_code": "200005957",
    "departement_code": "88",
    "region_code": "44",
    "postal_code": "88700"
  },
  {
    "name": "Moyenmoutier",
    "code": "88319",
    "epci_code": "200071066",
    "departement_code": "88",
    "region_code": "44",
    "postal_code": "88420"
  },
  {
    "name": "Nayemont-les-Fosses",
    "code": "88320",
    "epci_code": "200071066",
    "departement_code": "88",
    "region_code": "44",
    "postal_code": "88100"
  },
  {
    "name": "Neufchâteau",
    "code": "88321",
    "epci_code": "200068559",
    "departement_code": "88",
    "region_code": "44",
    "postal_code": "88300"
  },
  {
    "name": "La Neuveville-devant-Lépanges",
    "code": "88322",
    "epci_code": "200042000",
    "departement_code": "88",
    "region_code": "44",
    "postal_code": "88600"
  },
  {
    "name": "La Neuveville-sous-Châtenois",
    "code": "88324",
    "epci_code": "200068559",
    "departement_code": "88",
    "region_code": "44",
    "postal_code": "88170"
  },
  {
    "name": "La Neuveville-sous-Montfort",
    "code": "88325",
    "epci_code": "200068682",
    "departement_code": "88",
    "region_code": "44",
    "postal_code": "88800"
  },
  {
    "name": "Neuvillers-sur-Fave",
    "code": "88326",
    "epci_code": "200071066",
    "departement_code": "88",
    "region_code": "44",
    "postal_code": "88100"
  },
  {
    "name": "Nomexy",
    "code": "88327",
    "epci_code": "200068757",
    "departement_code": "88",
    "region_code": "44",
    "postal_code": "88440"
  },
  {
    "name": "Nompatelize",
    "code": "88328",
    "epci_code": "200071066",
    "departement_code": "88",
    "region_code": "44",
    "postal_code": "88470"
  },
  {
    "name": "Nonville",
    "code": "88330",
    "epci_code": "200068773",
    "departement_code": "88",
    "region_code": "44",
    "postal_code": "88260"
  },
  {
    "name": "Nonzeville",
    "code": "88331",
    "epci_code": "200042000",
    "departement_code": "88",
    "region_code": "44",
    "postal_code": "88600"
  },
  {
    "name": "Norroy",
    "code": "88332",
    "epci_code": "200068682",
    "departement_code": "88",
    "region_code": "44",
    "postal_code": "88800"
  },
  {
    "name": "Nossoncourt",
    "code": "88333",
    "epci_code": "200005957",
    "departement_code": "88",
    "region_code": "44",
    "postal_code": "88700"
  },
  {
    "name": "Oëlleville",
    "code": "88334",
    "epci_code": "200068369",
    "departement_code": "88",
    "region_code": "44",
    "postal_code": "88500"
  },
  {
    "name": "Offroicourt",
    "code": "88335",
    "epci_code": "200068682",
    "departement_code": "88",
    "region_code": "44",
    "postal_code": "88500"
  },
  {
    "name": "Ollainville",
    "code": "88336",
    "epci_code": "200068559",
    "departement_code": "88",
    "region_code": "44",
    "postal_code": "88170"
  },
  {
    "name": "Ortoncourt",
    "code": "88338",
    "epci_code": "200005957",
    "departement_code": "88",
    "region_code": "44",
    "postal_code": "88700"
  },
  {
    "name": "Padoux",
    "code": "88340",
    "epci_code": "200068757",
    "departement_code": "88",
    "region_code": "44",
    "postal_code": "88700"
  },
  {
    "name": "Pair-et-Grandrupt",
    "code": "88341",
    "epci_code": "200071066",
    "departement_code": "88",
    "region_code": "44",
    "postal_code": "88100"
  },
  {
    "name": "Pallegney",
    "code": "88342",
    "epci_code": "200068757",
    "departement_code": "88",
    "region_code": "44",
    "postal_code": "88330"
  },
  {
    "name": "Parey-sous-Montfort",
    "code": "88343",
    "epci_code": "200068682",
    "departement_code": "88",
    "region_code": "44",
    "postal_code": "88800"
  },
  {
    "name": "Pargny-sous-Mureau",
    "code": "88344",
    "epci_code": "200068559",
    "departement_code": "88",
    "region_code": "44",
    "postal_code": "88350"
  },
  {
    "name": "La Petite-Fosse",
    "code": "88345",
    "epci_code": "200071066",
    "departement_code": "88",
    "region_code": "44",
    "postal_code": "88490"
  },
  {
    "name": "La Petite-Raon",
    "code": "88346",
    "epci_code": "200071066",
    "departement_code": "88",
    "region_code": "44",
    "postal_code": "88210"
  },
  {
    "name": "Pierrefitte",
    "code": "88347",
    "epci_code": "200068369",
    "departement_code": "88",
    "region_code": "44",
    "postal_code": "88270"
  },
  {
    "name": "Pierrepont-sur-l’Arentèle",
    "code": "88348",
    "epci_code": "200042000",
    "departement_code": "88",
    "region_code": "44",
    "postal_code": "88600"
  },
  {
    "name": "Plainfaing",
    "code": "88349",
    "epci_code": "200071066",
    "departement_code": "88",
    "region_code": "44",
    "postal_code": "88230"
  },
  {
    "name": "Pleuvezain",
    "code": "88350",
    "epci_code": "200068559",
    "departement_code": "88",
    "region_code": "44",
    "postal_code": "88170"
  },
  {
    "name": "Plombières-les-Bains",
    "code": "88351",
    "epci_code": "200068377",
    "departement_code": "88",
    "region_code": "44",
    "postal_code": "88370"
  },
  {
    "name": "Pompierre",
    "code": "88352",
    "epci_code": "200068559",
    "departement_code": "88",
    "region_code": "44",
    "postal_code": "88300"
  },
  {
    "name": "Pont-lès-Bonfays",
    "code": "88353",
    "epci_code": "200068773",
    "departement_code": "88",
    "region_code": "44",
    "postal_code": "88260"
  },
  {
    "name": "Pont-sur-Madon",
    "code": "88354",
    "epci_code": "200068369",
    "departement_code": "88",
    "region_code": "44",
    "postal_code": "88500"
  },
  {
    "name": "Portieux",
    "code": "88355",
    "epci_code": "200068757",
    "departement_code": "88",
    "region_code": "44",
    "postal_code": "88330"
  },
  {
    "name": "Les Poulières",
    "code": "88356",
    "epci_code": "200071066",
    "departement_code": "88",
    "region_code": "44",
    "postal_code": "88600"
  },
  {
    "name": "Poussay",
    "code": "88357",
    "epci_code": "200068369",
    "departement_code": "88",
    "region_code": "44",
    "postal_code": "88500"
  },
  {
    "name": "Pouxeux",
    "code": "88358",
    "epci_code": "200068757",
    "departement_code": "88",
    "region_code": "44",
    "postal_code": "88550"
  },
  {
    "name": "Prey",
    "code": "88359",
    "epci_code": "200042000",
    "departement_code": "88",
    "region_code": "44",
    "postal_code": "88600"
  },
  {
    "name": "Provenchères-lès-Darney",
    "code": "88360",
    "epci_code": "200068773",
    "departement_code": "88",
    "region_code": "44",
    "postal_code": "88260"
  },
  {
    "name": "Provenchères-et-Colroy",
    "code": "88361",
    "epci_code": "200071066",
    "departement_code": "88",
    "region_code": "44",
    "postal_code": "88490"
  },
  {
    "name": "Le Puid",
    "code": "88362",
    "epci_code": "200071066",
    "departement_code": "88",
    "region_code": "44",
    "postal_code": "88210"
  },
  {
    "name": "Punerot",
    "code": "88363",
    "epci_code": "200068559",
    "departement_code": "88",
    "region_code": "44",
    "postal_code": "88630"
  },
  {
    "name": "Puzieux",
    "code": "88364",
    "epci_code": "200068369",
    "departement_code": "88",
    "region_code": "44",
    "postal_code": "88500"
  },
  {
    "name": "Racécourt",
    "code": "88365",
    "epci_code": "200068369",
    "departement_code": "88",
    "region_code": "44",
    "postal_code": "88270"
  },
  {
    "name": "Rainville",
    "code": "88366",
    "epci_code": "200068559",
    "departement_code": "88",
    "region_code": "44",
    "postal_code": "88170"
  },
  {
    "name": "Rambervillers",
    "code": "88367",
    "epci_code": "200005957",
    "departement_code": "88",
    "region_code": "44",
    "postal_code": "88700"
  },
  {
    "name": "Ramecourt",
    "code": "88368",
    "epci_code": "200068369",
    "departement_code": "88",
    "region_code": "44",
    "postal_code": "88500"
  },
  {
    "name": "Ramonchamp",
    "code": "88369",
    "epci_code": "200033868",
    "departement_code": "88",
    "region_code": "44",
    "postal_code": "88160"
  },
  {
    "name": "Rancourt",
    "code": "88370",
    "epci_code": "200068369",
    "departement_code": "88",
    "region_code": "44",
    "postal_code": "88270"
  },
  {
    "name": "Raon-aux-Bois",
    "code": "88371",
    "epci_code": "200068757",
    "departement_code": "88",
    "region_code": "44",
    "postal_code": "88220"
  },
  {
    "name": "Raon-lՃtape",
    "code": "88372",
    "epci_code": "200071066",
    "departement_code": "88",
    "region_code": "44",
    "postal_code": "88110"
  },
  {
    "name": "Raon-sur-Plaine",
    "code": "88373",
    "epci_code": "200071066",
    "departement_code": "88",
    "region_code": "44",
    "postal_code": "88110"
  },
  {
    "name": "Rapey",
    "code": "88374",
    "epci_code": "200068369",
    "departement_code": "88",
    "region_code": "44",
    "postal_code": "88130"
  },
  {
    "name": "Raves",
    "code": "88375",
    "epci_code": "200071066",
    "departement_code": "88",
    "region_code": "44",
    "postal_code": "88520"
  },
  {
    "name": "Rebeuville",
    "code": "88376",
    "epci_code": "200068559",
    "departement_code": "88",
    "region_code": "44",
    "postal_code": "88300"
  },
  {
    "name": "Regnévelle",
    "code": "88377",
    "epci_code": "200068773",
    "departement_code": "88",
    "region_code": "44",
    "postal_code": "88410"
  },
  {
    "name": "Regney",
    "code": "88378",
    "epci_code": "200068369",
    "departement_code": "88",
    "region_code": "44",
    "postal_code": "88450"
  },
  {
    "name": "Rehaincourt",
    "code": "88379",
    "epci_code": "200068757",
    "departement_code": "88",
    "region_code": "44",
    "postal_code": "88330"
  },
  {
    "name": "Rehaupal",
    "code": "88380",
    "epci_code": "200096642",
    "departement_code": "88",
    "region_code": "44",
    "postal_code": "88640"
  },
  {
    "name": "Relanges",
    "code": "88381",
    "epci_code": "200068773",
    "departement_code": "88",
    "region_code": "44",
    "postal_code": "88260"
  },
  {
    "name": "Remicourt",
    "code": "88382",
    "epci_code": "200068369",
    "departement_code": "88",
    "region_code": "44",
    "postal_code": "88500"
  },
  {
    "name": "Remiremont",
    "code": "88383",
    "epci_code": "200068377",
    "departement_code": "88",
    "region_code": "44",
    "postal_code": "88200"
  },
  {
    "name": "Remoncourt",
    "code": "88385",
    "epci_code": "200068682",
    "departement_code": "88",
    "region_code": "44",
    "postal_code": "88800"
  },
  {
    "name": "Remomeix",
    "code": "88386",
    "epci_code": "200071066",
    "departement_code": "88",
    "region_code": "44",
    "postal_code": "88100"
  },
  {
    "name": "Removille",
    "code": "88387",
    "epci_code": "200068559",
    "departement_code": "88",
    "region_code": "44",
    "postal_code": "88170"
  },
  {
    "name": "Renauvoid",
    "code": "88388",
    "epci_code": "200068757",
    "departement_code": "88",
    "region_code": "44",
    "postal_code": "88390"
  },
  {
    "name": "Repel",
    "code": "88389",
    "epci_code": "200068369",
    "departement_code": "88",
    "region_code": "44",
    "postal_code": "88500"
  },
  {
    "name": "Robécourt",
    "code": "88390",
    "epci_code": "200068773",
    "departement_code": "88",
    "region_code": "44",
    "postal_code": "88320"
  },
  {
    "name": "Rochesson",
    "code": "88391",
    "epci_code": "200096634",
    "departement_code": "88",
    "region_code": "44",
    "postal_code": "88120"
  },
  {
    "name": "Romain-aux-Bois",
    "code": "88394",
    "epci_code": "200068773",
    "departement_code": "88",
    "region_code": "44",
    "postal_code": "88320"
  },
  {
    "name": "Romont",
    "code": "88395",
    "epci_code": "200005957",
    "departement_code": "88",
    "region_code": "44",
    "postal_code": "88700"
  },
  {
    "name": "Les Rouges-Eaux",
    "code": "88398",
    "epci_code": "200071066",
    "departement_code": "88",
    "region_code": "44",
    "postal_code": "88600"
  },
  {
    "name": "Le Roulier",
    "code": "88399",
    "epci_code": "200042000",
    "departement_code": "88",
    "region_code": "44",
    "postal_code": "88460"
  },
  {
    "name": "Rouvres-en-Xaintois",
    "code": "88400",
    "epci_code": "200068369",
    "departement_code": "88",
    "region_code": "44",
    "postal_code": "88500"
  },
  {
    "name": "Rouvres-la-Chétive",
    "code": "88401",
    "epci_code": "200068559",
    "departement_code": "88",
    "region_code": "44",
    "postal_code": "88170"
  },
  {
    "name": "Roville-aux-Chênes",
    "code": "88402",
    "epci_code": "200005957",
    "departement_code": "88",
    "region_code": "44",
    "postal_code": "88700"
  },
  {
    "name": "Rozerotte",
    "code": "88403",
    "epci_code": "200068682",
    "departement_code": "88",
    "region_code": "44",
    "postal_code": "88500"
  },
  {
    "name": "Rozières-sur-Mouzon",
    "code": "88404",
    "epci_code": "200068773",
    "departement_code": "88",
    "region_code": "44",
    "postal_code": "88320"
  },
  {
    "name": "Rugney",
    "code": "88406",
    "epci_code": "200068757",
    "departement_code": "88",
    "region_code": "44",
    "postal_code": "88130"
  },
  {
    "name": "Ruppes",
    "code": "88407",
    "epci_code": "200068559",
    "departement_code": "88",
    "region_code": "44",
    "postal_code": "88630"
  },
  {
    "name": "Rupt-sur-Moselle",
    "code": "88408",
    "epci_code": "200033868",
    "departement_code": "88",
    "region_code": "44",
    "postal_code": "88360"
  },
  {
    "name": "Saint-Amé",
    "code": "88409",
    "epci_code": "200068377",
    "departement_code": "88",
    "region_code": "44",
    "postal_code": "88120"
  },
  {
    "name": "Sainte-Barbe",
    "code": "88410",
    "epci_code": "200005957",
    "departement_code": "88",
    "region_code": "44",
    "postal_code": "88700"
  },
  {
    "name": "Saint-Baslemont",
    "code": "88411",
    "epci_code": "200068773",
    "departement_code": "88",
    "region_code": "44",
    "postal_code": "88260"
  },
  {
    "name": "Saint-Benoît-la-Chipotte",
    "code": "88412",
    "epci_code": "200005957",
    "departement_code": "88",
    "region_code": "44",
    "postal_code": "88700"
  },
  {
    "name": "Saint-Dié-des-Vosges",
    "code": "88413",
    "epci_code": "200071066",
    "departement_code": "88",
    "region_code": "44",
    "postal_code": "88100"
  },
  {
    "name": "Saint-Étienne-lès-Remiremont",
    "code": "88415",
    "epci_code": "200068377",
    "departement_code": "88",
    "region_code": "44",
    "postal_code": "88200"
  },
  {
    "name": "Saint-Genest",
    "code": "88416",
    "epci_code": "200005957",
    "departement_code": "88",
    "region_code": "44",
    "postal_code": "88700"
  },
  {
    "name": "Saint-Gorgon",
    "code": "88417",
    "epci_code": "200005957",
    "departement_code": "88",
    "region_code": "44",
    "postal_code": "88700"
  },
  {
    "name": "Sainte-Hélène",
    "code": "88418",
    "epci_code": "200005957",
    "departement_code": "88",
    "region_code": "44",
    "postal_code": "88700"
  },
  {
    "name": "Saint-Jean-d’Ormont",
    "code": "88419",
    "epci_code": "200071066",
    "departement_code": "88",
    "region_code": "44",
    "postal_code": "88210"
  },
  {
    "name": "Saint-Julien",
    "code": "88421",
    "epci_code": "200068773",
    "departement_code": "88",
    "region_code": "44",
    "postal_code": "88410"
  },
  {
    "name": "Saint-Léonard",
    "code": "88423",
    "epci_code": "200071066",
    "departement_code": "88",
    "region_code": "44",
    "postal_code": "88650"
  },
  {
    "name": "Sainte-Marguerite",
    "code": "88424",
    "epci_code": "200071066",
    "departement_code": "88",
    "region_code": "44",
    "postal_code": "88100"
  },
  {
    "name": "Saint-Maurice-sur-Mortagne",
    "code": "88425",
    "epci_code": "200005957",
    "departement_code": "88",
    "region_code": "44",
    "postal_code": "88700"
  },
  {
    "name": "Saint-Maurice-sur-Moselle",
    "code": "88426",
    "epci_code": "200033868",
    "departement_code": "88",
    "region_code": "44",
    "postal_code": "88560"
  },
  {
    "name": "Saint-Menge",
    "code": "88427",
    "epci_code": "200068559",
    "departement_code": "88",
    "region_code": "44",
    "postal_code": "88170"
  },
  {
    "name": "Saint-Michel-sur-Meurthe",
    "code": "88428",
    "epci_code": "200071066",
    "departement_code": "88",
    "region_code": "44",
    "postal_code": "88470"
  },
  {
    "name": "Saint-Nabord",
    "code": "88429",
    "epci_code": "200068377",
    "departement_code": "88",
    "region_code": "44",
    "postal_code": "88200"
  },
  {
    "name": "Saint-Ouen-lès-Parey",
    "code": "88430",
    "epci_code": "200068682",
    "departement_code": "88",
    "region_code": "44",
    "postal_code": "88140"
  },
  {
    "name": "Saint-Paul",
    "code": "88431",
    "epci_code": "200068559",
    "departement_code": "88",
    "region_code": "44",
    "postal_code": "88170"
  },
  {
    "name": "Saint-Pierremont",
    "code": "88432",
    "epci_code": "200005957",
    "departement_code": "88",
    "region_code": "44",
    "postal_code": "88700"
  },
  {
    "name": "Saint-Prancher",
    "code": "88433",
    "epci_code": "200068369",
    "departement_code": "88",
    "region_code": "44",
    "postal_code": "88500"
  },
  {
    "name": "Saint-Remimont",
    "code": "88434",
    "epci_code": "200068682",
    "departement_code": "88",
    "region_code": "44",
    "postal_code": "88800"
  },
  {
    "name": "Saint-Remy",
    "code": "88435",
    "epci_code": "200071066",
    "departement_code": "88",
    "region_code": "44",
    "postal_code": "88480"
  },
  {
    "name": "Saint-Stail",
    "code": "88436",
    "epci_code": "200071066",
    "departement_code": "88",
    "region_code": "44",
    "postal_code": "88210"
  },
  {
    "name": "Saint-Vallier",
    "code": "88437",
    "epci_code": "200068369",
    "departement_code": "88",
    "region_code": "44",
    "postal_code": "88270"
  },
  {
    "name": "La Salle",
    "code": "88438",
    "epci_code": "200071066",
    "departement_code": "88",
    "region_code": "44",
    "postal_code": "88470"
  },
  {
    "name": "Sanchey",
    "code": "88439",
    "epci_code": "200068757",
    "departement_code": "88",
    "region_code": "44",
    "postal_code": "88390"
  },
  {
    "name": "Sandaucourt",
    "code": "88440",
    "epci_code": "200068682",
    "departement_code": "88",
    "region_code": "44",
    "postal_code": "88170"
  },
  {
    "name": "Sans-Vallois",
    "code": "88441",
    "epci_code": "200068773",
    "departement_code": "88",
    "region_code": "44",
    "postal_code": "88260"
  },
  {
    "name": "Sapois",
    "code": "88442",
    "epci_code": "200096634",
    "departement_code": "88",
    "region_code": "44",
    "postal_code": "88120"
  },
  {
    "name": "Sartes",
    "code": "88443",
    "epci_code": "200068559",
    "departement_code": "88",
    "region_code": "44",
    "postal_code": "88300"
  },
  {
    "name": "Le Saulcy",
    "code": "88444",
    "epci_code": "200071066",
    "departement_code": "88",
    "region_code": "44",
    "postal_code": "88210"
  },
  {
    "name": "Saulcy-sur-Meurthe",
    "code": "88445",
    "epci_code": "200071066",
    "departement_code": "88",
    "region_code": "44",
    "postal_code": "88580"
  },
  {
    "name": "Saulxures-lès-Bulgnéville",
    "code": "88446",
    "epci_code": "200068682",
    "departement_code": "88",
    "region_code": "44",
    "postal_code": "88140"
  },
  {
    "name": "Saulxures-sur-Moselotte",
    "code": "88447",
    "epci_code": "200096634",
    "departement_code": "88",
    "region_code": "44",
    "postal_code": "88290"
  },
  {
    "name": "Sauville",
    "code": "88448",
    "epci_code": "200068682",
    "departement_code": "88",
    "region_code": "44",
    "postal_code": "88140"
  },
  {
    "name": "Savigny",
    "code": "88449",
    "epci_code": "200068757",
    "departement_code": "88",
    "region_code": "44",
    "postal_code": "88130"
  },
  {
    "name": "Senaide",
    "code": "88450",
    "epci_code": "200068773",
    "departement_code": "88",
    "region_code": "44",
    "postal_code": "88320"
  },
  {
    "name": "Senones",
    "code": "88451",
    "epci_code": "200071066",
    "departement_code": "88",
    "region_code": "44",
    "postal_code": "88210"
  },
  {
    "name": "Senonges",
    "code": "88452",
    "epci_code": "200068773",
    "departement_code": "88",
    "region_code": "44",
    "postal_code": "88260"
  },
  {
    "name": "Seraumont",
    "code": "88453",
    "epci_code": "200068559",
    "departement_code": "88",
    "region_code": "44",
    "postal_code": "88630"
  },
  {
    "name": "Sercœur",
    "code": "88454",
    "epci_code": "200068757",
    "departement_code": "88",
    "region_code": "44",
    "postal_code": "88600"
  },
  {
    "name": "Serécourt",
    "code": "88455",
    "epci_code": "200068773",
    "departement_code": "88",
    "region_code": "44",
    "postal_code": "88320"
  },
  {
    "name": "Serocourt",
    "code": "88456",
    "epci_code": "200068773",
    "departement_code": "88",
    "region_code": "44",
    "postal_code": "88320"
  },
  {
    "name": "Sionne",
    "code": "88457",
    "epci_code": "200068559",
    "departement_code": "88",
    "region_code": "44",
    "postal_code": "88630"
  },
  {
    "name": "Socourt",
    "code": "88458",
    "epci_code": "200068757",
    "departement_code": "88",
    "region_code": "44",
    "postal_code": "88130"
  },
  {
    "name": "Soncourt",
    "code": "88459",
    "epci_code": "200068559",
    "departement_code": "88",
    "region_code": "44",
    "postal_code": "88170"
  },
  {
    "name": "Soulosse-sous-Saint-Élophe",
    "code": "88460",
    "epci_code": "200068559",
    "departement_code": "88",
    "region_code": "44",
    "postal_code": "88630"
  },
  {
    "name": "Suriauville",
    "code": "88461",
    "epci_code": "200068682",
    "departement_code": "88",
    "region_code": "44",
    "postal_code": "88140"
  },
  {
    "name": "Le Syndicat",
    "code": "88462",
    "epci_code": "200096634",
    "departement_code": "88",
    "region_code": "44",
    "postal_code": "88120"
  },
  {
    "name": "Taintrux",
    "code": "88463",
    "epci_code": "200071066",
    "departement_code": "88",
    "region_code": "44",
    "postal_code": "88100"
  },
  {
    "name": "Tendon",
    "code": "88464",
    "epci_code": "200096634",
    "departement_code": "88",
    "region_code": "44",
    "postal_code": "88460"
  },
  {
    "name": "Thaon-les-Vosges",
    "code": "88465",
    "epci_code": "200068757",
    "departement_code": "88",
    "region_code": "44",
    "postal_code": "88150"
  },
  {
    "name": "They-sous-Montfort",
    "code": "88466",
    "epci_code": "200068682",
    "departement_code": "88",
    "region_code": "44",
    "postal_code": "88800"
  },
  {
    "name": "Thiéfosse",
    "code": "88467",
    "epci_code": "200096634",
    "departement_code": "88",
    "region_code": "44",
    "postal_code": "88290"
  },
  {
    "name": "Le Thillot",
    "code": "88468",
    "epci_code": "200033868",
    "departement_code": "88",
    "region_code": "44",
    "postal_code": "88160"
  },
  {
    "name": "Thiraucourt",
    "code": "88469",
    "epci_code": "200068369",
    "departement_code": "88",
    "region_code": "44",
    "postal_code": "88500"
  },
  {
    "name": "Le Tholy",
    "code": "88470",
    "epci_code": "200096642",
    "departement_code": "88",
    "region_code": "44",
    "postal_code": "88530"
  },
  {
    "name": "Les Thons",
    "code": "88471",
    "epci_code": "200068773",
    "departement_code": "88",
    "region_code": "44",
    "postal_code": "88410"
  },
  {
    "name": "Thuillières",
    "code": "88472",
    "epci_code": "200068682",
    "departement_code": "88",
    "region_code": "44",
    "postal_code": "88260"
  },
  {
    "name": "Tignécourt",
    "code": "88473",
    "epci_code": "200068773",
    "departement_code": "88",
    "region_code": "44",
    "postal_code": "88320"
  },
  {
    "name": "Tilleux",
    "code": "88474",
    "epci_code": "200068559",
    "departement_code": "88",
    "region_code": "44",
    "postal_code": "88300"
  },
  {
    "name": "Tollaincourt",
    "code": "88475",
    "epci_code": "200068773",
    "departement_code": "88",
    "region_code": "44",
    "postal_code": "88320"
  },
  {
    "name": "Totainville",
    "code": "88476",
    "epci_code": "200068369",
    "departement_code": "88",
    "region_code": "44",
    "postal_code": "88500"
  },
  {
    "name": "Trampot",
    "code": "88477",
    "epci_code": "200068559",
    "departement_code": "88",
    "region_code": "44",
    "postal_code": "88350"
  },
  {
    "name": "Tranqueville-Graux",
    "code": "88478",
    "epci_code": "200068559",
    "departement_code": "88",
    "region_code": "44",
    "postal_code": "88300"
  },
  {
    "name": "Trémonzey",
    "code": "88479",
    "epci_code": "200068757",
    "departement_code": "88",
    "region_code": "44",
    "postal_code": "88240"
  },
  {
    "name": "Ubexy",
    "code": "88480",
    "epci_code": "200068757",
    "departement_code": "88",
    "region_code": "44",
    "postal_code": "88130"
  },
  {
    "name": "Uriménil",
    "code": "88481",
    "epci_code": "200068757",
    "departement_code": "88",
    "region_code": "44",
    "postal_code": "88220"
  },
  {
    "name": "Urville",
    "code": "88482",
    "epci_code": "200068682",
    "departement_code": "88",
    "region_code": "44",
    "postal_code": "88140"
  },
  {
    "name": "Uxegney",
    "code": "88483",
    "epci_code": "200068757",
    "departement_code": "88",
    "region_code": "44",
    "postal_code": "88390"
  },
  {
    "name": "Uzemain",
    "code": "88484",
    "epci_code": "200068757",
    "departement_code": "88",
    "region_code": "44",
    "postal_code": "88220"
  },
  {
    "name": "La Vacheresse-et-la-Rouillie",
    "code": "88485",
    "epci_code": "200068682",
    "departement_code": "88",
    "region_code": "44",
    "postal_code": "88140"
  },
  {
    "name": "Vagney",
    "code": "88486",
    "epci_code": "200096634",
    "departement_code": "88",
    "region_code": "44",
    "postal_code": "88120"
  },
  {
    "name": "Le Val-d’Ajol",
    "code": "88487",
    "epci_code": "200068377",
    "departement_code": "88",
    "region_code": "44",
    "postal_code": "88340"
  },
  {
    "name": "Valfroicourt",
    "code": "88488",
    "epci_code": "200068682",
    "departement_code": "88",
    "region_code": "44",
    "postal_code": "88270"
  },
  {
    "name": "Valleroy-aux-Saules",
    "code": "88489",
    "epci_code": "200068369",
    "departement_code": "88",
    "region_code": "44",
    "postal_code": "88270"
  },
  {
    "name": "Valleroy-le-Sec",
    "code": "88490",
    "epci_code": "200068682",
    "departement_code": "88",
    "region_code": "44",
    "postal_code": "88800"
  },
  {
    "name": "Les Vallois",
    "code": "88491",
    "epci_code": "200068773",
    "departement_code": "88",
    "region_code": "44",
    "postal_code": "88260"
  },
  {
    "name": "Le Valtin",
    "code": "88492",
    "epci_code": "200096642",
    "departement_code": "88",
    "region_code": "44",
    "postal_code": "88230"
  },
  {
    "name": "Varmonzey",
    "code": "88493",
    "epci_code": "200068369",
    "departement_code": "88",
    "region_code": "44",
    "postal_code": "88450"
  },
  {
    "name": "Vaubexy",
    "code": "88494",
    "epci_code": "200068369",
    "departement_code": "88",
    "region_code": "44",
    "postal_code": "88500"
  },
  {
    "name": "Vaudéville",
    "code": "88495",
    "epci_code": "200068757",
    "departement_code": "88",
    "region_code": "44",
    "postal_code": "88000"
  },
  {
    "name": "Vaudoncourt",
    "code": "88496",
    "epci_code": "200068682",
    "departement_code": "88",
    "region_code": "44",
    "postal_code": "88140"
  },
  {
    "name": "Vaxoncourt",
    "code": "88497",
    "epci_code": "200068757",
    "departement_code": "88",
    "region_code": "44",
    "postal_code": "88330"
  },
  {
    "name": "Vecoux",
    "code": "88498",
    "epci_code": "200068377",
    "departement_code": "88",
    "region_code": "44",
    "postal_code": "88200"
  },
  {
    "name": "Velotte-et-Tatignécourt",
    "code": "88499",
    "epci_code": "200068369",
    "departement_code": "88",
    "region_code": "44",
    "postal_code": "88270"
  },
  {
    "name": "Ventron",
    "code": "88500",
    "epci_code": "200096634",
    "departement_code": "88",
    "region_code": "44",
    "postal_code": "88310"
  },
  {
    "name": "Le Vermont",
    "code": "88501",
    "epci_code": "200071066",
    "departement_code": "88",
    "region_code": "44",
    "postal_code": "88210"
  },
  {
    "name": "Vervezelle",
    "code": "88502",
    "epci_code": "200042000",
    "departement_code": "88",
    "region_code": "44",
    "postal_code": "88600"
  },
  {
    "name": "Vexaincourt",
    "code": "88503",
    "epci_code": "200071066",
    "departement_code": "88",
    "region_code": "44",
    "postal_code": "88110"
  },
  {
    "name": "Vicherey",
    "code": "88504",
    "epci_code": "245400510",
    "departement_code": "88",
    "region_code": "44",
    "postal_code": "88170"
  },
  {
    "name": "Vienville",
    "code": "88505",
    "epci_code": "200071066",
    "departement_code": "88",
    "region_code": "44",
    "postal_code": "88430"
  },
  {
    "name": "Vieux-Moulin",
    "code": "88506",
    "epci_code": "200071066",
    "departement_code": "88",
    "region_code": "44",
    "postal_code": "88210"
  },
  {
    "name": "Villers",
    "code": "88507",
    "epci_code": "200068369",
    "departement_code": "88",
    "region_code": "44",
    "postal_code": "88500"
  },
  {
    "name": "Ville-sur-Illon",
    "code": "88508",
    "epci_code": "200068369",
    "departement_code": "88",
    "region_code": "44",
    "postal_code": "88270"
  },
  {
    "name": "Villoncourt",
    "code": "88509",
    "epci_code": "200068757",
    "departement_code": "88",
    "region_code": "44",
    "postal_code": "88150"
  },
  {
    "name": "Villotte",
    "code": "88510",
    "epci_code": "200068773",
    "departement_code": "88",
    "region_code": "44",
    "postal_code": "88320"
  },
  {
    "name": "Villouxel",
    "code": "88511",
    "epci_code": "200068559",
    "departement_code": "88",
    "region_code": "44",
    "postal_code": "88350"
  },
  {
    "name": "Viménil",
    "code": "88512",
    "epci_code": "200042000",
    "departement_code": "88",
    "region_code": "44",
    "postal_code": "88600"
  },
  {
    "name": "Vincey",
    "code": "88513",
    "epci_code": "200068757",
    "departement_code": "88",
    "region_code": "44",
    "postal_code": "88450"
  },
  {
    "name": "Viocourt",
    "code": "88514",
    "epci_code": "200068559",
    "departement_code": "88",
    "region_code": "44",
    "postal_code": "88170"
  },
  {
    "name": "Vioménil",
    "code": "88515",
    "epci_code": "200068773",
    "departement_code": "88",
    "region_code": "44",
    "postal_code": "88260"
  },
  {
    "name": "Vittel",
    "code": "88516",
    "epci_code": "200068682",
    "departement_code": "88",
    "region_code": "44",
    "postal_code": "88800"
  },
  {
    "name": "Viviers-le-Gras",
    "code": "88517",
    "epci_code": "200068773",
    "departement_code": "88",
    "region_code": "44",
    "postal_code": "88260"
  },
  {
    "name": "Viviers-lès-Offroicourt",
    "code": "88518",
    "epci_code": "200068682",
    "departement_code": "88",
    "region_code": "44",
    "postal_code": "88500"
  },
  {
    "name": "La Voivre",
    "code": "88519",
    "epci_code": "200071066",
    "departement_code": "88",
    "region_code": "44",
    "postal_code": "88470"
  },
  {
    "name": "Les Voivres",
    "code": "88520",
    "epci_code": "200068757",
    "departement_code": "88",
    "region_code": "44",
    "postal_code": "88240"
  },
  {
    "name": "Vomécourt",
    "code": "88521",
    "epci_code": "200005957",
    "departement_code": "88",
    "region_code": "44",
    "postal_code": "88700"
  },
  {
    "name": "Vomécourt-sur-Madon",
    "code": "88522",
    "epci_code": "200068369",
    "departement_code": "88",
    "region_code": "44",
    "postal_code": "88500"
  },
  {
    "name": "Vouxey",
    "code": "88523",
    "epci_code": "200068559",
    "departement_code": "88",
    "region_code": "44",
    "postal_code": "88170"
  },
  {
    "name": "Vrécourt",
    "code": "88524",
    "epci_code": "200068682",
    "departement_code": "88",
    "region_code": "44",
    "postal_code": "88140"
  },
  {
    "name": "Vroville",
    "code": "88525",
    "epci_code": "200068369",
    "departement_code": "88",
    "region_code": "44",
    "postal_code": "88500"
  },
  {
    "name": "Wisembach",
    "code": "88526",
    "epci_code": "200071066",
    "departement_code": "88",
    "region_code": "44",
    "postal_code": "88520"
  },
  {
    "name": "Xaffévillers",
    "code": "88527",
    "epci_code": "200005957",
    "departement_code": "88",
    "region_code": "44",
    "postal_code": "88700"
  },
  {
    "name": "Xamontarupt",
    "code": "88528",
    "epci_code": "200042000",
    "departement_code": "88",
    "region_code": "44",
    "postal_code": "88460"
  },
  {
    "name": "Xaronval",
    "code": "88529",
    "epci_code": "200068369",
    "departement_code": "88",
    "region_code": "44",
    "postal_code": "88130"
  },
  {
    "name": "Xertigny",
    "code": "88530",
    "epci_code": "200068757",
    "departement_code": "88",
    "region_code": "44",
    "postal_code": "88220"
  },
  {
    "name": "Xonrupt-Longemer",
    "code": "88531",
    "epci_code": "200096642",
    "departement_code": "88",
    "region_code": "44",
    "postal_code": "88400"
  },
  {
    "name": "Zincourt",
    "code": "88532",
    "epci_code": "200068757",
    "departement_code": "88",
    "region_code": "44",
    "postal_code": "88330"
  }
]