[
  {
    "name": "Abzac",
    "code": "33001",
    "epci_code": "200070092",
    "departement_code": "33",
    "region_code": "75",
    "postal_code": "33230"
  },
  {
    "name": "Aillas",
    "code": "33002",
    "epci_code": "200044394",
    "departement_code": "33",
    "region_code": "75",
    "postal_code": "33124"
  },
  {
    "name": "Ambarès-et-Lagrave",
    "code": "33003",
    "epci_code": "243300316",
    "departement_code": "33",
    "region_code": "75",
    "postal_code": "33440"
  },
  {
    "name": "Ambès",
    "code": "33004",
    "epci_code": "243300316",
    "departement_code": "33",
    "region_code": "75",
    "postal_code": "33810"
  },
  {
    "name": "Andernos-les-Bains",
    "code": "33005",
    "epci_code": "243301504",
    "departement_code": "33",
    "region_code": "75",
    "postal_code": "33510"
  },
  {
    "name": "Anglade",
    "code": "33006",
    "epci_code": "243300811",
    "departement_code": "33",
    "region_code": "75",
    "postal_code": "33390"
  },
  {
    "name": "Arbanats",
    "code": "33007",
    "epci_code": "200069581",
    "departement_code": "33",
    "region_code": "75",
    "postal_code": "33640"
  },
  {
    "name": "Porte-de-Benauge",
    "code": "33008",
    "epci_code": "200069599",
    "departement_code": "33",
    "region_code": "75",
    "postal_code": "33760"
  },
  {
    "name": "Arcachon",
    "code": "33009",
    "epci_code": "243300563",
    "departement_code": "33",
    "region_code": "75",
    "postal_code": "33120"
  },
  {
    "name": "Arcins",
    "code": "33010",
    "epci_code": "243301447",
    "departement_code": "33",
    "region_code": "75",
    "postal_code": "33460"
  },
  {
    "name": "Arès",
    "code": "33011",
    "epci_code": "243301504",
    "departement_code": "33",
    "region_code": "75",
    "postal_code": "33740"
  },
  {
    "name": "Arsac",
    "code": "33012",
    "epci_code": "243301447",
    "departement_code": "33",
    "region_code": "75",
    "postal_code": "33460"
  },
  {
    "name": "Artigues-près-Bordeaux",
    "code": "33013",
    "epci_code": "243300316",
    "departement_code": "33",
    "region_code": "75",
    "postal_code": "33370"
  },
  {
    "name": "Les Artigues-de-Lussac",
    "code": "33014",
    "epci_code": "200035533",
    "departement_code": "33",
    "region_code": "75",
    "postal_code": "33570"
  },
  {
    "name": "Arveyres",
    "code": "33015",
    "epci_code": "200070092",
    "departement_code": "33",
    "region_code": "75",
    "postal_code": "33500"
  },
  {
    "name": "Asques",
    "code": "33016",
    "epci_code": "243301397",
    "departement_code": "33",
    "region_code": "75",
    "postal_code": "33240"
  },
  {
    "name": "Aubiac",
    "code": "33017",
    "epci_code": "200043982",
    "departement_code": "33",
    "region_code": "75",
    "postal_code": "33430"
  },
  {
    "name": "Val de Virvée",
    "code": "33018",
    "epci_code": "243301223",
    "departement_code": "33",
    "region_code": "75",
    "postal_code": "33240"
  },
  {
    "name": "Audenge",
    "code": "33019",
    "epci_code": "243301504",
    "departement_code": "33",
    "region_code": "75",
    "postal_code": "33980"
  },
  {
    "name": "Auriolles",
    "code": "33020",
    "epci_code": "243301371",
    "departement_code": "33",
    "region_code": "75",
    "postal_code": "33790"
  },
  {
    "name": "Auros",
    "code": "33021",
    "epci_code": "200044394",
    "departement_code": "33",
    "region_code": "75",
    "postal_code": "33124"
  },
  {
    "name": "Avensan",
    "code": "33022",
    "epci_code": "243301389",
    "departement_code": "33",
    "region_code": "75",
    "postal_code": "33480"
  },
  {
    "name": "Ayguemorte-les-Graves",
    "code": "33023",
    "epci_code": "243301264",
    "departement_code": "33",
    "region_code": "75",
    "postal_code": "33640"
  },
  {
    "name": "Bagas",
    "code": "33024",
    "epci_code": "200044394",
    "departement_code": "33",
    "region_code": "75",
    "postal_code": "33190"
  },
  {
    "name": "Baigneaux",
    "code": "33025",
    "epci_code": "200069599",
    "departement_code": "33",
    "region_code": "75",
    "postal_code": "33760"
  },
  {
    "name": "Balizac",
    "code": "33026",
    "epci_code": "200043974",
    "departement_code": "33",
    "region_code": "75",
    "postal_code": "33730"
  },
  {
    "name": "Barie",
    "code": "33027",
    "epci_code": "200044394",
    "departement_code": "33",
    "region_code": "75",
    "postal_code": "33190"
  },
  {
    "name": "Baron",
    "code": "33028",
    "epci_code": "243301215",
    "departement_code": "33",
    "region_code": "75",
    "postal_code": "33750"
  },
  {
    "name": "Le Barp",
    "code": "33029",
    "epci_code": "243301405",
    "departement_code": "33",
    "region_code": "75",
    "postal_code": "33114"
  },
  {
    "name": "Barsac",
    "code": "33030",
    "epci_code": "200069581",
    "departement_code": "33",
    "region_code": "75",
    "postal_code": "33720"
  },
  {
    "name": "Bassanne",
    "code": "33031",
    "epci_code": "200044394",
    "departement_code": "33",
    "region_code": "75",
    "postal_code": "33190"
  },
  {
    "name": "Bassens",
    "code": "33032",
    "epci_code": "243300316",
    "departement_code": "33",
    "region_code": "75",
    "postal_code": "33530"
  },
  {
    "name": "Baurech",
    "code": "33033",
    "epci_code": "243301439",
    "departement_code": "33",
    "region_code": "75",
    "postal_code": "33880"
  },
  {
    "name": "Bayas",
    "code": "33034",
    "epci_code": "200070092",
    "departement_code": "33",
    "region_code": "75",
    "postal_code": "33230"
  },
  {
    "name": "Bayon-sur-Gironde",
    "code": "33035",
    "epci_code": "200023794",
    "departement_code": "33",
    "region_code": "75",
    "postal_code": "33710"
  },
  {
    "name": "Bazas",
    "code": "33036",
    "epci_code": "200043982",
    "departement_code": "33",
    "region_code": "75",
    "postal_code": "33430"
  },
  {
    "name": "Beautiran",
    "code": "33037",
    "epci_code": "243301264",
    "departement_code": "33",
    "region_code": "75",
    "postal_code": "33640"
  },
  {
    "name": "Bégadan",
    "code": "33038",
    "epci_code": "200069995",
    "departement_code": "33",
    "region_code": "75",
    "postal_code": "33340"
  },
  {
    "name": "Bègles",
    "code": "33039",
    "epci_code": "243300316",
    "departement_code": "33",
    "region_code": "75",
    "postal_code": "33130"
  },
  {
    "name": "Béguey",
    "code": "33040",
    "epci_code": "200069581",
    "departement_code": "33",
    "region_code": "75",
    "postal_code": "33410"
  },
  {
    "name": "Belin-Béliet",
    "code": "33042",
    "epci_code": "243301405",
    "departement_code": "33",
    "region_code": "75",
    "postal_code": "33830"
  },
  {
    "name": "Bellebat",
    "code": "33043",
    "epci_code": "200069599",
    "departement_code": "33",
    "region_code": "75",
    "postal_code": "33760"
  },
  {
    "name": "Bellefond",
    "code": "33044",
    "epci_code": "200069599",
    "departement_code": "33",
    "region_code": "75",
    "postal_code": "33760"
  },
  {
    "name": "Belvès-de-Castillon",
    "code": "33045",
    "epci_code": "200035533",
    "departement_code": "33",
    "region_code": "75",
    "postal_code": "33350"
  },
  {
    "name": "Bernos-Beaulac",
    "code": "33046",
    "epci_code": "200043982",
    "departement_code": "33",
    "region_code": "75",
    "postal_code": "33430"
  },
  {
    "name": "Berson",
    "code": "33047",
    "epci_code": "200023794",
    "departement_code": "33",
    "region_code": "75",
    "postal_code": "33390"
  },
  {
    "name": "Berthez",
    "code": "33048",
    "epci_code": "200044394",
    "departement_code": "33",
    "region_code": "75",
    "postal_code": "33124"
  },
  {
    "name": "Beychac-et-Caillau",
    "code": "33049",
    "epci_code": "243301249",
    "departement_code": "33",
    "region_code": "75",
    "postal_code": "33750"
  },
  {
    "name": "Bieujac",
    "code": "33050",
    "epci_code": "200043974",
    "departement_code": "33",
    "region_code": "75",
    "postal_code": "33210"
  },
  {
    "name": "Biganos",
    "code": "33051",
    "epci_code": "243301504",
    "departement_code": "33",
    "region_code": "75",
    "postal_code": "33380"
  },
  {
    "name": "Les Billaux",
    "code": "33052",
    "epci_code": "200070092",
    "departement_code": "33",
    "region_code": "75",
    "postal_code": "33500"
  },
  {
    "name": "Birac",
    "code": "33053",
    "epci_code": "200043982",
    "departement_code": "33",
    "region_code": "75",
    "postal_code": "33430"
  },
  {
    "name": "Blaignac",
    "code": "33054",
    "epci_code": "200044394",
    "departement_code": "33",
    "region_code": "75",
    "postal_code": "33190"
  },
  {
    "name": "Blaignan-Prignac",
    "code": "33055",
    "epci_code": "200069995",
    "departement_code": "33",
    "region_code": "75",
    "postal_code": "33340"
  },
  {
    "name": "Blanquefort",
    "code": "33056",
    "epci_code": "243300316",
    "departement_code": "33",
    "region_code": "75",
    "postal_code": "33290"
  },
  {
    "name": "Blasimon",
    "code": "33057",
    "epci_code": "200069599",
    "departement_code": "33",
    "region_code": "75",
    "postal_code": "33540"
  },
  {
    "name": "Blaye",
    "code": "33058",
    "epci_code": "200023794",
    "departement_code": "33",
    "region_code": "75",
    "postal_code": "33390"
  },
  {
    "name": "Blésignac",
    "code": "33059",
    "epci_code": "243301215",
    "departement_code": "33",
    "region_code": "75",
    "postal_code": "33670"
  },
  {
    "name": "Bommes",
    "code": "33060",
    "epci_code": "200043974",
    "departement_code": "33",
    "region_code": "75",
    "postal_code": "33210"
  },
  {
    "name": "Bonnetan",
    "code": "33061",
    "epci_code": "243301355",
    "departement_code": "33",
    "region_code": "75",
    "postal_code": "33370"
  },
  {
    "name": "Bonzac",
    "code": "33062",
    "epci_code": "200070092",
    "departement_code": "33",
    "region_code": "75",
    "postal_code": "33910"
  },
  {
    "name": "Bordeaux",
    "code": "33063",
    "epci_code": "243300316",
    "departement_code": "33",
    "region_code": "75",
    "postal_code": "33000"
  },
  {
    "name": "Bordeaux",
    "code": "33063",
    "epci_code": "243300316",
    "departement_code": "33",
    "region_code": "75",
    "postal_code": "33100"
  },
  {
    "name": "Bordeaux",
    "code": "33063",
    "epci_code": "243300316",
    "departement_code": "33",
    "region_code": "75",
    "postal_code": "33200"
  },
  {
    "name": "Bordeaux",
    "code": "33063",
    "epci_code": "243300316",
    "departement_code": "33",
    "region_code": "75",
    "postal_code": "33300"
  },
  {
    "name": "Bordeaux",
    "code": "33063",
    "epci_code": "243300316",
    "departement_code": "33",
    "region_code": "75",
    "postal_code": "33800"
  },
  {
    "name": "Bossugan",
    "code": "33064",
    "epci_code": "243301454",
    "departement_code": "33",
    "region_code": "75",
    "postal_code": "33350"
  },
  {
    "name": "Bouliac",
    "code": "33065",
    "epci_code": "243300316",
    "departement_code": "33",
    "region_code": "75",
    "postal_code": "33270"
  },
  {
    "name": "Bourdelles",
    "code": "33066",
    "epci_code": "200044394",
    "departement_code": "33",
    "region_code": "75",
    "postal_code": "33190"
  },
  {
    "name": "Bourg",
    "code": "33067",
    "epci_code": "243301223",
    "departement_code": "33",
    "region_code": "75",
    "postal_code": "33710"
  },
  {
    "name": "Bourideys",
    "code": "33068",
    "epci_code": "200043974",
    "departement_code": "33",
    "region_code": "75",
    "postal_code": "33113"
  },
  {
    "name": "Le Bouscat",
    "code": "33069",
    "epci_code": "243300316",
    "departement_code": "33",
    "region_code": "75",
    "postal_code": "33110"
  },
  {
    "name": "Brach",
    "code": "33070",
    "epci_code": "243301389",
    "departement_code": "33",
    "region_code": "75",
    "postal_code": "33480"
  },
  {
    "name": "Branne",
    "code": "33071",
    "epci_code": "243301454",
    "departement_code": "33",
    "region_code": "75",
    "postal_code": "33420"
  },
  {
    "name": "Brannens",
    "code": "33072",
    "epci_code": "200044394",
    "departement_code": "33",
    "region_code": "75",
    "postal_code": "33124"
  },
  {
    "name": "Braud-et-Saint-Louis",
    "code": "33073",
    "epci_code": "243300811",
    "departement_code": "33",
    "region_code": "75",
    "postal_code": "33820"
  },
  {
    "name": "Brouqueyran",
    "code": "33074",
    "epci_code": "200044394",
    "departement_code": "33",
    "region_code": "75",
    "postal_code": "33124"
  },
  {
    "name": "Bruges",
    "code": "33075",
    "epci_code": "243300316",
    "departement_code": "33",
    "region_code": "75",
    "postal_code": "33520"
  },
  {
    "name": "Budos",
    "code": "33076",
    "epci_code": "200069581",
    "departement_code": "33",
    "region_code": "75",
    "postal_code": "33720"
  },
  {
    "name": "Cabanac-et-Villagrains",
    "code": "33077",
    "epci_code": "243301264",
    "departement_code": "33",
    "region_code": "75",
    "postal_code": "33650"
  },
  {
    "name": "Cabara",
    "code": "33078",
    "epci_code": "243301454",
    "departement_code": "33",
    "region_code": "75",
    "postal_code": "33420"
  },
  {
    "name": "Cadarsac",
    "code": "33079",
    "epci_code": "200070092",
    "departement_code": "33",
    "region_code": "75",
    "postal_code": "33750"
  },
  {
    "name": "Cadaujac",
    "code": "33080",
    "epci_code": "243301264",
    "departement_code": "33",
    "region_code": "75",
    "postal_code": "33140"
  },
  {
    "name": "Cadillac-sur-Garonne",
    "code": "33081",
    "epci_code": "200069581",
    "departement_code": "33",
    "region_code": "75",
    "postal_code": "33410"
  },
  {
    "name": "Cadillac-en-Fronsadais",
    "code": "33082",
    "epci_code": "243301397",
    "departement_code": "33",
    "region_code": "75",
    "postal_code": "33240"
  },
  {
    "name": "Camarsac",
    "code": "33083",
    "epci_code": "243301355",
    "departement_code": "33",
    "region_code": "75",
    "postal_code": "33750"
  },
  {
    "name": "Cambes",
    "code": "33084",
    "epci_code": "243301439",
    "departement_code": "33",
    "region_code": "75",
    "postal_code": "33880"
  },
  {
    "name": "Camblanes-et-Meynac",
    "code": "33085",
    "epci_code": "243301439",
    "departement_code": "33",
    "region_code": "75",
    "postal_code": "33360"
  },
  {
    "name": "Camiac-et-Saint-Denis",
    "code": "33086",
    "epci_code": "243301215",
    "departement_code": "33",
    "region_code": "75",
    "postal_code": "33420"
  },
  {
    "name": "Camiran",
    "code": "33087",
    "epci_code": "200044394",
    "departement_code": "33",
    "region_code": "75",
    "postal_code": "33190"
  },
  {
    "name": "Camps-sur-l’Isle",
    "code": "33088",
    "epci_code": "200070092",
    "departement_code": "33",
    "region_code": "75",
    "postal_code": "33660"
  },
  {
    "name": "Campugnan",
    "code": "33089",
    "epci_code": "200023794",
    "departement_code": "33",
    "region_code": "75",
    "postal_code": "33390"
  },
  {
    "name": "Canéjan",
    "code": "33090",
    "epci_code": "243301165",
    "departement_code": "33",
    "region_code": "75",
    "postal_code": "33610"
  },
  {
    "name": "Capian",
    "code": "33093",
    "epci_code": "243301215",
    "departement_code": "33",
    "region_code": "75",
    "postal_code": "33550"
  },
  {
    "name": "Caplong",
    "code": "33094",
    "epci_code": "243301371",
    "departement_code": "33",
    "region_code": "75",
    "postal_code": "33220"
  },
  {
    "name": "Captieux",
    "code": "33095",
    "epci_code": "200043982",
    "departement_code": "33",
    "region_code": "75",
    "postal_code": "33840"
  },
  {
    "name": "Carbon-Blanc",
    "code": "33096",
    "epci_code": "243300316",
    "departement_code": "33",
    "region_code": "75",
    "postal_code": "33560"
  },
  {
    "name": "Carcans",
    "code": "33097",
    "epci_code": "200070720",
    "departement_code": "33",
    "region_code": "75",
    "postal_code": "33121"
  },
  {
    "name": "Cardan",
    "code": "33098",
    "epci_code": "200069581",
    "departement_code": "33",
    "region_code": "75",
    "postal_code": "33410"
  },
  {
    "name": "Carignan-de-Bordeaux",
    "code": "33099",
    "epci_code": "243301355",
    "departement_code": "33",
    "region_code": "75",
    "postal_code": "33360"
  },
  {
    "name": "Cars",
    "code": "33100",
    "epci_code": "200023794",
    "departement_code": "33",
    "region_code": "75",
    "postal_code": "33390"
  },
  {
    "name": "Cartelègue",
    "code": "33101",
    "epci_code": "243300811",
    "departement_code": "33",
    "region_code": "75",
    "postal_code": "33390"
  },
  {
    "name": "Casseuil",
    "code": "33102",
    "epci_code": "200044394",
    "departement_code": "33",
    "region_code": "75",
    "postal_code": "33190"
  },
  {
    "name": "Castelmoron-d’Albret",
    "code": "33103",
    "epci_code": "200069599",
    "departement_code": "33",
    "region_code": "75",
    "postal_code": "33540"
  },
  {
    "name": "Castelnau-de-Médoc",
    "code": "33104",
    "epci_code": "243301389",
    "departement_code": "33",
    "region_code": "75",
    "postal_code": "33480"
  },
  {
    "name": "Castelviel",
    "code": "33105",
    "epci_code": "200069599",
    "departement_code": "33",
    "region_code": "75",
    "postal_code": "33540"
  },
  {
    "name": "Castets et Castillon",
    "code": "33106",
    "epci_code": "200043974",
    "departement_code": "33",
    "region_code": "75",
    "postal_code": "33210"
  },
  {
    "name": "Castillon-la-Bataille",
    "code": "33108",
    "epci_code": "243301454",
    "departement_code": "33",
    "region_code": "75",
    "postal_code": "33350"
  },
  {
    "name": "Castres-Gironde",
    "code": "33109",
    "epci_code": "243301264",
    "departement_code": "33",
    "region_code": "75",
    "postal_code": "33640"
  },
  {
    "name": "Caudrot",
    "code": "33111",
    "epci_code": "200044394",
    "departement_code": "33",
    "region_code": "75",
    "postal_code": "33490"
  },
  {
    "name": "Caumont",
    "code": "33112",
    "epci_code": "200069599",
    "departement_code": "33",
    "region_code": "75",
    "postal_code": "33540"
  },
  {
    "name": "Cauvignac",
    "code": "33113",
    "epci_code": "200043982",
    "departement_code": "33",
    "region_code": "75",
    "postal_code": "33690"
  },
  {
    "name": "Cavignac",
    "code": "33114",
    "epci_code": "243301181",
    "departement_code": "33",
    "region_code": "75",
    "postal_code": "33620"
  },
  {
    "name": "Cazalis",
    "code": "33115",
    "epci_code": "200043974",
    "departement_code": "33",
    "region_code": "75",
    "postal_code": "33113"
  },
  {
    "name": "Cazats",
    "code": "33116",
    "epci_code": "200043982",
    "departement_code": "33",
    "region_code": "75",
    "postal_code": "33430"
  },
  {
    "name": "Cazaugitat",
    "code": "33117",
    "epci_code": "200069599",
    "departement_code": "33",
    "region_code": "75",
    "postal_code": "33790"
  },
  {
    "name": "Cénac",
    "code": "33118",
    "epci_code": "243301439",
    "departement_code": "33",
    "region_code": "75",
    "postal_code": "33360"
  },
  {
    "name": "Cenon",
    "code": "33119",
    "epci_code": "243300316",
    "departement_code": "33",
    "region_code": "75",
    "postal_code": "33150"
  },
  {
    "name": "Cérons",
    "code": "33120",
    "epci_code": "200069581",
    "departement_code": "33",
    "region_code": "75",
    "postal_code": "33720"
  },
  {
    "name": "Cessac",
    "code": "33121",
    "epci_code": "200069599",
    "departement_code": "33",
    "region_code": "75",
    "postal_code": "33760"
  },
  {
    "name": "Cestas",
    "code": "33122",
    "epci_code": "243301165",
    "departement_code": "33",
    "region_code": "75",
    "postal_code": "33610"
  },
  {
    "name": "Cézac",
    "code": "33123",
    "epci_code": "243301181",
    "departement_code": "33",
    "region_code": "75",
    "postal_code": "33620"
  },
  {
    "name": "Chamadelle",
    "code": "33124",
    "epci_code": "200070092",
    "departement_code": "33",
    "region_code": "75",
    "postal_code": "33230"
  },
  {
    "name": "Cissac-Médoc",
    "code": "33125",
    "epci_code": "200069995",
    "departement_code": "33",
    "region_code": "75",
    "postal_code": "33250"
  },
  {
    "name": "Civrac-de-Blaye",
    "code": "33126",
    "epci_code": "243301181",
    "departement_code": "33",
    "region_code": "75",
    "postal_code": "33920"
  },
  {
    "name": "Civrac-sur-Dordogne",
    "code": "33127",
    "epci_code": "243301454",
    "departement_code": "33",
    "region_code": "75",
    "postal_code": "33350"
  },
  {
    "name": "Civrac-en-Médoc",
    "code": "33128",
    "epci_code": "200069995",
    "departement_code": "33",
    "region_code": "75",
    "postal_code": "33340"
  },
  {
    "name": "Cleyrac",
    "code": "33129",
    "epci_code": "200069599",
    "departement_code": "33",
    "region_code": "75",
    "postal_code": "33540"
  },
  {
    "name": "Coimères",
    "code": "33130",
    "epci_code": "200043974",
    "departement_code": "33",
    "region_code": "75",
    "postal_code": "33210"
  },
  {
    "name": "Coirac",
    "code": "33131",
    "epci_code": "200069599",
    "departement_code": "33",
    "region_code": "75",
    "postal_code": "33540"
  },
  {
    "name": "Comps",
    "code": "33132",
    "epci_code": "200023794",
    "departement_code": "33",
    "region_code": "75",
    "postal_code": "33710"
  },
  {
    "name": "Coubeyrac",
    "code": "33133",
    "epci_code": "243301454",
    "departement_code": "33",
    "region_code": "75",
    "postal_code": "33890"
  },
  {
    "name": "Couquèques",
    "code": "33134",
    "epci_code": "200069995",
    "departement_code": "33",
    "region_code": "75",
    "postal_code": "33340"
  },
  {
    "name": "Courpiac",
    "code": "33135",
    "epci_code": "200069599",
    "departement_code": "33",
    "region_code": "75",
    "postal_code": "33760"
  },
  {
    "name": "Cours-de-Monségur",
    "code": "33136",
    "epci_code": "200069599",
    "departement_code": "33",
    "region_code": "75",
    "postal_code": "33580"
  },
  {
    "name": "Cours-les-Bains",
    "code": "33137",
    "epci_code": "200043982",
    "departement_code": "33",
    "region_code": "75",
    "postal_code": "33690"
  },
  {
    "name": "Coutras",
    "code": "33138",
    "epci_code": "200070092",
    "departement_code": "33",
    "region_code": "75",
    "postal_code": "33230"
  },
  {
    "name": "Coutures",
    "code": "33139",
    "epci_code": "200069599",
    "departement_code": "33",
    "region_code": "75",
    "postal_code": "33580"
  },
  {
    "name": "Créon",
    "code": "33140",
    "epci_code": "243301215",
    "departement_code": "33",
    "region_code": "75",
    "postal_code": "33670"
  },
  {
    "name": "Croignon",
    "code": "33141",
    "epci_code": "243301355",
    "departement_code": "33",
    "region_code": "75",
    "postal_code": "33750"
  },
  {
    "name": "Cubnezais",
    "code": "33142",
    "epci_code": "243301181",
    "departement_code": "33",
    "region_code": "75",
    "postal_code": "33620"
  },
  {
    "name": "Cubzac-les-Ponts",
    "code": "33143",
    "epci_code": "243301223",
    "departement_code": "33",
    "region_code": "75",
    "postal_code": "33240"
  },
  {
    "name": "Cudos",
    "code": "33144",
    "epci_code": "200043982",
    "departement_code": "33",
    "region_code": "75",
    "postal_code": "33430"
  },
  {
    "name": "Cursan",
    "code": "33145",
    "epci_code": "243301215",
    "departement_code": "33",
    "region_code": "75",
    "postal_code": "33670"
  },
  {
    "name": "Cussac-Fort-Médoc",
    "code": "33146",
    "epci_code": "243301447",
    "departement_code": "33",
    "region_code": "75",
    "postal_code": "33460"
  },
  {
    "name": "Daignac",
    "code": "33147",
    "epci_code": "200070092",
    "departement_code": "33",
    "region_code": "75",
    "postal_code": "33420"
  },
  {
    "name": "Dardenac",
    "code": "33148",
    "epci_code": "200070092",
    "departement_code": "33",
    "region_code": "75",
    "postal_code": "33420"
  },
  {
    "name": "Daubèze",
    "code": "33149",
    "epci_code": "200069599",
    "departement_code": "33",
    "region_code": "75",
    "postal_code": "33540"
  },
  {
    "name": "Dieulivol",
    "code": "33150",
    "epci_code": "200069599",
    "departement_code": "33",
    "region_code": "75",
    "postal_code": "33580"
  },
  {
    "name": "Donnezac",
    "code": "33151",
    "epci_code": "243301181",
    "departement_code": "33",
    "region_code": "75",
    "postal_code": "33860"
  },
  {
    "name": "Donzac",
    "code": "33152",
    "epci_code": "200069581",
    "departement_code": "33",
    "region_code": "75",
    "postal_code": "33410"
  },
  {
    "name": "Doulezon",
    "code": "33153",
    "epci_code": "243301454",
    "departement_code": "33",
    "region_code": "75",
    "postal_code": "33350"
  },
  {
    "name": "Les Églisottes-et-Chalaures",
    "code": "33154",
    "epci_code": "200070092",
    "departement_code": "33",
    "region_code": "75",
    "postal_code": "33230"
  },
  {
    "name": "Escaudes",
    "code": "33155",
    "epci_code": "200043982",
    "departement_code": "33",
    "region_code": "75",
    "postal_code": "33840"
  },
  {
    "name": "Escoussans",
    "code": "33156",
    "epci_code": "200069581",
    "departement_code": "33",
    "region_code": "75",
    "postal_code": "33760"
  },
  {
    "name": "Espiet",
    "code": "33157",
    "epci_code": "200070092",
    "departement_code": "33",
    "region_code": "75",
    "postal_code": "33420"
  },
  {
    "name": "Les Esseintes",
    "code": "33158",
    "epci_code": "200044394",
    "departement_code": "33",
    "region_code": "75",
    "postal_code": "33190"
  },
  {
    "name": "Étauliers",
    "code": "33159",
    "epci_code": "243300811",
    "departement_code": "33",
    "region_code": "75",
    "postal_code": "33820"
  },
  {
    "name": "Eynesse",
    "code": "33160",
    "epci_code": "243301371",
    "departement_code": "33",
    "region_code": "75",
    "postal_code": "33220"
  },
  {
    "name": "Eyrans",
    "code": "33161",
    "epci_code": "243300811",
    "departement_code": "33",
    "region_code": "75",
    "postal_code": "33390"
  },
  {
    "name": "Eysines",
    "code": "33162",
    "epci_code": "243300316",
    "departement_code": "33",
    "region_code": "75",
    "postal_code": "33320"
  },
  {
    "name": "Faleyras",
    "code": "33163",
    "epci_code": "200069599",
    "departement_code": "33",
    "region_code": "75",
    "postal_code": "33760"
  },
  {
    "name": "Fargues",
    "code": "33164",
    "epci_code": "200043974",
    "departement_code": "33",
    "region_code": "75",
    "postal_code": "33210"
  },
  {
    "name": "Fargues-Saint-Hilaire",
    "code": "33165",
    "epci_code": "243301355",
    "departement_code": "33",
    "region_code": "75",
    "postal_code": "33370"
  },
  {
    "name": "Le Fieu",
    "code": "33166",
    "epci_code": "200070092",
    "departement_code": "33",
    "region_code": "75",
    "postal_code": "33230"
  },
  {
    "name": "Floirac",
    "code": "33167",
    "epci_code": "243300316",
    "departement_code": "33",
    "region_code": "75",
    "postal_code": "33270"
  },
  {
    "name": "Flaujagues",
    "code": "33168",
    "epci_code": "243301454",
    "departement_code": "33",
    "region_code": "75",
    "postal_code": "33350"
  },
  {
    "name": "Floudès",
    "code": "33169",
    "epci_code": "200044394",
    "departement_code": "33",
    "region_code": "75",
    "postal_code": "33190"
  },
  {
    "name": "Fontet",
    "code": "33170",
    "epci_code": "200044394",
    "departement_code": "33",
    "region_code": "75",
    "postal_code": "33190"
  },
  {
    "name": "Fossès-et-Baleyssac",
    "code": "33171",
    "epci_code": "200044394",
    "departement_code": "33",
    "region_code": "75",
    "postal_code": "33190"
  },
  {
    "name": "Fours",
    "code": "33172",
    "epci_code": "200023794",
    "departement_code": "33",
    "region_code": "75",
    "postal_code": "33390"
  },
  {
    "name": "Francs",
    "code": "33173",
    "epci_code": "200035533",
    "departement_code": "33",
    "region_code": "75",
    "postal_code": "33570"
  },
  {
    "name": "Fronsac",
    "code": "33174",
    "epci_code": "243301397",
    "departement_code": "33",
    "region_code": "75",
    "postal_code": "33126"
  },
  {
    "name": "Frontenac",
    "code": "33175",
    "epci_code": "200069599",
    "departement_code": "33",
    "region_code": "75",
    "postal_code": "33760"
  },
  {
    "name": "Gabarnac",
    "code": "33176",
    "epci_code": "200069581",
    "departement_code": "33",
    "region_code": "75",
    "postal_code": "33410"
  },
  {
    "name": "Gaillan-en-Médoc",
    "code": "33177",
    "epci_code": "200069995",
    "departement_code": "33",
    "region_code": "75",
    "postal_code": "33340"
  },
  {
    "name": "Gajac",
    "code": "33178",
    "epci_code": "200043982",
    "departement_code": "33",
    "region_code": "75",
    "postal_code": "33430"
  },
  {
    "name": "Galgon",
    "code": "33179",
    "epci_code": "243301397",
    "departement_code": "33",
    "region_code": "75",
    "postal_code": "33133"
  },
  {
    "name": "Gans",
    "code": "33180",
    "epci_code": "200043982",
    "departement_code": "33",
    "region_code": "75",
    "postal_code": "33430"
  },
  {
    "name": "Gardegan-et-Tourtirac",
    "code": "33181",
    "epci_code": "200035533",
    "departement_code": "33",
    "region_code": "75",
    "postal_code": "33350"
  },
  {
    "name": "Gauriac",
    "code": "33182",
    "epci_code": "200023794",
    "departement_code": "33",
    "region_code": "75",
    "postal_code": "33710"
  },
  {
    "name": "Gauriaguet",
    "code": "33183",
    "epci_code": "243301223",
    "departement_code": "33",
    "region_code": "75",
    "postal_code": "33240"
  },
  {
    "name": "Générac",
    "code": "33184",
    "epci_code": "200023794",
    "departement_code": "33",
    "region_code": "75",
    "postal_code": "33920"
  },
  {
    "name": "Génissac",
    "code": "33185",
    "epci_code": "200070092",
    "departement_code": "33",
    "region_code": "75",
    "postal_code": "33420"
  },
  {
    "name": "Gensac",
    "code": "33186",
    "epci_code": "243301454",
    "departement_code": "33",
    "region_code": "75",
    "postal_code": "33890"
  },
  {
    "name": "Gironde-sur-Dropt",
    "code": "33187",
    "epci_code": "200044394",
    "departement_code": "33",
    "region_code": "75",
    "postal_code": "33190"
  },
  {
    "name": "Giscos",
    "code": "33188",
    "epci_code": "200043982",
    "departement_code": "33",
    "region_code": "75",
    "postal_code": "33840"
  },
  {
    "name": "Gornac",
    "code": "33189",
    "epci_code": "200069599",
    "departement_code": "33",
    "region_code": "75",
    "postal_code": "33540"
  },
  {
    "name": "Goualade",
    "code": "33190",
    "epci_code": "200043982",
    "departement_code": "33",
    "region_code": "75",
    "postal_code": "33840"
  },
  {
    "name": "Gours",
    "code": "33191",
    "epci_code": "200070092",
    "departement_code": "33",
    "region_code": "75",
    "postal_code": "33660"
  },
  {
    "name": "Gradignan",
    "code": "33192",
    "epci_code": "243300316",
    "departement_code": "33",
    "region_code": "75",
    "postal_code": "33170"
  },
  {
    "name": "Grayan-et-l’Hôpital",
    "code": "33193",
    "epci_code": "200070720",
    "departement_code": "33",
    "region_code": "75",
    "postal_code": "33590"
  },
  {
    "name": "Grézillac",
    "code": "33194",
    "epci_code": "243301454",
    "departement_code": "33",
    "region_code": "75",
    "postal_code": "33420"
  },
  {
    "name": "Grignols",
    "code": "33195",
    "epci_code": "200043982",
    "departement_code": "33",
    "region_code": "75",
    "postal_code": "33690"
  },
  {
    "name": "Guillac",
    "code": "33196",
    "epci_code": "243301454",
    "departement_code": "33",
    "region_code": "75",
    "postal_code": "33420"
  },
  {
    "name": "Guillos",
    "code": "33197",
    "epci_code": "200069581",
    "departement_code": "33",
    "region_code": "75",
    "postal_code": "33720"
  },
  {
    "name": "Guîtres",
    "code": "33198",
    "epci_code": "200070092",
    "departement_code": "33",
    "region_code": "75",
    "postal_code": "33230"
  },
  {
    "name": "Gujan-Mestras",
    "code": "33199",
    "epci_code": "243300563",
    "departement_code": "33",
    "region_code": "75",
    "postal_code": "33470"
  },
  {
    "name": "Le Haillan",
    "code": "33200",
    "epci_code": "243300316",
    "departement_code": "33",
    "region_code": "75",
    "postal_code": "33185"
  },
  {
    "name": "Haux",
    "code": "33201",
    "epci_code": "243301215",
    "departement_code": "33",
    "region_code": "75",
    "postal_code": "33550"
  },
  {
    "name": "Hostens",
    "code": "33202",
    "epci_code": "200043974",
    "departement_code": "33",
    "region_code": "75",
    "postal_code": "33125"
  },
  {
    "name": "Hourtin",
    "code": "33203",
    "epci_code": "200070720",
    "departement_code": "33",
    "region_code": "75",
    "postal_code": "33990"
  },
  {
    "name": "Hure",
    "code": "33204",
    "epci_code": "200044394",
    "departement_code": "33",
    "region_code": "75",
    "postal_code": "33190"
  },
  {
    "name": "Illats",
    "code": "33205",
    "epci_code": "200069581",
    "departement_code": "33",
    "region_code": "75",
    "postal_code": "33720"
  },
  {
    "name": "Isle-Saint-Georges",
    "code": "33206",
    "epci_code": "243301264",
    "departement_code": "33",
    "region_code": "75",
    "postal_code": "33640"
  },
  {
    "name": "Izon",
    "code": "33207",
    "epci_code": "200070092",
    "departement_code": "33",
    "region_code": "75",
    "postal_code": "33450"
  },
  {
    "name": "Jau-Dignac-et-Loirac",
    "code": "33208",
    "epci_code": "200070720",
    "departement_code": "33",
    "region_code": "75",
    "postal_code": "33590"
  },
  {
    "name": "Jugazan",
    "code": "33209",
    "epci_code": "243301454",
    "departement_code": "33",
    "region_code": "75",
    "postal_code": "33420"
  },
  {
    "name": "Juillac",
    "code": "33210",
    "epci_code": "243301454",
    "departement_code": "33",
    "region_code": "75",
    "postal_code": "33890"
  },
  {
    "name": "Labarde",
    "code": "33211",
    "epci_code": "243301447",
    "departement_code": "33",
    "region_code": "75",
    "postal_code": "33460"
  },
  {
    "name": "Labescau",
    "code": "33212",
    "epci_code": "200043982",
    "departement_code": "33",
    "region_code": "75",
    "postal_code": "33690"
  },
  {
    "name": "La Brède",
    "code": "33213",
    "epci_code": "243301264",
    "departement_code": "33",
    "region_code": "75",
    "postal_code": "33650"
  },
  {
    "name": "Lacanau",
    "code": "33214",
    "epci_code": "200070720",
    "departement_code": "33",
    "region_code": "75",
    "postal_code": "33680"
  },
  {
    "name": "Ladaux",
    "code": "33215",
    "epci_code": "200069599",
    "departement_code": "33",
    "region_code": "75",
    "postal_code": "33760"
  },
  {
    "name": "Lados",
    "code": "33216",
    "epci_code": "200043982",
    "departement_code": "33",
    "region_code": "75",
    "postal_code": "33124"
  },
  {
    "name": "Lagorce",
    "code": "33218",
    "epci_code": "200070092",
    "departement_code": "33",
    "region_code": "75",
    "postal_code": "33230"
  },
  {
    "name": "La Lande-de-Fronsac",
    "code": "33219",
    "epci_code": "243301397",
    "departement_code": "33",
    "region_code": "75",
    "postal_code": "33240"
  },
  {
    "name": "Lamarque",
    "code": "33220",
    "epci_code": "243301447",
    "departement_code": "33",
    "region_code": "75",
    "postal_code": "33460"
  },
  {
    "name": "Lamothe-Landerron",
    "code": "33221",
    "epci_code": "200044394",
    "departement_code": "33",
    "region_code": "75",
    "postal_code": "33190"
  },
  {
    "name": "Lalande-de-Pomerol",
    "code": "33222",
    "epci_code": "200070092",
    "departement_code": "33",
    "region_code": "75",
    "postal_code": "33500"
  },
  {
    "name": "Landerrouat",
    "code": "33223",
    "epci_code": "243301371",
    "departement_code": "33",
    "region_code": "75",
    "postal_code": "33790"
  },
  {
    "name": "Landerrouet-sur-Ségur",
    "code": "33224",
    "epci_code": "200069599",
    "departement_code": "33",
    "region_code": "75",
    "postal_code": "33540"
  },
  {
    "name": "Landiras",
    "code": "33225",
    "epci_code": "200069581",
    "departement_code": "33",
    "region_code": "75",
    "postal_code": "33720"
  },
  {
    "name": "Langoiran",
    "code": "33226",
    "epci_code": "243301439",
    "departement_code": "33",
    "region_code": "75",
    "postal_code": "33550"
  },
  {
    "name": "Langon",
    "code": "33227",
    "epci_code": "200043974",
    "departement_code": "33",
    "region_code": "75",
    "postal_code": "33210"
  },
  {
    "name": "Lansac",
    "code": "33228",
    "epci_code": "243301223",
    "departement_code": "33",
    "region_code": "75",
    "postal_code": "33710"
  },
  {
    "name": "Lanton",
    "code": "33229",
    "epci_code": "243301504",
    "departement_code": "33",
    "region_code": "75",
    "postal_code": "33138"
  },
  {
    "name": "Lapouyade",
    "code": "33230",
    "epci_code": "200070092",
    "departement_code": "33",
    "region_code": "75",
    "postal_code": "33620"
  },
  {
    "name": "Laroque",
    "code": "33231",
    "epci_code": "200069581",
    "departement_code": "33",
    "region_code": "75",
    "postal_code": "33410"
  },
  {
    "name": "Lartigue",
    "code": "33232",
    "epci_code": "200043982",
    "departement_code": "33",
    "region_code": "75",
    "postal_code": "33840"
  },
  {
    "name": "Laruscade",
    "code": "33233",
    "epci_code": "243301181",
    "departement_code": "33",
    "region_code": "75",
    "postal_code": "33620"
  },
  {
    "name": "Latresne",
    "code": "33234",
    "epci_code": "243301439",
    "departement_code": "33",
    "region_code": "75",
    "postal_code": "33360"
  },
  {
    "name": "Lavazan",
    "code": "33235",
    "epci_code": "200043982",
    "departement_code": "33",
    "region_code": "75",
    "postal_code": "33690"
  },
  {
    "name": "Lège-Cap-Ferret",
    "code": "33236",
    "epci_code": "243301504",
    "departement_code": "33",
    "region_code": "75",
    "postal_code": "33950"
  },
  {
    "name": "Lège-Cap-Ferret",
    "code": "33236",
    "epci_code": "243301504",
    "departement_code": "33",
    "region_code": "75",
    "postal_code": "33970"
  },
  {
    "name": "Léogeats",
    "code": "33237",
    "epci_code": "200043974",
    "departement_code": "33",
    "region_code": "75",
    "postal_code": "33210"
  },
  {
    "name": "Léognan",
    "code": "33238",
    "epci_code": "243301264",
    "departement_code": "33",
    "region_code": "75",
    "postal_code": "33850"
  },
  {
    "name": "Lerm-et-Musset",
    "code": "33239",
    "epci_code": "200043982",
    "departement_code": "33",
    "region_code": "75",
    "postal_code": "33840"
  },
  {
    "name": "Lesparre-Médoc",
    "code": "33240",
    "epci_code": "200069995",
    "departement_code": "33",
    "region_code": "75",
    "postal_code": "33340"
  },
  {
    "name": "Lestiac-sur-Garonne",
    "code": "33241",
    "epci_code": "200069581",
    "departement_code": "33",
    "region_code": "75",
    "postal_code": "33550"
  },
  {
    "name": "Les Lèves-et-Thoumeyragues",
    "code": "33242",
    "epci_code": "243301371",
    "departement_code": "33",
    "region_code": "75",
    "postal_code": "33220"
  },
  {
    "name": "Libourne",
    "code": "33243",
    "epci_code": "200070092",
    "departement_code": "33",
    "region_code": "75",
    "postal_code": "33500"
  },
  {
    "name": "Lignan-de-Bazas",
    "code": "33244",
    "epci_code": "200043982",
    "departement_code": "33",
    "region_code": "75",
    "postal_code": "33430"
  },
  {
    "name": "Lignan-de-Bordeaux",
    "code": "33245",
    "epci_code": "243301439",
    "departement_code": "33",
    "region_code": "75",
    "postal_code": "33360"
  },
  {
    "name": "Ligueux",
    "code": "33246",
    "epci_code": "243301371",
    "departement_code": "33",
    "region_code": "75",
    "postal_code": "33220"
  },
  {
    "name": "Listrac-de-Durèze",
    "code": "33247",
    "epci_code": "243301371",
    "departement_code": "33",
    "region_code": "75",
    "postal_code": "33790"
  },
  {
    "name": "Listrac-Médoc",
    "code": "33248",
    "epci_code": "243301389",
    "departement_code": "33",
    "region_code": "75",
    "postal_code": "33480"
  },
  {
    "name": "Lormont",
    "code": "33249",
    "epci_code": "243300316",
    "departement_code": "33",
    "region_code": "75",
    "postal_code": "33310"
  },
  {
    "name": "Loubens",
    "code": "33250",
    "epci_code": "200044394",
    "departement_code": "33",
    "region_code": "75",
    "postal_code": "33190"
  },
  {
    "name": "Louchats",
    "code": "33251",
    "epci_code": "200043974",
    "departement_code": "33",
    "region_code": "75",
    "postal_code": "33125"
  },
  {
    "name": "Loupes",
    "code": "33252",
    "epci_code": "243301215",
    "departement_code": "33",
    "region_code": "75",
    "postal_code": "33370"
  },
  {
    "name": "Loupiac",
    "code": "33253",
    "epci_code": "200069581",
    "departement_code": "33",
    "region_code": "75",
    "postal_code": "33410"
  },
  {
    "name": "Loupiac-de-la-Réole",
    "code": "33254",
    "epci_code": "200044394",
    "departement_code": "33",
    "region_code": "75",
    "postal_code": "33190"
  },
  {
    "name": "Lucmau",
    "code": "33255",
    "epci_code": "200043974",
    "departement_code": "33",
    "region_code": "75",
    "postal_code": "33840"
  },
  {
    "name": "Ludon-Médoc",
    "code": "33256",
    "epci_code": "243301447",
    "departement_code": "33",
    "region_code": "75",
    "postal_code": "33290"
  },
  {
    "name": "Lugaignac",
    "code": "33257",
    "epci_code": "243301454",
    "departement_code": "33",
    "region_code": "75",
    "postal_code": "33420"
  },
  {
    "name": "Lugasson",
    "code": "33258",
    "epci_code": "200069599",
    "departement_code": "33",
    "region_code": "75",
    "postal_code": "33760"
  },
  {
    "name": "Lugon-et-l’Île-du-Carnay",
    "code": "33259",
    "epci_code": "243301397",
    "departement_code": "33",
    "region_code": "75",
    "postal_code": "33240"
  },
  {
    "name": "Lugos",
    "code": "33260",
    "epci_code": "243301405",
    "departement_code": "33",
    "region_code": "75",
    "postal_code": "33830"
  },
  {
    "name": "Lussac",
    "code": "33261",
    "epci_code": "200035533",
    "departement_code": "33",
    "region_code": "75",
    "postal_code": "33570"
  },
  {
    "name": "Macau",
    "code": "33262",
    "epci_code": "243301447",
    "departement_code": "33",
    "region_code": "75",
    "postal_code": "33460"
  },
  {
    "name": "Madirac",
    "code": "33263",
    "epci_code": "243301215",
    "departement_code": "33",
    "region_code": "75",
    "postal_code": "33670"
  },
  {
    "name": "Maransin",
    "code": "33264",
    "epci_code": "200070092",
    "departement_code": "33",
    "region_code": "75",
    "postal_code": "33230"
  },
  {
    "name": "Marcenais",
    "code": "33266",
    "epci_code": "243301181",
    "departement_code": "33",
    "region_code": "75",
    "postal_code": "33620"
  },
  {
    "name": "Margaux-Cantenac",
    "code": "33268",
    "epci_code": "243301447",
    "departement_code": "33",
    "region_code": "75",
    "postal_code": "33460"
  },
  {
    "name": "Margueron",
    "code": "33269",
    "epci_code": "243301371",
    "departement_code": "33",
    "region_code": "75",
    "postal_code": "33220"
  },
  {
    "name": "Marimbault",
    "code": "33270",
    "epci_code": "200043982",
    "departement_code": "33",
    "region_code": "75",
    "postal_code": "33430"
  },
  {
    "name": "Marions",
    "code": "33271",
    "epci_code": "200043982",
    "departement_code": "33",
    "region_code": "75",
    "postal_code": "33690"
  },
  {
    "name": "Marsas",
    "code": "33272",
    "epci_code": "243301181",
    "departement_code": "33",
    "region_code": "75",
    "postal_code": "33620"
  },
  {
    "name": "Martignas-sur-Jalle",
    "code": "33273",
    "epci_code": "243300316",
    "departement_code": "33",
    "region_code": "75",
    "postal_code": "33127"
  },
  {
    "name": "Martillac",
    "code": "33274",
    "epci_code": "243301264",
    "departement_code": "33",
    "region_code": "75",
    "postal_code": "33650"
  },
  {
    "name": "Martres",
    "code": "33275",
    "epci_code": "200069599",
    "departement_code": "33",
    "region_code": "75",
    "postal_code": "33760"
  },
  {
    "name": "Masseilles",
    "code": "33276",
    "epci_code": "200043982",
    "departement_code": "33",
    "region_code": "75",
    "postal_code": "33690"
  },
  {
    "name": "Massugas",
    "code": "33277",
    "epci_code": "243301371",
    "departement_code": "33",
    "region_code": "75",
    "postal_code": "33790"
  },
  {
    "name": "Mauriac",
    "code": "33278",
    "epci_code": "200069599",
    "departement_code": "33",
    "region_code": "75",
    "postal_code": "33540"
  },
  {
    "name": "Mazères",
    "code": "33279",
    "epci_code": "200043974",
    "departement_code": "33",
    "region_code": "75",
    "postal_code": "33210"
  },
  {
    "name": "Mazion",
    "code": "33280",
    "epci_code": "243300811",
    "departement_code": "33",
    "region_code": "75",
    "postal_code": "33390"
  },
  {
    "name": "Mérignac",
    "code": "33281",
    "epci_code": "243300316",
    "departement_code": "33",
    "region_code": "75",
    "postal_code": "33700"
  },
  {
    "name": "Mérignas",
    "code": "33282",
    "epci_code": "243301454",
    "departement_code": "33",
    "region_code": "75",
    "postal_code": "33350"
  },
  {
    "name": "Mesterrieux",
    "code": "33283",
    "epci_code": "200069599",
    "departement_code": "33",
    "region_code": "75",
    "postal_code": "33540"
  },
  {
    "name": "Mios",
    "code": "33284",
    "epci_code": "243301504",
    "departement_code": "33",
    "region_code": "75",
    "postal_code": "33380"
  },
  {
    "name": "Mombrier",
    "code": "33285",
    "epci_code": "243301223",
    "departement_code": "33",
    "region_code": "75",
    "postal_code": "33710"
  },
  {
    "name": "Mongauzy",
    "code": "33287",
    "epci_code": "200044394",
    "departement_code": "33",
    "region_code": "75",
    "postal_code": "33190"
  },
  {
    "name": "Monprimblanc",
    "code": "33288",
    "epci_code": "200069581",
    "departement_code": "33",
    "region_code": "75",
    "postal_code": "33410"
  },
  {
    "name": "Monségur",
    "code": "33289",
    "epci_code": "200044394",
    "departement_code": "33",
    "region_code": "75",
    "postal_code": "33580"
  },
  {
    "name": "Montagne",
    "code": "33290",
    "epci_code": "200035533",
    "departement_code": "33",
    "region_code": "75",
    "postal_code": "33570"
  },
  {
    "name": "Montagoudin",
    "code": "33291",
    "epci_code": "200044394",
    "departement_code": "33",
    "region_code": "75",
    "postal_code": "33190"
  },
  {
    "name": "Montignac",
    "code": "33292",
    "epci_code": "200069599",
    "departement_code": "33",
    "region_code": "75",
    "postal_code": "33760"
  },
  {
    "name": "Montussan",
    "code": "33293",
    "epci_code": "243301249",
    "departement_code": "33",
    "region_code": "75",
    "postal_code": "33450"
  },
  {
    "name": "Morizès",
    "code": "33294",
    "epci_code": "200044394",
    "departement_code": "33",
    "region_code": "75",
    "postal_code": "33190"
  },
  {
    "name": "Mouillac",
    "code": "33295",
    "epci_code": "243301397",
    "departement_code": "33",
    "region_code": "75",
    "postal_code": "33240"
  },
  {
    "name": "Mouliets-et-Villemartin",
    "code": "33296",
    "epci_code": "243301454",
    "departement_code": "33",
    "region_code": "75",
    "postal_code": "33350"
  },
  {
    "name": "Moulis-en-Médoc",
    "code": "33297",
    "epci_code": "243301389",
    "departement_code": "33",
    "region_code": "75",
    "postal_code": "33480"
  },
  {
    "name": "Moulon",
    "code": "33298",
    "epci_code": "200070092",
    "departement_code": "33",
    "region_code": "75",
    "postal_code": "33420"
  },
  {
    "name": "Mourens",
    "code": "33299",
    "epci_code": "200069599",
    "departement_code": "33",
    "region_code": "75",
    "postal_code": "33410"
  },
  {
    "name": "Naujac-sur-Mer",
    "code": "33300",
    "epci_code": "200070720",
    "departement_code": "33",
    "region_code": "75",
    "postal_code": "33990"
  },
  {
    "name": "Naujan-et-Postiac",
    "code": "33301",
    "epci_code": "243301454",
    "departement_code": "33",
    "region_code": "75",
    "postal_code": "33420"
  },
  {
    "name": "Néac",
    "code": "33302",
    "epci_code": "200035533",
    "departement_code": "33",
    "region_code": "75",
    "postal_code": "33500"
  },
  {
    "name": "Nérigean",
    "code": "33303",
    "epci_code": "200070092",
    "departement_code": "33",
    "region_code": "75",
    "postal_code": "33750"
  },
  {
    "name": "Neuffons",
    "code": "33304",
    "epci_code": "200069599",
    "departement_code": "33",
    "region_code": "75",
    "postal_code": "33580"
  },
  {
    "name": "Le Nizan",
    "code": "33305",
    "epci_code": "200043982",
    "departement_code": "33",
    "region_code": "75",
    "postal_code": "33430"
  },
  {
    "name": "Noaillac",
    "code": "33306",
    "epci_code": "200044394",
    "departement_code": "33",
    "region_code": "75",
    "postal_code": "33190"
  },
  {
    "name": "Noaillan",
    "code": "33307",
    "epci_code": "200043974",
    "departement_code": "33",
    "region_code": "75",
    "postal_code": "33730"
  },
  {
    "name": "Omet",
    "code": "33308",
    "epci_code": "200069581",
    "departement_code": "33",
    "region_code": "75",
    "postal_code": "33410"
  },
  {
    "name": "Ordonnac",
    "code": "33309",
    "epci_code": "200069995",
    "departement_code": "33",
    "region_code": "75",
    "postal_code": "33340"
  },
  {
    "name": "Origne",
    "code": "33310",
    "epci_code": "200043974",
    "departement_code": "33",
    "region_code": "75",
    "postal_code": "33113"
  },
  {
    "name": "Paillet",
    "code": "33311",
    "epci_code": "200069581",
    "departement_code": "33",
    "region_code": "75",
    "postal_code": "33550"
  },
  {
    "name": "Parempuyre",
    "code": "33312",
    "epci_code": "243300316",
    "departement_code": "33",
    "region_code": "75",
    "postal_code": "33290"
  },
  {
    "name": "Pauillac",
    "code": "33314",
    "epci_code": "200069995",
    "departement_code": "33",
    "region_code": "75",
    "postal_code": "33250"
  },
  {
    "name": "Les Peintures",
    "code": "33315",
    "epci_code": "200070092",
    "departement_code": "33",
    "region_code": "75",
    "postal_code": "33230"
  },
  {
    "name": "Pellegrue",
    "code": "33316",
    "epci_code": "243301371",
    "departement_code": "33",
    "region_code": "75",
    "postal_code": "33790"
  },
  {
    "name": "Périssac",
    "code": "33317",
    "epci_code": "243301397",
    "departement_code": "33",
    "region_code": "75",
    "postal_code": "33240"
  },
  {
    "name": "Pessac",
    "code": "33318",
    "epci_code": "243300316",
    "departement_code": "33",
    "region_code": "75",
    "postal_code": "33600"
  },
  {
    "name": "Pessac-sur-Dordogne",
    "code": "33319",
    "epci_code": "243301454",
    "departement_code": "33",
    "region_code": "75",
    "postal_code": "33890"
  },
  {
    "name": "Petit-Palais-et-Cornemps",
    "code": "33320",
    "epci_code": "200035533",
    "departement_code": "33",
    "region_code": "75",
    "postal_code": "33570"
  },
  {
    "name": "Peujard",
    "code": "33321",
    "epci_code": "243301223",
    "departement_code": "33",
    "region_code": "75",
    "postal_code": "33240"
  },
  {
    "name": "Le Pian-Médoc",
    "code": "33322",
    "epci_code": "243301447",
    "departement_code": "33",
    "region_code": "75",
    "postal_code": "33290"
  },
  {
    "name": "Le Pian-sur-Garonne",
    "code": "33323",
    "epci_code": "200043974",
    "departement_code": "33",
    "region_code": "75",
    "postal_code": "33490"
  },
  {
    "name": "Pineuilh",
    "code": "33324",
    "epci_code": "243301371",
    "departement_code": "33",
    "region_code": "75",
    "postal_code": "33220"
  },
  {
    "name": "Plassac",
    "code": "33325",
    "epci_code": "200023794",
    "departement_code": "33",
    "region_code": "75",
    "postal_code": "33390"
  },
  {
    "name": "Pleine-Selve",
    "code": "33326",
    "epci_code": "243300811",
    "departement_code": "33",
    "region_code": "75",
    "postal_code": "33820"
  },
  {
    "name": "Podensac",
    "code": "33327",
    "epci_code": "200069581",
    "departement_code": "33",
    "region_code": "75",
    "postal_code": "33720"
  },
  {
    "name": "Pomerol",
    "code": "33328",
    "epci_code": "200070092",
    "departement_code": "33",
    "region_code": "75",
    "postal_code": "33500"
  },
  {
    "name": "Pompéjac",
    "code": "33329",
    "epci_code": "200043974",
    "departement_code": "33",
    "region_code": "75",
    "postal_code": "33730"
  },
  {
    "name": "Pompignac",
    "code": "33330",
    "epci_code": "243301355",
    "departement_code": "33",
    "region_code": "75",
    "postal_code": "33370"
  },
  {
    "name": "Pondaurat",
    "code": "33331",
    "epci_code": "200044394",
    "departement_code": "33",
    "region_code": "75",
    "postal_code": "33190"
  },
  {
    "name": "Porchères",
    "code": "33332",
    "epci_code": "200070092",
    "departement_code": "33",
    "region_code": "75",
    "postal_code": "33660"
  },
  {
    "name": "Le Porge",
    "code": "33333",
    "epci_code": "243301389",
    "departement_code": "33",
    "region_code": "75",
    "postal_code": "33680"
  },
  {
    "name": "Portets",
    "code": "33334",
    "epci_code": "200069581",
    "departement_code": "33",
    "region_code": "75",
    "postal_code": "33640"
  },
  {
    "name": "Le Pout",
    "code": "33335",
    "epci_code": "243301215",
    "departement_code": "33",
    "region_code": "75",
    "postal_code": "33670"
  },
  {
    "name": "Préchac",
    "code": "33336",
    "epci_code": "200043974",
    "departement_code": "33",
    "region_code": "75",
    "postal_code": "33730"
  },
  {
    "name": "Preignac",
    "code": "33337",
    "epci_code": "200069581",
    "departement_code": "33",
    "region_code": "75",
    "postal_code": "33210"
  },
  {
    "name": "Prignac-et-Marcamps",
    "code": "33339",
    "epci_code": "243301223",
    "departement_code": "33",
    "region_code": "75",
    "postal_code": "33710"
  },
  {
    "name": "Pugnac",
    "code": "33341",
    "epci_code": "243301223",
    "departement_code": "33",
    "region_code": "75",
    "postal_code": "33710"
  },
  {
    "name": "Puisseguin",
    "code": "33342",
    "epci_code": "200035533",
    "departement_code": "33",
    "region_code": "75",
    "postal_code": "33570"
  },
  {
    "name": "Pujols-sur-Ciron",
    "code": "33343",
    "epci_code": "200069581",
    "departement_code": "33",
    "region_code": "75",
    "postal_code": "33210"
  },
  {
    "name": "Pujols",
    "code": "33344",
    "epci_code": "243301454",
    "departement_code": "33",
    "region_code": "75",
    "postal_code": "33350"
  },
  {
    "name": "Le Puy",
    "code": "33345",
    "epci_code": "200069599",
    "departement_code": "33",
    "region_code": "75",
    "postal_code": "33580"
  },
  {
    "name": "Puybarban",
    "code": "33346",
    "epci_code": "200044394",
    "departement_code": "33",
    "region_code": "75",
    "postal_code": "33190"
  },
  {
    "name": "Puynormand",
    "code": "33347",
    "epci_code": "200070092",
    "departement_code": "33",
    "region_code": "75",
    "postal_code": "33660"
  },
  {
    "name": "Queyrac",
    "code": "33348",
    "epci_code": "200070720",
    "departement_code": "33",
    "region_code": "75",
    "postal_code": "33340"
  },
  {
    "name": "Quinsac",
    "code": "33349",
    "epci_code": "243301439",
    "departement_code": "33",
    "region_code": "75",
    "postal_code": "33360"
  },
  {
    "name": "Rauzan",
    "code": "33350",
    "epci_code": "243301454",
    "departement_code": "33",
    "region_code": "75",
    "postal_code": "33420"
  },
  {
    "name": "Reignac",
    "code": "33351",
    "epci_code": "243300811",
    "departement_code": "33",
    "region_code": "75",
    "postal_code": "33860"
  },
  {
    "name": "La Réole",
    "code": "33352",
    "epci_code": "200044394",
    "departement_code": "33",
    "region_code": "75",
    "postal_code": "33190"
  },
  {
    "name": "Rimons",
    "code": "33353",
    "epci_code": "200069599",
    "departement_code": "33",
    "region_code": "75",
    "postal_code": "33580"
  },
  {
    "name": "Riocaud",
    "code": "33354",
    "epci_code": "243301371",
    "departement_code": "33",
    "region_code": "75",
    "postal_code": "33220"
  },
  {
    "name": "Rions",
    "code": "33355",
    "epci_code": "200069581",
    "departement_code": "33",
    "region_code": "75",
    "postal_code": "33410"
  },
  {
    "name": "La Rivière",
    "code": "33356",
    "epci_code": "243301397",
    "departement_code": "33",
    "region_code": "75",
    "postal_code": "33126"
  },
  {
    "name": "Roaillan",
    "code": "33357",
    "epci_code": "200043974",
    "departement_code": "33",
    "region_code": "75",
    "postal_code": "33210"
  },
  {
    "name": "Romagne",
    "code": "33358",
    "epci_code": "200069599",
    "departement_code": "33",
    "region_code": "75",
    "postal_code": "33760"
  },
  {
    "name": "Roquebrune",
    "code": "33359",
    "epci_code": "200044394",
    "departement_code": "33",
    "region_code": "75",
    "postal_code": "33580"
  },
  {
    "name": "La Roquille",
    "code": "33360",
    "epci_code": "243301371",
    "departement_code": "33",
    "region_code": "75",
    "postal_code": "33220"
  },
  {
    "name": "Ruch",
    "code": "33361",
    "epci_code": "243301454",
    "departement_code": "33",
    "region_code": "75",
    "postal_code": "33350"
  },
  {
    "name": "Sablons",
    "code": "33362",
    "epci_code": "200070092",
    "departement_code": "33",
    "region_code": "75",
    "postal_code": "33910"
  },
  {
    "name": "Sadirac",
    "code": "33363",
    "epci_code": "243301215",
    "departement_code": "33",
    "region_code": "75",
    "postal_code": "33670"
  },
  {
    "name": "Saillans",
    "code": "33364",
    "epci_code": "243301397",
    "departement_code": "33",
    "region_code": "75",
    "postal_code": "33141"
  },
  {
    "name": "Saint-Aignan",
    "code": "33365",
    "epci_code": "243301397",
    "departement_code": "33",
    "region_code": "75",
    "postal_code": "33126"
  },
  {
    "name": "Saint-André-de-Cubzac",
    "code": "33366",
    "epci_code": "243301223",
    "departement_code": "33",
    "region_code": "75",
    "postal_code": "33240"
  },
  {
    "name": "Saint-André-du-Bois",
    "code": "33367",
    "epci_code": "200043974",
    "departement_code": "33",
    "region_code": "75",
    "postal_code": "33490"
  },
  {
    "name": "Saint-André-et-Appelles",
    "code": "33369",
    "epci_code": "243301371",
    "departement_code": "33",
    "region_code": "75",
    "postal_code": "33220"
  },
  {
    "name": "Saint-Androny",
    "code": "33370",
    "epci_code": "243300811",
    "departement_code": "33",
    "region_code": "75",
    "postal_code": "33390"
  },
  {
    "name": "Saint-Antoine-du-Queyret",
    "code": "33372",
    "epci_code": "200069599",
    "departement_code": "33",
    "region_code": "75",
    "postal_code": "33790"
  },
  {
    "name": "Saint-Antoine-sur-l’Isle",
    "code": "33373",
    "epci_code": "200070092",
    "departement_code": "33",
    "region_code": "75",
    "postal_code": "33660"
  },
  {
    "name": "Saint-Aubin-de-Blaye",
    "code": "33374",
    "epci_code": "243300811",
    "departement_code": "33",
    "region_code": "75",
    "postal_code": "33820"
  },
  {
    "name": "Saint-Aubin-de-Branne",
    "code": "33375",
    "epci_code": "243301454",
    "departement_code": "33",
    "region_code": "75",
    "postal_code": "33420"
  },
  {
    "name": "Saint-Aubin-de-Médoc",
    "code": "33376",
    "epci_code": "243300316",
    "departement_code": "33",
    "region_code": "75",
    "postal_code": "33160"
  },
  {
    "name": "Saint-Avit-de-Soulège",
    "code": "33377",
    "epci_code": "243301371",
    "departement_code": "33",
    "region_code": "75",
    "postal_code": "33220"
  },
  {
    "name": "Saint-Avit-Saint-Nazaire",
    "code": "33378",
    "epci_code": "243301371",
    "departement_code": "33",
    "region_code": "75",
    "postal_code": "33220"
  },
  {
    "name": "Saint-Brice",
    "code": "33379",
    "epci_code": "200069599",
    "departement_code": "33",
    "region_code": "75",
    "postal_code": "33540"
  },
  {
    "name": "Val-de-Livenne",
    "code": "33380",
    "epci_code": "243300811",
    "departement_code": "33",
    "region_code": "75",
    "postal_code": "33820"
  },
  {
    "name": "Val-de-Livenne",
    "code": "33380",
    "epci_code": "243300811",
    "departement_code": "33",
    "region_code": "75",
    "postal_code": "33860"
  },
  {
    "name": "Saint-Caprais-de-Bordeaux",
    "code": "33381",
    "epci_code": "243301439",
    "departement_code": "33",
    "region_code": "75",
    "postal_code": "33880"
  },
  {
    "name": "Saint-Christoly-de-Blaye",
    "code": "33382",
    "epci_code": "200023794",
    "departement_code": "33",
    "region_code": "75",
    "postal_code": "33920"
  },
  {
    "name": "Saint-Christoly-Médoc",
    "code": "33383",
    "epci_code": "200069995",
    "departement_code": "33",
    "region_code": "75",
    "postal_code": "33340"
  },
  {
    "name": "Saint-Christophe-des-Bardes",
    "code": "33384",
    "epci_code": "200035533",
    "departement_code": "33",
    "region_code": "75",
    "postal_code": "33330"
  },
  {
    "name": "Saint-Christophe-de-Double",
    "code": "33385",
    "epci_code": "200070092",
    "departement_code": "33",
    "region_code": "75",
    "postal_code": "33230"
  },
  {
    "name": "Saint-Cibard",
    "code": "33386",
    "epci_code": "200035533",
    "departement_code": "33",
    "region_code": "75",
    "postal_code": "33570"
  },
  {
    "name": "Saint-Ciers-d’Abzac",
    "code": "33387",
    "epci_code": "200070092",
    "departement_code": "33",
    "region_code": "75",
    "postal_code": "33910"
  },
  {
    "name": "Saint-Ciers-de-Canesse",
    "code": "33388",
    "epci_code": "200023794",
    "departement_code": "33",
    "region_code": "75",
    "postal_code": "33710"
  },
  {
    "name": "Saint-Ciers-sur-Gironde",
    "code": "33389",
    "epci_code": "243300811",
    "departement_code": "33",
    "region_code": "75",
    "postal_code": "33820"
  },
  {
    "name": "Sainte-Colombe",
    "code": "33390",
    "epci_code": "243301454",
    "departement_code": "33",
    "region_code": "75",
    "postal_code": "33350"
  },
  {
    "name": "Saint-Côme",
    "code": "33391",
    "epci_code": "200043982",
    "departement_code": "33",
    "region_code": "75",
    "postal_code": "33430"
  },
  {
    "name": "Sainte-Croix-du-Mont",
    "code": "33392",
    "epci_code": "200069581",
    "departement_code": "33",
    "region_code": "75",
    "postal_code": "33410"
  },
  {
    "name": "Saint-Denis-de-Pile",
    "code": "33393",
    "epci_code": "200070092",
    "departement_code": "33",
    "region_code": "75",
    "postal_code": "33910"
  },
  {
    "name": "Saint-Émilion",
    "code": "33394",
    "epci_code": "200035533",
    "departement_code": "33",
    "region_code": "75",
    "postal_code": "33330"
  },
  {
    "name": "Saint-Estèphe",
    "code": "33395",
    "epci_code": "200069995",
    "departement_code": "33",
    "region_code": "75",
    "postal_code": "33180"
  },
  {
    "name": "Saint-Étienne-de-Lisse",
    "code": "33396",
    "epci_code": "200035533",
    "departement_code": "33",
    "region_code": "75",
    "postal_code": "33330"
  },
  {
    "name": "Sainte-Eulalie",
    "code": "33397",
    "epci_code": "243301249",
    "departement_code": "33",
    "region_code": "75",
    "postal_code": "33560"
  },
  {
    "name": "Saint-Exupéry",
    "code": "33398",
    "epci_code": "200044394",
    "departement_code": "33",
    "region_code": "75",
    "postal_code": "33190"
  },
  {
    "name": "Saint-Félix-de-Foncaude",
    "code": "33399",
    "epci_code": "200069599",
    "departement_code": "33",
    "region_code": "75",
    "postal_code": "33540"
  },
  {
    "name": "Saint-Ferme",
    "code": "33400",
    "epci_code": "200069599",
    "departement_code": "33",
    "region_code": "75",
    "postal_code": "33580"
  },
  {
    "name": "Sainte-Florence",
    "code": "33401",
    "epci_code": "243301454",
    "departement_code": "33",
    "region_code": "75",
    "postal_code": "33350"
  },
  {
    "name": "Sainte-Foy-la-Grande",
    "code": "33402",
    "epci_code": "243301371",
    "departement_code": "33",
    "region_code": "75",
    "postal_code": "33220"
  },
  {
    "name": "Sainte-Foy-la-Longue",
    "code": "33403",
    "epci_code": "200044394",
    "departement_code": "33",
    "region_code": "75",
    "postal_code": "33490"
  },
  {
    "name": "Sainte-Gemme",
    "code": "33404",
    "epci_code": "200069599",
    "departement_code": "33",
    "region_code": "75",
    "postal_code": "33580"
  },
  {
    "name": "Saint-Genès-de-Blaye",
    "code": "33405",
    "epci_code": "200023794",
    "departement_code": "33",
    "region_code": "75",
    "postal_code": "33390"
  },
  {
    "name": "Saint-Genès-de-Castillon",
    "code": "33406",
    "epci_code": "200035533",
    "departement_code": "33",
    "region_code": "75",
    "postal_code": "33350"
  },
  {
    "name": "Saint-Genès-de-Fronsac",
    "code": "33407",
    "epci_code": "243301397",
    "departement_code": "33",
    "region_code": "75",
    "postal_code": "33240"
  },
  {
    "name": "Saint-Genès-de-Lombaud",
    "code": "33408",
    "epci_code": "243301215",
    "departement_code": "33",
    "region_code": "75",
    "postal_code": "33670"
  },
  {
    "name": "Saint-Germain-de-Grave",
    "code": "33411",
    "epci_code": "200043974",
    "departement_code": "33",
    "region_code": "75",
    "postal_code": "33490"
  },
  {
    "name": "Saint-Germain-d’Esteuil",
    "code": "33412",
    "epci_code": "200069995",
    "departement_code": "33",
    "region_code": "75",
    "postal_code": "33340"
  },
  {
    "name": "Saint-Germain-du-Puch",
    "code": "33413",
    "epci_code": "200070092",
    "departement_code": "33",
    "region_code": "75",
    "postal_code": "33750"
  },
  {
    "name": "Saint-Germain-de-la-Rivière",
    "code": "33414",
    "epci_code": "243301397",
    "departement_code": "33",
    "region_code": "75",
    "postal_code": "33240"
  },
  {
    "name": "Saint-Gervais",
    "code": "33415",
    "epci_code": "243301223",
    "departement_code": "33",
    "region_code": "75",
    "postal_code": "33240"
  },
  {
    "name": "Saint-Girons-d’Aiguevives",
    "code": "33416",
    "epci_code": "200023794",
    "departement_code": "33",
    "region_code": "75",
    "postal_code": "33920"
  },
  {
    "name": "Sainte-Hélène",
    "code": "33417",
    "epci_code": "243301389",
    "departement_code": "33",
    "region_code": "75",
    "postal_code": "33480"
  },
  {
    "name": "Saint-Hilaire-de-la-Noaille",
    "code": "33418",
    "epci_code": "200044394",
    "departement_code": "33",
    "region_code": "75",
    "postal_code": "33190"
  },
  {
    "name": "Saint-Hilaire-du-Bois",
    "code": "33419",
    "epci_code": "200069599",
    "departement_code": "33",
    "region_code": "75",
    "postal_code": "33540"
  },
  {
    "name": "Saint-Hippolyte",
    "code": "33420",
    "epci_code": "200035533",
    "departement_code": "33",
    "region_code": "75",
    "postal_code": "33330"
  },
  {
    "name": "Saint-Jean-de-Blaignac",
    "code": "33421",
    "epci_code": "243301454",
    "departement_code": "33",
    "region_code": "75",
    "postal_code": "33420"
  },
  {
    "name": "Saint-Jean-d’Illac",
    "code": "33422",
    "epci_code": "243301165",
    "departement_code": "33",
    "region_code": "75",
    "postal_code": "33127"
  },
  {
    "name": "Saint-Julien-Beychevelle",
    "code": "33423",
    "epci_code": "200069995",
    "departement_code": "33",
    "region_code": "75",
    "postal_code": "33250"
  },
  {
    "name": "Saint-Laurent-Médoc",
    "code": "33424",
    "epci_code": "200069995",
    "departement_code": "33",
    "region_code": "75",
    "postal_code": "33112"
  },
  {
    "name": "Saint-Laurent-d’Arce",
    "code": "33425",
    "epci_code": "243301223",
    "departement_code": "33",
    "region_code": "75",
    "postal_code": "33240"
  },
  {
    "name": "Saint-Laurent-des-Combes",
    "code": "33426",
    "epci_code": "200035533",
    "departement_code": "33",
    "region_code": "75",
    "postal_code": "33330"
  },
  {
    "name": "Saint-Laurent-du-Bois",
    "code": "33427",
    "epci_code": "200069599",
    "departement_code": "33",
    "region_code": "75",
    "postal_code": "33540"
  },
  {
    "name": "Saint-Laurent-du-Plan",
    "code": "33428",
    "epci_code": "200044394",
    "departement_code": "33",
    "region_code": "75",
    "postal_code": "33190"
  },
  {
    "name": "Saint-Léger-de-Balson",
    "code": "33429",
    "epci_code": "200043974",
    "departement_code": "33",
    "region_code": "75",
    "postal_code": "33113"
  },
  {
    "name": "Saint-Léon",
    "code": "33431",
    "epci_code": "243301215",
    "departement_code": "33",
    "region_code": "75",
    "postal_code": "33670"
  },
  {
    "name": "Saint-Loubert",
    "code": "33432",
    "epci_code": "200043974",
    "departement_code": "33",
    "region_code": "75",
    "postal_code": "33210"
  },
  {
    "name": "Saint-Loubès",
    "code": "33433",
    "epci_code": "243301249",
    "departement_code": "33",
    "region_code": "75",
    "postal_code": "33450"
  },
  {
    "name": "Saint-Louis-de-Montferrand",
    "code": "33434",
    "epci_code": "243300316",
    "departement_code": "33",
    "region_code": "75",
    "postal_code": "33440"
  },
  {
    "name": "Saint-Macaire",
    "code": "33435",
    "epci_code": "200043974",
    "departement_code": "33",
    "region_code": "75",
    "postal_code": "33490"
  },
  {
    "name": "Saint-Magne",
    "code": "33436",
    "epci_code": "243301405",
    "departement_code": "33",
    "region_code": "75",
    "postal_code": "33125"
  },
  {
    "name": "Saint-Magne-de-Castillon",
    "code": "33437",
    "epci_code": "243301454",
    "departement_code": "33",
    "region_code": "75",
    "postal_code": "33350"
  },
  {
    "name": "Saint-Maixant",
    "code": "33438",
    "epci_code": "200043974",
    "departement_code": "33",
    "region_code": "75",
    "postal_code": "33490"
  },
  {
    "name": "Saint-Mariens",
    "code": "33439",
    "epci_code": "243301181",
    "departement_code": "33",
    "region_code": "75",
    "postal_code": "33620"
  },
  {
    "name": "Saint-Martial",
    "code": "33440",
    "epci_code": "200043974",
    "departement_code": "33",
    "region_code": "75",
    "postal_code": "33490"
  },
  {
    "name": "Saint-Martin-Lacaussade",
    "code": "33441",
    "epci_code": "200023794",
    "departement_code": "33",
    "region_code": "75",
    "postal_code": "33390"
  },
  {
    "name": "Saint-Martin-de-Laye",
    "code": "33442",
    "epci_code": "200070092",
    "departement_code": "33",
    "region_code": "75",
    "postal_code": "33910"
  },
  {
    "name": "Saint-Martin-de-Lerm",
    "code": "33443",
    "epci_code": "200069599",
    "departement_code": "33",
    "region_code": "75",
    "postal_code": "33540"
  },
  {
    "name": "Saint-Martin-de-Sescas",
    "code": "33444",
    "epci_code": "200044394",
    "departement_code": "33",
    "region_code": "75",
    "postal_code": "33490"
  },
  {
    "name": "Saint-Martin-du-Bois",
    "code": "33445",
    "epci_code": "200070092",
    "departement_code": "33",
    "region_code": "75",
    "postal_code": "33910"
  },
  {
    "name": "Saint-Martin-du-Puy",
    "code": "33446",
    "epci_code": "200069599",
    "departement_code": "33",
    "region_code": "75",
    "postal_code": "33540"
  },
  {
    "name": "Saint-Médard-de-Guizières",
    "code": "33447",
    "epci_code": "200070092",
    "departement_code": "33",
    "region_code": "75",
    "postal_code": "33230"
  },
  {
    "name": "Saint-Médard-d’Eyrans",
    "code": "33448",
    "epci_code": "243301264",
    "departement_code": "33",
    "region_code": "75",
    "postal_code": "33650"
  },
  {
    "name": "Saint-Médard-en-Jalles",
    "code": "33449",
    "epci_code": "243300316",
    "departement_code": "33",
    "region_code": "75",
    "postal_code": "33160"
  },
  {
    "name": "Saint-Michel-de-Castelnau",
    "code": "33450",
    "epci_code": "200043982",
    "departement_code": "33",
    "region_code": "75",
    "postal_code": "33840"
  },
  {
    "name": "Saint-Michel-de-Fronsac",
    "code": "33451",
    "epci_code": "243301397",
    "departement_code": "33",
    "region_code": "75",
    "postal_code": "33126"
  },
  {
    "name": "Saint-Michel-de-Rieufret",
    "code": "33452",
    "epci_code": "200069581",
    "departement_code": "33",
    "region_code": "75",
    "postal_code": "33720"
  },
  {
    "name": "Saint-Michel-de-Lapujade",
    "code": "33453",
    "epci_code": "200044394",
    "departement_code": "33",
    "region_code": "75",
    "postal_code": "33190"
  },
  {
    "name": "Saint-Morillon",
    "code": "33454",
    "epci_code": "243301264",
    "departement_code": "33",
    "region_code": "75",
    "postal_code": "33650"
  },
  {
    "name": "Saint-Palais",
    "code": "33456",
    "epci_code": "243300811",
    "departement_code": "33",
    "region_code": "75",
    "postal_code": "33820"
  },
  {
    "name": "Saint-Pardon-de-Conques",
    "code": "33457",
    "epci_code": "200043974",
    "departement_code": "33",
    "region_code": "75",
    "postal_code": "33210"
  },
  {
    "name": "Saint-Paul",
    "code": "33458",
    "epci_code": "200023794",
    "departement_code": "33",
    "region_code": "75",
    "postal_code": "33390"
  },
  {
    "name": "Saint-Pey-d’Armens",
    "code": "33459",
    "epci_code": "200035533",
    "departement_code": "33",
    "region_code": "75",
    "postal_code": "33330"
  },
  {
    "name": "Saint-Pey-de-Castets",
    "code": "33460",
    "epci_code": "243301454",
    "departement_code": "33",
    "region_code": "75",
    "postal_code": "33350"
  },
  {
    "name": "Saint-Philippe-d’Aiguille",
    "code": "33461",
    "epci_code": "200035533",
    "departement_code": "33",
    "region_code": "75",
    "postal_code": "33350"
  },
  {
    "name": "Saint-Philippe-du-Seignal",
    "code": "33462",
    "epci_code": "243301371",
    "departement_code": "33",
    "region_code": "75",
    "postal_code": "33220"
  },
  {
    "name": "Saint-Pierre-d’Aurillac",
    "code": "33463",
    "epci_code": "200044394",
    "departement_code": "33",
    "region_code": "75",
    "postal_code": "33490"
  },
  {
    "name": "Saint-Pierre-de-Bat",
    "code": "33464",
    "epci_code": "200069599",
    "departement_code": "33",
    "region_code": "75",
    "postal_code": "33760"
  },
  {
    "name": "Saint-Pierre-de-Mons",
    "code": "33465",
    "epci_code": "200043974",
    "departement_code": "33",
    "region_code": "75",
    "postal_code": "33210"
  },
  {
    "name": "Saint-Quentin-de-Baron",
    "code": "33466",
    "epci_code": "200070092",
    "departement_code": "33",
    "region_code": "75",
    "postal_code": "33750"
  },
  {
    "name": "Saint-Quentin-de-Caplong",
    "code": "33467",
    "epci_code": "243301371",
    "departement_code": "33",
    "region_code": "75",
    "postal_code": "33220"
  },
  {
    "name": "Sainte-Radegonde",
    "code": "33468",
    "epci_code": "243301454",
    "departement_code": "33",
    "region_code": "75",
    "postal_code": "33350"
  },
  {
    "name": "Saint-Romain-la-Virvée",
    "code": "33470",
    "epci_code": "243301397",
    "departement_code": "33",
    "region_code": "75",
    "postal_code": "33240"
  },
  {
    "name": "Saint-Sauveur",
    "code": "33471",
    "epci_code": "200069995",
    "departement_code": "33",
    "region_code": "75",
    "postal_code": "33250"
  },
  {
    "name": "Saint-Sauveur-de-Puynormand",
    "code": "33472",
    "epci_code": "200070092",
    "departement_code": "33",
    "region_code": "75",
    "postal_code": "33660"
  },
  {
    "name": "Saint-Savin",
    "code": "33473",
    "epci_code": "243301181",
    "departement_code": "33",
    "region_code": "75",
    "postal_code": "33920"
  },
  {
    "name": "Saint-Selve",
    "code": "33474",
    "epci_code": "243301264",
    "departement_code": "33",
    "region_code": "75",
    "postal_code": "33650"
  },
  {
    "name": "Saint-Seurin-de-Bourg",
    "code": "33475",
    "epci_code": "200023794",
    "departement_code": "33",
    "region_code": "75",
    "postal_code": "33710"
  },
  {
    "name": "Saint-Seurin-de-Cadourne",
    "code": "33476",
    "epci_code": "200069995",
    "departement_code": "33",
    "region_code": "75",
    "postal_code": "33180"
  },
  {
    "name": "Saint-Seurin-de-Cursac",
    "code": "33477",
    "epci_code": "243300811",
    "departement_code": "33",
    "region_code": "75",
    "postal_code": "33390"
  },
  {
    "name": "Saint-Seurin-sur-l’Isle",
    "code": "33478",
    "epci_code": "200070092",
    "departement_code": "33",
    "region_code": "75",
    "postal_code": "33660"
  },
  {
    "name": "Saint-Sève",
    "code": "33479",
    "epci_code": "200044394",
    "departement_code": "33",
    "region_code": "75",
    "postal_code": "33190"
  },
  {
    "name": "Saint-Sulpice-de-Faleyrens",
    "code": "33480",
    "epci_code": "200035533",
    "departement_code": "33",
    "region_code": "75",
    "postal_code": "33330"
  },
  {
    "name": "Saint-Sulpice-de-Guilleragues",
    "code": "33481",
    "epci_code": "200069599",
    "departement_code": "33",
    "region_code": "75",
    "postal_code": "33580"
  },
  {
    "name": "Saint-Sulpice-de-Pommiers",
    "code": "33482",
    "epci_code": "200069599",
    "departement_code": "33",
    "region_code": "75",
    "postal_code": "33540"
  },
  {
    "name": "Saint-Sulpice-et-Cameyrac",
    "code": "33483",
    "epci_code": "243301249",
    "departement_code": "33",
    "region_code": "75",
    "postal_code": "33450"
  },
  {
    "name": "Saint-Symphorien",
    "code": "33484",
    "epci_code": "200043974",
    "departement_code": "33",
    "region_code": "75",
    "postal_code": "33113"
  },
  {
    "name": "Sainte-Terre",
    "code": "33485",
    "epci_code": "200035533",
    "departement_code": "33",
    "region_code": "75",
    "postal_code": "33350"
  },
  {
    "name": "Saint-Trojan",
    "code": "33486",
    "epci_code": "243301223",
    "departement_code": "33",
    "region_code": "75",
    "postal_code": "33710"
  },
  {
    "name": "Saint-Vincent-de-Paul",
    "code": "33487",
    "epci_code": "243300316",
    "departement_code": "33",
    "region_code": "75",
    "postal_code": "33440"
  },
  {
    "name": "Saint-Vincent-de-Pertignas",
    "code": "33488",
    "epci_code": "243301454",
    "departement_code": "33",
    "region_code": "75",
    "postal_code": "33420"
  },
  {
    "name": "Saint-Vivien-de-Blaye",
    "code": "33489",
    "epci_code": "243301181",
    "departement_code": "33",
    "region_code": "75",
    "postal_code": "33920"
  },
  {
    "name": "Saint-Vivien-de-Médoc",
    "code": "33490",
    "epci_code": "200070720",
    "departement_code": "33",
    "region_code": "75",
    "postal_code": "33590"
  },
  {
    "name": "Saint-Vivien-de-Monségur",
    "code": "33491",
    "epci_code": "200044394",
    "departement_code": "33",
    "region_code": "75",
    "postal_code": "33580"
  },
  {
    "name": "Saint-Yzan-de-Soudiac",
    "code": "33492",
    "epci_code": "243301181",
    "departement_code": "33",
    "region_code": "75",
    "postal_code": "33920"
  },
  {
    "name": "Saint-Yzans-de-Médoc",
    "code": "33493",
    "epci_code": "200069995",
    "departement_code": "33",
    "region_code": "75",
    "postal_code": "33340"
  },
  {
    "name": "Salaunes",
    "code": "33494",
    "epci_code": "243301389",
    "departement_code": "33",
    "region_code": "75",
    "postal_code": "33160"
  },
  {
    "name": "Sallebœuf",
    "code": "33496",
    "epci_code": "243301355",
    "departement_code": "33",
    "region_code": "75",
    "postal_code": "33370"
  },
  {
    "name": "Salles",
    "code": "33498",
    "epci_code": "243301405",
    "departement_code": "33",
    "region_code": "75",
    "postal_code": "33770"
  },
  {
    "name": "Les Salles-de-Castillon",
    "code": "33499",
    "epci_code": "243301454",
    "departement_code": "33",
    "region_code": "75",
    "postal_code": "33350"
  },
  {
    "name": "Samonac",
    "code": "33500",
    "epci_code": "200023794",
    "departement_code": "33",
    "region_code": "75",
    "postal_code": "33710"
  },
  {
    "name": "Saucats",
    "code": "33501",
    "epci_code": "243301264",
    "departement_code": "33",
    "region_code": "75",
    "postal_code": "33650"
  },
  {
    "name": "Saugon",
    "code": "33502",
    "epci_code": "200023794",
    "departement_code": "33",
    "region_code": "75",
    "postal_code": "33920"
  },
  {
    "name": "Saumos",
    "code": "33503",
    "epci_code": "243301389",
    "departement_code": "33",
    "region_code": "75",
    "postal_code": "33680"
  },
  {
    "name": "Sauternes",
    "code": "33504",
    "epci_code": "200043974",
    "departement_code": "33",
    "region_code": "75",
    "postal_code": "33210"
  },
  {
    "name": "La Sauve",
    "code": "33505",
    "epci_code": "243301215",
    "departement_code": "33",
    "region_code": "75",
    "postal_code": "33670"
  },
  {
    "name": "Sauveterre-de-Guyenne",
    "code": "33506",
    "epci_code": "200069599",
    "departement_code": "33",
    "region_code": "75",
    "postal_code": "33540"
  },
  {
    "name": "Sauviac",
    "code": "33507",
    "epci_code": "200043982",
    "departement_code": "33",
    "region_code": "75",
    "postal_code": "33430"
  },
  {
    "name": "Savignac",
    "code": "33508",
    "epci_code": "200044394",
    "departement_code": "33",
    "region_code": "75",
    "postal_code": "33124"
  },
  {
    "name": "Savignac-de-l’Isle",
    "code": "33509",
    "epci_code": "200070092",
    "departement_code": "33",
    "region_code": "75",
    "postal_code": "33910"
  },
  {
    "name": "Semens",
    "code": "33510",
    "epci_code": "200043974",
    "departement_code": "33",
    "region_code": "75",
    "postal_code": "33490"
  },
  {
    "name": "Sendets",
    "code": "33511",
    "epci_code": "200043982",
    "departement_code": "33",
    "region_code": "75",
    "postal_code": "33690"
  },
  {
    "name": "Sigalens",
    "code": "33512",
    "epci_code": "200043982",
    "departement_code": "33",
    "region_code": "75",
    "postal_code": "33690"
  },
  {
    "name": "Sillas",
    "code": "33513",
    "epci_code": "200043982",
    "departement_code": "33",
    "region_code": "75",
    "postal_code": "33690"
  },
  {
    "name": "Soulac-sur-Mer",
    "code": "33514",
    "epci_code": "200070720",
    "departement_code": "33",
    "region_code": "75",
    "postal_code": "33780"
  },
  {
    "name": "Soulignac",
    "code": "33515",
    "epci_code": "200069599",
    "departement_code": "33",
    "region_code": "75",
    "postal_code": "33760"
  },
  {
    "name": "Soussac",
    "code": "33516",
    "epci_code": "200069599",
    "departement_code": "33",
    "region_code": "75",
    "postal_code": "33790"
  },
  {
    "name": "Soussans",
    "code": "33517",
    "epci_code": "243301447",
    "departement_code": "33",
    "region_code": "75",
    "postal_code": "33460"
  },
  {
    "name": "Tabanac",
    "code": "33518",
    "epci_code": "243301439",
    "departement_code": "33",
    "region_code": "75",
    "postal_code": "33550"
  },
  {
    "name": "Le Taillan-Médoc",
    "code": "33519",
    "epci_code": "243300316",
    "departement_code": "33",
    "region_code": "75",
    "postal_code": "33320"
  },
  {
    "name": "Taillecavat",
    "code": "33520",
    "epci_code": "200069599",
    "departement_code": "33",
    "region_code": "75",
    "postal_code": "33580"
  },
  {
    "name": "Talais",
    "code": "33521",
    "epci_code": "200070720",
    "departement_code": "33",
    "region_code": "75",
    "postal_code": "33590"
  },
  {
    "name": "Talence",
    "code": "33522",
    "epci_code": "243300316",
    "departement_code": "33",
    "region_code": "75",
    "postal_code": "33400"
  },
  {
    "name": "Targon",
    "code": "33523",
    "epci_code": "200069599",
    "departement_code": "33",
    "region_code": "75",
    "postal_code": "33760"
  },
  {
    "name": "Tarnès",
    "code": "33524",
    "epci_code": "243301397",
    "departement_code": "33",
    "region_code": "75",
    "postal_code": "33240"
  },
  {
    "name": "Tauriac",
    "code": "33525",
    "epci_code": "243301223",
    "departement_code": "33",
    "region_code": "75",
    "postal_code": "33710"
  },
  {
    "name": "Tayac",
    "code": "33526",
    "epci_code": "200035533",
    "departement_code": "33",
    "region_code": "75",
    "postal_code": "33570"
  },
  {
    "name": "Le Teich",
    "code": "33527",
    "epci_code": "243300563",
    "departement_code": "33",
    "region_code": "75",
    "postal_code": "33470"
  },
  {
    "name": "Le Temple",
    "code": "33528",
    "epci_code": "243301389",
    "departement_code": "33",
    "region_code": "75",
    "postal_code": "33680"
  },
  {
    "name": "La Teste-de-Buch",
    "code": "33529",
    "epci_code": "243300563",
    "departement_code": "33",
    "region_code": "75",
    "postal_code": "33115"
  },
  {
    "name": "La Teste-de-Buch",
    "code": "33529",
    "epci_code": "243300563",
    "departement_code": "33",
    "region_code": "75",
    "postal_code": "33260"
  },
  {
    "name": "Teuillac",
    "code": "33530",
    "epci_code": "243301223",
    "departement_code": "33",
    "region_code": "75",
    "postal_code": "33710"
  },
  {
    "name": "Tizac-de-Curton",
    "code": "33531",
    "epci_code": "200070092",
    "departement_code": "33",
    "region_code": "75",
    "postal_code": "33420"
  },
  {
    "name": "Tizac-de-Lapouyade",
    "code": "33532",
    "epci_code": "200070092",
    "departement_code": "33",
    "region_code": "75",
    "postal_code": "33620"
  },
  {
    "name": "Toulenne",
    "code": "33533",
    "epci_code": "200043974",
    "departement_code": "33",
    "region_code": "75",
    "postal_code": "33210"
  },
  {
    "name": "Le Tourne",
    "code": "33534",
    "epci_code": "243301439",
    "departement_code": "33",
    "region_code": "75",
    "postal_code": "33550"
  },
  {
    "name": "Tresses",
    "code": "33535",
    "epci_code": "243301355",
    "departement_code": "33",
    "region_code": "75",
    "postal_code": "33370"
  },
  {
    "name": "Le Tuzan",
    "code": "33536",
    "epci_code": "200043974",
    "departement_code": "33",
    "region_code": "75",
    "postal_code": "33125"
  },
  {
    "name": "Uzeste",
    "code": "33537",
    "epci_code": "200043974",
    "departement_code": "33",
    "region_code": "75",
    "postal_code": "33730"
  },
  {
    "name": "Valeyrac",
    "code": "33538",
    "epci_code": "200070720",
    "departement_code": "33",
    "region_code": "75",
    "postal_code": "33340"
  },
  {
    "name": "Vayres",
    "code": "33539",
    "epci_code": "200070092",
    "departement_code": "33",
    "region_code": "75",
    "postal_code": "33870"
  },
  {
    "name": "Vendays-Montalivet",
    "code": "33540",
    "epci_code": "200070720",
    "departement_code": "33",
    "region_code": "75",
    "postal_code": "33930"
  },
  {
    "name": "Vensac",
    "code": "33541",
    "epci_code": "200070720",
    "departement_code": "33",
    "region_code": "75",
    "postal_code": "33590"
  },
  {
    "name": "Vérac",
    "code": "33542",
    "epci_code": "243301397",
    "departement_code": "33",
    "region_code": "75",
    "postal_code": "33240"
  },
  {
    "name": "Verdelais",
    "code": "33543",
    "epci_code": "200043974",
    "departement_code": "33",
    "region_code": "75",
    "postal_code": "33490"
  },
  {
    "name": "Le Verdon-sur-Mer",
    "code": "33544",
    "epci_code": "200070720",
    "departement_code": "33",
    "region_code": "75",
    "postal_code": "33123"
  },
  {
    "name": "Vertheuil",
    "code": "33545",
    "epci_code": "200069995",
    "departement_code": "33",
    "region_code": "75",
    "postal_code": "33180"
  },
  {
    "name": "Vignonet",
    "code": "33546",
    "epci_code": "200035533",
    "departement_code": "33",
    "region_code": "75",
    "postal_code": "33330"
  },
  {
    "name": "Villandraut",
    "code": "33547",
    "epci_code": "200043974",
    "departement_code": "33",
    "region_code": "75",
    "postal_code": "33730"
  },
  {
    "name": "Villegouge",
    "code": "33548",
    "epci_code": "243301397",
    "departement_code": "33",
    "region_code": "75",
    "postal_code": "33141"
  },
  {
    "name": "Villenave-de-Rions",
    "code": "33549",
    "epci_code": "243301215",
    "departement_code": "33",
    "region_code": "75",
    "postal_code": "33550"
  },
  {
    "name": "Villenave-d’Ornon",
    "code": "33550",
    "epci_code": "243300316",
    "departement_code": "33",
    "region_code": "75",
    "postal_code": "33140"
  },
  {
    "name": "Villeneuve",
    "code": "33551",
    "epci_code": "200023794",
    "departement_code": "33",
    "region_code": "75",
    "postal_code": "33710"
  },
  {
    "name": "Virelade",
    "code": "33552",
    "epci_code": "200069581",
    "departement_code": "33",
    "region_code": "75",
    "postal_code": "33720"
  },
  {
    "name": "Virsac",
    "code": "33553",
    "epci_code": "243301223",
    "departement_code": "33",
    "region_code": "75",
    "postal_code": "33240"
  },
  {
    "name": "Yvrac",
    "code": "33554",
    "epci_code": "243301249",
    "departement_code": "33",
    "region_code": "75",
    "postal_code": "33370"
  },
  {
    "name": "Marcheprime",
    "code": "33555",
    "epci_code": "243301504",
    "departement_code": "33",
    "region_code": "75",
    "postal_code": "33380"
  }
]