[
  {
    "name": "Aigues-Juntes",
    "code": "09001",
    "epci_code": "200067940",
    "departement_code": "09",
    "region_code": "76",
    "postal_code": "09240"
  },
  {
    "name": "Aigues-Vives",
    "code": "09002",
    "epci_code": "200044469",
    "departement_code": "09",
    "region_code": "76",
    "postal_code": "09600"
  },
  {
    "name": "L’Aiguillon",
    "code": "09003",
    "epci_code": "240900464",
    "departement_code": "09",
    "region_code": "76",
    "postal_code": "09300"
  },
  {
    "name": "Albiès",
    "code": "09004",
    "epci_code": "200066363",
    "departement_code": "09",
    "region_code": "76",
    "postal_code": "09310"
  },
  {
    "name": "Aleu",
    "code": "09005",
    "epci_code": "200067940",
    "departement_code": "09",
    "region_code": "76",
    "postal_code": "09320"
  },
  {
    "name": "Alliat",
    "code": "09006",
    "epci_code": "240900431",
    "departement_code": "09",
    "region_code": "76",
    "postal_code": "09400"
  },
  {
    "name": "Allières",
    "code": "09007",
    "epci_code": "200067940",
    "departement_code": "09",
    "region_code": "76",
    "postal_code": "09240"
  },
  {
    "name": "Alos",
    "code": "09008",
    "epci_code": "200067940",
    "departement_code": "09",
    "region_code": "76",
    "postal_code": "09200"
  },
  {
    "name": "Alzen",
    "code": "09009",
    "epci_code": "200067940",
    "departement_code": "09",
    "region_code": "76",
    "postal_code": "09240"
  },
  {
    "name": "Antras",
    "code": "09011",
    "epci_code": "200067940",
    "departement_code": "09",
    "region_code": "76",
    "postal_code": "09800"
  },
  {
    "name": "Appy",
    "code": "09012",
    "epci_code": "200066363",
    "departement_code": "09",
    "region_code": "76",
    "postal_code": "09250"
  },
  {
    "name": "Arabaux",
    "code": "09013",
    "epci_code": "200067791",
    "departement_code": "09",
    "region_code": "76",
    "postal_code": "09000"
  },
  {
    "name": "Argein",
    "code": "09014",
    "epci_code": "200067940",
    "departement_code": "09",
    "region_code": "76",
    "postal_code": "09800"
  },
  {
    "name": "Arignac",
    "code": "09015",
    "epci_code": "240900431",
    "departement_code": "09",
    "region_code": "76",
    "postal_code": "09400"
  },
  {
    "name": "Arnave",
    "code": "09016",
    "epci_code": "240900431",
    "departement_code": "09",
    "region_code": "76",
    "postal_code": "09400"
  },
  {
    "name": "Arrien-en-Bethmale",
    "code": "09017",
    "epci_code": "200067940",
    "departement_code": "09",
    "region_code": "76",
    "postal_code": "09800"
  },
  {
    "name": "Arrout",
    "code": "09018",
    "epci_code": "200067940",
    "departement_code": "09",
    "region_code": "76",
    "postal_code": "09800"
  },
  {
    "name": "Artigat",
    "code": "09019",
    "epci_code": "200066223",
    "departement_code": "09",
    "region_code": "76",
    "postal_code": "09130"
  },
  {
    "name": "Artigues",
    "code": "09020",
    "epci_code": "200066363",
    "departement_code": "09",
    "region_code": "76",
    "postal_code": "09460"
  },
  {
    "name": "Artix",
    "code": "09021",
    "epci_code": "200067791",
    "departement_code": "09",
    "region_code": "76",
    "postal_code": "09120"
  },
  {
    "name": "Arvigna",
    "code": "09022",
    "epci_code": "200066231",
    "departement_code": "09",
    "region_code": "76",
    "postal_code": "09100"
  },
  {
    "name": "Ascou",
    "code": "09023",
    "epci_code": "200066363",
    "departement_code": "09",
    "region_code": "76",
    "postal_code": "09110"
  },
  {
    "name": "Aston",
    "code": "09024",
    "epci_code": "200066363",
    "departement_code": "09",
    "region_code": "76",
    "postal_code": "09310"
  },
  {
    "name": "Aucazein",
    "code": "09025",
    "epci_code": "200067940",
    "departement_code": "09",
    "region_code": "76",
    "postal_code": "09800"
  },
  {
    "name": "Audressein",
    "code": "09026",
    "epci_code": "200067940",
    "departement_code": "09",
    "region_code": "76",
    "postal_code": "09800"
  },
  {
    "name": "Augirein",
    "code": "09027",
    "epci_code": "200067940",
    "departement_code": "09",
    "region_code": "76",
    "postal_code": "09800"
  },
  {
    "name": "Aulus-les-Bains",
    "code": "09029",
    "epci_code": "200067940",
    "departement_code": "09",
    "region_code": "76",
    "postal_code": "09140"
  },
  {
    "name": "Auzat",
    "code": "09030",
    "epci_code": "200066363",
    "departement_code": "09",
    "region_code": "76",
    "postal_code": "09220"
  },
  {
    "name": "Axiat",
    "code": "09031",
    "epci_code": "200066363",
    "departement_code": "09",
    "region_code": "76",
    "postal_code": "09250"
  },
  {
    "name": "Ax-les-Thermes",
    "code": "09032",
    "epci_code": "200066363",
    "departement_code": "09",
    "region_code": "76",
    "postal_code": "09110"
  },
  {
    "name": "Bagert",
    "code": "09033",
    "epci_code": "200067940",
    "departement_code": "09",
    "region_code": "76",
    "postal_code": "09230"
  },
  {
    "name": "Balacet",
    "code": "09034",
    "epci_code": "200067940",
    "departement_code": "09",
    "region_code": "76",
    "postal_code": "09800"
  },
  {
    "name": "Balaguères",
    "code": "09035",
    "epci_code": "200067940",
    "departement_code": "09",
    "region_code": "76",
    "postal_code": "09800"
  },
  {
    "name": "Barjac",
    "code": "09037",
    "epci_code": "200067940",
    "departement_code": "09",
    "region_code": "76",
    "postal_code": "09230"
  },
  {
    "name": "La Bastide-de-Besplas",
    "code": "09038",
    "epci_code": "200066223",
    "departement_code": "09",
    "region_code": "76",
    "postal_code": "09350"
  },
  {
    "name": "La Bastide-de-Bousignac",
    "code": "09039",
    "epci_code": "200044469",
    "departement_code": "09",
    "region_code": "76",
    "postal_code": "09500"
  },
  {
    "name": "La Bastide-de-Lordat",
    "code": "09040",
    "epci_code": "200066231",
    "departement_code": "09",
    "region_code": "76",
    "postal_code": "09700"
  },
  {
    "name": "La Bastide-du-Salat",
    "code": "09041",
    "epci_code": "200067940",
    "departement_code": "09",
    "region_code": "76",
    "postal_code": "09160"
  },
  {
    "name": "La Bastide-de-Sérou",
    "code": "09042",
    "epci_code": "200067940",
    "departement_code": "09",
    "region_code": "76",
    "postal_code": "09240"
  },
  {
    "name": "La Bastide-sur-l’Hers",
    "code": "09043",
    "epci_code": "200044469",
    "departement_code": "09",
    "region_code": "76",
    "postal_code": "09600"
  },
  {
    "name": "Baulou",
    "code": "09044",
    "epci_code": "200067791",
    "departement_code": "09",
    "region_code": "76",
    "postal_code": "09000"
  },
  {
    "name": "Bédeilhac-et-Aynat",
    "code": "09045",
    "epci_code": "240900431",
    "departement_code": "09",
    "region_code": "76",
    "postal_code": "09400"
  },
  {
    "name": "Bédeille",
    "code": "09046",
    "epci_code": "200067940",
    "departement_code": "09",
    "region_code": "76",
    "postal_code": "09230"
  },
  {
    "name": "Bélesta",
    "code": "09047",
    "epci_code": "240900464",
    "departement_code": "09",
    "region_code": "76",
    "postal_code": "09300"
  },
  {
    "name": "Belloc",
    "code": "09048",
    "epci_code": "200044469",
    "departement_code": "09",
    "region_code": "76",
    "postal_code": "09600"
  },
  {
    "name": "Bénac",
    "code": "09049",
    "epci_code": "200067791",
    "departement_code": "09",
    "region_code": "76",
    "postal_code": "09000"
  },
  {
    "name": "Benagues",
    "code": "09050",
    "epci_code": "200066231",
    "departement_code": "09",
    "region_code": "76",
    "postal_code": "09100"
  },
  {
    "name": "Bénaix",
    "code": "09051",
    "epci_code": "240900464",
    "departement_code": "09",
    "region_code": "76",
    "postal_code": "09300"
  },
  {
    "name": "Besset",
    "code": "09052",
    "epci_code": "200044469",
    "departement_code": "09",
    "region_code": "76",
    "postal_code": "09500"
  },
  {
    "name": "Bestiac",
    "code": "09053",
    "epci_code": "200066363",
    "departement_code": "09",
    "region_code": "76",
    "postal_code": "09250"
  },
  {
    "name": "Betchat",
    "code": "09054",
    "epci_code": "200067940",
    "departement_code": "09",
    "region_code": "76",
    "postal_code": "09160"
  },
  {
    "name": "Bethmale",
    "code": "09055",
    "epci_code": "200067940",
    "departement_code": "09",
    "region_code": "76",
    "postal_code": "09800"
  },
  {
    "name": "Bézac",
    "code": "09056",
    "epci_code": "200066231",
    "departement_code": "09",
    "region_code": "76",
    "postal_code": "09100"
  },
  {
    "name": "Biert",
    "code": "09057",
    "epci_code": "200067940",
    "departement_code": "09",
    "region_code": "76",
    "postal_code": "09320"
  },
  {
    "name": "Bompas",
    "code": "09058",
    "epci_code": "240900431",
    "departement_code": "09",
    "region_code": "76",
    "postal_code": "09400"
  },
  {
    "name": "Bonac-Irazein",
    "code": "09059",
    "epci_code": "200067940",
    "departement_code": "09",
    "region_code": "76",
    "postal_code": "09800"
  },
  {
    "name": "Bonnac",
    "code": "09060",
    "epci_code": "200066231",
    "departement_code": "09",
    "region_code": "76",
    "postal_code": "09100"
  },
  {
    "name": "Les Bordes-sur-Arize",
    "code": "09061",
    "epci_code": "200066223",
    "departement_code": "09",
    "region_code": "76",
    "postal_code": "09350"
  },
  {
    "name": "Bordes-Uchentein",
    "code": "09062",
    "epci_code": "200067940",
    "departement_code": "09",
    "region_code": "76",
    "postal_code": "09800"
  },
  {
    "name": "Le Bosc",
    "code": "09063",
    "epci_code": "200067791",
    "departement_code": "09",
    "region_code": "76",
    "postal_code": "09000"
  },
  {
    "name": "Bouan",
    "code": "09064",
    "epci_code": "200066363",
    "departement_code": "09",
    "region_code": "76",
    "postal_code": "09310"
  },
  {
    "name": "Boussenac",
    "code": "09065",
    "epci_code": "200067940",
    "departement_code": "09",
    "region_code": "76",
    "postal_code": "09320"
  },
  {
    "name": "Brassac",
    "code": "09066",
    "epci_code": "200067791",
    "departement_code": "09",
    "region_code": "76",
    "postal_code": "09000"
  },
  {
    "name": "Brie",
    "code": "09067",
    "epci_code": "200066231",
    "departement_code": "09",
    "region_code": "76",
    "postal_code": "09700"
  },
  {
    "name": "Burret",
    "code": "09068",
    "epci_code": "200067791",
    "departement_code": "09",
    "region_code": "76",
    "postal_code": "09000"
  },
  {
    "name": "Buzan",
    "code": "09069",
    "epci_code": "200067940",
    "departement_code": "09",
    "region_code": "76",
    "postal_code": "09800"
  },
  {
    "name": "Les Cabannes",
    "code": "09070",
    "epci_code": "200066363",
    "departement_code": "09",
    "region_code": "76",
    "postal_code": "09310"
  },
  {
    "name": "Cadarcet",
    "code": "09071",
    "epci_code": "200067940",
    "departement_code": "09",
    "region_code": "76",
    "postal_code": "09240"
  },
  {
    "name": "Calzan",
    "code": "09072",
    "epci_code": "200067791",
    "departement_code": "09",
    "region_code": "76",
    "postal_code": "09120"
  },
  {
    "name": "Camarade",
    "code": "09073",
    "epci_code": "200066223",
    "departement_code": "09",
    "region_code": "76",
    "postal_code": "09290"
  },
  {
    "name": "Camon",
    "code": "09074",
    "epci_code": "200044469",
    "departement_code": "09",
    "region_code": "76",
    "postal_code": "09500"
  },
  {
    "name": "Campagne-sur-Arize",
    "code": "09075",
    "epci_code": "200066223",
    "departement_code": "09",
    "region_code": "76",
    "postal_code": "09350"
  },
  {
    "name": "Canté",
    "code": "09076",
    "epci_code": "200066231",
    "departement_code": "09",
    "region_code": "76",
    "postal_code": "09700"
  },
  {
    "name": "Capoulet-et-Junac",
    "code": "09077",
    "epci_code": "240900431",
    "departement_code": "09",
    "region_code": "76",
    "postal_code": "09400"
  },
  {
    "name": "Carcanières",
    "code": "09078",
    "epci_code": "200066363",
    "departement_code": "09",
    "region_code": "76",
    "postal_code": "09460"
  },
  {
    "name": "Carla-Bayle",
    "code": "09079",
    "epci_code": "200066223",
    "departement_code": "09",
    "region_code": "76",
    "postal_code": "09130"
  },
  {
    "name": "Carla-de-Roquefort",
    "code": "09080",
    "epci_code": "240900464",
    "departement_code": "09",
    "region_code": "76",
    "postal_code": "09300"
  },
  {
    "name": "Le Carlaret",
    "code": "09081",
    "epci_code": "200066231",
    "departement_code": "09",
    "region_code": "76",
    "postal_code": "09100"
  },
  {
    "name": "Castelnau-Durban",
    "code": "09082",
    "epci_code": "200067940",
    "departement_code": "09",
    "region_code": "76",
    "postal_code": "09420"
  },
  {
    "name": "Castéras",
    "code": "09083",
    "epci_code": "200066223",
    "departement_code": "09",
    "region_code": "76",
    "postal_code": "09130"
  },
  {
    "name": "Castex",
    "code": "09084",
    "epci_code": "200066223",
    "departement_code": "09",
    "region_code": "76",
    "postal_code": "09350"
  },
  {
    "name": "Castillon-en-Couserans",
    "code": "09085",
    "epci_code": "200067940",
    "departement_code": "09",
    "region_code": "76",
    "postal_code": "09800"
  },
  {
    "name": "Caumont",
    "code": "09086",
    "epci_code": "200067940",
    "departement_code": "09",
    "region_code": "76",
    "postal_code": "09160"
  },
  {
    "name": "Caussou",
    "code": "09087",
    "epci_code": "200066363",
    "departement_code": "09",
    "region_code": "76",
    "postal_code": "09250"
  },
  {
    "name": "Caychax-et-Senconac",
    "code": "09088",
    "epci_code": "200066363",
    "departement_code": "09",
    "region_code": "76",
    "postal_code": "09250"
  },
  {
    "name": "Cazals-des-Baylès",
    "code": "09089",
    "epci_code": "200044469",
    "departement_code": "09",
    "region_code": "76",
    "postal_code": "09500"
  },
  {
    "name": "Cazaux",
    "code": "09090",
    "epci_code": "200067791",
    "departement_code": "09",
    "region_code": "76",
    "postal_code": "09120"
  },
  {
    "name": "Cazavet",
    "code": "09091",
    "epci_code": "200067940",
    "departement_code": "09",
    "region_code": "76",
    "postal_code": "09160"
  },
  {
    "name": "Cazenave-Serres-et-Allens",
    "code": "09092",
    "epci_code": "240900431",
    "departement_code": "09",
    "region_code": "76",
    "postal_code": "09400"
  },
  {
    "name": "Celles",
    "code": "09093",
    "epci_code": "200067791",
    "departement_code": "09",
    "region_code": "76",
    "postal_code": "09000"
  },
  {
    "name": "Cérizols",
    "code": "09094",
    "epci_code": "200067940",
    "departement_code": "09",
    "region_code": "76",
    "postal_code": "09230"
  },
  {
    "name": "Cescau",
    "code": "09095",
    "epci_code": "200067940",
    "departement_code": "09",
    "region_code": "76",
    "postal_code": "09800"
  },
  {
    "name": "Château-Verdun",
    "code": "09096",
    "epci_code": "200066363",
    "departement_code": "09",
    "region_code": "76",
    "postal_code": "09310"
  },
  {
    "name": "Clermont",
    "code": "09097",
    "epci_code": "200067940",
    "departement_code": "09",
    "region_code": "76",
    "postal_code": "09420"
  },
  {
    "name": "Contrazy",
    "code": "09098",
    "epci_code": "200067940",
    "departement_code": "09",
    "region_code": "76",
    "postal_code": "09230"
  },
  {
    "name": "Cos",
    "code": "09099",
    "epci_code": "200067791",
    "departement_code": "09",
    "region_code": "76",
    "postal_code": "09000"
  },
  {
    "name": "Couflens",
    "code": "09100",
    "epci_code": "200067940",
    "departement_code": "09",
    "region_code": "76",
    "postal_code": "09140"
  },
  {
    "name": "Coussa",
    "code": "09101",
    "epci_code": "200067791",
    "departement_code": "09",
    "region_code": "76",
    "postal_code": "09120"
  },
  {
    "name": "Coutens",
    "code": "09102",
    "epci_code": "200044469",
    "departement_code": "09",
    "region_code": "76",
    "postal_code": "09500"
  },
  {
    "name": "Crampagna",
    "code": "09103",
    "epci_code": "200067791",
    "departement_code": "09",
    "region_code": "76",
    "postal_code": "09120"
  },
  {
    "name": "Dalou",
    "code": "09104",
    "epci_code": "200067791",
    "departement_code": "09",
    "region_code": "76",
    "postal_code": "09120"
  },
  {
    "name": "Daumazan-sur-Arize",
    "code": "09105",
    "epci_code": "200066223",
    "departement_code": "09",
    "region_code": "76",
    "postal_code": "09350"
  },
  {
    "name": "Dreuilhe",
    "code": "09106",
    "epci_code": "240900464",
    "departement_code": "09",
    "region_code": "76",
    "postal_code": "09300"
  },
  {
    "name": "Dun",
    "code": "09107",
    "epci_code": "200044469",
    "departement_code": "09",
    "region_code": "76",
    "postal_code": "09600"
  },
  {
    "name": "Durban-sur-Arize",
    "code": "09108",
    "epci_code": "200067940",
    "departement_code": "09",
    "region_code": "76",
    "postal_code": "09240"
  },
  {
    "name": "Durfort",
    "code": "09109",
    "epci_code": "200066223",
    "departement_code": "09",
    "region_code": "76",
    "postal_code": "09130"
  },
  {
    "name": "Encourtiech",
    "code": "09110",
    "epci_code": "200067940",
    "departement_code": "09",
    "region_code": "76",
    "postal_code": "09200"
  },
  {
    "name": "Engomer",
    "code": "09111",
    "epci_code": "200067940",
    "departement_code": "09",
    "region_code": "76",
    "postal_code": "09800"
  },
  {
    "name": "Ercé",
    "code": "09113",
    "epci_code": "200067940",
    "departement_code": "09",
    "region_code": "76",
    "postal_code": "09140"
  },
  {
    "name": "Erp",
    "code": "09114",
    "epci_code": "200067940",
    "departement_code": "09",
    "region_code": "76",
    "postal_code": "09200"
  },
  {
    "name": "Esclagne",
    "code": "09115",
    "epci_code": "200044469",
    "departement_code": "09",
    "region_code": "76",
    "postal_code": "09600"
  },
  {
    "name": "Escosse",
    "code": "09116",
    "epci_code": "200066231",
    "departement_code": "09",
    "region_code": "76",
    "postal_code": "09100"
  },
  {
    "name": "Esplas",
    "code": "09117",
    "epci_code": "200066231",
    "departement_code": "09",
    "region_code": "76",
    "postal_code": "09700"
  },
  {
    "name": "Esplas-de-Sérou",
    "code": "09118",
    "epci_code": "200067940",
    "departement_code": "09",
    "region_code": "76",
    "postal_code": "09420"
  },
  {
    "name": "Eycheil",
    "code": "09119",
    "epci_code": "200067940",
    "departement_code": "09",
    "region_code": "76",
    "postal_code": "09200"
  },
  {
    "name": "Fabas",
    "code": "09120",
    "epci_code": "200067940",
    "departement_code": "09",
    "region_code": "76",
    "postal_code": "09230"
  },
  {
    "name": "Ferrières-sur-Ariège",
    "code": "09121",
    "epci_code": "200067791",
    "departement_code": "09",
    "region_code": "76",
    "postal_code": "09000"
  },
  {
    "name": "Foix",
    "code": "09122",
    "epci_code": "200067791",
    "departement_code": "09",
    "region_code": "76",
    "postal_code": "09000"
  },
  {
    "name": "Fornex",
    "code": "09123",
    "epci_code": "200066223",
    "departement_code": "09",
    "region_code": "76",
    "postal_code": "09350"
  },
  {
    "name": "Le Fossat",
    "code": "09124",
    "epci_code": "200066223",
    "departement_code": "09",
    "region_code": "76",
    "postal_code": "09130"
  },
  {
    "name": "Fougax-et-Barrineuf",
    "code": "09125",
    "epci_code": "240900464",
    "departement_code": "09",
    "region_code": "76",
    "postal_code": "09300"
  },
  {
    "name": "Freychenet",
    "code": "09126",
    "epci_code": "240900464",
    "departement_code": "09",
    "region_code": "76",
    "postal_code": "09300"
  },
  {
    "name": "Gabre",
    "code": "09127",
    "epci_code": "200066223",
    "departement_code": "09",
    "region_code": "76",
    "postal_code": "09290"
  },
  {
    "name": "Gajan",
    "code": "09128",
    "epci_code": "200067940",
    "departement_code": "09",
    "region_code": "76",
    "postal_code": "09190"
  },
  {
    "name": "Galey",
    "code": "09129",
    "epci_code": "200067940",
    "departement_code": "09",
    "region_code": "76",
    "postal_code": "09800"
  },
  {
    "name": "Ganac",
    "code": "09130",
    "epci_code": "200067791",
    "departement_code": "09",
    "region_code": "76",
    "postal_code": "09000"
  },
  {
    "name": "Garanou",
    "code": "09131",
    "epci_code": "200066363",
    "departement_code": "09",
    "region_code": "76",
    "postal_code": "09250"
  },
  {
    "name": "Gaudiès",
    "code": "09132",
    "epci_code": "200066231",
    "departement_code": "09",
    "region_code": "76",
    "postal_code": "09700"
  },
  {
    "name": "Génat",
    "code": "09133",
    "epci_code": "240900431",
    "departement_code": "09",
    "region_code": "76",
    "postal_code": "09400"
  },
  {
    "name": "Gestiès",
    "code": "09134",
    "epci_code": "200066363",
    "departement_code": "09",
    "region_code": "76",
    "postal_code": "09220"
  },
  {
    "name": "Gourbit",
    "code": "09136",
    "epci_code": "240900431",
    "departement_code": "09",
    "region_code": "76",
    "postal_code": "09400"
  },
  {
    "name": "Gudas",
    "code": "09137",
    "epci_code": "200067791",
    "departement_code": "09",
    "region_code": "76",
    "postal_code": "09120"
  },
  {
    "name": "L’Herm",
    "code": "09138",
    "epci_code": "200067791",
    "departement_code": "09",
    "region_code": "76",
    "postal_code": "09000"
  },
  {
    "name": "L’Hospitalet-près-l’Andorre",
    "code": "09139",
    "epci_code": "200066363",
    "departement_code": "09",
    "region_code": "76",
    "postal_code": "09390"
  },
  {
    "name": "Ignaux",
    "code": "09140",
    "epci_code": "200066363",
    "departement_code": "09",
    "region_code": "76",
    "postal_code": "09110"
  },
  {
    "name": "Illartein",
    "code": "09141",
    "epci_code": "200067940",
    "departement_code": "09",
    "region_code": "76",
    "postal_code": "09800"
  },
  {
    "name": "Ilhat",
    "code": "09142",
    "epci_code": "240900464",
    "departement_code": "09",
    "region_code": "76",
    "postal_code": "09300"
  },
  {
    "name": "Illier-et-Laramade",
    "code": "09143",
    "epci_code": "200066363",
    "departement_code": "09",
    "region_code": "76",
    "postal_code": "09220"
  },
  {
    "name": "Les Issards",
    "code": "09145",
    "epci_code": "200066231",
    "departement_code": "09",
    "region_code": "76",
    "postal_code": "09100"
  },
  {
    "name": "Justiniac",
    "code": "09146",
    "epci_code": "200066231",
    "departement_code": "09",
    "region_code": "76",
    "postal_code": "09700"
  },
  {
    "name": "Labatut",
    "code": "09147",
    "epci_code": "200066231",
    "departement_code": "09",
    "region_code": "76",
    "postal_code": "09700"
  },
  {
    "name": "Lacave",
    "code": "09148",
    "epci_code": "200067940",
    "departement_code": "09",
    "region_code": "76",
    "postal_code": "09160"
  },
  {
    "name": "Lacourt",
    "code": "09149",
    "epci_code": "200067940",
    "departement_code": "09",
    "region_code": "76",
    "postal_code": "09200"
  },
  {
    "name": "Lagarde",
    "code": "09150",
    "epci_code": "200044469",
    "departement_code": "09",
    "region_code": "76",
    "postal_code": "09500"
  },
  {
    "name": "Lanoux",
    "code": "09151",
    "epci_code": "200066223",
    "departement_code": "09",
    "region_code": "76",
    "postal_code": "09130"
  },
  {
    "name": "Lapège",
    "code": "09152",
    "epci_code": "240900431",
    "departement_code": "09",
    "region_code": "76",
    "postal_code": "09400"
  },
  {
    "name": "Lapenne",
    "code": "09153",
    "epci_code": "200044469",
    "departement_code": "09",
    "region_code": "76",
    "postal_code": "09500"
  },
  {
    "name": "Larbont",
    "code": "09154",
    "epci_code": "200067940",
    "departement_code": "09",
    "region_code": "76",
    "postal_code": "09240"
  },
  {
    "name": "Larcat",
    "code": "09155",
    "epci_code": "200066363",
    "departement_code": "09",
    "region_code": "76",
    "postal_code": "09310"
  },
  {
    "name": "Larnat",
    "code": "09156",
    "epci_code": "200066363",
    "departement_code": "09",
    "region_code": "76",
    "postal_code": "09310"
  },
  {
    "name": "Laroque-d’Olmes",
    "code": "09157",
    "epci_code": "240900464",
    "departement_code": "09",
    "region_code": "76",
    "postal_code": "09600"
  },
  {
    "name": "Lasserre",
    "code": "09158",
    "epci_code": "200067940",
    "departement_code": "09",
    "region_code": "76",
    "postal_code": "09230"
  },
  {
    "name": "Lassur",
    "code": "09159",
    "epci_code": "200066363",
    "departement_code": "09",
    "region_code": "76",
    "postal_code": "09310"
  },
  {
    "name": "Lavelanet",
    "code": "09160",
    "epci_code": "240900464",
    "departement_code": "09",
    "region_code": "76",
    "postal_code": "09300"
  },
  {
    "name": "Léran",
    "code": "09161",
    "epci_code": "200044469",
    "departement_code": "09",
    "region_code": "76",
    "postal_code": "09600"
  },
  {
    "name": "Lercoul",
    "code": "09162",
    "epci_code": "200066363",
    "departement_code": "09",
    "region_code": "76",
    "postal_code": "09220"
  },
  {
    "name": "Lescousse",
    "code": "09163",
    "epci_code": "200066231",
    "departement_code": "09",
    "region_code": "76",
    "postal_code": "09100"
  },
  {
    "name": "Lescure",
    "code": "09164",
    "epci_code": "200067940",
    "departement_code": "09",
    "region_code": "76",
    "postal_code": "09420"
  },
  {
    "name": "Lesparrou",
    "code": "09165",
    "epci_code": "240900464",
    "departement_code": "09",
    "region_code": "76",
    "postal_code": "09300"
  },
  {
    "name": "Leychert",
    "code": "09166",
    "epci_code": "240900464",
    "departement_code": "09",
    "region_code": "76",
    "postal_code": "09300"
  },
  {
    "name": "Lézat-sur-Lèze",
    "code": "09167",
    "epci_code": "200066223",
    "departement_code": "09",
    "region_code": "76",
    "postal_code": "09210"
  },
  {
    "name": "Lieurac",
    "code": "09168",
    "epci_code": "240900464",
    "departement_code": "09",
    "region_code": "76",
    "postal_code": "09300"
  },
  {
    "name": "Limbrassac",
    "code": "09169",
    "epci_code": "200044469",
    "departement_code": "09",
    "region_code": "76",
    "postal_code": "09600"
  },
  {
    "name": "Lissac",
    "code": "09170",
    "epci_code": "200066231",
    "departement_code": "09",
    "region_code": "76",
    "postal_code": "09700"
  },
  {
    "name": "Lordat",
    "code": "09171",
    "epci_code": "200066363",
    "departement_code": "09",
    "region_code": "76",
    "postal_code": "09250"
  },
  {
    "name": "Loubaut",
    "code": "09172",
    "epci_code": "200066223",
    "departement_code": "09",
    "region_code": "76",
    "postal_code": "09350"
  },
  {
    "name": "Loubens",
    "code": "09173",
    "epci_code": "200067791",
    "departement_code": "09",
    "region_code": "76",
    "postal_code": "09120"
  },
  {
    "name": "Loubières",
    "code": "09174",
    "epci_code": "200067791",
    "departement_code": "09",
    "region_code": "76",
    "postal_code": "09000"
  },
  {
    "name": "Ludiès",
    "code": "09175",
    "epci_code": "200066231",
    "departement_code": "09",
    "region_code": "76",
    "postal_code": "09100"
  },
  {
    "name": "Luzenac",
    "code": "09176",
    "epci_code": "200066363",
    "departement_code": "09",
    "region_code": "76",
    "postal_code": "09250"
  },
  {
    "name": "Madière",
    "code": "09177",
    "epci_code": "200066231",
    "departement_code": "09",
    "region_code": "76",
    "postal_code": "09100"
  },
  {
    "name": "Malegoude",
    "code": "09178",
    "epci_code": "200044469",
    "departement_code": "09",
    "region_code": "76",
    "postal_code": "09500"
  },
  {
    "name": "Malléon",
    "code": "09179",
    "epci_code": "200067791",
    "departement_code": "09",
    "region_code": "76",
    "postal_code": "09120"
  },
  {
    "name": "Manses",
    "code": "09180",
    "epci_code": "200044469",
    "departement_code": "09",
    "region_code": "76",
    "postal_code": "09500"
  },
  {
    "name": "Le Mas-d’Azil",
    "code": "09181",
    "epci_code": "200066223",
    "departement_code": "09",
    "region_code": "76",
    "postal_code": "09290"
  },
  {
    "name": "Massat",
    "code": "09182",
    "epci_code": "200067940",
    "departement_code": "09",
    "region_code": "76",
    "postal_code": "09320"
  },
  {
    "name": "Mauvezin-de-Prat",
    "code": "09183",
    "epci_code": "200067940",
    "departement_code": "09",
    "region_code": "76",
    "postal_code": "09160"
  },
  {
    "name": "Mauvezin-de-Sainte-Croix",
    "code": "09184",
    "epci_code": "200067940",
    "departement_code": "09",
    "region_code": "76",
    "postal_code": "09230"
  },
  {
    "name": "Mazères",
    "code": "09185",
    "epci_code": "200066231",
    "departement_code": "09",
    "region_code": "76",
    "postal_code": "09270"
  },
  {
    "name": "Méras",
    "code": "09186",
    "epci_code": "200066223",
    "departement_code": "09",
    "region_code": "76",
    "postal_code": "09350"
  },
  {
    "name": "Mercenac",
    "code": "09187",
    "epci_code": "200067940",
    "departement_code": "09",
    "region_code": "76",
    "postal_code": "09160"
  },
  {
    "name": "Mercus-Garrabet",
    "code": "09188",
    "epci_code": "240900431",
    "departement_code": "09",
    "region_code": "76",
    "postal_code": "09400"
  },
  {
    "name": "Mérens-les-Vals",
    "code": "09189",
    "epci_code": "200066363",
    "departement_code": "09",
    "region_code": "76",
    "postal_code": "09110"
  },
  {
    "name": "Mérigon",
    "code": "09190",
    "epci_code": "200067940",
    "departement_code": "09",
    "region_code": "76",
    "postal_code": "09230"
  },
  {
    "name": "Miglos",
    "code": "09192",
    "epci_code": "240900431",
    "departement_code": "09",
    "region_code": "76",
    "postal_code": "09400"
  },
  {
    "name": "Mijanès",
    "code": "09193",
    "epci_code": "200066363",
    "departement_code": "09",
    "region_code": "76",
    "postal_code": "09460"
  },
  {
    "name": "Mirepoix",
    "code": "09194",
    "epci_code": "200044469",
    "departement_code": "09",
    "region_code": "76",
    "postal_code": "09500"
  },
  {
    "name": "Monesple",
    "code": "09195",
    "epci_code": "200066223",
    "departement_code": "09",
    "region_code": "76",
    "postal_code": "09130"
  },
  {
    "name": "Montagagne",
    "code": "09196",
    "epci_code": "200067940",
    "departement_code": "09",
    "region_code": "76",
    "postal_code": "09240"
  },
  {
    "name": "Montaillou",
    "code": "09197",
    "epci_code": "200066363",
    "departement_code": "09",
    "region_code": "76",
    "postal_code": "09110"
  },
  {
    "name": "Montardit",
    "code": "09198",
    "epci_code": "200067940",
    "departement_code": "09",
    "region_code": "76",
    "postal_code": "09230"
  },
  {
    "name": "Montaut",
    "code": "09199",
    "epci_code": "200066231",
    "departement_code": "09",
    "region_code": "76",
    "postal_code": "09700"
  },
  {
    "name": "Montbel",
    "code": "09200",
    "epci_code": "200044469",
    "departement_code": "09",
    "region_code": "76",
    "postal_code": "09600"
  },
  {
    "name": "Montégut-en-Couserans",
    "code": "09201",
    "epci_code": "200067940",
    "departement_code": "09",
    "region_code": "76",
    "postal_code": "09200"
  },
  {
    "name": "Montégut-Plantaurel",
    "code": "09202",
    "epci_code": "200067791",
    "departement_code": "09",
    "region_code": "76",
    "postal_code": "09120"
  },
  {
    "name": "Montels",
    "code": "09203",
    "epci_code": "200067940",
    "departement_code": "09",
    "region_code": "76",
    "postal_code": "09240"
  },
  {
    "name": "Montesquieu-Avantès",
    "code": "09204",
    "epci_code": "200067940",
    "departement_code": "09",
    "region_code": "76",
    "postal_code": "09200"
  },
  {
    "name": "Montfa",
    "code": "09205",
    "epci_code": "200066223",
    "departement_code": "09",
    "region_code": "76",
    "postal_code": "09350"
  },
  {
    "name": "Montferrier",
    "code": "09206",
    "epci_code": "240900464",
    "departement_code": "09",
    "region_code": "76",
    "postal_code": "09300"
  },
  {
    "name": "Montgailhard",
    "code": "09207",
    "epci_code": "200067791",
    "departement_code": "09",
    "region_code": "76",
    "postal_code": "09330"
  },
  {
    "name": "Montgauch",
    "code": "09208",
    "epci_code": "200067940",
    "departement_code": "09",
    "region_code": "76",
    "postal_code": "09160"
  },
  {
    "name": "Montjoie-en-Couserans",
    "code": "09209",
    "epci_code": "200067940",
    "departement_code": "09",
    "region_code": "76",
    "postal_code": "09200"
  },
  {
    "name": "Montoulieu",
    "code": "09210",
    "epci_code": "200067791",
    "departement_code": "09",
    "region_code": "76",
    "postal_code": "09000"
  },
  {
    "name": "Montségur",
    "code": "09211",
    "epci_code": "240900464",
    "departement_code": "09",
    "region_code": "76",
    "postal_code": "09300"
  },
  {
    "name": "Montseron",
    "code": "09212",
    "epci_code": "200067940",
    "departement_code": "09",
    "region_code": "76",
    "postal_code": "09240"
  },
  {
    "name": "Moulin-Neuf",
    "code": "09213",
    "epci_code": "200044469",
    "departement_code": "09",
    "region_code": "76",
    "postal_code": "09500"
  },
  {
    "name": "Moulis",
    "code": "09214",
    "epci_code": "200067940",
    "departement_code": "09",
    "region_code": "76",
    "postal_code": "09200"
  },
  {
    "name": "Nalzen",
    "code": "09215",
    "epci_code": "240900464",
    "departement_code": "09",
    "region_code": "76",
    "postal_code": "09300"
  },
  {
    "name": "Nescus",
    "code": "09216",
    "epci_code": "200067940",
    "departement_code": "09",
    "region_code": "76",
    "postal_code": "09240"
  },
  {
    "name": "Niaux",
    "code": "09217",
    "epci_code": "240900431",
    "departement_code": "09",
    "region_code": "76",
    "postal_code": "09400"
  },
  {
    "name": "Orgeix",
    "code": "09218",
    "epci_code": "200066363",
    "departement_code": "09",
    "region_code": "76",
    "postal_code": "09110"
  },
  {
    "name": "Orgibet",
    "code": "09219",
    "epci_code": "200067940",
    "departement_code": "09",
    "region_code": "76",
    "postal_code": "09800"
  },
  {
    "name": "Orlu",
    "code": "09220",
    "epci_code": "200066363",
    "departement_code": "09",
    "region_code": "76",
    "postal_code": "09110"
  },
  {
    "name": "Ornolac-Ussat-les-Bains",
    "code": "09221",
    "epci_code": "240900431",
    "departement_code": "09",
    "region_code": "76",
    "postal_code": "09400"
  },
  {
    "name": "Orus",
    "code": "09222",
    "epci_code": "200066363",
    "departement_code": "09",
    "region_code": "76",
    "postal_code": "09220"
  },
  {
    "name": "Oust",
    "code": "09223",
    "epci_code": "200067940",
    "departement_code": "09",
    "region_code": "76",
    "postal_code": "09140"
  },
  {
    "name": "Pailhès",
    "code": "09224",
    "epci_code": "200066223",
    "departement_code": "09",
    "region_code": "76",
    "postal_code": "09130"
  },
  {
    "name": "Pamiers",
    "code": "09225",
    "epci_code": "200066231",
    "departement_code": "09",
    "region_code": "76",
    "postal_code": "09100"
  },
  {
    "name": "Pech",
    "code": "09226",
    "epci_code": "200066363",
    "departement_code": "09",
    "region_code": "76",
    "postal_code": "09310"
  },
  {
    "name": "Péreille",
    "code": "09227",
    "epci_code": "240900464",
    "departement_code": "09",
    "region_code": "76",
    "postal_code": "09300"
  },
  {
    "name": "Perles-et-Castelet",
    "code": "09228",
    "epci_code": "200066363",
    "departement_code": "09",
    "region_code": "76",
    "postal_code": "09110"
  },
  {
    "name": "Le Peyrat",
    "code": "09229",
    "epci_code": "200044469",
    "departement_code": "09",
    "region_code": "76",
    "postal_code": "09600"
  },
  {
    "name": "Le Pla",
    "code": "09230",
    "epci_code": "200066363",
    "departement_code": "09",
    "region_code": "76",
    "postal_code": "09460"
  },
  {
    "name": "Le Port",
    "code": "09231",
    "epci_code": "200067940",
    "departement_code": "09",
    "region_code": "76",
    "postal_code": "09320"
  },
  {
    "name": "Prades",
    "code": "09232",
    "epci_code": "200066363",
    "departement_code": "09",
    "region_code": "76",
    "postal_code": "09110"
  },
  {
    "name": "Pradettes",
    "code": "09233",
    "epci_code": "200044469",
    "departement_code": "09",
    "region_code": "76",
    "postal_code": "09600"
  },
  {
    "name": "Pradières",
    "code": "09234",
    "epci_code": "200067791",
    "departement_code": "09",
    "region_code": "76",
    "postal_code": "09000"
  },
  {
    "name": "Prat-Bonrepaux",
    "code": "09235",
    "epci_code": "200067940",
    "departement_code": "09",
    "region_code": "76",
    "postal_code": "09160"
  },
  {
    "name": "Prayols",
    "code": "09236",
    "epci_code": "200067791",
    "departement_code": "09",
    "region_code": "76",
    "postal_code": "09000"
  },
  {
    "name": "Le Puch",
    "code": "09237",
    "epci_code": "200066363",
    "departement_code": "09",
    "region_code": "76",
    "postal_code": "09460"
  },
  {
    "name": "Les Pujols",
    "code": "09238",
    "epci_code": "200066231",
    "departement_code": "09",
    "region_code": "76",
    "postal_code": "09100"
  },
  {
    "name": "Quérigut",
    "code": "09239",
    "epci_code": "200066363",
    "departement_code": "09",
    "region_code": "76",
    "postal_code": "09460"
  },
  {
    "name": "Quié",
    "code": "09240",
    "epci_code": "240900431",
    "departement_code": "09",
    "region_code": "76",
    "postal_code": "09400"
  },
  {
    "name": "Rabat-les-Trois-Seigneurs",
    "code": "09241",
    "epci_code": "240900431",
    "departement_code": "09",
    "region_code": "76",
    "postal_code": "09400"
  },
  {
    "name": "Raissac",
    "code": "09242",
    "epci_code": "240900464",
    "departement_code": "09",
    "region_code": "76",
    "postal_code": "09300"
  },
  {
    "name": "Régat",
    "code": "09243",
    "epci_code": "200044469",
    "departement_code": "09",
    "region_code": "76",
    "postal_code": "09600"
  },
  {
    "name": "Rieucros",
    "code": "09244",
    "epci_code": "200044469",
    "departement_code": "09",
    "region_code": "76",
    "postal_code": "09500"
  },
  {
    "name": "Rieux-de-Pelleport",
    "code": "09245",
    "epci_code": "200067791",
    "departement_code": "09",
    "region_code": "76",
    "postal_code": "09120"
  },
  {
    "name": "Rimont",
    "code": "09246",
    "epci_code": "200067940",
    "departement_code": "09",
    "region_code": "76",
    "postal_code": "09420"
  },
  {
    "name": "Rivèrenert",
    "code": "09247",
    "epci_code": "200067940",
    "departement_code": "09",
    "region_code": "76",
    "postal_code": "09200"
  },
  {
    "name": "Roquefixade",
    "code": "09249",
    "epci_code": "240900464",
    "departement_code": "09",
    "region_code": "76",
    "postal_code": "09300"
  },
  {
    "name": "Roquefort-les-Cascades",
    "code": "09250",
    "epci_code": "240900464",
    "departement_code": "09",
    "region_code": "76",
    "postal_code": "09300"
  },
  {
    "name": "Roumengoux",
    "code": "09251",
    "epci_code": "200044469",
    "departement_code": "09",
    "region_code": "76",
    "postal_code": "09500"
  },
  {
    "name": "Rouze",
    "code": "09252",
    "epci_code": "200066363",
    "departement_code": "09",
    "region_code": "76",
    "postal_code": "09460"
  },
  {
    "name": "Sabarat",
    "code": "09253",
    "epci_code": "200066223",
    "departement_code": "09",
    "region_code": "76",
    "postal_code": "09350"
  },
  {
    "name": "Saint-Amadou",
    "code": "09254",
    "epci_code": "200066231",
    "departement_code": "09",
    "region_code": "76",
    "postal_code": "09100"
  },
  {
    "name": "Saint-Bauzeil",
    "code": "09256",
    "epci_code": "200067791",
    "departement_code": "09",
    "region_code": "76",
    "postal_code": "09120"
  },
  {
    "name": "Sainte-Croix-Volvestre",
    "code": "09257",
    "epci_code": "200067940",
    "departement_code": "09",
    "region_code": "76",
    "postal_code": "09230"
  },
  {
    "name": "Saint-Félix-de-Rieutord",
    "code": "09258",
    "epci_code": "200067791",
    "departement_code": "09",
    "region_code": "76",
    "postal_code": "09120"
  },
  {
    "name": "Saint-Félix-de-Tournegat",
    "code": "09259",
    "epci_code": "200044469",
    "departement_code": "09",
    "region_code": "76",
    "postal_code": "09500"
  },
  {
    "name": "Sainte-Foi",
    "code": "09260",
    "epci_code": "200044469",
    "departement_code": "09",
    "region_code": "76",
    "postal_code": "09500"
  },
  {
    "name": "Saint-Girons",
    "code": "09261",
    "epci_code": "200067940",
    "departement_code": "09",
    "region_code": "76",
    "postal_code": "09200"
  },
  {
    "name": "Saint-Jean-d’Aigues-Vives",
    "code": "09262",
    "epci_code": "240900464",
    "departement_code": "09",
    "region_code": "76",
    "postal_code": "09300"
  },
  {
    "name": "Saint-Jean-du-Castillonnais",
    "code": "09263",
    "epci_code": "200067940",
    "departement_code": "09",
    "region_code": "76",
    "postal_code": "09800"
  },
  {
    "name": "Saint-Jean-de-Verges",
    "code": "09264",
    "epci_code": "200067791",
    "departement_code": "09",
    "region_code": "76",
    "postal_code": "09000"
  },
  {
    "name": "Saint-Jean-du-Falga",
    "code": "09265",
    "epci_code": "200066231",
    "departement_code": "09",
    "region_code": "76",
    "postal_code": "09100"
  },
  {
    "name": "Saint-Julien-de-Gras-Capou",
    "code": "09266",
    "epci_code": "200044469",
    "departement_code": "09",
    "region_code": "76",
    "postal_code": "09500"
  },
  {
    "name": "Saint-Lary",
    "code": "09267",
    "epci_code": "200067940",
    "departement_code": "09",
    "region_code": "76",
    "postal_code": "09800"
  },
  {
    "name": "Saint-Lizier",
    "code": "09268",
    "epci_code": "200067940",
    "departement_code": "09",
    "region_code": "76",
    "postal_code": "09190"
  },
  {
    "name": "Saint-Martin-de-Caralp",
    "code": "09269",
    "epci_code": "200067791",
    "departement_code": "09",
    "region_code": "76",
    "postal_code": "09000"
  },
  {
    "name": "Saint-Martin-d’Oydes",
    "code": "09270",
    "epci_code": "200066231",
    "departement_code": "09",
    "region_code": "76",
    "postal_code": "09100"
  },
  {
    "name": "Saint-Michel",
    "code": "09271",
    "epci_code": "200066231",
    "departement_code": "09",
    "region_code": "76",
    "postal_code": "09100"
  },
  {
    "name": "Saint-Paul-de-Jarrat",
    "code": "09272",
    "epci_code": "200067791",
    "departement_code": "09",
    "region_code": "76",
    "postal_code": "09000"
  },
  {
    "name": "Saint-Pierre-de-Rivière",
    "code": "09273",
    "epci_code": "200067791",
    "departement_code": "09",
    "region_code": "76",
    "postal_code": "09000"
  },
  {
    "name": "Saint-Quentin-la-Tour",
    "code": "09274",
    "epci_code": "200044469",
    "departement_code": "09",
    "region_code": "76",
    "postal_code": "09500"
  },
  {
    "name": "Saint-Quirc",
    "code": "09275",
    "epci_code": "200066231",
    "departement_code": "09",
    "region_code": "76",
    "postal_code": "09700"
  },
  {
    "name": "Saint-Victor-Rouzaud",
    "code": "09276",
    "epci_code": "200066231",
    "departement_code": "09",
    "region_code": "76",
    "postal_code": "09100"
  },
  {
    "name": "Saint-Ybars",
    "code": "09277",
    "epci_code": "200066223",
    "departement_code": "09",
    "region_code": "76",
    "postal_code": "09210"
  },
  {
    "name": "Salsein",
    "code": "09279",
    "epci_code": "200067940",
    "departement_code": "09",
    "region_code": "76",
    "postal_code": "09800"
  },
  {
    "name": "Saurat",
    "code": "09280",
    "epci_code": "240900431",
    "departement_code": "09",
    "region_code": "76",
    "postal_code": "09400"
  },
  {
    "name": "Sautel",
    "code": "09281",
    "epci_code": "240900464",
    "departement_code": "09",
    "region_code": "76",
    "postal_code": "09300"
  },
  {
    "name": "Saverdun",
    "code": "09282",
    "epci_code": "200066231",
    "departement_code": "09",
    "region_code": "76",
    "postal_code": "09700"
  },
  {
    "name": "Savignac-les-Ormeaux",
    "code": "09283",
    "epci_code": "200066363",
    "departement_code": "09",
    "region_code": "76",
    "postal_code": "09110"
  },
  {
    "name": "Ségura",
    "code": "09284",
    "epci_code": "200067791",
    "departement_code": "09",
    "region_code": "76",
    "postal_code": "09120"
  },
  {
    "name": "Seix",
    "code": "09285",
    "epci_code": "200067940",
    "departement_code": "09",
    "region_code": "76",
    "postal_code": "09140"
  },
  {
    "name": "Lorp-Sentaraille",
    "code": "09289",
    "epci_code": "200067940",
    "departement_code": "09",
    "region_code": "76",
    "postal_code": "09190"
  },
  {
    "name": "Sentein",
    "code": "09290",
    "epci_code": "200067940",
    "departement_code": "09",
    "region_code": "76",
    "postal_code": "09800"
  },
  {
    "name": "Sentenac-d’Oust",
    "code": "09291",
    "epci_code": "200067940",
    "departement_code": "09",
    "region_code": "76",
    "postal_code": "09140"
  },
  {
    "name": "Sentenac-de-Sérou",
    "code": "09292",
    "epci_code": "200067940",
    "departement_code": "09",
    "region_code": "76",
    "postal_code": "09240"
  },
  {
    "name": "Serres-sur-Arget",
    "code": "09293",
    "epci_code": "200067791",
    "departement_code": "09",
    "region_code": "76",
    "postal_code": "09000"
  },
  {
    "name": "Sieuras",
    "code": "09294",
    "epci_code": "200066223",
    "departement_code": "09",
    "region_code": "76",
    "postal_code": "09130"
  },
  {
    "name": "Siguer",
    "code": "09295",
    "epci_code": "200066363",
    "departement_code": "09",
    "region_code": "76",
    "postal_code": "09220"
  },
  {
    "name": "Aulos-Sinsat",
    "code": "09296",
    "epci_code": "200066363",
    "departement_code": "09",
    "region_code": "76",
    "postal_code": "09310"
  },
  {
    "name": "Sor",
    "code": "09297",
    "epci_code": "200067940",
    "departement_code": "09",
    "region_code": "76",
    "postal_code": "09800"
  },
  {
    "name": "Sorgeat",
    "code": "09298",
    "epci_code": "200066363",
    "departement_code": "09",
    "region_code": "76",
    "postal_code": "09110"
  },
  {
    "name": "Soueix-Rogalle",
    "code": "09299",
    "epci_code": "200067940",
    "departement_code": "09",
    "region_code": "76",
    "postal_code": "09140"
  },
  {
    "name": "Soula",
    "code": "09300",
    "epci_code": "200067791",
    "departement_code": "09",
    "region_code": "76",
    "postal_code": "09000"
  },
  {
    "name": "Soulan",
    "code": "09301",
    "epci_code": "200067940",
    "departement_code": "09",
    "region_code": "76",
    "postal_code": "09320"
  },
  {
    "name": "Surba",
    "code": "09303",
    "epci_code": "240900431",
    "departement_code": "09",
    "region_code": "76",
    "postal_code": "09400"
  },
  {
    "name": "Suzan",
    "code": "09304",
    "epci_code": "200067940",
    "departement_code": "09",
    "region_code": "76",
    "postal_code": "09240"
  },
  {
    "name": "Tabre",
    "code": "09305",
    "epci_code": "240900464",
    "departement_code": "09",
    "region_code": "76",
    "postal_code": "09600"
  },
  {
    "name": "Tarascon-sur-Ariège",
    "code": "09306",
    "epci_code": "240900431",
    "departement_code": "09",
    "region_code": "76",
    "postal_code": "09400"
  },
  {
    "name": "Taurignan-Castet",
    "code": "09307",
    "epci_code": "200067940",
    "departement_code": "09",
    "region_code": "76",
    "postal_code": "09160"
  },
  {
    "name": "Taurignan-Vieux",
    "code": "09308",
    "epci_code": "200067940",
    "departement_code": "09",
    "region_code": "76",
    "postal_code": "09190"
  },
  {
    "name": "Teilhet",
    "code": "09309",
    "epci_code": "200044469",
    "departement_code": "09",
    "region_code": "76",
    "postal_code": "09500"
  },
  {
    "name": "Thouars-sur-Arize",
    "code": "09310",
    "epci_code": "200066223",
    "departement_code": "09",
    "region_code": "76",
    "postal_code": "09350"
  },
  {
    "name": "Tignac",
    "code": "09311",
    "epci_code": "200066363",
    "departement_code": "09",
    "region_code": "76",
    "postal_code": "09110"
  },
  {
    "name": "La Tour-du-Crieu",
    "code": "09312",
    "epci_code": "200066231",
    "departement_code": "09",
    "region_code": "76",
    "postal_code": "09100"
  },
  {
    "name": "Tourtouse",
    "code": "09313",
    "epci_code": "200067940",
    "departement_code": "09",
    "region_code": "76",
    "postal_code": "09230"
  },
  {
    "name": "Tourtrol",
    "code": "09314",
    "epci_code": "200044469",
    "departement_code": "09",
    "region_code": "76",
    "postal_code": "09500"
  },
  {
    "name": "Trémoulet",
    "code": "09315",
    "epci_code": "200066231",
    "departement_code": "09",
    "region_code": "76",
    "postal_code": "09700"
  },
  {
    "name": "Troye-d’Ariège",
    "code": "09316",
    "epci_code": "200044469",
    "departement_code": "09",
    "region_code": "76",
    "postal_code": "09500"
  },
  {
    "name": "Unac",
    "code": "09318",
    "epci_code": "200066363",
    "departement_code": "09",
    "region_code": "76",
    "postal_code": "09250"
  },
  {
    "name": "Unzent",
    "code": "09319",
    "epci_code": "200066231",
    "departement_code": "09",
    "region_code": "76",
    "postal_code": "09100"
  },
  {
    "name": "Urs",
    "code": "09320",
    "epci_code": "200066363",
    "departement_code": "09",
    "region_code": "76",
    "postal_code": "09310"
  },
  {
    "name": "Ussat",
    "code": "09321",
    "epci_code": "240900431",
    "departement_code": "09",
    "region_code": "76",
    "postal_code": "09400"
  },
  {
    "name": "Ustou",
    "code": "09322",
    "epci_code": "200067940",
    "departement_code": "09",
    "region_code": "76",
    "postal_code": "09140"
  },
  {
    "name": "Vals",
    "code": "09323",
    "epci_code": "200044469",
    "departement_code": "09",
    "region_code": "76",
    "postal_code": "09500"
  },
  {
    "name": "Varilhes",
    "code": "09324",
    "epci_code": "200067791",
    "departement_code": "09",
    "region_code": "76",
    "postal_code": "09120"
  },
  {
    "name": "Vaychis",
    "code": "09325",
    "epci_code": "200066363",
    "departement_code": "09",
    "region_code": "76",
    "postal_code": "09110"
  },
  {
    "name": "Vèbre",
    "code": "09326",
    "epci_code": "200066363",
    "departement_code": "09",
    "region_code": "76",
    "postal_code": "09310"
  },
  {
    "name": "Ventenac",
    "code": "09327",
    "epci_code": "200067791",
    "departement_code": "09",
    "region_code": "76",
    "postal_code": "09120"
  },
  {
    "name": "Verdun",
    "code": "09328",
    "epci_code": "200066363",
    "departement_code": "09",
    "region_code": "76",
    "postal_code": "09310"
  },
  {
    "name": "Vernajoul",
    "code": "09329",
    "epci_code": "200067791",
    "departement_code": "09",
    "region_code": "76",
    "postal_code": "09000"
  },
  {
    "name": "Vernaux",
    "code": "09330",
    "epci_code": "200066363",
    "departement_code": "09",
    "region_code": "76",
    "postal_code": "09250"
  },
  {
    "name": "Le Vernet",
    "code": "09331",
    "epci_code": "200066231",
    "departement_code": "09",
    "region_code": "76",
    "postal_code": "09700"
  },
  {
    "name": "Verniolle",
    "code": "09332",
    "epci_code": "200067791",
    "departement_code": "09",
    "region_code": "76",
    "postal_code": "09340"
  },
  {
    "name": "Val-de-Sos",
    "code": "09334",
    "epci_code": "200066363",
    "departement_code": "09",
    "region_code": "76",
    "postal_code": "09220"
  },
  {
    "name": "Villeneuve",
    "code": "09335",
    "epci_code": "200067940",
    "departement_code": "09",
    "region_code": "76",
    "postal_code": "09800"
  },
  {
    "name": "Villeneuve-d’Olmes",
    "code": "09336",
    "epci_code": "240900464",
    "departement_code": "09",
    "region_code": "76",
    "postal_code": "09300"
  },
  {
    "name": "Villeneuve-du-Latou",
    "code": "09338",
    "epci_code": "200066223",
    "departement_code": "09",
    "region_code": "76",
    "postal_code": "09130"
  },
  {
    "name": "Villeneuve-du-Paréage",
    "code": "09339",
    "epci_code": "200066231",
    "departement_code": "09",
    "region_code": "76",
    "postal_code": "09100"
  },
  {
    "name": "Vira",
    "code": "09340",
    "epci_code": "200067791",
    "departement_code": "09",
    "region_code": "76",
    "postal_code": "09120"
  },
  {
    "name": "Viviès",
    "code": "09341",
    "epci_code": "200044469",
    "departement_code": "09",
    "region_code": "76",
    "postal_code": "09500"
  },
  {
    "name": "Sainte-Suzanne",
    "code": "09342",
    "epci_code": "200066223",
    "departement_code": "09",
    "region_code": "76",
    "postal_code": "09130"
  }
]