[
  {
    "name": "Ahun",
    "code": "23001",
    "epci_code": "200067189",
    "departement_code": "23",
    "region_code": "75",
    "postal_code": "23150"
  },
  {
    "name": "Ajain",
    "code": "23002",
    "epci_code": "200034825",
    "departement_code": "23",
    "region_code": "75",
    "postal_code": "23380"
  },
  {
    "name": "Alleyrat",
    "code": "23003",
    "epci_code": "200044014",
    "departement_code": "23",
    "region_code": "75",
    "postal_code": "23200"
  },
  {
    "name": "Anzême",
    "code": "23004",
    "epci_code": "200034825",
    "departement_code": "23",
    "region_code": "75",
    "postal_code": "23000"
  },
  {
    "name": "Arfeuille-Châtain",
    "code": "23005",
    "epci_code": "200067593",
    "departement_code": "23",
    "region_code": "75",
    "postal_code": "23700"
  },
  {
    "name": "Arrènes",
    "code": "23006",
    "epci_code": "242320000",
    "departement_code": "23",
    "region_code": "75",
    "postal_code": "23210"
  },
  {
    "name": "Ars",
    "code": "23007",
    "epci_code": "200067189",
    "departement_code": "23",
    "region_code": "75",
    "postal_code": "23480"
  },
  {
    "name": "Aubusson",
    "code": "23008",
    "epci_code": "200044014",
    "departement_code": "23",
    "region_code": "75",
    "postal_code": "23200"
  },
  {
    "name": "Auge",
    "code": "23009",
    "epci_code": "200067544",
    "departement_code": "23",
    "region_code": "75",
    "postal_code": "23170"
  },
  {
    "name": "Augères",
    "code": "23010",
    "epci_code": "242320000",
    "departement_code": "23",
    "region_code": "75",
    "postal_code": "23210"
  },
  {
    "name": "Aulon",
    "code": "23011",
    "epci_code": "242320000",
    "departement_code": "23",
    "region_code": "75",
    "postal_code": "23210"
  },
  {
    "name": "Auriat",
    "code": "23012",
    "epci_code": "200067189",
    "departement_code": "23",
    "region_code": "75",
    "postal_code": "23400"
  },
  {
    "name": "Auzances",
    "code": "23013",
    "epci_code": "200067593",
    "departement_code": "23",
    "region_code": "75",
    "postal_code": "23700"
  },
  {
    "name": "Azat-Châtenet",
    "code": "23014",
    "epci_code": "242320000",
    "departement_code": "23",
    "region_code": "75",
    "postal_code": "23210"
  },
  {
    "name": "Azerables",
    "code": "23015",
    "epci_code": "242300135",
    "departement_code": "23",
    "region_code": "75",
    "postal_code": "23160"
  },
  {
    "name": "Banize",
    "code": "23016",
    "epci_code": "200067189",
    "departement_code": "23",
    "region_code": "75",
    "postal_code": "23120"
  },
  {
    "name": "Basville",
    "code": "23017",
    "epci_code": "200067593",
    "departement_code": "23",
    "region_code": "75",
    "postal_code": "23260"
  },
  {
    "name": "Bazelat",
    "code": "23018",
    "epci_code": "242300135",
    "departement_code": "23",
    "region_code": "75",
    "postal_code": "23160"
  },
  {
    "name": "Beissat",
    "code": "23019",
    "epci_code": "200066744",
    "departement_code": "23",
    "region_code": "75",
    "postal_code": "23260"
  },
  {
    "name": "Bellegarde-en-Marche",
    "code": "23020",
    "epci_code": "200067593",
    "departement_code": "23",
    "region_code": "75",
    "postal_code": "23190"
  },
  {
    "name": "Bénévent-l’Abbaye",
    "code": "23021",
    "epci_code": "242320000",
    "departement_code": "23",
    "region_code": "75",
    "postal_code": "23210"
  },
  {
    "name": "Bétête",
    "code": "23022",
    "epci_code": "200067544",
    "departement_code": "23",
    "region_code": "75",
    "postal_code": "23270"
  },
  {
    "name": "Blessac",
    "code": "23024",
    "epci_code": "200044014",
    "departement_code": "23",
    "region_code": "75",
    "postal_code": "23200"
  },
  {
    "name": "Bonnat",
    "code": "23025",
    "epci_code": "200041556",
    "departement_code": "23",
    "region_code": "75",
    "postal_code": "23220"
  },
  {
    "name": "Bord-Saint-Georges",
    "code": "23026",
    "epci_code": "200067544",
    "departement_code": "23",
    "region_code": "75",
    "postal_code": "23230"
  },
  {
    "name": "Bosmoreau-les-Mines",
    "code": "23027",
    "epci_code": "200067189",
    "departement_code": "23",
    "region_code": "75",
    "postal_code": "23400"
  },
  {
    "name": "Bosroger",
    "code": "23028",
    "epci_code": "200067593",
    "departement_code": "23",
    "region_code": "75",
    "postal_code": "23200"
  },
  {
    "name": "Le Bourg-d’Hem",
    "code": "23029",
    "epci_code": "242320109",
    "departement_code": "23",
    "region_code": "75",
    "postal_code": "23220"
  },
  {
    "name": "Bourganeuf",
    "code": "23030",
    "epci_code": "200067189",
    "departement_code": "23",
    "region_code": "75",
    "postal_code": "23400"
  },
  {
    "name": "Boussac",
    "code": "23031",
    "epci_code": "200067544",
    "departement_code": "23",
    "region_code": "75",
    "postal_code": "23600"
  },
  {
    "name": "Boussac-Bourg",
    "code": "23032",
    "epci_code": "200067544",
    "departement_code": "23",
    "region_code": "75",
    "postal_code": "23600"
  },
  {
    "name": "La Brionne",
    "code": "23033",
    "epci_code": "200034825",
    "departement_code": "23",
    "region_code": "75",
    "postal_code": "23000"
  },
  {
    "name": "Brousse",
    "code": "23034",
    "epci_code": "200067593",
    "departement_code": "23",
    "region_code": "75",
    "postal_code": "23700"
  },
  {
    "name": "Budelière",
    "code": "23035",
    "epci_code": "200067544",
    "departement_code": "23",
    "region_code": "75",
    "postal_code": "23170"
  },
  {
    "name": "Bussière-Dunoise",
    "code": "23036",
    "epci_code": "200034825",
    "departement_code": "23",
    "region_code": "75",
    "postal_code": "23320"
  },
  {
    "name": "Bussière-Nouvelle",
    "code": "23037",
    "epci_code": "200067593",
    "departement_code": "23",
    "region_code": "75",
    "postal_code": "23700"
  },
  {
    "name": "Bussière-Saint-Georges",
    "code": "23038",
    "epci_code": "200067544",
    "departement_code": "23",
    "region_code": "75",
    "postal_code": "23600"
  },
  {
    "name": "La Celle-Dunoise",
    "code": "23039",
    "epci_code": "242320109",
    "departement_code": "23",
    "region_code": "75",
    "postal_code": "23800"
  },
  {
    "name": "La Celle-sous-Gouzon",
    "code": "23040",
    "epci_code": "200067544",
    "departement_code": "23",
    "region_code": "75",
    "postal_code": "23230"
  },
  {
    "name": "La Cellette",
    "code": "23041",
    "epci_code": "200041556",
    "departement_code": "23",
    "region_code": "75",
    "postal_code": "23350"
  },
  {
    "name": "Ceyroux",
    "code": "23042",
    "epci_code": "242320000",
    "departement_code": "23",
    "region_code": "75",
    "postal_code": "23210"
  },
  {
    "name": "Chamberaud",
    "code": "23043",
    "epci_code": "200067189",
    "departement_code": "23",
    "region_code": "75",
    "postal_code": "23480"
  },
  {
    "name": "Chambon-Sainte-Croix",
    "code": "23044",
    "epci_code": "242320109",
    "departement_code": "23",
    "region_code": "75",
    "postal_code": "23220"
  },
  {
    "name": "Chambon-sur-Voueize",
    "code": "23045",
    "epci_code": "200067544",
    "departement_code": "23",
    "region_code": "75",
    "postal_code": "23170"
  },
  {
    "name": "Chambonchard",
    "code": "23046",
    "epci_code": "200067544",
    "departement_code": "23",
    "region_code": "75",
    "postal_code": "23110"
  },
  {
    "name": "Chamborand",
    "code": "23047",
    "epci_code": "242320000",
    "departement_code": "23",
    "region_code": "75",
    "postal_code": "23240"
  },
  {
    "name": "Champagnat",
    "code": "23048",
    "epci_code": "200067593",
    "departement_code": "23",
    "region_code": "75",
    "postal_code": "23190"
  },
  {
    "name": "Champsanglard",
    "code": "23049",
    "epci_code": "200041556",
    "departement_code": "23",
    "region_code": "75",
    "postal_code": "23220"
  },
  {
    "name": "La Chapelle-Baloue",
    "code": "23050",
    "epci_code": "242320109",
    "departement_code": "23",
    "region_code": "75",
    "postal_code": "23160"
  },
  {
    "name": "La Chapelle-Saint-Martial",
    "code": "23051",
    "epci_code": "200067189",
    "departement_code": "23",
    "region_code": "75",
    "postal_code": "23250"
  },
  {
    "name": "La Chapelle-Taillefert",
    "code": "23052",
    "epci_code": "200034825",
    "departement_code": "23",
    "region_code": "75",
    "postal_code": "23000"
  },
  {
    "name": "Chard",
    "code": "23053",
    "epci_code": "200067593",
    "departement_code": "23",
    "region_code": "75",
    "postal_code": "23700"
  },
  {
    "name": "Charron",
    "code": "23054",
    "epci_code": "200067593",
    "departement_code": "23",
    "region_code": "75",
    "postal_code": "23700"
  },
  {
    "name": "Châtelard",
    "code": "23055",
    "epci_code": "200067593",
    "departement_code": "23",
    "region_code": "75",
    "postal_code": "23700"
  },
  {
    "name": "Châtelus-le-Marcheix",
    "code": "23056",
    "epci_code": "242320000",
    "departement_code": "23",
    "region_code": "75",
    "postal_code": "23430"
  },
  {
    "name": "Châtelus-Malvaleix",
    "code": "23057",
    "epci_code": "200041556",
    "departement_code": "23",
    "region_code": "75",
    "postal_code": "23270"
  },
  {
    "name": "Le Chauchet",
    "code": "23058",
    "epci_code": "200067593",
    "departement_code": "23",
    "region_code": "75",
    "postal_code": "23130"
  },
  {
    "name": "La Chaussade",
    "code": "23059",
    "epci_code": "200067593",
    "departement_code": "23",
    "region_code": "75",
    "postal_code": "23200"
  },
  {
    "name": "Chavanat",
    "code": "23060",
    "epci_code": "200067189",
    "departement_code": "23",
    "region_code": "75",
    "postal_code": "23250"
  },
  {
    "name": "Chénérailles",
    "code": "23061",
    "epci_code": "200067593",
    "departement_code": "23",
    "region_code": "75",
    "postal_code": "23130"
  },
  {
    "name": "Chéniers",
    "code": "23062",
    "epci_code": "242320109",
    "departement_code": "23",
    "region_code": "75",
    "postal_code": "23220"
  },
  {
    "name": "Clairavaux",
    "code": "23063",
    "epci_code": "200066744",
    "departement_code": "23",
    "region_code": "75",
    "postal_code": "23500"
  },
  {
    "name": "Clugnat",
    "code": "23064",
    "epci_code": "200067544",
    "departement_code": "23",
    "region_code": "75",
    "postal_code": "23270"
  },
  {
    "name": "Colondannes",
    "code": "23065",
    "epci_code": "242320109",
    "departement_code": "23",
    "region_code": "75",
    "postal_code": "23800"
  },
  {
    "name": "Le Compas",
    "code": "23066",
    "epci_code": "200067593",
    "departement_code": "23",
    "region_code": "75",
    "postal_code": "23700"
  },
  {
    "name": "La Courtine",
    "code": "23067",
    "epci_code": "200066744",
    "departement_code": "23",
    "region_code": "75",
    "postal_code": "23100"
  },
  {
    "name": "Cressat",
    "code": "23068",
    "epci_code": "200067544",
    "departement_code": "23",
    "region_code": "75",
    "postal_code": "23140"
  },
  {
    "name": "Crocq",
    "code": "23069",
    "epci_code": "200067593",
    "departement_code": "23",
    "region_code": "75",
    "postal_code": "23260"
  },
  {
    "name": "Crozant",
    "code": "23070",
    "epci_code": "242320109",
    "departement_code": "23",
    "region_code": "75",
    "postal_code": "23160"
  },
  {
    "name": "Croze",
    "code": "23071",
    "epci_code": "200044014",
    "departement_code": "23",
    "region_code": "75",
    "postal_code": "23500"
  },
  {
    "name": "Domeyrot",
    "code": "23072",
    "epci_code": "200067544",
    "departement_code": "23",
    "region_code": "75",
    "postal_code": "23140"
  },
  {
    "name": "Dontreix",
    "code": "23073",
    "epci_code": "200067593",
    "departement_code": "23",
    "region_code": "75",
    "postal_code": "23700"
  },
  {
    "name": "Le Donzeil",
    "code": "23074",
    "epci_code": "200067189",
    "departement_code": "23",
    "region_code": "75",
    "postal_code": "23480"
  },
  {
    "name": "Dun-le-Palestel",
    "code": "23075",
    "epci_code": "242320109",
    "departement_code": "23",
    "region_code": "75",
    "postal_code": "23800"
  },
  {
    "name": "Évaux-les-Bains",
    "code": "23076",
    "epci_code": "200067544",
    "departement_code": "23",
    "region_code": "75",
    "postal_code": "23110"
  },
  {
    "name": "Faux-la-Montagne",
    "code": "23077",
    "epci_code": "200044014",
    "departement_code": "23",
    "region_code": "75",
    "postal_code": "23340"
  },
  {
    "name": "Faux-Mazuras",
    "code": "23078",
    "epci_code": "200067189",
    "departement_code": "23",
    "region_code": "75",
    "postal_code": "23400"
  },
  {
    "name": "Felletin",
    "code": "23079",
    "epci_code": "200044014",
    "departement_code": "23",
    "region_code": "75",
    "postal_code": "23500"
  },
  {
    "name": "Féniers",
    "code": "23080",
    "epci_code": "200066744",
    "departement_code": "23",
    "region_code": "75",
    "postal_code": "23100"
  },
  {
    "name": "Flayat",
    "code": "23081",
    "epci_code": "200067593",
    "departement_code": "23",
    "region_code": "75",
    "postal_code": "23260"
  },
  {
    "name": "Fleurat",
    "code": "23082",
    "epci_code": "242320000",
    "departement_code": "23",
    "region_code": "75",
    "postal_code": "23320"
  },
  {
    "name": "Fontanières",
    "code": "23083",
    "epci_code": "200067593",
    "departement_code": "23",
    "region_code": "75",
    "postal_code": "23110"
  },
  {
    "name": "La Forêt-du-Temple",
    "code": "23084",
    "epci_code": "200041556",
    "departement_code": "23",
    "region_code": "75",
    "postal_code": "23360"
  },
  {
    "name": "Fransèches",
    "code": "23086",
    "epci_code": "200067189",
    "departement_code": "23",
    "region_code": "75",
    "postal_code": "23480"
  },
  {
    "name": "Fresselines",
    "code": "23087",
    "epci_code": "242320109",
    "departement_code": "23",
    "region_code": "75",
    "postal_code": "23450"
  },
  {
    "name": "Gartempe",
    "code": "23088",
    "epci_code": "200034825",
    "departement_code": "23",
    "region_code": "75",
    "postal_code": "23320"
  },
  {
    "name": "Genouillac",
    "code": "23089",
    "epci_code": "200041556",
    "departement_code": "23",
    "region_code": "75",
    "postal_code": "23350"
  },
  {
    "name": "Gentioux-Pigerolles",
    "code": "23090",
    "epci_code": "200044014",
    "departement_code": "23",
    "region_code": "75",
    "postal_code": "23340"
  },
  {
    "name": "Gioux",
    "code": "23091",
    "epci_code": "200044014",
    "departement_code": "23",
    "region_code": "75",
    "postal_code": "23500"
  },
  {
    "name": "Glénic",
    "code": "23092",
    "epci_code": "200034825",
    "departement_code": "23",
    "region_code": "75",
    "postal_code": "23380"
  },
  {
    "name": "Gouzon",
    "code": "23093",
    "epci_code": "200067544",
    "departement_code": "23",
    "region_code": "75",
    "postal_code": "23230"
  },
  {
    "name": "Le Grand-Bourg",
    "code": "23095",
    "epci_code": "242320000",
    "departement_code": "23",
    "region_code": "75",
    "postal_code": "23240"
  },
  {
    "name": "Guéret",
    "code": "23096",
    "epci_code": "200034825",
    "departement_code": "23",
    "region_code": "75",
    "postal_code": "23000"
  },
  {
    "name": "Issoudun-Létrieix",
    "code": "23097",
    "epci_code": "200067593",
    "departement_code": "23",
    "region_code": "75",
    "postal_code": "23130"
  },
  {
    "name": "Jalesches",
    "code": "23098",
    "epci_code": "200041556",
    "departement_code": "23",
    "region_code": "75",
    "postal_code": "23270"
  },
  {
    "name": "Janaillat",
    "code": "23099",
    "epci_code": "200067189",
    "departement_code": "23",
    "region_code": "75",
    "postal_code": "23250"
  },
  {
    "name": "Jarnages",
    "code": "23100",
    "epci_code": "200067544",
    "departement_code": "23",
    "region_code": "75",
    "postal_code": "23140"
  },
  {
    "name": "Jouillat",
    "code": "23101",
    "epci_code": "200034825",
    "departement_code": "23",
    "region_code": "75",
    "postal_code": "23220"
  },
  {
    "name": "Ladapeyre",
    "code": "23102",
    "epci_code": "200067544",
    "departement_code": "23",
    "region_code": "75",
    "postal_code": "23270"
  },
  {
    "name": "Lafat",
    "code": "23103",
    "epci_code": "242320109",
    "departement_code": "23",
    "region_code": "75",
    "postal_code": "23800"
  },
  {
    "name": "Lavaufranche",
    "code": "23104",
    "epci_code": "200067544",
    "departement_code": "23",
    "region_code": "75",
    "postal_code": "23600"
  },
  {
    "name": "Lavaveix-les-Mines",
    "code": "23105",
    "epci_code": "200067593",
    "departement_code": "23",
    "region_code": "75",
    "postal_code": "23150"
  },
  {
    "name": "Lépaud",
    "code": "23106",
    "epci_code": "200067544",
    "departement_code": "23",
    "region_code": "75",
    "postal_code": "23170"
  },
  {
    "name": "Lépinas",
    "code": "23107",
    "epci_code": "200067189",
    "departement_code": "23",
    "region_code": "75",
    "postal_code": "23150"
  },
  {
    "name": "Leyrat",
    "code": "23108",
    "epci_code": "200067544",
    "departement_code": "23",
    "region_code": "75",
    "postal_code": "23600"
  },
  {
    "name": "Linard-Malval",
    "code": "23109",
    "epci_code": "200041556",
    "departement_code": "23",
    "region_code": "75",
    "postal_code": "23220"
  },
  {
    "name": "Lioux-les-Monges",
    "code": "23110",
    "epci_code": "200067593",
    "departement_code": "23",
    "region_code": "75",
    "postal_code": "23700"
  },
  {
    "name": "Lizières",
    "code": "23111",
    "epci_code": "242320000",
    "departement_code": "23",
    "region_code": "75",
    "postal_code": "23240"
  },
  {
    "name": "Lourdoueix-Saint-Pierre",
    "code": "23112",
    "epci_code": "200041556",
    "departement_code": "23",
    "region_code": "75",
    "postal_code": "23360"
  },
  {
    "name": "Lupersat",
    "code": "23113",
    "epci_code": "200067593",
    "departement_code": "23",
    "region_code": "75",
    "postal_code": "23190"
  },
  {
    "name": "Lussat",
    "code": "23114",
    "epci_code": "200067544",
    "departement_code": "23",
    "region_code": "75",
    "postal_code": "23170"
  },
  {
    "name": "Magnat-lՃtrange",
    "code": "23115",
    "epci_code": "200066744",
    "departement_code": "23",
    "region_code": "75",
    "postal_code": "23260"
  },
  {
    "name": "Mainsat",
    "code": "23116",
    "epci_code": "200067593",
    "departement_code": "23",
    "region_code": "75",
    "postal_code": "23700"
  },
  {
    "name": "Maison-Feyne",
    "code": "23117",
    "epci_code": "242320109",
    "departement_code": "23",
    "region_code": "75",
    "postal_code": "23800"
  },
  {
    "name": "Maisonnisses",
    "code": "23118",
    "epci_code": "200067189",
    "departement_code": "23",
    "region_code": "75",
    "postal_code": "23150"
  },
  {
    "name": "Malleret",
    "code": "23119",
    "epci_code": "200066744",
    "departement_code": "23",
    "region_code": "75",
    "postal_code": "23260"
  },
  {
    "name": "Malleret-Boussac",
    "code": "23120",
    "epci_code": "200067544",
    "departement_code": "23",
    "region_code": "75",
    "postal_code": "23600"
  },
  {
    "name": "Mansat-la-Courrière",
    "code": "23122",
    "epci_code": "200067189",
    "departement_code": "23",
    "region_code": "75",
    "postal_code": "23400"
  },
  {
    "name": "Les Mars",
    "code": "23123",
    "epci_code": "200067593",
    "departement_code": "23",
    "region_code": "75",
    "postal_code": "23700"
  },
  {
    "name": "Marsac",
    "code": "23124",
    "epci_code": "242320000",
    "departement_code": "23",
    "region_code": "75",
    "postal_code": "23210"
  },
  {
    "name": "Le Mas-d’Artige",
    "code": "23125",
    "epci_code": "200066744",
    "departement_code": "23",
    "region_code": "75",
    "postal_code": "23100"
  },
  {
    "name": "Mautes",
    "code": "23127",
    "epci_code": "200067593",
    "departement_code": "23",
    "region_code": "75",
    "postal_code": "23190"
  },
  {
    "name": "Mazeirat",
    "code": "23128",
    "epci_code": "200034825",
    "departement_code": "23",
    "region_code": "75",
    "postal_code": "23150"
  },
  {
    "name": "La Mazière-aux-Bons-Hommes",
    "code": "23129",
    "epci_code": "200067593",
    "departement_code": "23",
    "region_code": "75",
    "postal_code": "23260"
  },
  {
    "name": "Méasnes",
    "code": "23130",
    "epci_code": "200041556",
    "departement_code": "23",
    "region_code": "75",
    "postal_code": "23360"
  },
  {
    "name": "Mérinchal",
    "code": "23131",
    "epci_code": "200067593",
    "departement_code": "23",
    "region_code": "75",
    "postal_code": "23420"
  },
  {
    "name": "Montaigut-le-Blanc",
    "code": "23132",
    "epci_code": "200034825",
    "departement_code": "23",
    "region_code": "75",
    "postal_code": "23320"
  },
  {
    "name": "Montboucher",
    "code": "23133",
    "epci_code": "200067189",
    "departement_code": "23",
    "region_code": "75",
    "postal_code": "23400"
  },
  {
    "name": "Le Monteil-au-Vicomte",
    "code": "23134",
    "epci_code": "200067189",
    "departement_code": "23",
    "region_code": "75",
    "postal_code": "23460"
  },
  {
    "name": "Mortroux",
    "code": "23136",
    "epci_code": "200041556",
    "departement_code": "23",
    "region_code": "75",
    "postal_code": "23220"
  },
  {
    "name": "Mourioux-Vieilleville",
    "code": "23137",
    "epci_code": "242320000",
    "departement_code": "23",
    "region_code": "75",
    "postal_code": "23210"
  },
  {
    "name": "Moutier-d’Ahun",
    "code": "23138",
    "epci_code": "200067189",
    "departement_code": "23",
    "region_code": "75",
    "postal_code": "23150"
  },
  {
    "name": "Moutier-Malcard",
    "code": "23139",
    "epci_code": "200041556",
    "departement_code": "23",
    "region_code": "75",
    "postal_code": "23220"
  },
  {
    "name": "Moutier-Rozeille",
    "code": "23140",
    "epci_code": "200044014",
    "departement_code": "23",
    "region_code": "75",
    "postal_code": "23200"
  },
  {
    "name": "Naillat",
    "code": "23141",
    "epci_code": "242320109",
    "departement_code": "23",
    "region_code": "75",
    "postal_code": "23800"
  },
  {
    "name": "Néoux",
    "code": "23142",
    "epci_code": "200044014",
    "departement_code": "23",
    "region_code": "75",
    "postal_code": "23200"
  },
  {
    "name": "Noth",
    "code": "23143",
    "epci_code": "242300135",
    "departement_code": "23",
    "region_code": "75",
    "postal_code": "23300"
  },
  {
    "name": "La Nouaille",
    "code": "23144",
    "epci_code": "200044014",
    "departement_code": "23",
    "region_code": "75",
    "postal_code": "23500"
  },
  {
    "name": "Nouhant",
    "code": "23145",
    "epci_code": "200067544",
    "departement_code": "23",
    "region_code": "75",
    "postal_code": "23170"
  },
  {
    "name": "Nouzerines",
    "code": "23146",
    "epci_code": "200067544",
    "departement_code": "23",
    "region_code": "75",
    "postal_code": "23600"
  },
  {
    "name": "Nouzerolles",
    "code": "23147",
    "epci_code": "242320109",
    "departement_code": "23",
    "region_code": "75",
    "postal_code": "23360"
  },
  {
    "name": "Nouziers",
    "code": "23148",
    "epci_code": "200041556",
    "departement_code": "23",
    "region_code": "75",
    "postal_code": "23350"
  },
  {
    "name": "Parsac",
    "code": "23149",
    "epci_code": "200067544",
    "departement_code": "23",
    "region_code": "75",
    "postal_code": "23140"
  },
  {
    "name": "Peyrabout",
    "code": "23150",
    "epci_code": "200034825",
    "departement_code": "23",
    "region_code": "75",
    "postal_code": "23000"
  },
  {
    "name": "Peyrat-la-Nonière",
    "code": "23151",
    "epci_code": "200067593",
    "departement_code": "23",
    "region_code": "75",
    "postal_code": "23130"
  },
  {
    "name": "Pierrefitte",
    "code": "23152",
    "epci_code": "200067544",
    "departement_code": "23",
    "region_code": "75",
    "postal_code": "23130"
  },
  {
    "name": "Pionnat",
    "code": "23154",
    "epci_code": "200067544",
    "departement_code": "23",
    "region_code": "75",
    "postal_code": "23140"
  },
  {
    "name": "Pontarion",
    "code": "23155",
    "epci_code": "200067189",
    "departement_code": "23",
    "region_code": "75",
    "postal_code": "23250"
  },
  {
    "name": "Pontcharraud",
    "code": "23156",
    "epci_code": "200067593",
    "departement_code": "23",
    "region_code": "75",
    "postal_code": "23260"
  },
  {
    "name": "La Pouge",
    "code": "23157",
    "epci_code": "200067189",
    "departement_code": "23",
    "region_code": "75",
    "postal_code": "23250"
  },
  {
    "name": "Poussanges",
    "code": "23158",
    "epci_code": "200066744",
    "departement_code": "23",
    "region_code": "75",
    "postal_code": "23500"
  },
  {
    "name": "Puy-Malsignat",
    "code": "23159",
    "epci_code": "200067593",
    "departement_code": "23",
    "region_code": "75",
    "postal_code": "23130"
  },
  {
    "name": "Reterre",
    "code": "23160",
    "epci_code": "200067593",
    "departement_code": "23",
    "region_code": "75",
    "postal_code": "23110"
  },
  {
    "name": "Roches",
    "code": "23162",
    "epci_code": "200041556",
    "departement_code": "23",
    "region_code": "75",
    "postal_code": "23270"
  },
  {
    "name": "Rougnat",
    "code": "23164",
    "epci_code": "200067593",
    "departement_code": "23",
    "region_code": "75",
    "postal_code": "23700"
  },
  {
    "name": "Royère-de-Vassivière",
    "code": "23165",
    "epci_code": "200067189",
    "departement_code": "23",
    "region_code": "75",
    "postal_code": "23460"
  },
  {
    "name": "Sagnat",
    "code": "23166",
    "epci_code": "242320109",
    "departement_code": "23",
    "region_code": "75",
    "postal_code": "23800"
  },
  {
    "name": "Sannat",
    "code": "23167",
    "epci_code": "200067593",
    "departement_code": "23",
    "region_code": "75",
    "postal_code": "23110"
  },
  {
    "name": "Sardent",
    "code": "23168",
    "epci_code": "200067189",
    "departement_code": "23",
    "region_code": "75",
    "postal_code": "23250"
  },
  {
    "name": "La Saunière",
    "code": "23169",
    "epci_code": "200034825",
    "departement_code": "23",
    "region_code": "75",
    "postal_code": "23000"
  },
  {
    "name": "Savennes",
    "code": "23170",
    "epci_code": "200034825",
    "departement_code": "23",
    "region_code": "75",
    "postal_code": "23000"
  },
  {
    "name": "Sermur",
    "code": "23171",
    "epci_code": "200067593",
    "departement_code": "23",
    "region_code": "75",
    "postal_code": "23700"
  },
  {
    "name": "La Serre-Bussière-Vieille",
    "code": "23172",
    "epci_code": "200067593",
    "departement_code": "23",
    "region_code": "75",
    "postal_code": "23190"
  },
  {
    "name": "Soubrebost",
    "code": "23173",
    "epci_code": "200067189",
    "departement_code": "23",
    "region_code": "75",
    "postal_code": "23250"
  },
  {
    "name": "Soumans",
    "code": "23174",
    "epci_code": "200067544",
    "departement_code": "23",
    "region_code": "75",
    "postal_code": "23600"
  },
  {
    "name": "Sous-Parsat",
    "code": "23175",
    "epci_code": "200067189",
    "departement_code": "23",
    "region_code": "75",
    "postal_code": "23150"
  },
  {
    "name": "La Souterraine",
    "code": "23176",
    "epci_code": "242300135",
    "departement_code": "23",
    "region_code": "75",
    "postal_code": "23300"
  },
  {
    "name": "Saint-Agnant-de-Versillat",
    "code": "23177",
    "epci_code": "242300135",
    "departement_code": "23",
    "region_code": "75",
    "postal_code": "23300"
  },
  {
    "name": "Saint-Agnant-près-Crocq",
    "code": "23178",
    "epci_code": "200067593",
    "departement_code": "23",
    "region_code": "75",
    "postal_code": "23260"
  },
  {
    "name": "Saint-Alpinien",
    "code": "23179",
    "epci_code": "200044014",
    "departement_code": "23",
    "region_code": "75",
    "postal_code": "23200"
  },
  {
    "name": "Saint-Amand",
    "code": "23180",
    "epci_code": "200044014",
    "departement_code": "23",
    "region_code": "75",
    "postal_code": "23200"
  },
  {
    "name": "Saint-Amand-Jartoudeix",
    "code": "23181",
    "epci_code": "200067189",
    "departement_code": "23",
    "region_code": "75",
    "postal_code": "23400"
  },
  {
    "name": "Saint-Avit-de-Tardes",
    "code": "23182",
    "epci_code": "200044014",
    "departement_code": "23",
    "region_code": "75",
    "postal_code": "23200"
  },
  {
    "name": "Saint-Avit-le-Pauvre",
    "code": "23183",
    "epci_code": "200067189",
    "departement_code": "23",
    "region_code": "75",
    "postal_code": "23480"
  },
  {
    "name": "Saint-Bard",
    "code": "23184",
    "epci_code": "200067593",
    "departement_code": "23",
    "region_code": "75",
    "postal_code": "23260"
  },
  {
    "name": "Saint-Chabrais",
    "code": "23185",
    "epci_code": "200067593",
    "departement_code": "23",
    "region_code": "75",
    "postal_code": "23130"
  },
  {
    "name": "Saint-Christophe",
    "code": "23186",
    "epci_code": "200034825",
    "departement_code": "23",
    "region_code": "75",
    "postal_code": "23000"
  },
  {
    "name": "Saint-Dizier-la-Tour",
    "code": "23187",
    "epci_code": "200067593",
    "departement_code": "23",
    "region_code": "75",
    "postal_code": "23130"
  },
  {
    "name": "Saint-Dizier-les-Domaines",
    "code": "23188",
    "epci_code": "200041556",
    "departement_code": "23",
    "region_code": "75",
    "postal_code": "23270"
  },
  {
    "name": "Saint-Dizier-Masbaraud",
    "code": "23189",
    "epci_code": "200067189",
    "departement_code": "23",
    "region_code": "75",
    "postal_code": "23400"
  },
  {
    "name": "Saint-Domet",
    "code": "23190",
    "epci_code": "200067593",
    "departement_code": "23",
    "region_code": "75",
    "postal_code": "23190"
  },
  {
    "name": "Saint-Éloi",
    "code": "23191",
    "epci_code": "200034825",
    "departement_code": "23",
    "region_code": "75",
    "postal_code": "23000"
  },
  {
    "name": "Fursac",
    "code": "23192",
    "epci_code": "242320000",
    "departement_code": "23",
    "region_code": "75",
    "postal_code": "23290"
  },
  {
    "name": "Sainte-Feyre",
    "code": "23193",
    "epci_code": "200034825",
    "departement_code": "23",
    "region_code": "75",
    "postal_code": "23000"
  },
  {
    "name": "Sainte-Feyre-la-Montagne",
    "code": "23194",
    "epci_code": "200044014",
    "departement_code": "23",
    "region_code": "75",
    "postal_code": "23500"
  },
  {
    "name": "Saint-Fiel",
    "code": "23195",
    "epci_code": "200034825",
    "departement_code": "23",
    "region_code": "75",
    "postal_code": "23000"
  },
  {
    "name": "Saint-Frion",
    "code": "23196",
    "epci_code": "200044014",
    "departement_code": "23",
    "region_code": "75",
    "postal_code": "23500"
  },
  {
    "name": "Saint-Georges-la-Pouge",
    "code": "23197",
    "epci_code": "200067189",
    "departement_code": "23",
    "region_code": "75",
    "postal_code": "23250"
  },
  {
    "name": "Saint-Georges-Nigremont",
    "code": "23198",
    "epci_code": "200067593",
    "departement_code": "23",
    "region_code": "75",
    "postal_code": "23500"
  },
  {
    "name": "Saint-Germain-Beaupré",
    "code": "23199",
    "epci_code": "242300135",
    "departement_code": "23",
    "region_code": "75",
    "postal_code": "23160"
  },
  {
    "name": "Saint-Goussaud",
    "code": "23200",
    "epci_code": "242320000",
    "departement_code": "23",
    "region_code": "75",
    "postal_code": "23430"
  },
  {
    "name": "Saint-Hilaire-la-Plaine",
    "code": "23201",
    "epci_code": "200067189",
    "departement_code": "23",
    "region_code": "75",
    "postal_code": "23150"
  },
  {
    "name": "Saint-Hilaire-le-Château",
    "code": "23202",
    "epci_code": "200067189",
    "departement_code": "23",
    "region_code": "75",
    "postal_code": "23250"
  },
  {
    "name": "Saint-Julien-la-Genête",
    "code": "23203",
    "epci_code": "200067544",
    "departement_code": "23",
    "region_code": "75",
    "postal_code": "23110"
  },
  {
    "name": "Saint-Julien-le-Châtel",
    "code": "23204",
    "epci_code": "200067544",
    "departement_code": "23",
    "region_code": "75",
    "postal_code": "23130"
  },
  {
    "name": "Saint-Junien-la-Bregère",
    "code": "23205",
    "epci_code": "200067189",
    "departement_code": "23",
    "region_code": "75",
    "postal_code": "23400"
  },
  {
    "name": "Saint-Laurent",
    "code": "23206",
    "epci_code": "200034825",
    "departement_code": "23",
    "region_code": "75",
    "postal_code": "23000"
  },
  {
    "name": "Saint-Léger-Bridereix",
    "code": "23207",
    "epci_code": "242300135",
    "departement_code": "23",
    "region_code": "75",
    "postal_code": "23300"
  },
  {
    "name": "Saint-Léger-le-Guérétois",
    "code": "23208",
    "epci_code": "200034825",
    "departement_code": "23",
    "region_code": "75",
    "postal_code": "23000"
  },
  {
    "name": "Saint-Loup",
    "code": "23209",
    "epci_code": "200067544",
    "departement_code": "23",
    "region_code": "75",
    "postal_code": "23130"
  },
  {
    "name": "Saint-Maixant",
    "code": "23210",
    "epci_code": "200044014",
    "departement_code": "23",
    "region_code": "75",
    "postal_code": "23200"
  },
  {
    "name": "Saint-Marc-à-Frongier",
    "code": "23211",
    "epci_code": "200044014",
    "departement_code": "23",
    "region_code": "75",
    "postal_code": "23200"
  },
  {
    "name": "Saint-Marc-à-Loubaud",
    "code": "23212",
    "epci_code": "200044014",
    "departement_code": "23",
    "region_code": "75",
    "postal_code": "23460"
  },
  {
    "name": "Saint-Marien",
    "code": "23213",
    "epci_code": "200067544",
    "departement_code": "23",
    "region_code": "75",
    "postal_code": "23600"
  },
  {
    "name": "Saint-Martial-le-Mont",
    "code": "23214",
    "epci_code": "200067189",
    "departement_code": "23",
    "region_code": "75",
    "postal_code": "23150"
  },
  {
    "name": "Saint-Martial-le-Vieux",
    "code": "23215",
    "epci_code": "200066744",
    "departement_code": "23",
    "region_code": "75",
    "postal_code": "23100"
  },
  {
    "name": "Saint-Martin-Château",
    "code": "23216",
    "epci_code": "200067189",
    "departement_code": "23",
    "region_code": "75",
    "postal_code": "23460"
  },
  {
    "name": "Saint-Martin-Sainte-Catherine",
    "code": "23217",
    "epci_code": "200067189",
    "departement_code": "23",
    "region_code": "75",
    "postal_code": "23430"
  },
  {
    "name": "Saint-Maurice-près-Crocq",
    "code": "23218",
    "epci_code": "200067593",
    "departement_code": "23",
    "region_code": "75",
    "postal_code": "23260"
  },
  {
    "name": "Saint-Maurice-la-Souterraine",
    "code": "23219",
    "epci_code": "242300135",
    "departement_code": "23",
    "region_code": "75",
    "postal_code": "23300"
  },
  {
    "name": "Saint-Médard-la-Rochette",
    "code": "23220",
    "epci_code": "200067593",
    "departement_code": "23",
    "region_code": "75",
    "postal_code": "23200"
  },
  {
    "name": "Saint-Merd-la-Breuille",
    "code": "23221",
    "epci_code": "200066744",
    "departement_code": "23",
    "region_code": "75",
    "postal_code": "23100"
  },
  {
    "name": "Saint-Michel-de-Veisse",
    "code": "23222",
    "epci_code": "200067189",
    "departement_code": "23",
    "region_code": "75",
    "postal_code": "23480"
  },
  {
    "name": "Saint-Moreil",
    "code": "23223",
    "epci_code": "200067189",
    "departement_code": "23",
    "region_code": "75",
    "postal_code": "23400"
  },
  {
    "name": "Saint-Oradoux-de-Chirouze",
    "code": "23224",
    "epci_code": "200066744",
    "departement_code": "23",
    "region_code": "75",
    "postal_code": "23100"
  },
  {
    "name": "Saint-Oradoux-près-Crocq",
    "code": "23225",
    "epci_code": "200067593",
    "departement_code": "23",
    "region_code": "75",
    "postal_code": "23260"
  },
  {
    "name": "Saint-Pardoux-d’Arnet",
    "code": "23226",
    "epci_code": "200067593",
    "departement_code": "23",
    "region_code": "75",
    "postal_code": "23260"
  },
  {
    "name": "Saint-Pardoux-Morterolles",
    "code": "23227",
    "epci_code": "200067189",
    "departement_code": "23",
    "region_code": "75",
    "postal_code": "23400"
  },
  {
    "name": "Saint-Pardoux-le-Neuf",
    "code": "23228",
    "epci_code": "200044014",
    "departement_code": "23",
    "region_code": "75",
    "postal_code": "23200"
  },
  {
    "name": "Saint-Pardoux-les-Cards",
    "code": "23229",
    "epci_code": "200067593",
    "departement_code": "23",
    "region_code": "75",
    "postal_code": "23150"
  },
  {
    "name": "Saint-Pierre-Chérignat",
    "code": "23230",
    "epci_code": "200067189",
    "departement_code": "23",
    "region_code": "75",
    "postal_code": "23430"
  },
  {
    "name": "Saint-Pierre-Bellevue",
    "code": "23232",
    "epci_code": "200067189",
    "departement_code": "23",
    "region_code": "75",
    "postal_code": "23460"
  },
  {
    "name": "Saint-Pierre-le-Bost",
    "code": "23233",
    "epci_code": "200067544",
    "departement_code": "23",
    "region_code": "75",
    "postal_code": "23600"
  },
  {
    "name": "Saint-Priest",
    "code": "23234",
    "epci_code": "200067593",
    "departement_code": "23",
    "region_code": "75",
    "postal_code": "23110"
  },
  {
    "name": "Saint-Priest-la-Feuille",
    "code": "23235",
    "epci_code": "242300135",
    "departement_code": "23",
    "region_code": "75",
    "postal_code": "23300"
  },
  {
    "name": "Saint-Priest-la-Plaine",
    "code": "23236",
    "epci_code": "242320000",
    "departement_code": "23",
    "region_code": "75",
    "postal_code": "23240"
  },
  {
    "name": "Saint-Priest-Palus",
    "code": "23237",
    "epci_code": "200067189",
    "departement_code": "23",
    "region_code": "75",
    "postal_code": "23400"
  },
  {
    "name": "Saint-Quentin-la-Chabanne",
    "code": "23238",
    "epci_code": "200044014",
    "departement_code": "23",
    "region_code": "75",
    "postal_code": "23500"
  },
  {
    "name": "Saint-Sébastien",
    "code": "23239",
    "epci_code": "242320109",
    "departement_code": "23",
    "region_code": "75",
    "postal_code": "23160"
  },
  {
    "name": "Saint-Silvain-Bas-le-Roc",
    "code": "23240",
    "epci_code": "200067544",
    "departement_code": "23",
    "region_code": "75",
    "postal_code": "23600"
  },
  {
    "name": "Saint-Silvain-Bellegarde",
    "code": "23241",
    "epci_code": "200067593",
    "departement_code": "23",
    "region_code": "75",
    "postal_code": "23190"
  },
  {
    "name": "Saint-Silvain-Montaigut",
    "code": "23242",
    "epci_code": "200034825",
    "departement_code": "23",
    "region_code": "75",
    "postal_code": "23320"
  },
  {
    "name": "Saint-Silvain-sous-Toulx",
    "code": "23243",
    "epci_code": "200067544",
    "departement_code": "23",
    "region_code": "75",
    "postal_code": "23140"
  },
  {
    "name": "Saint-Sulpice-le-Dunois",
    "code": "23244",
    "epci_code": "242320109",
    "departement_code": "23",
    "region_code": "75",
    "postal_code": "23800"
  },
  {
    "name": "Saint-Sulpice-le-Guérétois",
    "code": "23245",
    "epci_code": "200034825",
    "departement_code": "23",
    "region_code": "75",
    "postal_code": "23000"
  },
  {
    "name": "Saint-Sulpice-les-Champs",
    "code": "23246",
    "epci_code": "200044014",
    "departement_code": "23",
    "region_code": "75",
    "postal_code": "23480"
  },
  {
    "name": "Saint-Vaury",
    "code": "23247",
    "epci_code": "200034825",
    "departement_code": "23",
    "region_code": "75",
    "postal_code": "23320"
  },
  {
    "name": "Saint-Victor-en-Marche",
    "code": "23248",
    "epci_code": "200034825",
    "departement_code": "23",
    "region_code": "75",
    "postal_code": "23000"
  },
  {
    "name": "Saint-Yrieix-la-Montagne",
    "code": "23249",
    "epci_code": "200044014",
    "departement_code": "23",
    "region_code": "75",
    "postal_code": "23460"
  },
  {
    "name": "Saint-Yrieix-les-Bois",
    "code": "23250",
    "epci_code": "200034825",
    "departement_code": "23",
    "region_code": "75",
    "postal_code": "23150"
  },
  {
    "name": "Tardes",
    "code": "23251",
    "epci_code": "200067544",
    "departement_code": "23",
    "region_code": "75",
    "postal_code": "23170"
  },
  {
    "name": "Tercillat",
    "code": "23252",
    "epci_code": "200041556",
    "departement_code": "23",
    "region_code": "75",
    "postal_code": "23350"
  },
  {
    "name": "Thauron",
    "code": "23253",
    "epci_code": "200067189",
    "departement_code": "23",
    "region_code": "75",
    "postal_code": "23250"
  },
  {
    "name": "Toulx-Sainte-Croix",
    "code": "23254",
    "epci_code": "200067544",
    "departement_code": "23",
    "region_code": "75",
    "postal_code": "23600"
  },
  {
    "name": "Trois-Fonds",
    "code": "23255",
    "epci_code": "200067544",
    "departement_code": "23",
    "region_code": "75",
    "postal_code": "23230"
  },
  {
    "name": "Vallière",
    "code": "23257",
    "epci_code": "200044014",
    "departement_code": "23",
    "region_code": "75",
    "postal_code": "23120"
  },
  {
    "name": "Vareilles",
    "code": "23258",
    "epci_code": "242300135",
    "departement_code": "23",
    "region_code": "75",
    "postal_code": "23300"
  },
  {
    "name": "Verneiges",
    "code": "23259",
    "epci_code": "200067544",
    "departement_code": "23",
    "region_code": "75",
    "postal_code": "23170"
  },
  {
    "name": "Vidaillat",
    "code": "23260",
    "epci_code": "200067189",
    "departement_code": "23",
    "region_code": "75",
    "postal_code": "23250"
  },
  {
    "name": "Viersat",
    "code": "23261",
    "epci_code": "200067544",
    "departement_code": "23",
    "region_code": "75",
    "postal_code": "23170"
  },
  {
    "name": "Vigeville",
    "code": "23262",
    "epci_code": "200067544",
    "departement_code": "23",
    "region_code": "75",
    "postal_code": "23140"
  },
  {
    "name": "Villard",
    "code": "23263",
    "epci_code": "242320109",
    "departement_code": "23",
    "region_code": "75",
    "postal_code": "23800"
  },
  {
    "name": "La Villedieu",
    "code": "23264",
    "epci_code": "200044014",
    "departement_code": "23",
    "region_code": "75",
    "postal_code": "23340"
  },
  {
    "name": "La Villeneuve",
    "code": "23265",
    "epci_code": "200067593",
    "departement_code": "23",
    "region_code": "75",
    "postal_code": "23260"
  },
  {
    "name": "La Villetelle",
    "code": "23266",
    "epci_code": "200044014",
    "departement_code": "23",
    "region_code": "75",
    "postal_code": "23260"
  }
]