[
  {
    "name": "Abelcourt",
    "code": "70001",
    "epci_code": "200041861",
    "departement_code": "70",
    "region_code": "27",
    "postal_code": "70300"
  },
  {
    "name": "Aboncourt-Gesincourt",
    "code": "70002",
    "epci_code": "200036150",
    "departement_code": "70",
    "region_code": "27",
    "postal_code": "70500"
  },
  {
    "name": "Achey",
    "code": "70003",
    "epci_code": "247000623",
    "departement_code": "70",
    "region_code": "27",
    "postal_code": "70180"
  },
  {
    "name": "Adelans-et-le-Val-de-Bithaine",
    "code": "70004",
    "epci_code": "200041861",
    "departement_code": "70",
    "region_code": "27",
    "postal_code": "70200"
  },
  {
    "name": "Aillevans",
    "code": "70005",
    "epci_code": "247000714",
    "departement_code": "70",
    "region_code": "27",
    "postal_code": "70110"
  },
  {
    "name": "Aillevillers-et-Lyaumont",
    "code": "70006",
    "epci_code": "200041721",
    "departement_code": "70",
    "region_code": "27",
    "postal_code": "70320"
  },
  {
    "name": "Ailloncourt",
    "code": "70007",
    "epci_code": "200041861",
    "departement_code": "70",
    "region_code": "27",
    "postal_code": "70300"
  },
  {
    "name": "Ainvelle",
    "code": "70008",
    "epci_code": "200041721",
    "departement_code": "70",
    "region_code": "27",
    "postal_code": "70800"
  },
  {
    "name": "Aisey-et-Richecourt",
    "code": "70009",
    "epci_code": "200036150",
    "departement_code": "70",
    "region_code": "27",
    "postal_code": "70500"
  },
  {
    "name": "Alaincourt",
    "code": "70010",
    "epci_code": "200041721",
    "departement_code": "70",
    "region_code": "27",
    "postal_code": "70210"
  },
  {
    "name": "Amage",
    "code": "70011",
    "epci_code": "247000854",
    "departement_code": "70",
    "region_code": "27",
    "postal_code": "70280"
  },
  {
    "name": "Amance",
    "code": "70012",
    "epci_code": "200041879",
    "departement_code": "70",
    "region_code": "27",
    "postal_code": "70160"
  },
  {
    "name": "Ambiévillers",
    "code": "70013",
    "epci_code": "200041721",
    "departement_code": "70",
    "region_code": "27",
    "postal_code": "70210"
  },
  {
    "name": "Amblans-et-Velotte",
    "code": "70014",
    "epci_code": "247000664",
    "departement_code": "70",
    "region_code": "27",
    "postal_code": "70200"
  },
  {
    "name": "Amoncourt",
    "code": "70015",
    "epci_code": "200041879",
    "departement_code": "70",
    "region_code": "27",
    "postal_code": "70170"
  },
  {
    "name": "Amont-et-Effreney",
    "code": "70016",
    "epci_code": "247000854",
    "departement_code": "70",
    "region_code": "27",
    "postal_code": "70310"
  },
  {
    "name": "Anchenoncourt-et-Chazel",
    "code": "70017",
    "epci_code": "200041879",
    "departement_code": "70",
    "region_code": "27",
    "postal_code": "70210"
  },
  {
    "name": "Ancier",
    "code": "70018",
    "epci_code": "200036549",
    "departement_code": "70",
    "region_code": "27",
    "postal_code": "70100"
  },
  {
    "name": "Andelarre",
    "code": "70019",
    "epci_code": "247000011",
    "departement_code": "70",
    "region_code": "27",
    "postal_code": "70000"
  },
  {
    "name": "Andelarrot",
    "code": "70020",
    "epci_code": "247000011",
    "departement_code": "70",
    "region_code": "27",
    "postal_code": "70000"
  },
  {
    "name": "Andornay",
    "code": "70021",
    "epci_code": "247000664",
    "departement_code": "70",
    "region_code": "27",
    "postal_code": "70200"
  },
  {
    "name": "Angirey",
    "code": "70022",
    "epci_code": "247000698",
    "departement_code": "70",
    "region_code": "27",
    "postal_code": "70700"
  },
  {
    "name": "Anjeux",
    "code": "70023",
    "epci_code": "200041721",
    "departement_code": "70",
    "region_code": "27",
    "postal_code": "70800"
  },
  {
    "name": "Apremont",
    "code": "70024",
    "epci_code": "200036549",
    "departement_code": "70",
    "region_code": "27",
    "postal_code": "70100"
  },
  {
    "name": "Arbecey",
    "code": "70025",
    "epci_code": "200036150",
    "departement_code": "70",
    "region_code": "27",
    "postal_code": "70120"
  },
  {
    "name": "Arc-lès-Gray",
    "code": "70026",
    "epci_code": "200036549",
    "departement_code": "70",
    "region_code": "27",
    "postal_code": "70100"
  },
  {
    "name": "Argillières",
    "code": "70027",
    "epci_code": "247000623",
    "departement_code": "70",
    "region_code": "27",
    "postal_code": "70600"
  },
  {
    "name": "Aroz",
    "code": "70028",
    "epci_code": "247000367",
    "departement_code": "70",
    "region_code": "27",
    "postal_code": "70360"
  },
  {
    "name": "Arpenans",
    "code": "70029",
    "epci_code": "247000664",
    "departement_code": "70",
    "region_code": "27",
    "postal_code": "70200"
  },
  {
    "name": "Arsans",
    "code": "70030",
    "epci_code": "200036549",
    "departement_code": "70",
    "region_code": "27",
    "postal_code": "70100"
  },
  {
    "name": "Athesans-Étroitefontaine",
    "code": "70031",
    "epci_code": "247000714",
    "departement_code": "70",
    "region_code": "27",
    "postal_code": "70110"
  },
  {
    "name": "Attricourt",
    "code": "70032",
    "epci_code": "200036549",
    "departement_code": "70",
    "region_code": "27",
    "postal_code": "70100"
  },
  {
    "name": "Augicourt",
    "code": "70035",
    "epci_code": "200036150",
    "departement_code": "70",
    "region_code": "27",
    "postal_code": "70500"
  },
  {
    "name": "Aulx-lès-Cromary",
    "code": "70036",
    "epci_code": "247000706",
    "departement_code": "70",
    "region_code": "27",
    "postal_code": "70190"
  },
  {
    "name": "Autet",
    "code": "70037",
    "epci_code": "247000623",
    "departement_code": "70",
    "region_code": "27",
    "postal_code": "70180"
  },
  {
    "name": "Authoison",
    "code": "70038",
    "epci_code": "200041853",
    "departement_code": "70",
    "region_code": "27",
    "postal_code": "70190"
  },
  {
    "name": "Autoreille",
    "code": "70039",
    "epci_code": "247000698",
    "departement_code": "70",
    "region_code": "27",
    "postal_code": "70700"
  },
  {
    "name": "Autrey-lès-Cerre",
    "code": "70040",
    "epci_code": "200041861",
    "departement_code": "70",
    "region_code": "27",
    "postal_code": "70110"
  },
  {
    "name": "Autrey-lès-Gray",
    "code": "70041",
    "epci_code": "200036549",
    "departement_code": "70",
    "region_code": "27",
    "postal_code": "70100"
  },
  {
    "name": "Autrey-le-Vay",
    "code": "70042",
    "epci_code": "247000714",
    "departement_code": "70",
    "region_code": "27",
    "postal_code": "70110"
  },
  {
    "name": "Auvet-et-la-Chapelotte",
    "code": "70043",
    "epci_code": "200036549",
    "departement_code": "70",
    "region_code": "27",
    "postal_code": "70100"
  },
  {
    "name": "Auxon",
    "code": "70044",
    "epci_code": "200041879",
    "departement_code": "70",
    "region_code": "27",
    "postal_code": "70000"
  },
  {
    "name": "Avrigney-Virey",
    "code": "70045",
    "epci_code": "200041887",
    "departement_code": "70",
    "region_code": "27",
    "postal_code": "70150"
  },
  {
    "name": "Les Aynans",
    "code": "70046",
    "epci_code": "247000664",
    "departement_code": "70",
    "region_code": "27",
    "postal_code": "70200"
  },
  {
    "name": "Baignes",
    "code": "70047",
    "epci_code": "247000367",
    "departement_code": "70",
    "region_code": "27",
    "postal_code": "70000"
  },
  {
    "name": "Bard-lès-Pesmes",
    "code": "70048",
    "epci_code": "200041887",
    "departement_code": "70",
    "region_code": "27",
    "postal_code": "70140"
  },
  {
    "name": "Barges",
    "code": "70049",
    "epci_code": "200036150",
    "departement_code": "70",
    "region_code": "27",
    "postal_code": "70500"
  },
  {
    "name": "La Barre",
    "code": "70050",
    "epci_code": "200041853",
    "departement_code": "70",
    "region_code": "27",
    "postal_code": "70190"
  },
  {
    "name": "La Basse-Vaivre",
    "code": "70051",
    "epci_code": "200041721",
    "departement_code": "70",
    "region_code": "27",
    "postal_code": "70210"
  },
  {
    "name": "Bassigney",
    "code": "70052",
    "epci_code": "200041721",
    "departement_code": "70",
    "region_code": "27",
    "postal_code": "70800"
  },
  {
    "name": "Les Bâties",
    "code": "70053",
    "epci_code": "247000698",
    "departement_code": "70",
    "region_code": "27",
    "postal_code": "70130"
  },
  {
    "name": "Battrans",
    "code": "70054",
    "epci_code": "200036549",
    "departement_code": "70",
    "region_code": "27",
    "postal_code": "70100"
  },
  {
    "name": "Baudoncourt",
    "code": "70055",
    "epci_code": "247000755",
    "departement_code": "70",
    "region_code": "27",
    "postal_code": "70300"
  },
  {
    "name": "Baulay",
    "code": "70056",
    "epci_code": "200041879",
    "departement_code": "70",
    "region_code": "27",
    "postal_code": "70160"
  },
  {
    "name": "Bay",
    "code": "70057",
    "epci_code": "200041887",
    "departement_code": "70",
    "region_code": "27",
    "postal_code": "70150"
  },
  {
    "name": "Beaujeu-Saint-Vallier-Pierrejux-et-Quitteur",
    "code": "70058",
    "epci_code": "247000623",
    "departement_code": "70",
    "region_code": "27",
    "postal_code": "70100"
  },
  {
    "name": "Beaumotte-Aubertans",
    "code": "70059",
    "epci_code": "200041853",
    "departement_code": "70",
    "region_code": "27",
    "postal_code": "70190"
  },
  {
    "name": "Beaumotte-lès-Pin",
    "code": "70060",
    "epci_code": "200041887",
    "departement_code": "70",
    "region_code": "27",
    "postal_code": "70150"
  },
  {
    "name": "Belfahy",
    "code": "70061",
    "epci_code": "247000854",
    "departement_code": "70",
    "region_code": "27",
    "postal_code": "70290"
  },
  {
    "name": "Belmont",
    "code": "70062",
    "epci_code": "247000854",
    "departement_code": "70",
    "region_code": "27",
    "postal_code": "70270"
  },
  {
    "name": "Belonchamp",
    "code": "70063",
    "epci_code": "247000854",
    "departement_code": "70",
    "region_code": "27",
    "postal_code": "70270"
  },
  {
    "name": "Belverne",
    "code": "70064",
    "epci_code": "247000722",
    "departement_code": "70",
    "region_code": "27",
    "postal_code": "70400"
  },
  {
    "name": "Besnans",
    "code": "70065",
    "epci_code": "200041853",
    "departement_code": "70",
    "region_code": "27",
    "postal_code": "70230"
  },
  {
    "name": "Betaucourt",
    "code": "70066",
    "epci_code": "200036150",
    "departement_code": "70",
    "region_code": "27",
    "postal_code": "70500"
  },
  {
    "name": "Betoncourt-lès-Brotte",
    "code": "70067",
    "epci_code": "200041861",
    "departement_code": "70",
    "region_code": "27",
    "postal_code": "70300"
  },
  {
    "name": "Betoncourt-Saint-Pancras",
    "code": "70069",
    "epci_code": "200041721",
    "departement_code": "70",
    "region_code": "27",
    "postal_code": "70210"
  },
  {
    "name": "Betoncourt-sur-Mance",
    "code": "70070",
    "epci_code": "200036150",
    "departement_code": "70",
    "region_code": "27",
    "postal_code": "70500"
  },
  {
    "name": "Beulotte-Saint-Laurent",
    "code": "70071",
    "epci_code": "247000854",
    "departement_code": "70",
    "region_code": "27",
    "postal_code": "70310"
  },
  {
    "name": "Beveuge",
    "code": "70072",
    "epci_code": "247000714",
    "departement_code": "70",
    "region_code": "27",
    "postal_code": "70110"
  },
  {
    "name": "Blondefontaine",
    "code": "70074",
    "epci_code": "200036150",
    "departement_code": "70",
    "region_code": "27",
    "postal_code": "70500"
  },
  {
    "name": "Bonboillon",
    "code": "70075",
    "epci_code": "200041887",
    "departement_code": "70",
    "region_code": "27",
    "postal_code": "70150"
  },
  {
    "name": "Bonnevent-Velloreille",
    "code": "70076",
    "epci_code": "247000706",
    "departement_code": "70",
    "region_code": "27",
    "postal_code": "70700"
  },
  {
    "name": "Borey",
    "code": "70077",
    "epci_code": "200041861",
    "departement_code": "70",
    "region_code": "27",
    "postal_code": "70110"
  },
  {
    "name": "Bougey",
    "code": "70078",
    "epci_code": "200036150",
    "departement_code": "70",
    "region_code": "27",
    "postal_code": "70500"
  },
  {
    "name": "Bougnon",
    "code": "70079",
    "epci_code": "200041879",
    "departement_code": "70",
    "region_code": "27",
    "postal_code": "70170"
  },
  {
    "name": "Bouhans-et-Feurg",
    "code": "70080",
    "epci_code": "200036549",
    "departement_code": "70",
    "region_code": "27",
    "postal_code": "70100"
  },
  {
    "name": "Bouhans-lès-Lure",
    "code": "70081",
    "epci_code": "200041861",
    "departement_code": "70",
    "region_code": "27",
    "postal_code": "70200"
  },
  {
    "name": "Bouhans-lès-Montbozon",
    "code": "70082",
    "epci_code": "200041853",
    "departement_code": "70",
    "region_code": "27",
    "postal_code": "70230"
  },
  {
    "name": "Bouligney",
    "code": "70083",
    "epci_code": "200041721",
    "departement_code": "70",
    "region_code": "27",
    "postal_code": "70800"
  },
  {
    "name": "Boulot",
    "code": "70084",
    "epci_code": "247000706",
    "departement_code": "70",
    "region_code": "27",
    "postal_code": "70190"
  },
  {
    "name": "Boult",
    "code": "70085",
    "epci_code": "247000706",
    "departement_code": "70",
    "region_code": "27",
    "postal_code": "70190"
  },
  {
    "name": "Bourbévelle",
    "code": "70086",
    "epci_code": "200036150",
    "departement_code": "70",
    "region_code": "27",
    "postal_code": "70500"
  },
  {
    "name": "Bourguignon-lès-Conflans",
    "code": "70087",
    "epci_code": "200041879",
    "departement_code": "70",
    "region_code": "27",
    "postal_code": "70800"
  },
  {
    "name": "Bourguignon-lès-la-Charité",
    "code": "70088",
    "epci_code": "247000698",
    "departement_code": "70",
    "region_code": "27",
    "postal_code": "70190"
  },
  {
    "name": "Bourguignon-lès-Morey",
    "code": "70089",
    "epci_code": "200036150",
    "departement_code": "70",
    "region_code": "27",
    "postal_code": "70120"
  },
  {
    "name": "Boursières",
    "code": "70090",
    "epci_code": "247000367",
    "departement_code": "70",
    "region_code": "27",
    "postal_code": "70000"
  },
  {
    "name": "Bousseraucourt",
    "code": "70091",
    "epci_code": "200036150",
    "departement_code": "70",
    "region_code": "27",
    "postal_code": "70500"
  },
  {
    "name": "Bresilley",
    "code": "70092",
    "epci_code": "200041887",
    "departement_code": "70",
    "region_code": "27",
    "postal_code": "70140"
  },
  {
    "name": "Breuches",
    "code": "70093",
    "epci_code": "247000755",
    "departement_code": "70",
    "region_code": "27",
    "postal_code": "70300"
  },
  {
    "name": "Breuchotte",
    "code": "70094",
    "epci_code": "247000755",
    "departement_code": "70",
    "region_code": "27",
    "postal_code": "70280"
  },
  {
    "name": "Breurey-lès-Faverney",
    "code": "70095",
    "epci_code": "200041879",
    "departement_code": "70",
    "region_code": "27",
    "postal_code": "70160"
  },
  {
    "name": "Brevilliers",
    "code": "70096",
    "epci_code": "247000722",
    "departement_code": "70",
    "region_code": "27",
    "postal_code": "70400"
  },
  {
    "name": "Briaucourt",
    "code": "70097",
    "epci_code": "200041721",
    "departement_code": "70",
    "region_code": "27",
    "postal_code": "70800"
  },
  {
    "name": "Brotte-lès-Luxeuil",
    "code": "70098",
    "epci_code": "247000755",
    "departement_code": "70",
    "region_code": "27",
    "postal_code": "70300"
  },
  {
    "name": "Brotte-lès-Ray",
    "code": "70099",
    "epci_code": "247000623",
    "departement_code": "70",
    "region_code": "27",
    "postal_code": "70180"
  },
  {
    "name": "Broye-les-Loups-et-Verfontaine",
    "code": "70100",
    "epci_code": "200036549",
    "departement_code": "70",
    "region_code": "27",
    "postal_code": "70100"
  },
  {
    "name": "Broye-Aubigney-Montseugny",
    "code": "70101",
    "epci_code": "200036549",
    "departement_code": "70",
    "region_code": "27",
    "postal_code": "70140"
  },
  {
    "name": "Brussey",
    "code": "70102",
    "epci_code": "200041887",
    "departement_code": "70",
    "region_code": "27",
    "postal_code": "70150"
  },
  {
    "name": "La Bruyère",
    "code": "70103",
    "epci_code": "247000854",
    "departement_code": "70",
    "region_code": "27",
    "postal_code": "70280"
  },
  {
    "name": "Bucey-lès-Gy",
    "code": "70104",
    "epci_code": "247000698",
    "departement_code": "70",
    "region_code": "27",
    "postal_code": "70700"
  },
  {
    "name": "Bucey-lès-Traves",
    "code": "70105",
    "epci_code": "247000367",
    "departement_code": "70",
    "region_code": "27",
    "postal_code": "70360"
  },
  {
    "name": "Buffignécourt",
    "code": "70106",
    "epci_code": "200041879",
    "departement_code": "70",
    "region_code": "27",
    "postal_code": "70500"
  },
  {
    "name": "Bussières",
    "code": "70107",
    "epci_code": "247000706",
    "departement_code": "70",
    "region_code": "27",
    "postal_code": "70190"
  },
  {
    "name": "Buthiers",
    "code": "70109",
    "epci_code": "247000706",
    "departement_code": "70",
    "region_code": "27",
    "postal_code": "70190"
  },
  {
    "name": "Calmoutier",
    "code": "70111",
    "epci_code": "200041861",
    "departement_code": "70",
    "region_code": "27",
    "postal_code": "70240"
  },
  {
    "name": "Cemboing",
    "code": "70112",
    "epci_code": "200036150",
    "departement_code": "70",
    "region_code": "27",
    "postal_code": "70500"
  },
  {
    "name": "Cenans",
    "code": "70113",
    "epci_code": "200041853",
    "departement_code": "70",
    "region_code": "27",
    "postal_code": "70230"
  },
  {
    "name": "Cendrecourt",
    "code": "70114",
    "epci_code": "200036150",
    "departement_code": "70",
    "region_code": "27",
    "postal_code": "70500"
  },
  {
    "name": "Cerre-lès-Noroy",
    "code": "70115",
    "epci_code": "200041861",
    "departement_code": "70",
    "region_code": "27",
    "postal_code": "70000"
  },
  {
    "name": "Chagey",
    "code": "70116",
    "epci_code": "247000722",
    "departement_code": "70",
    "region_code": "27",
    "postal_code": "70400"
  },
  {
    "name": "Châlonvillars",
    "code": "70117",
    "epci_code": "247000722",
    "departement_code": "70",
    "region_code": "27",
    "postal_code": "70400"
  },
  {
    "name": "Chambornay-lès-Bellevaux",
    "code": "70118",
    "epci_code": "247000706",
    "departement_code": "70",
    "region_code": "27",
    "postal_code": "70190"
  },
  {
    "name": "Chambornay-lès-Pin",
    "code": "70119",
    "epci_code": "200041887",
    "departement_code": "70",
    "region_code": "27",
    "postal_code": "70150"
  },
  {
    "name": "Champagney",
    "code": "70120",
    "epci_code": "247000821",
    "departement_code": "70",
    "region_code": "27",
    "postal_code": "70290"
  },
  {
    "name": "Champey",
    "code": "70121",
    "epci_code": "247000722",
    "departement_code": "70",
    "region_code": "27",
    "postal_code": "70400"
  },
  {
    "name": "Champlitte",
    "code": "70122",
    "epci_code": "247000623",
    "departement_code": "70",
    "region_code": "27",
    "postal_code": "70600"
  },
  {
    "name": "Champtonnay",
    "code": "70124",
    "epci_code": "200036549",
    "departement_code": "70",
    "region_code": "27",
    "postal_code": "70100"
  },
  {
    "name": "Champvans",
    "code": "70125",
    "epci_code": "200036549",
    "departement_code": "70",
    "region_code": "27",
    "postal_code": "70100"
  },
  {
    "name": "Chancey",
    "code": "70126",
    "epci_code": "200041887",
    "departement_code": "70",
    "region_code": "27",
    "postal_code": "70140"
  },
  {
    "name": "Chantes",
    "code": "70127",
    "epci_code": "247000367",
    "departement_code": "70",
    "region_code": "27",
    "postal_code": "70360"
  },
  {
    "name": "La Chapelle-lès-Luxeuil",
    "code": "70128",
    "epci_code": "247000755",
    "departement_code": "70",
    "region_code": "27",
    "postal_code": "70300"
  },
  {
    "name": "La Chapelle-Saint-Quillain",
    "code": "70129",
    "epci_code": "247000698",
    "departement_code": "70",
    "region_code": "27",
    "postal_code": "70700"
  },
  {
    "name": "Charcenne",
    "code": "70130",
    "epci_code": "247000698",
    "departement_code": "70",
    "region_code": "27",
    "postal_code": "70700"
  },
  {
    "name": "Chargey-lès-Gray",
    "code": "70132",
    "epci_code": "200036549",
    "departement_code": "70",
    "region_code": "27",
    "postal_code": "70100"
  },
  {
    "name": "Chargey-lès-Port",
    "code": "70133",
    "epci_code": "200041879",
    "departement_code": "70",
    "region_code": "27",
    "postal_code": "70170"
  },
  {
    "name": "Chariez",
    "code": "70134",
    "epci_code": "247000011",
    "departement_code": "70",
    "region_code": "27",
    "postal_code": "70000"
  },
  {
    "name": "Charmes-Saint-Valbert",
    "code": "70135",
    "epci_code": "200036150",
    "departement_code": "70",
    "region_code": "27",
    "postal_code": "70120"
  },
  {
    "name": "Charmoille",
    "code": "70136",
    "epci_code": "247000011",
    "departement_code": "70",
    "region_code": "27",
    "postal_code": "70000"
  },
  {
    "name": "Chassey-lès-Montbozon",
    "code": "70137",
    "epci_code": "200041853",
    "departement_code": "70",
    "region_code": "27",
    "postal_code": "70230"
  },
  {
    "name": "Chassey-lès-Scey",
    "code": "70138",
    "epci_code": "247000367",
    "departement_code": "70",
    "region_code": "27",
    "postal_code": "70360"
  },
  {
    "name": "Châteney",
    "code": "70140",
    "epci_code": "200041861",
    "departement_code": "70",
    "region_code": "27",
    "postal_code": "70240"
  },
  {
    "name": "Châtenois",
    "code": "70141",
    "epci_code": "200041861",
    "departement_code": "70",
    "region_code": "27",
    "postal_code": "70240"
  },
  {
    "name": "Chaumercenne",
    "code": "70142",
    "epci_code": "200041887",
    "departement_code": "70",
    "region_code": "27",
    "postal_code": "70140"
  },
  {
    "name": "Chauvirey-le-Châtel",
    "code": "70143",
    "epci_code": "200036150",
    "departement_code": "70",
    "region_code": "27",
    "postal_code": "70500"
  },
  {
    "name": "Chauvirey-le-Vieil",
    "code": "70144",
    "epci_code": "200036150",
    "departement_code": "70",
    "region_code": "27",
    "postal_code": "70500"
  },
  {
    "name": "Chaux-la-Lotière",
    "code": "70145",
    "epci_code": "247000706",
    "departement_code": "70",
    "region_code": "27",
    "postal_code": "70190"
  },
  {
    "name": "Chaux-lès-Port",
    "code": "70146",
    "epci_code": "200041879",
    "departement_code": "70",
    "region_code": "27",
    "postal_code": "70170"
  },
  {
    "name": "Chavanne",
    "code": "70147",
    "epci_code": "247000722",
    "departement_code": "70",
    "region_code": "27",
    "postal_code": "70400"
  },
  {
    "name": "Chemilly",
    "code": "70148",
    "epci_code": "247000367",
    "departement_code": "70",
    "region_code": "27",
    "postal_code": "70360"
  },
  {
    "name": "Chenebier",
    "code": "70149",
    "epci_code": "247000722",
    "departement_code": "70",
    "region_code": "27",
    "postal_code": "70400"
  },
  {
    "name": "Chenevrey-et-Morogne",
    "code": "70150",
    "epci_code": "200041887",
    "departement_code": "70",
    "region_code": "27",
    "postal_code": "70150"
  },
  {
    "name": "Chevigney",
    "code": "70151",
    "epci_code": "200036549",
    "departement_code": "70",
    "region_code": "27",
    "postal_code": "70140"
  },
  {
    "name": "Colombine",
    "code": "70152",
    "epci_code": "247000698",
    "departement_code": "70",
    "region_code": "27",
    "postal_code": "70700"
  },
  {
    "name": "Cintrey",
    "code": "70153",
    "epci_code": "200036150",
    "departement_code": "70",
    "region_code": "27",
    "postal_code": "70120"
  },
  {
    "name": "Cirey",
    "code": "70154",
    "epci_code": "247000706",
    "departement_code": "70",
    "region_code": "27",
    "postal_code": "70190"
  },
  {
    "name": "Citers",
    "code": "70155",
    "epci_code": "200041861",
    "departement_code": "70",
    "region_code": "27",
    "postal_code": "70300"
  },
  {
    "name": "Citey",
    "code": "70156",
    "epci_code": "247000698",
    "departement_code": "70",
    "region_code": "27",
    "postal_code": "70700"
  },
  {
    "name": "Clairegoutte",
    "code": "70157",
    "epci_code": "247000821",
    "departement_code": "70",
    "region_code": "27",
    "postal_code": "70200"
  },
  {
    "name": "Clans",
    "code": "70158",
    "epci_code": "247000367",
    "departement_code": "70",
    "region_code": "27",
    "postal_code": "70000"
  },
  {
    "name": "Cognières",
    "code": "70159",
    "epci_code": "200041853",
    "departement_code": "70",
    "region_code": "27",
    "postal_code": "70230"
  },
  {
    "name": "Coisevaux",
    "code": "70160",
    "epci_code": "247000722",
    "departement_code": "70",
    "region_code": "27",
    "postal_code": "70400"
  },
  {
    "name": "Colombe-lès-Vesoul",
    "code": "70162",
    "epci_code": "200041861",
    "departement_code": "70",
    "region_code": "27",
    "postal_code": "70000"
  },
  {
    "name": "Colombier",
    "code": "70163",
    "epci_code": "247000011",
    "departement_code": "70",
    "region_code": "27",
    "postal_code": "70000"
  },
  {
    "name": "Colombotte",
    "code": "70164",
    "epci_code": "200041861",
    "departement_code": "70",
    "region_code": "27",
    "postal_code": "70240"
  },
  {
    "name": "Combeaufontaine",
    "code": "70165",
    "epci_code": "200036150",
    "departement_code": "70",
    "region_code": "27",
    "postal_code": "70120"
  },
  {
    "name": "Comberjon",
    "code": "70166",
    "epci_code": "247000011",
    "departement_code": "70",
    "region_code": "27",
    "postal_code": "70000"
  },
  {
    "name": "Conflandey",
    "code": "70167",
    "epci_code": "200041879",
    "departement_code": "70",
    "region_code": "27",
    "postal_code": "70170"
  },
  {
    "name": "Conflans-sur-Lanterne",
    "code": "70168",
    "epci_code": "200041721",
    "departement_code": "70",
    "region_code": "27",
    "postal_code": "70800"
  },
  {
    "name": "Confracourt",
    "code": "70169",
    "epci_code": "247000367",
    "departement_code": "70",
    "region_code": "27",
    "postal_code": "70120"
  },
  {
    "name": "Contréglise",
    "code": "70170",
    "epci_code": "200041879",
    "departement_code": "70",
    "region_code": "27",
    "postal_code": "70160"
  },
  {
    "name": "Corbenay",
    "code": "70171",
    "epci_code": "200041721",
    "departement_code": "70",
    "region_code": "27",
    "postal_code": "70320"
  },
  {
    "name": "La Corbière",
    "code": "70172",
    "epci_code": "247000755",
    "departement_code": "70",
    "region_code": "27",
    "postal_code": "70300"
  },
  {
    "name": "Cordonnet",
    "code": "70174",
    "epci_code": "247000706",
    "departement_code": "70",
    "region_code": "27",
    "postal_code": "70190"
  },
  {
    "name": "Cornot",
    "code": "70175",
    "epci_code": "200036150",
    "departement_code": "70",
    "region_code": "27",
    "postal_code": "70120"
  },
  {
    "name": "Corravillers",
    "code": "70176",
    "epci_code": "247000854",
    "departement_code": "70",
    "region_code": "27",
    "postal_code": "70310"
  },
  {
    "name": "Corre",
    "code": "70177",
    "epci_code": "200036150",
    "departement_code": "70",
    "region_code": "27",
    "postal_code": "70500"
  },
  {
    "name": "La Côte",
    "code": "70178",
    "epci_code": "247000664",
    "departement_code": "70",
    "region_code": "27",
    "postal_code": "70200"
  },
  {
    "name": "Coulevon",
    "code": "70179",
    "epci_code": "247000011",
    "departement_code": "70",
    "region_code": "27",
    "postal_code": "70000"
  },
  {
    "name": "Belles-Fontaines",
    "code": "70180",
    "epci_code": "247000714",
    "departement_code": "70",
    "region_code": "27",
    "postal_code": "70110"
  },
  {
    "name": "Courcuire",
    "code": "70181",
    "epci_code": "200041887",
    "departement_code": "70",
    "region_code": "27",
    "postal_code": "70150"
  },
  {
    "name": "Courmont",
    "code": "70182",
    "epci_code": "247000722",
    "departement_code": "70",
    "region_code": "27",
    "postal_code": "70400"
  },
  {
    "name": "Courtesoult-et-Gatey",
    "code": "70183",
    "epci_code": "247000623",
    "departement_code": "70",
    "region_code": "27",
    "postal_code": "70600"
  },
  {
    "name": "Couthenans",
    "code": "70184",
    "epci_code": "247000722",
    "departement_code": "70",
    "region_code": "27",
    "postal_code": "70400"
  },
  {
    "name": "Cresancey",
    "code": "70185",
    "epci_code": "200036549",
    "departement_code": "70",
    "region_code": "27",
    "postal_code": "70100"
  },
  {
    "name": "La Creuse",
    "code": "70186",
    "epci_code": "200041861",
    "departement_code": "70",
    "region_code": "27",
    "postal_code": "70240"
  },
  {
    "name": "Crevans-et-la-Chapelle-lès-Granges",
    "code": "70187",
    "epci_code": "247000714",
    "departement_code": "70",
    "region_code": "27",
    "postal_code": "70400"
  },
  {
    "name": "Creveney",
    "code": "70188",
    "epci_code": "200041861",
    "departement_code": "70",
    "region_code": "27",
    "postal_code": "70240"
  },
  {
    "name": "Cromary",
    "code": "70189",
    "epci_code": "247000706",
    "departement_code": "70",
    "region_code": "27",
    "postal_code": "70190"
  },
  {
    "name": "Cubry-lès-Faverney",
    "code": "70190",
    "epci_code": "200041879",
    "departement_code": "70",
    "region_code": "27",
    "postal_code": "70160"
  },
  {
    "name": "Cugney",
    "code": "70192",
    "epci_code": "200041887",
    "departement_code": "70",
    "region_code": "27",
    "postal_code": "70700"
  },
  {
    "name": "Cult",
    "code": "70193",
    "epci_code": "200041887",
    "departement_code": "70",
    "region_code": "27",
    "postal_code": "70150"
  },
  {
    "name": "Cuve",
    "code": "70194",
    "epci_code": "200041721",
    "departement_code": "70",
    "region_code": "27",
    "postal_code": "70800"
  },
  {
    "name": "Dambenoît-lès-Colombe",
    "code": "70195",
    "epci_code": "200041861",
    "departement_code": "70",
    "region_code": "27",
    "postal_code": "70200"
  },
  {
    "name": "Dampierre-lès-Conflans",
    "code": "70196",
    "epci_code": "200041721",
    "departement_code": "70",
    "region_code": "27",
    "postal_code": "70800"
  },
  {
    "name": "Dampierre-sur-Linotte",
    "code": "70197",
    "epci_code": "200041853",
    "departement_code": "70",
    "region_code": "27",
    "postal_code": "70230"
  },
  {
    "name": "Dampierre-sur-Salon",
    "code": "70198",
    "epci_code": "247000623",
    "departement_code": "70",
    "region_code": "27",
    "postal_code": "70180"
  },
  {
    "name": "Dampvalley-lès-Colombe",
    "code": "70199",
    "epci_code": "200041861",
    "departement_code": "70",
    "region_code": "27",
    "postal_code": "70000"
  },
  {
    "name": "Dampvalley-Saint-Pancras",
    "code": "70200",
    "epci_code": "200041721",
    "departement_code": "70",
    "region_code": "27",
    "postal_code": "70210"
  },
  {
    "name": "Delain",
    "code": "70201",
    "epci_code": "247000623",
    "departement_code": "70",
    "region_code": "27",
    "postal_code": "70180"
  },
  {
    "name": "Demangevelle",
    "code": "70202",
    "epci_code": "200041721",
    "departement_code": "70",
    "region_code": "27",
    "postal_code": "70210"
  },
  {
    "name": "La Demie",
    "code": "70203",
    "epci_code": "200041853",
    "departement_code": "70",
    "region_code": "27",
    "postal_code": "70000"
  },
  {
    "name": "Denèvre",
    "code": "70204",
    "epci_code": "247000623",
    "departement_code": "70",
    "region_code": "27",
    "postal_code": "70180"
  },
  {
    "name": "Échavanne",
    "code": "70205",
    "epci_code": "247000821",
    "departement_code": "70",
    "region_code": "27",
    "postal_code": "70400"
  },
  {
    "name": "Échenans-sous-Mont-Vaudois",
    "code": "70206",
    "epci_code": "247000722",
    "departement_code": "70",
    "region_code": "27",
    "postal_code": "70400"
  },
  {
    "name": "Échenoz-la-Méline",
    "code": "70207",
    "epci_code": "247000011",
    "departement_code": "70",
    "region_code": "27",
    "postal_code": "70000"
  },
  {
    "name": "Échenoz-le-Sec",
    "code": "70208",
    "epci_code": "200041853",
    "departement_code": "70",
    "region_code": "27",
    "postal_code": "70000"
  },
  {
    "name": "Écromagny",
    "code": "70210",
    "epci_code": "247000854",
    "departement_code": "70",
    "region_code": "27",
    "postal_code": "70270"
  },
  {
    "name": "Écuelle",
    "code": "70211",
    "epci_code": "200036549",
    "departement_code": "70",
    "region_code": "27",
    "postal_code": "70600"
  },
  {
    "name": "Éhuns",
    "code": "70213",
    "epci_code": "200041861",
    "departement_code": "70",
    "region_code": "27",
    "postal_code": "70300"
  },
  {
    "name": "Équevilley",
    "code": "70214",
    "epci_code": "200041879",
    "departement_code": "70",
    "region_code": "27",
    "postal_code": "70160"
  },
  {
    "name": "Errevet",
    "code": "70215",
    "epci_code": "247000821",
    "departement_code": "70",
    "region_code": "27",
    "postal_code": "70400"
  },
  {
    "name": "Esboz-Brest",
    "code": "70216",
    "epci_code": "247000755",
    "departement_code": "70",
    "region_code": "27",
    "postal_code": "70300"
  },
  {
    "name": "Esmoulières",
    "code": "70217",
    "epci_code": "247000854",
    "departement_code": "70",
    "region_code": "27",
    "postal_code": "70310"
  },
  {
    "name": "Esmoulins",
    "code": "70218",
    "epci_code": "200036549",
    "departement_code": "70",
    "region_code": "27",
    "postal_code": "70100"
  },
  {
    "name": "Esprels",
    "code": "70219",
    "epci_code": "247000714",
    "departement_code": "70",
    "region_code": "27",
    "postal_code": "70110"
  },
  {
    "name": "Essertenne-et-Cecey",
    "code": "70220",
    "epci_code": "200036549",
    "departement_code": "70",
    "region_code": "27",
    "postal_code": "70100"
  },
  {
    "name": "Étobon",
    "code": "70221",
    "epci_code": "247000722",
    "departement_code": "70",
    "region_code": "27",
    "postal_code": "70400"
  },
  {
    "name": "Étrelles-et-la-Montbleuse",
    "code": "70222",
    "epci_code": "247000698",
    "departement_code": "70",
    "region_code": "27",
    "postal_code": "70700"
  },
  {
    "name": "Étuz",
    "code": "70224",
    "epci_code": "247000706",
    "departement_code": "70",
    "region_code": "27",
    "postal_code": "70150"
  },
  {
    "name": "Fahy-lès-Autrey",
    "code": "70225",
    "epci_code": "200036549",
    "departement_code": "70",
    "region_code": "27",
    "postal_code": "70100"
  },
  {
    "name": "Fallon",
    "code": "70226",
    "epci_code": "247000714",
    "departement_code": "70",
    "region_code": "27",
    "postal_code": "70110"
  },
  {
    "name": "Faucogney-et-la-Mer",
    "code": "70227",
    "epci_code": "247000854",
    "departement_code": "70",
    "region_code": "27",
    "postal_code": "70310"
  },
  {
    "name": "Faverney",
    "code": "70228",
    "epci_code": "200041879",
    "departement_code": "70",
    "region_code": "27",
    "postal_code": "70160"
  },
  {
    "name": "Faymont",
    "code": "70229",
    "epci_code": "247000664",
    "departement_code": "70",
    "region_code": "27",
    "postal_code": "70200"
  },
  {
    "name": "Fédry",
    "code": "70230",
    "epci_code": "247000623",
    "departement_code": "70",
    "region_code": "27",
    "postal_code": "70120"
  },
  {
    "name": "Ferrières-lès-Ray",
    "code": "70231",
    "epci_code": "247000623",
    "departement_code": "70",
    "region_code": "27",
    "postal_code": "70130"
  },
  {
    "name": "Ferrières-lès-Scey",
    "code": "70232",
    "epci_code": "247000367",
    "departement_code": "70",
    "region_code": "27",
    "postal_code": "70360"
  },
  {
    "name": "Les Fessey",
    "code": "70233",
    "epci_code": "247000854",
    "departement_code": "70",
    "region_code": "27",
    "postal_code": "70310"
  },
  {
    "name": "Filain",
    "code": "70234",
    "epci_code": "200041853",
    "departement_code": "70",
    "region_code": "27",
    "postal_code": "70230"
  },
  {
    "name": "Flagy",
    "code": "70235",
    "epci_code": "200041879",
    "departement_code": "70",
    "region_code": "27",
    "postal_code": "70000"
  },
  {
    "name": "Fleurey-lès-Faverney",
    "code": "70236",
    "epci_code": "200041879",
    "departement_code": "70",
    "region_code": "27",
    "postal_code": "70160"
  },
  {
    "name": "Fleurey-lès-Lavoncourt",
    "code": "70237",
    "epci_code": "247000623",
    "departement_code": "70",
    "region_code": "27",
    "postal_code": "70120"
  },
  {
    "name": "Fleurey-lès-Saint-Loup",
    "code": "70238",
    "epci_code": "200041721",
    "departement_code": "70",
    "region_code": "27",
    "postal_code": "70800"
  },
  {
    "name": "Fondremand",
    "code": "70239",
    "epci_code": "247000706",
    "departement_code": "70",
    "region_code": "27",
    "postal_code": "70190"
  },
  {
    "name": "Fontaine-lès-Luxeuil",
    "code": "70240",
    "epci_code": "200041721",
    "departement_code": "70",
    "region_code": "27",
    "postal_code": "70800"
  },
  {
    "name": "Fontenois-la-Ville",
    "code": "70242",
    "epci_code": "200041721",
    "departement_code": "70",
    "region_code": "27",
    "postal_code": "70210"
  },
  {
    "name": "Fontenois-lès-Montbozon",
    "code": "70243",
    "epci_code": "200041853",
    "departement_code": "70",
    "region_code": "27",
    "postal_code": "70230"
  },
  {
    "name": "Fouchécourt",
    "code": "70244",
    "epci_code": "200036150",
    "departement_code": "70",
    "region_code": "27",
    "postal_code": "70160"
  },
  {
    "name": "Fougerolles-Saint-Valbert",
    "code": "70245",
    "epci_code": "200041721",
    "departement_code": "70",
    "region_code": "27",
    "postal_code": "70220"
  },
  {
    "name": "Fougerolles-Saint-Valbert",
    "code": "70245",
    "epci_code": "200041721",
    "departement_code": "70",
    "region_code": "27",
    "postal_code": "70300"
  },
  {
    "name": "Fouvent-Saint-Andoche",
    "code": "70247",
    "epci_code": "247000623",
    "departement_code": "70",
    "region_code": "27",
    "postal_code": "70600"
  },
  {
    "name": "Frahier-et-Chatebier",
    "code": "70248",
    "epci_code": "247000821",
    "departement_code": "70",
    "region_code": "27",
    "postal_code": "70400"
  },
  {
    "name": "Francalmont",
    "code": "70249",
    "epci_code": "200041721",
    "departement_code": "70",
    "region_code": "27",
    "postal_code": "70800"
  },
  {
    "name": "Franchevelle",
    "code": "70250",
    "epci_code": "200041861",
    "departement_code": "70",
    "region_code": "27",
    "postal_code": "70200"
  },
  {
    "name": "Francourt",
    "code": "70251",
    "epci_code": "247000623",
    "departement_code": "70",
    "region_code": "27",
    "postal_code": "70180"
  },
  {
    "name": "Framont",
    "code": "70252",
    "epci_code": "247000623",
    "departement_code": "70",
    "region_code": "27",
    "postal_code": "70600"
  },
  {
    "name": "Frasne-le-Château",
    "code": "70253",
    "epci_code": "247000698",
    "departement_code": "70",
    "region_code": "27",
    "postal_code": "70700"
  },
  {
    "name": "Frédéric-Fontaine",
    "code": "70254",
    "epci_code": "247000821",
    "departement_code": "70",
    "region_code": "27",
    "postal_code": "70200"
  },
  {
    "name": "Fresne-Saint-Mamès",
    "code": "70255",
    "epci_code": "247000698",
    "departement_code": "70",
    "region_code": "27",
    "postal_code": "70130"
  },
  {
    "name": "Fresse",
    "code": "70256",
    "epci_code": "247000854",
    "departement_code": "70",
    "region_code": "27",
    "postal_code": "70270"
  },
  {
    "name": "Fretigney-et-Velloreille",
    "code": "70257",
    "epci_code": "247000698",
    "departement_code": "70",
    "region_code": "27",
    "postal_code": "70130"
  },
  {
    "name": "Froideconche",
    "code": "70258",
    "epci_code": "247000755",
    "departement_code": "70",
    "region_code": "27",
    "postal_code": "70300"
  },
  {
    "name": "Froideterre",
    "code": "70259",
    "epci_code": "247000664",
    "departement_code": "70",
    "region_code": "27",
    "postal_code": "70200"
  },
  {
    "name": "Frotey-lès-Lure",
    "code": "70260",
    "epci_code": "247000664",
    "departement_code": "70",
    "region_code": "27",
    "postal_code": "70200"
  },
  {
    "name": "Frotey-lès-Vesoul",
    "code": "70261",
    "epci_code": "247000011",
    "departement_code": "70",
    "region_code": "27",
    "postal_code": "70000"
  },
  {
    "name": "Genevreuille",
    "code": "70262",
    "epci_code": "247000664",
    "departement_code": "70",
    "region_code": "27",
    "postal_code": "70240"
  },
  {
    "name": "Genevrey",
    "code": "70263",
    "epci_code": "200041861",
    "departement_code": "70",
    "region_code": "27",
    "postal_code": "70240"
  },
  {
    "name": "Germigney",
    "code": "70265",
    "epci_code": "200036549",
    "departement_code": "70",
    "region_code": "27",
    "postal_code": "70100"
  },
  {
    "name": "Gevigney-et-Mercey",
    "code": "70267",
    "epci_code": "200036150",
    "departement_code": "70",
    "region_code": "27",
    "postal_code": "70500"
  },
  {
    "name": "Gézier-et-Fontenelay",
    "code": "70268",
    "epci_code": "200041887",
    "departement_code": "70",
    "region_code": "27",
    "postal_code": "70700"
  },
  {
    "name": "Girefontaine",
    "code": "70269",
    "epci_code": "200041721",
    "departement_code": "70",
    "region_code": "27",
    "postal_code": "70210"
  },
  {
    "name": "Gouhenans",
    "code": "70271",
    "epci_code": "247000714",
    "departement_code": "70",
    "region_code": "27",
    "postal_code": "70110"
  },
  {
    "name": "Gourgeon",
    "code": "70272",
    "epci_code": "200036150",
    "departement_code": "70",
    "region_code": "27",
    "postal_code": "70120"
  },
  {
    "name": "Grammont",
    "code": "70273",
    "epci_code": "247000714",
    "departement_code": "70",
    "region_code": "27",
    "postal_code": "70110"
  },
  {
    "name": "Grandecourt",
    "code": "70274",
    "epci_code": "247000623",
    "departement_code": "70",
    "region_code": "27",
    "postal_code": "70120"
  },
  {
    "name": "Grandvelle-et-le-Perrenot",
    "code": "70275",
    "epci_code": "247000706",
    "departement_code": "70",
    "region_code": "27",
    "postal_code": "70190"
  },
  {
    "name": "Granges-la-Ville",
    "code": "70276",
    "epci_code": "247000714",
    "departement_code": "70",
    "region_code": "27",
    "postal_code": "70400"
  },
  {
    "name": "Granges-le-Bourg",
    "code": "70277",
    "epci_code": "247000714",
    "departement_code": "70",
    "region_code": "27",
    "postal_code": "70400"
  },
  {
    "name": "Grattery",
    "code": "70278",
    "epci_code": "200041879",
    "departement_code": "70",
    "region_code": "27",
    "postal_code": "70170"
  },
  {
    "name": "Gray",
    "code": "70279",
    "epci_code": "200036549",
    "departement_code": "70",
    "region_code": "27",
    "postal_code": "70100"
  },
  {
    "name": "Gray-la-Ville",
    "code": "70280",
    "epci_code": "200036549",
    "departement_code": "70",
    "region_code": "27",
    "postal_code": "70100"
  },
  {
    "name": "Gy",
    "code": "70282",
    "epci_code": "247000698",
    "departement_code": "70",
    "region_code": "27",
    "postal_code": "70700"
  },
  {
    "name": "Haut-du-Them-Château-Lambert",
    "code": "70283",
    "epci_code": "247000854",
    "departement_code": "70",
    "region_code": "27",
    "postal_code": "70440"
  },
  {
    "name": "Hautevelle",
    "code": "70284",
    "epci_code": "200041721",
    "departement_code": "70",
    "region_code": "27",
    "postal_code": "70800"
  },
  {
    "name": "Héricourt",
    "code": "70285",
    "epci_code": "247000722",
    "departement_code": "70",
    "region_code": "27",
    "postal_code": "70400"
  },
  {
    "name": "Hugier",
    "code": "70286",
    "epci_code": "200041887",
    "departement_code": "70",
    "region_code": "27",
    "postal_code": "70150"
  },
  {
    "name": "Hurecourt",
    "code": "70287",
    "epci_code": "200041721",
    "departement_code": "70",
    "region_code": "27",
    "postal_code": "70210"
  },
  {
    "name": "Hyet",
    "code": "70288",
    "epci_code": "247000706",
    "departement_code": "70",
    "region_code": "27",
    "postal_code": "70190"
  },
  {
    "name": "Igny",
    "code": "70289",
    "epci_code": "200036549",
    "departement_code": "70",
    "region_code": "27",
    "postal_code": "70700"
  },
  {
    "name": "Jasney",
    "code": "70290",
    "epci_code": "200041721",
    "departement_code": "70",
    "region_code": "27",
    "postal_code": "70800"
  },
  {
    "name": "Jonvelle",
    "code": "70291",
    "epci_code": "200036150",
    "departement_code": "70",
    "region_code": "27",
    "postal_code": "70500"
  },
  {
    "name": "Jussey",
    "code": "70292",
    "epci_code": "200036150",
    "departement_code": "70",
    "region_code": "27",
    "postal_code": "70500"
  },
  {
    "name": "Lambrey",
    "code": "70293",
    "epci_code": "200036150",
    "departement_code": "70",
    "region_code": "27",
    "postal_code": "70500"
  },
  {
    "name": "Lantenot",
    "code": "70294",
    "epci_code": "200041861",
    "departement_code": "70",
    "region_code": "27",
    "postal_code": "70200"
  },
  {
    "name": "La Lanterne-et-les-Armonts",
    "code": "70295",
    "epci_code": "247000854",
    "departement_code": "70",
    "region_code": "27",
    "postal_code": "70270"
  },
  {
    "name": "Larians-et-Munans",
    "code": "70296",
    "epci_code": "200041853",
    "departement_code": "70",
    "region_code": "27",
    "postal_code": "70230"
  },
  {
    "name": "Larret",
    "code": "70297",
    "epci_code": "247000623",
    "departement_code": "70",
    "region_code": "27",
    "postal_code": "70600"
  },
  {
    "name": "Lavigney",
    "code": "70298",
    "epci_code": "200036150",
    "departement_code": "70",
    "region_code": "27",
    "postal_code": "70120"
  },
  {
    "name": "Lavoncourt",
    "code": "70299",
    "epci_code": "247000623",
    "departement_code": "70",
    "region_code": "27",
    "postal_code": "70120"
  },
  {
    "name": "Lieffrans",
    "code": "70301",
    "epci_code": "247000698",
    "departement_code": "70",
    "region_code": "27",
    "postal_code": "70190"
  },
  {
    "name": "Lieucourt",
    "code": "70302",
    "epci_code": "200036549",
    "departement_code": "70",
    "region_code": "27",
    "postal_code": "70140"
  },
  {
    "name": "Liévans",
    "code": "70303",
    "epci_code": "200041861",
    "departement_code": "70",
    "region_code": "27",
    "postal_code": "70240"
  },
  {
    "name": "Linexert",
    "code": "70304",
    "epci_code": "200041861",
    "departement_code": "70",
    "region_code": "27",
    "postal_code": "70200"
  },
  {
    "name": "Lœuilley",
    "code": "70305",
    "epci_code": "200036549",
    "departement_code": "70",
    "region_code": "27",
    "postal_code": "70100"
  },
  {
    "name": "Lomont",
    "code": "70306",
    "epci_code": "247000664",
    "departement_code": "70",
    "region_code": "27",
    "postal_code": "70200"
  },
  {
    "name": "Longevelle",
    "code": "70307",
    "epci_code": "247000714",
    "departement_code": "70",
    "region_code": "27",
    "postal_code": "70110"
  },
  {
    "name": "La Longine",
    "code": "70308",
    "epci_code": "247000854",
    "departement_code": "70",
    "region_code": "27",
    "postal_code": "70310"
  },
  {
    "name": "Loulans-Verchamp",
    "code": "70309",
    "epci_code": "200041853",
    "departement_code": "70",
    "region_code": "27",
    "postal_code": "70230"
  },
  {
    "name": "Lure",
    "code": "70310",
    "epci_code": "247000664",
    "departement_code": "70",
    "region_code": "27",
    "postal_code": "70200"
  },
  {
    "name": "Luxeuil-les-Bains",
    "code": "70311",
    "epci_code": "247000755",
    "departement_code": "70",
    "region_code": "27",
    "postal_code": "70300"
  },
  {
    "name": "Luze",
    "code": "70312",
    "epci_code": "247000722",
    "departement_code": "70",
    "region_code": "27",
    "postal_code": "70400"
  },
  {
    "name": "Lyoffans",
    "code": "70313",
    "epci_code": "247000664",
    "departement_code": "70",
    "region_code": "27",
    "postal_code": "70200"
  },
  {
    "name": "Magnivray",
    "code": "70314",
    "epci_code": "247000755",
    "departement_code": "70",
    "region_code": "27",
    "postal_code": "70300"
  },
  {
    "name": "Magnoncourt",
    "code": "70315",
    "epci_code": "200041721",
    "departement_code": "70",
    "region_code": "27",
    "postal_code": "70800"
  },
  {
    "name": "Le Magnoray",
    "code": "70316",
    "epci_code": "200041853",
    "departement_code": "70",
    "region_code": "27",
    "postal_code": "70000"
  },
  {
    "name": "Les Magny",
    "code": "70317",
    "epci_code": "247000714",
    "departement_code": "70",
    "region_code": "27",
    "postal_code": "70110"
  },
  {
    "name": "Magny-Danigon",
    "code": "70318",
    "epci_code": "247000664",
    "departement_code": "70",
    "region_code": "27",
    "postal_code": "70200"
  },
  {
    "name": "Magny-Jobert",
    "code": "70319",
    "epci_code": "247000664",
    "departement_code": "70",
    "region_code": "27",
    "postal_code": "70200"
  },
  {
    "name": "Magny-lès-Jussey",
    "code": "70320",
    "epci_code": "200036150",
    "departement_code": "70",
    "region_code": "27",
    "postal_code": "70500"
  },
  {
    "name": "Magny-Vernois",
    "code": "70321",
    "epci_code": "247000664",
    "departement_code": "70",
    "region_code": "27",
    "postal_code": "70200"
  },
  {
    "name": "Mailleroncourt-Charette",
    "code": "70322",
    "epci_code": "200041861",
    "departement_code": "70",
    "region_code": "27",
    "postal_code": "70240"
  },
  {
    "name": "Mailleroncourt-Saint-Pancras",
    "code": "70323",
    "epci_code": "200041721",
    "departement_code": "70",
    "region_code": "27",
    "postal_code": "70210"
  },
  {
    "name": "Mailley-et-Chazelot",
    "code": "70324",
    "epci_code": "247000367",
    "departement_code": "70",
    "region_code": "27",
    "postal_code": "70000"
  },
  {
    "name": "Maizières",
    "code": "70325",
    "epci_code": "247000706",
    "departement_code": "70",
    "region_code": "27",
    "postal_code": "70190"
  },
  {
    "name": "La Malachère",
    "code": "70326",
    "epci_code": "247000706",
    "departement_code": "70",
    "region_code": "27",
    "postal_code": "70190"
  },
  {
    "name": "Malans",
    "code": "70327",
    "epci_code": "200041887",
    "departement_code": "70",
    "region_code": "27",
    "postal_code": "70140"
  },
  {
    "name": "Malbouhans",
    "code": "70328",
    "epci_code": "247000854",
    "departement_code": "70",
    "region_code": "27",
    "postal_code": "70200"
  },
  {
    "name": "Malvillers",
    "code": "70329",
    "epci_code": "200036150",
    "departement_code": "70",
    "region_code": "27",
    "postal_code": "70120"
  },
  {
    "name": "Mandrevillars",
    "code": "70330",
    "epci_code": "247000722",
    "departement_code": "70",
    "region_code": "27",
    "postal_code": "70400"
  },
  {
    "name": "Mantoche",
    "code": "70331",
    "epci_code": "200036549",
    "departement_code": "70",
    "region_code": "27",
    "postal_code": "70100"
  },
  {
    "name": "Marast",
    "code": "70332",
    "epci_code": "247000714",
    "departement_code": "70",
    "region_code": "27",
    "postal_code": "70110"
  },
  {
    "name": "Marnay",
    "code": "70334",
    "epci_code": "200041887",
    "departement_code": "70",
    "region_code": "27",
    "postal_code": "70150"
  },
  {
    "name": "Maussans",
    "code": "70335",
    "epci_code": "200041853",
    "departement_code": "70",
    "region_code": "27",
    "postal_code": "70230"
  },
  {
    "name": "Mélecey",
    "code": "70336",
    "epci_code": "247000714",
    "departement_code": "70",
    "region_code": "27",
    "postal_code": "70110"
  },
  {
    "name": "Melin",
    "code": "70337",
    "epci_code": "200036150",
    "departement_code": "70",
    "region_code": "27",
    "postal_code": "70120"
  },
  {
    "name": "Melincourt",
    "code": "70338",
    "epci_code": "200041721",
    "departement_code": "70",
    "region_code": "27",
    "postal_code": "70210"
  },
  {
    "name": "Mélisey",
    "code": "70339",
    "epci_code": "247000854",
    "departement_code": "70",
    "region_code": "27",
    "postal_code": "70270"
  },
  {
    "name": "Membrey",
    "code": "70340",
    "epci_code": "247000623",
    "departement_code": "70",
    "region_code": "27",
    "postal_code": "70180"
  },
  {
    "name": "Menoux",
    "code": "70341",
    "epci_code": "200041879",
    "departement_code": "70",
    "region_code": "27",
    "postal_code": "70160"
  },
  {
    "name": "Mercey-sur-Saône",
    "code": "70342",
    "epci_code": "247000623",
    "departement_code": "70",
    "region_code": "27",
    "postal_code": "70130"
  },
  {
    "name": "Mersuay",
    "code": "70343",
    "epci_code": "200041879",
    "departement_code": "70",
    "region_code": "27",
    "postal_code": "70160"
  },
  {
    "name": "Meurcourt",
    "code": "70344",
    "epci_code": "200041861",
    "departement_code": "70",
    "region_code": "27",
    "postal_code": "70300"
  },
  {
    "name": "Mignavillers",
    "code": "70347",
    "epci_code": "247000714",
    "departement_code": "70",
    "region_code": "27",
    "postal_code": "70400"
  },
  {
    "name": "Moffans-et-Vacheresse",
    "code": "70348",
    "epci_code": "247000664",
    "departement_code": "70",
    "region_code": "27",
    "postal_code": "70200"
  },
  {
    "name": "Moimay",
    "code": "70349",
    "epci_code": "247000714",
    "departement_code": "70",
    "region_code": "27",
    "postal_code": "70110"
  },
  {
    "name": "Molay",
    "code": "70350",
    "epci_code": "200036150",
    "departement_code": "70",
    "region_code": "27",
    "postal_code": "70120"
  },
  {
    "name": "Mollans",
    "code": "70351",
    "epci_code": "200041861",
    "departement_code": "70",
    "region_code": "27",
    "postal_code": "70240"
  },
  {
    "name": "La Montagne",
    "code": "70352",
    "epci_code": "247000854",
    "departement_code": "70",
    "region_code": "27",
    "postal_code": "70310"
  },
  {
    "name": "Montagney",
    "code": "70353",
    "epci_code": "200041887",
    "departement_code": "70",
    "region_code": "27",
    "postal_code": "70140"
  },
  {
    "name": "Montarlot-lès-Rioz",
    "code": "70355",
    "epci_code": "247000706",
    "departement_code": "70",
    "region_code": "27",
    "postal_code": "70190"
  },
  {
    "name": "Montboillon",
    "code": "70356",
    "epci_code": "247000706",
    "departement_code": "70",
    "region_code": "27",
    "postal_code": "70700"
  },
  {
    "name": "Montbozon",
    "code": "70357",
    "epci_code": "200041853",
    "departement_code": "70",
    "region_code": "27",
    "postal_code": "70230"
  },
  {
    "name": "Montcey",
    "code": "70358",
    "epci_code": "247000011",
    "departement_code": "70",
    "region_code": "27",
    "postal_code": "70000"
  },
  {
    "name": "Montcourt",
    "code": "70359",
    "epci_code": "200036150",
    "departement_code": "70",
    "region_code": "27",
    "postal_code": "70500"
  },
  {
    "name": "Montdoré",
    "code": "70360",
    "epci_code": "200041721",
    "departement_code": "70",
    "region_code": "27",
    "postal_code": "70210"
  },
  {
    "name": "Montessaux",
    "code": "70361",
    "epci_code": "247000854",
    "departement_code": "70",
    "region_code": "27",
    "postal_code": "70270"
  },
  {
    "name": "Montigny-lès-Cherlieu",
    "code": "70362",
    "epci_code": "200036150",
    "departement_code": "70",
    "region_code": "27",
    "postal_code": "70500"
  },
  {
    "name": "Montigny-lès-Vesoul",
    "code": "70363",
    "epci_code": "247000011",
    "departement_code": "70",
    "region_code": "27",
    "postal_code": "70000"
  },
  {
    "name": "Montjustin-et-Velotte",
    "code": "70364",
    "epci_code": "200041861",
    "departement_code": "70",
    "region_code": "27",
    "postal_code": "70110"
  },
  {
    "name": "Villers-Chemin-et-Mont-lès-Étrelles",
    "code": "70366",
    "epci_code": "247000698",
    "departement_code": "70",
    "region_code": "27",
    "postal_code": "70700"
  },
  {
    "name": "Mont-le-Vernois",
    "code": "70367",
    "epci_code": "247000011",
    "departement_code": "70",
    "region_code": "27",
    "postal_code": "70000"
  },
  {
    "name": "Montot",
    "code": "70368",
    "epci_code": "247000623",
    "departement_code": "70",
    "region_code": "27",
    "postal_code": "70180"
  },
  {
    "name": "Mont-Saint-Léger",
    "code": "70369",
    "epci_code": "247000623",
    "departement_code": "70",
    "region_code": "27",
    "postal_code": "70120"
  },
  {
    "name": "Montureux-et-Prantigny",
    "code": "70371",
    "epci_code": "247000623",
    "departement_code": "70",
    "region_code": "27",
    "postal_code": "70100"
  },
  {
    "name": "Montureux-lès-Baulay",
    "code": "70372",
    "epci_code": "200041879",
    "departement_code": "70",
    "region_code": "27",
    "postal_code": "70500"
  },
  {
    "name": "La Roche-Morey",
    "code": "70373",
    "epci_code": "200036150",
    "departement_code": "70",
    "region_code": "27",
    "postal_code": "70120"
  },
  {
    "name": "Motey-Besuche",
    "code": "70374",
    "epci_code": "200041887",
    "departement_code": "70",
    "region_code": "27",
    "postal_code": "70140"
  },
  {
    "name": "Nantilly",
    "code": "70376",
    "epci_code": "200036549",
    "departement_code": "70",
    "region_code": "27",
    "postal_code": "70100"
  },
  {
    "name": "Navenne",
    "code": "70378",
    "epci_code": "247000011",
    "departement_code": "70",
    "region_code": "27",
    "postal_code": "70000"
  },
  {
    "name": "Neurey-en-Vaux",
    "code": "70380",
    "epci_code": "200041879",
    "departement_code": "70",
    "region_code": "27",
    "postal_code": "70160"
  },
  {
    "name": "Neurey-lès-la-Demie",
    "code": "70381",
    "epci_code": "200041853",
    "departement_code": "70",
    "region_code": "27",
    "postal_code": "70000"
  },
  {
    "name": "Neuvelle-lès-Cromary",
    "code": "70383",
    "epci_code": "247000706",
    "departement_code": "70",
    "region_code": "27",
    "postal_code": "70190"
  },
  {
    "name": "Neuvelle-lès-la-Charité",
    "code": "70384",
    "epci_code": "247000367",
    "departement_code": "70",
    "region_code": "27",
    "postal_code": "70130"
  },
  {
    "name": "La Neuvelle-lès-Lure",
    "code": "70385",
    "epci_code": "247000664",
    "departement_code": "70",
    "region_code": "27",
    "postal_code": "70200"
  },
  {
    "name": "La Neuvelle-lès-Scey",
    "code": "70386",
    "epci_code": "247000367",
    "departement_code": "70",
    "region_code": "27",
    "postal_code": "70360"
  },
  {
    "name": "Noidans-le-Ferroux",
    "code": "70387",
    "epci_code": "247000367",
    "departement_code": "70",
    "region_code": "27",
    "postal_code": "70130"
  },
  {
    "name": "Noidans-lès-Vesoul",
    "code": "70388",
    "epci_code": "247000011",
    "departement_code": "70",
    "region_code": "27",
    "postal_code": "70000"
  },
  {
    "name": "Noiron",
    "code": "70389",
    "epci_code": "200036549",
    "departement_code": "70",
    "region_code": "27",
    "postal_code": "70100"
  },
  {
    "name": "Noroy-le-Bourg",
    "code": "70390",
    "epci_code": "200041861",
    "departement_code": "70",
    "region_code": "27",
    "postal_code": "70000"
  },
  {
    "name": "Oigney",
    "code": "70392",
    "epci_code": "200036150",
    "departement_code": "70",
    "region_code": "27",
    "postal_code": "70120"
  },
  {
    "name": "Oiselay-et-Grachaux",
    "code": "70393",
    "epci_code": "247000706",
    "departement_code": "70",
    "region_code": "27",
    "postal_code": "70700"
  },
  {
    "name": "Onay",
    "code": "70394",
    "epci_code": "200036549",
    "departement_code": "70",
    "region_code": "27",
    "postal_code": "70100"
  },
  {
    "name": "Oppenans",
    "code": "70395",
    "epci_code": "247000714",
    "departement_code": "70",
    "region_code": "27",
    "postal_code": "70110"
  },
  {
    "name": "Oricourt",
    "code": "70396",
    "epci_code": "247000714",
    "departement_code": "70",
    "region_code": "27",
    "postal_code": "70110"
  },
  {
    "name": "Ormenans",
    "code": "70397",
    "epci_code": "200041853",
    "departement_code": "70",
    "region_code": "27",
    "postal_code": "70230"
  },
  {
    "name": "Ormoiche",
    "code": "70398",
    "epci_code": "247000755",
    "departement_code": "70",
    "region_code": "27",
    "postal_code": "70300"
  },
  {
    "name": "Ormoy",
    "code": "70399",
    "epci_code": "200036150",
    "departement_code": "70",
    "region_code": "27",
    "postal_code": "70500"
  },
  {
    "name": "Ouge",
    "code": "70400",
    "epci_code": "200070332",
    "departement_code": "70",
    "region_code": "27",
    "postal_code": "70500"
  },
  {
    "name": "Ovanches",
    "code": "70401",
    "epci_code": "247000367",
    "departement_code": "70",
    "region_code": "27",
    "postal_code": "70360"
  },
  {
    "name": "Oyrières",
    "code": "70402",
    "epci_code": "200036549",
    "departement_code": "70",
    "region_code": "27",
    "postal_code": "70600"
  },
  {
    "name": "Palante",
    "code": "70403",
    "epci_code": "247000664",
    "departement_code": "70",
    "region_code": "27",
    "postal_code": "70200"
  },
  {
    "name": "Passavant-la-Rochère",
    "code": "70404",
    "epci_code": "200041721",
    "departement_code": "70",
    "region_code": "27",
    "postal_code": "70210"
  },
  {
    "name": "Pennesières",
    "code": "70405",
    "epci_code": "247000706",
    "departement_code": "70",
    "region_code": "27",
    "postal_code": "70190"
  },
  {
    "name": "Percey-le-Grand",
    "code": "70406",
    "epci_code": "247000623",
    "departement_code": "70",
    "region_code": "27",
    "postal_code": "70600"
  },
  {
    "name": "Perrouse",
    "code": "70407",
    "epci_code": "247000706",
    "departement_code": "70",
    "region_code": "27",
    "postal_code": "70190"
  },
  {
    "name": "Pesmes",
    "code": "70408",
    "epci_code": "200036549",
    "departement_code": "70",
    "region_code": "27",
    "postal_code": "70140"
  },
  {
    "name": "Pierrecourt",
    "code": "70409",
    "epci_code": "247000623",
    "departement_code": "70",
    "region_code": "27",
    "postal_code": "70600"
  },
  {
    "name": "Pin",
    "code": "70410",
    "epci_code": "200041887",
    "departement_code": "70",
    "region_code": "27",
    "postal_code": "70150"
  },
  {
    "name": "La Pisseure",
    "code": "70411",
    "epci_code": "200041721",
    "departement_code": "70",
    "region_code": "27",
    "postal_code": "70800"
  },
  {
    "name": "Plainemont",
    "code": "70412",
    "epci_code": "200041721",
    "departement_code": "70",
    "region_code": "27",
    "postal_code": "70800"
  },
  {
    "name": "Plancher-Bas",
    "code": "70413",
    "epci_code": "247000821",
    "departement_code": "70",
    "region_code": "27",
    "postal_code": "70290"
  },
  {
    "name": "Plancher-les-Mines",
    "code": "70414",
    "epci_code": "247000821",
    "departement_code": "70",
    "region_code": "27",
    "postal_code": "70290"
  },
  {
    "name": "Polaincourt-et-Clairefontaine",
    "code": "70415",
    "epci_code": "200041879",
    "departement_code": "70",
    "region_code": "27",
    "postal_code": "70210"
  },
  {
    "name": "Pomoy",
    "code": "70416",
    "epci_code": "200041861",
    "departement_code": "70",
    "region_code": "27",
    "postal_code": "70240"
  },
  {
    "name": "Pontcey",
    "code": "70417",
    "epci_code": "247000367",
    "departement_code": "70",
    "region_code": "27",
    "postal_code": "70360"
  },
  {
    "name": "La Romaine",
    "code": "70418",
    "epci_code": "247000367",
    "departement_code": "70",
    "region_code": "27",
    "postal_code": "70130"
  },
  {
    "name": "Pont-du-Bois",
    "code": "70419",
    "epci_code": "200041721",
    "departement_code": "70",
    "region_code": "27",
    "postal_code": "70210"
  },
  {
    "name": "Pont-sur-l’Ognon",
    "code": "70420",
    "epci_code": "247000714",
    "departement_code": "70",
    "region_code": "27",
    "postal_code": "70110"
  },
  {
    "name": "Port-sur-Saône",
    "code": "70421",
    "epci_code": "200041879",
    "departement_code": "70",
    "region_code": "27",
    "postal_code": "70170"
  },
  {
    "name": "Poyans",
    "code": "70422",
    "epci_code": "200036549",
    "departement_code": "70",
    "region_code": "27",
    "postal_code": "70100"
  },
  {
    "name": "Preigney",
    "code": "70423",
    "epci_code": "200036150",
    "departement_code": "70",
    "region_code": "27",
    "postal_code": "70120"
  },
  {
    "name": "La Proiselière-et-Langle",
    "code": "70425",
    "epci_code": "247000854",
    "departement_code": "70",
    "region_code": "27",
    "postal_code": "70310"
  },
  {
    "name": "Provenchère",
    "code": "70426",
    "epci_code": "200041879",
    "departement_code": "70",
    "region_code": "27",
    "postal_code": "70170"
  },
  {
    "name": "Purgerot",
    "code": "70427",
    "epci_code": "200041879",
    "departement_code": "70",
    "region_code": "27",
    "postal_code": "70160"
  },
  {
    "name": "Pusey",
    "code": "70428",
    "epci_code": "247000011",
    "departement_code": "70",
    "region_code": "27",
    "postal_code": "70000"
  },
  {
    "name": "Pusy-et-Épenoux",
    "code": "70429",
    "epci_code": "247000011",
    "departement_code": "70",
    "region_code": "27",
    "postal_code": "70000"
  },
  {
    "name": "La Quarte",
    "code": "70430",
    "epci_code": "200070332",
    "departement_code": "70",
    "region_code": "27",
    "postal_code": "70120"
  },
  {
    "name": "Quenoche",
    "code": "70431",
    "epci_code": "247000706",
    "departement_code": "70",
    "region_code": "27",
    "postal_code": "70190"
  },
  {
    "name": "Quers",
    "code": "70432",
    "epci_code": "200041861",
    "departement_code": "70",
    "region_code": "27",
    "postal_code": "70200"
  },
  {
    "name": "Quincey",
    "code": "70433",
    "epci_code": "247000011",
    "departement_code": "70",
    "region_code": "27",
    "postal_code": "70000"
  },
  {
    "name": "Raddon-et-Chapendu",
    "code": "70435",
    "epci_code": "247000755",
    "departement_code": "70",
    "region_code": "27",
    "postal_code": "70280"
  },
  {
    "name": "Raincourt",
    "code": "70436",
    "epci_code": "200036150",
    "departement_code": "70",
    "region_code": "27",
    "postal_code": "70500"
  },
  {
    "name": "Ranzevelle",
    "code": "70437",
    "epci_code": "200036150",
    "departement_code": "70",
    "region_code": "27",
    "postal_code": "70500"
  },
  {
    "name": "Ray-sur-Saône",
    "code": "70438",
    "epci_code": "247000623",
    "departement_code": "70",
    "region_code": "27",
    "postal_code": "70130"
  },
  {
    "name": "Raze",
    "code": "70439",
    "epci_code": "247000367",
    "departement_code": "70",
    "region_code": "27",
    "postal_code": "70000"
  },
  {
    "name": "Recologne",
    "code": "70440",
    "epci_code": "247000623",
    "departement_code": "70",
    "region_code": "27",
    "postal_code": "70130"
  },
  {
    "name": "Recologne-lès-Rioz",
    "code": "70441",
    "epci_code": "247000706",
    "departement_code": "70",
    "region_code": "27",
    "postal_code": "70190"
  },
  {
    "name": "Renaucourt",
    "code": "70442",
    "epci_code": "247000623",
    "departement_code": "70",
    "region_code": "27",
    "postal_code": "70120"
  },
  {
    "name": "La Grande-Résie",
    "code": "70443",
    "epci_code": "200036549",
    "departement_code": "70",
    "region_code": "27",
    "postal_code": "70140"
  },
  {
    "name": "La Résie-Saint-Martin",
    "code": "70444",
    "epci_code": "200036549",
    "departement_code": "70",
    "region_code": "27",
    "postal_code": "70140"
  },
  {
    "name": "Rignovelle",
    "code": "70445",
    "epci_code": "200041861",
    "departement_code": "70",
    "region_code": "27",
    "postal_code": "70200"
  },
  {
    "name": "Rigny",
    "code": "70446",
    "epci_code": "200036549",
    "departement_code": "70",
    "region_code": "27",
    "postal_code": "70100"
  },
  {
    "name": "Rioz",
    "code": "70447",
    "epci_code": "247000706",
    "departement_code": "70",
    "region_code": "27",
    "postal_code": "70190"
  },
  {
    "name": "Roche-et-Raucourt",
    "code": "70448",
    "epci_code": "247000623",
    "departement_code": "70",
    "region_code": "27",
    "postal_code": "70180"
  },
  {
    "name": "Roche-sur-Linotte-et-Sorans-les-Cordiers",
    "code": "70449",
    "epci_code": "200041853",
    "departement_code": "70",
    "region_code": "27",
    "postal_code": "70230"
  },
  {
    "name": "La Rochelle",
    "code": "70450",
    "epci_code": "200070332",
    "departement_code": "70",
    "region_code": "27",
    "postal_code": "70120"
  },
  {
    "name": "Ronchamp",
    "code": "70451",
    "epci_code": "247000821",
    "departement_code": "70",
    "region_code": "27",
    "postal_code": "70250"
  },
  {
    "name": "Rosey",
    "code": "70452",
    "epci_code": "247000367",
    "departement_code": "70",
    "region_code": "27",
    "postal_code": "70000"
  },
  {
    "name": "La Rosière",
    "code": "70453",
    "epci_code": "247000854",
    "departement_code": "70",
    "region_code": "27",
    "postal_code": "70310"
  },
  {
    "name": "Rosières-sur-Mance",
    "code": "70454",
    "epci_code": "200036150",
    "departement_code": "70",
    "region_code": "27",
    "postal_code": "70500"
  },
  {
    "name": "Roye",
    "code": "70455",
    "epci_code": "247000664",
    "departement_code": "70",
    "region_code": "27",
    "postal_code": "70200"
  },
  {
    "name": "Ruhans",
    "code": "70456",
    "epci_code": "247000706",
    "departement_code": "70",
    "region_code": "27",
    "postal_code": "70190"
  },
  {
    "name": "Rupt-sur-Saône",
    "code": "70457",
    "epci_code": "247000367",
    "departement_code": "70",
    "region_code": "27",
    "postal_code": "70360"
  },
  {
    "name": "Saint-Barthélemy",
    "code": "70459",
    "epci_code": "247000854",
    "departement_code": "70",
    "region_code": "27",
    "postal_code": "70270"
  },
  {
    "name": "Saint-Bresson",
    "code": "70460",
    "epci_code": "247000755",
    "departement_code": "70",
    "region_code": "27",
    "postal_code": "70280"
  },
  {
    "name": "Saint-Broing",
    "code": "70461",
    "epci_code": "200036549",
    "departement_code": "70",
    "region_code": "27",
    "postal_code": "70100"
  },
  {
    "name": "Saint-Ferjeux",
    "code": "70462",
    "epci_code": "247000714",
    "departement_code": "70",
    "region_code": "27",
    "postal_code": "70110"
  },
  {
    "name": "Saint-Gand",
    "code": "70463",
    "epci_code": "247000698",
    "departement_code": "70",
    "region_code": "27",
    "postal_code": "70130"
  },
  {
    "name": "Saint-Germain",
    "code": "70464",
    "epci_code": "247000664",
    "departement_code": "70",
    "region_code": "27",
    "postal_code": "70200"
  },
  {
    "name": "Saint-Loup-Nantouard",
    "code": "70466",
    "epci_code": "200036549",
    "departement_code": "70",
    "region_code": "27",
    "postal_code": "70100"
  },
  {
    "name": "Saint-Loup-sur-Semouse",
    "code": "70467",
    "epci_code": "200041721",
    "departement_code": "70",
    "region_code": "27",
    "postal_code": "70800"
  },
  {
    "name": "Saint-Marcel",
    "code": "70468",
    "epci_code": "200036150",
    "departement_code": "70",
    "region_code": "27",
    "postal_code": "70500"
  },
  {
    "name": "Sainte-Marie-en-Chanois",
    "code": "70469",
    "epci_code": "247000755",
    "departement_code": "70",
    "region_code": "27",
    "postal_code": "70310"
  },
  {
    "name": "Sainte-Marie-en-Chaux",
    "code": "70470",
    "epci_code": "200041861",
    "departement_code": "70",
    "region_code": "27",
    "postal_code": "70300"
  },
  {
    "name": "Sainte-Reine",
    "code": "70471",
    "epci_code": "200036549",
    "departement_code": "70",
    "region_code": "27",
    "postal_code": "70700"
  },
  {
    "name": "Saint-Rémy-en-Comté",
    "code": "70472",
    "epci_code": "200041879",
    "departement_code": "70",
    "region_code": "27",
    "postal_code": "70160"
  },
  {
    "name": "Saint-Sauveur",
    "code": "70473",
    "epci_code": "247000755",
    "departement_code": "70",
    "region_code": "27",
    "postal_code": "70300"
  },
  {
    "name": "Saint-Sulpice",
    "code": "70474",
    "epci_code": "247000714",
    "departement_code": "70",
    "region_code": "27",
    "postal_code": "70110"
  },
  {
    "name": "Saponcourt",
    "code": "70476",
    "epci_code": "200041879",
    "departement_code": "70",
    "region_code": "27",
    "postal_code": "70210"
  },
  {
    "name": "Saulnot",
    "code": "70477",
    "epci_code": "247000722",
    "departement_code": "70",
    "region_code": "27",
    "postal_code": "70400"
  },
  {
    "name": "Saulx",
    "code": "70478",
    "epci_code": "200041861",
    "departement_code": "70",
    "region_code": "27",
    "postal_code": "70240"
  },
  {
    "name": "Sauvigney-lès-Gray",
    "code": "70479",
    "epci_code": "200036549",
    "departement_code": "70",
    "region_code": "27",
    "postal_code": "70100"
  },
  {
    "name": "Sauvigney-lès-Pesmes",
    "code": "70480",
    "epci_code": "200036549",
    "departement_code": "70",
    "region_code": "27",
    "postal_code": "70140"
  },
  {
    "name": "Savoyeux",
    "code": "70481",
    "epci_code": "247000623",
    "departement_code": "70",
    "region_code": "27",
    "postal_code": "70130"
  },
  {
    "name": "Scey-sur-Saône-et-Saint-Albin",
    "code": "70482",
    "epci_code": "247000367",
    "departement_code": "70",
    "region_code": "27",
    "postal_code": "70360"
  },
  {
    "name": "Scye",
    "code": "70483",
    "epci_code": "200041879",
    "departement_code": "70",
    "region_code": "27",
    "postal_code": "70170"
  },
  {
    "name": "Secenans",
    "code": "70484",
    "epci_code": "247000714",
    "departement_code": "70",
    "region_code": "27",
    "postal_code": "70400"
  },
  {
    "name": "Selles",
    "code": "70485",
    "epci_code": "200041721",
    "departement_code": "70",
    "region_code": "27",
    "postal_code": "70210"
  },
  {
    "name": "Semmadon",
    "code": "70486",
    "epci_code": "200036150",
    "departement_code": "70",
    "region_code": "27",
    "postal_code": "70120"
  },
  {
    "name": "Senargent-Mignafans",
    "code": "70487",
    "epci_code": "247000714",
    "departement_code": "70",
    "region_code": "27",
    "postal_code": "70110"
  },
  {
    "name": "Senoncourt",
    "code": "70488",
    "epci_code": "200041879",
    "departement_code": "70",
    "region_code": "27",
    "postal_code": "70160"
  },
  {
    "name": "Servance-Miellin",
    "code": "70489",
    "epci_code": "247000854",
    "departement_code": "70",
    "region_code": "27",
    "postal_code": "70440"
  },
  {
    "name": "Servigney",
    "code": "70490",
    "epci_code": "200041861",
    "departement_code": "70",
    "region_code": "27",
    "postal_code": "70240"
  },
  {
    "name": "Seveux-Motey",
    "code": "70491",
    "epci_code": "247000623",
    "departement_code": "70",
    "region_code": "27",
    "postal_code": "70130"
  },
  {
    "name": "Soing-Cubry-Charentenay",
    "code": "70492",
    "epci_code": "247000367",
    "departement_code": "70",
    "region_code": "27",
    "postal_code": "70130"
  },
  {
    "name": "Sorans-lès-Breurey",
    "code": "70493",
    "epci_code": "247000706",
    "departement_code": "70",
    "region_code": "27",
    "postal_code": "70190"
  },
  {
    "name": "Sornay",
    "code": "70494",
    "epci_code": "200041887",
    "departement_code": "70",
    "region_code": "27",
    "postal_code": "70150"
  },
  {
    "name": "Tartécourt",
    "code": "70496",
    "epci_code": "200036150",
    "departement_code": "70",
    "region_code": "27",
    "postal_code": "70500"
  },
  {
    "name": "Ternuay-Melay-et-Saint-Hilaire",
    "code": "70498",
    "epci_code": "247000854",
    "departement_code": "70",
    "region_code": "27",
    "postal_code": "70270"
  },
  {
    "name": "Theuley",
    "code": "70499",
    "epci_code": "247000623",
    "departement_code": "70",
    "region_code": "27",
    "postal_code": "70120"
  },
  {
    "name": "Thieffrans",
    "code": "70500",
    "epci_code": "200041853",
    "departement_code": "70",
    "region_code": "27",
    "postal_code": "70230"
  },
  {
    "name": "Thiénans",
    "code": "70501",
    "epci_code": "200041853",
    "departement_code": "70",
    "region_code": "27",
    "postal_code": "70230"
  },
  {
    "name": "Tincey-et-Pontrebeau",
    "code": "70502",
    "epci_code": "247000623",
    "departement_code": "70",
    "region_code": "27",
    "postal_code": "70120"
  },
  {
    "name": "Traitiéfontaine",
    "code": "70503",
    "epci_code": "247000706",
    "departement_code": "70",
    "region_code": "27",
    "postal_code": "70190"
  },
  {
    "name": "Traves",
    "code": "70504",
    "epci_code": "247000367",
    "departement_code": "70",
    "region_code": "27",
    "postal_code": "70360"
  },
  {
    "name": "Le Tremblois",
    "code": "70505",
    "epci_code": "200036549",
    "departement_code": "70",
    "region_code": "27",
    "postal_code": "70100"
  },
  {
    "name": "Trémoins",
    "code": "70506",
    "epci_code": "247000722",
    "departement_code": "70",
    "region_code": "27",
    "postal_code": "70400"
  },
  {
    "name": "Trésilley",
    "code": "70507",
    "epci_code": "247000706",
    "departement_code": "70",
    "region_code": "27",
    "postal_code": "70190"
  },
  {
    "name": "Tromarey",
    "code": "70509",
    "epci_code": "200041887",
    "departement_code": "70",
    "region_code": "27",
    "postal_code": "70150"
  },
  {
    "name": "Vadans",
    "code": "70510",
    "epci_code": "200036549",
    "departement_code": "70",
    "region_code": "27",
    "postal_code": "70140"
  },
  {
    "name": "Vaite",
    "code": "70511",
    "epci_code": "247000623",
    "departement_code": "70",
    "region_code": "27",
    "postal_code": "70180"
  },
  {
    "name": "La Vaivre",
    "code": "70512",
    "epci_code": "200041721",
    "departement_code": "70",
    "region_code": "27",
    "postal_code": "70320"
  },
  {
    "name": "Vaivre-et-Montoille",
    "code": "70513",
    "epci_code": "247000011",
    "departement_code": "70",
    "region_code": "27",
    "postal_code": "70000"
  },
  {
    "name": "Valay",
    "code": "70514",
    "epci_code": "200036549",
    "departement_code": "70",
    "region_code": "27",
    "postal_code": "70140"
  },
  {
    "name": "Le Val-de-Gouhenans",
    "code": "70515",
    "epci_code": "247000664",
    "departement_code": "70",
    "region_code": "27",
    "postal_code": "70200"
  },
  {
    "name": "Vallerois-le-Bois",
    "code": "70516",
    "epci_code": "200041861",
    "departement_code": "70",
    "region_code": "27",
    "postal_code": "70000"
  },
  {
    "name": "Vallerois-Lorioz",
    "code": "70517",
    "epci_code": "200041853",
    "departement_code": "70",
    "region_code": "27",
    "postal_code": "70000"
  },
  {
    "name": "Le Val-Saint-Éloi",
    "code": "70518",
    "epci_code": "200041879",
    "departement_code": "70",
    "region_code": "27",
    "postal_code": "70160"
  },
  {
    "name": "Vandelans",
    "code": "70519",
    "epci_code": "247000706",
    "departement_code": "70",
    "region_code": "27",
    "postal_code": "70190"
  },
  {
    "name": "Vanne",
    "code": "70520",
    "epci_code": "247000623",
    "departement_code": "70",
    "region_code": "27",
    "postal_code": "70130"
  },
  {
    "name": "Vantoux-et-Longevelle",
    "code": "70521",
    "epci_code": "247000698",
    "departement_code": "70",
    "region_code": "27",
    "postal_code": "70700"
  },
  {
    "name": "Varogne",
    "code": "70522",
    "epci_code": "200041879",
    "departement_code": "70",
    "region_code": "27",
    "postal_code": "70240"
  },
  {
    "name": "Vars",
    "code": "70523",
    "epci_code": "200036549",
    "departement_code": "70",
    "region_code": "27",
    "postal_code": "70600"
  },
  {
    "name": "Vauchoux",
    "code": "70524",
    "epci_code": "200041879",
    "departement_code": "70",
    "region_code": "27",
    "postal_code": "70170"
  },
  {
    "name": "Vauconcourt-Nervezain",
    "code": "70525",
    "epci_code": "247000623",
    "departement_code": "70",
    "region_code": "27",
    "postal_code": "70120"
  },
  {
    "name": "Vauvillers",
    "code": "70526",
    "epci_code": "200041721",
    "departement_code": "70",
    "region_code": "27",
    "postal_code": "70210"
  },
  {
    "name": "Vaux-le-Moncelot",
    "code": "70527",
    "epci_code": "247000698",
    "departement_code": "70",
    "region_code": "27",
    "postal_code": "70700"
  },
  {
    "name": "Velesmes-Échevanne",
    "code": "70528",
    "epci_code": "200036549",
    "departement_code": "70",
    "region_code": "27",
    "postal_code": "70100"
  },
  {
    "name": "Velet",
    "code": "70529",
    "epci_code": "200036549",
    "departement_code": "70",
    "region_code": "27",
    "postal_code": "70100"
  },
  {
    "name": "Velleclaire",
    "code": "70531",
    "epci_code": "247000698",
    "departement_code": "70",
    "region_code": "27",
    "postal_code": "70700"
  },
  {
    "name": "Vellefaux",
    "code": "70532",
    "epci_code": "200041853",
    "departement_code": "70",
    "region_code": "27",
    "postal_code": "70000"
  },
  {
    "name": "Vellefrey-et-Vellefrange",
    "code": "70533",
    "epci_code": "247000698",
    "departement_code": "70",
    "region_code": "27",
    "postal_code": "70700"
  },
  {
    "name": "Vellefrie",
    "code": "70534",
    "epci_code": "200041879",
    "departement_code": "70",
    "region_code": "27",
    "postal_code": "70240"
  },
  {
    "name": "Velleguindry-et-Levrecey",
    "code": "70535",
    "epci_code": "247000367",
    "departement_code": "70",
    "region_code": "27",
    "postal_code": "70000"
  },
  {
    "name": "Velle-le-Châtel",
    "code": "70536",
    "epci_code": "247000367",
    "departement_code": "70",
    "region_code": "27",
    "postal_code": "70000"
  },
  {
    "name": "Velleminfroy",
    "code": "70537",
    "epci_code": "200041861",
    "departement_code": "70",
    "region_code": "27",
    "postal_code": "70240"
  },
  {
    "name": "Vellemoz",
    "code": "70538",
    "epci_code": "247000698",
    "departement_code": "70",
    "region_code": "27",
    "postal_code": "70700"
  },
  {
    "name": "Vellexon-Queutrey-et-Vaudey",
    "code": "70539",
    "epci_code": "247000623",
    "departement_code": "70",
    "region_code": "27",
    "postal_code": "70130"
  },
  {
    "name": "Velloreille-lès-Choye",
    "code": "70540",
    "epci_code": "247000698",
    "departement_code": "70",
    "region_code": "27",
    "postal_code": "70700"
  },
  {
    "name": "Velorcey",
    "code": "70541",
    "epci_code": "200041861",
    "departement_code": "70",
    "region_code": "27",
    "postal_code": "70300"
  },
  {
    "name": "Venère",
    "code": "70542",
    "epci_code": "200036549",
    "departement_code": "70",
    "region_code": "27",
    "postal_code": "70100"
  },
  {
    "name": "La Vergenne",
    "code": "70544",
    "epci_code": "247000714",
    "departement_code": "70",
    "region_code": "27",
    "postal_code": "70200"
  },
  {
    "name": "Venisey",
    "code": "70545",
    "epci_code": "200041879",
    "departement_code": "70",
    "region_code": "27",
    "postal_code": "70500"
  },
  {
    "name": "Vereux",
    "code": "70546",
    "epci_code": "247000623",
    "departement_code": "70",
    "region_code": "27",
    "postal_code": "70180"
  },
  {
    "name": "Verlans",
    "code": "70547",
    "epci_code": "247000722",
    "departement_code": "70",
    "region_code": "27",
    "postal_code": "70400"
  },
  {
    "name": "Vernois-sur-Mance",
    "code": "70548",
    "epci_code": "200036150",
    "departement_code": "70",
    "region_code": "27",
    "postal_code": "70500"
  },
  {
    "name": "La Vernotte",
    "code": "70549",
    "epci_code": "247000698",
    "departement_code": "70",
    "region_code": "27",
    "postal_code": "70130"
  },
  {
    "name": "Vesoul",
    "code": "70550",
    "epci_code": "247000011",
    "departement_code": "70",
    "region_code": "27",
    "postal_code": "70000"
  },
  {
    "name": "Villafans",
    "code": "70552",
    "epci_code": "247000714",
    "departement_code": "70",
    "region_code": "27",
    "postal_code": "70110"
  },
  {
    "name": "Villargent",
    "code": "70553",
    "epci_code": "247000714",
    "departement_code": "70",
    "region_code": "27",
    "postal_code": "70110"
  },
  {
    "name": "Villars-le-Pautel",
    "code": "70554",
    "epci_code": "200036150",
    "departement_code": "70",
    "region_code": "27",
    "postal_code": "70500"
  },
  {
    "name": "La Villedieu-en-Fontenette",
    "code": "70555",
    "epci_code": "200041861",
    "departement_code": "70",
    "region_code": "27",
    "postal_code": "70160"
  },
  {
    "name": "La Villeneuve-Bellenoye-et-la-Maize",
    "code": "70558",
    "epci_code": "200041879",
    "departement_code": "70",
    "region_code": "27",
    "postal_code": "70240"
  },
  {
    "name": "Villeparois",
    "code": "70559",
    "epci_code": "247000011",
    "departement_code": "70",
    "region_code": "27",
    "postal_code": "70000"
  },
  {
    "name": "Villers-Bouton",
    "code": "70560",
    "epci_code": "247000706",
    "departement_code": "70",
    "region_code": "27",
    "postal_code": "70190"
  },
  {
    "name": "Villersexel",
    "code": "70561",
    "epci_code": "247000714",
    "departement_code": "70",
    "region_code": "27",
    "postal_code": "70110"
  },
  {
    "name": "Villers-la-Ville",
    "code": "70562",
    "epci_code": "247000714",
    "departement_code": "70",
    "region_code": "27",
    "postal_code": "70110"
  },
  {
    "name": "Villers-le-Sec",
    "code": "70563",
    "epci_code": "200041861",
    "departement_code": "70",
    "region_code": "27",
    "postal_code": "70000"
  },
  {
    "name": "Villers-lès-Luxeuil",
    "code": "70564",
    "epci_code": "200041861",
    "departement_code": "70",
    "region_code": "27",
    "postal_code": "70300"
  },
  {
    "name": "Villers-Pater",
    "code": "70565",
    "epci_code": "200041853",
    "departement_code": "70",
    "region_code": "27",
    "postal_code": "70190"
  },
  {
    "name": "Villers-sur-Port",
    "code": "70566",
    "epci_code": "200041879",
    "departement_code": "70",
    "region_code": "27",
    "postal_code": "70170"
  },
  {
    "name": "Villers-sur-Saulnot",
    "code": "70567",
    "epci_code": "247000722",
    "departement_code": "70",
    "region_code": "27",
    "postal_code": "70400"
  },
  {
    "name": "Villers-Vaudey",
    "code": "70568",
    "epci_code": "247000623",
    "departement_code": "70",
    "region_code": "27",
    "postal_code": "70120"
  },
  {
    "name": "Vilory",
    "code": "70569",
    "epci_code": "200041879",
    "departement_code": "70",
    "region_code": "27",
    "postal_code": "70240"
  },
  {
    "name": "Visoncourt",
    "code": "70571",
    "epci_code": "200041861",
    "departement_code": "70",
    "region_code": "27",
    "postal_code": "70300"
  },
  {
    "name": "Vitrey-sur-Mance",
    "code": "70572",
    "epci_code": "200036150",
    "departement_code": "70",
    "region_code": "27",
    "postal_code": "70500"
  },
  {
    "name": "La Voivre",
    "code": "70573",
    "epci_code": "247000854",
    "departement_code": "70",
    "region_code": "27",
    "postal_code": "70310"
  },
  {
    "name": "Volon",
    "code": "70574",
    "epci_code": "247000623",
    "departement_code": "70",
    "region_code": "27",
    "postal_code": "70180"
  },
  {
    "name": "Voray-sur-l’Ognon",
    "code": "70575",
    "epci_code": "247000706",
    "departement_code": "70",
    "region_code": "27",
    "postal_code": "70190"
  },
  {
    "name": "Vougécourt",
    "code": "70576",
    "epci_code": "200036150",
    "departement_code": "70",
    "region_code": "27",
    "postal_code": "70500"
  },
  {
    "name": "Vouhenans",
    "code": "70577",
    "epci_code": "247000664",
    "departement_code": "70",
    "region_code": "27",
    "postal_code": "70200"
  },
  {
    "name": "Vregille",
    "code": "70578",
    "epci_code": "200041887",
    "departement_code": "70",
    "region_code": "27",
    "postal_code": "70150"
  },
  {
    "name": "Vyans-le-Val",
    "code": "70579",
    "epci_code": "247000722",
    "departement_code": "70",
    "region_code": "27",
    "postal_code": "70400"
  },
  {
    "name": "Vy-le-Ferroux",
    "code": "70580",
    "epci_code": "247000367",
    "departement_code": "70",
    "region_code": "27",
    "postal_code": "70130"
  },
  {
    "name": "Vy-lès-Lure",
    "code": "70581",
    "epci_code": "247000664",
    "departement_code": "70",
    "region_code": "27",
    "postal_code": "70200"
  },
  {
    "name": "Vy-lès-Rupt",
    "code": "70582",
    "epci_code": "247000367",
    "departement_code": "70",
    "region_code": "27",
    "postal_code": "70120"
  },
  {
    "name": "Vy-lès-Filain",
    "code": "70583",
    "epci_code": "200041853",
    "departement_code": "70",
    "region_code": "27",
    "postal_code": "70230"
  }
]