[
  {
    "name": "Abriès-Ristolas",
    "code": "05001",
    "epci_code": "200067452",
    "departement_code": "05",
    "region_code": "93",
    "postal_code": "05460"
  },
  {
    "name": "Aiguilles",
    "code": "05003",
    "epci_code": "200067452",
    "departement_code": "05",
    "region_code": "93",
    "postal_code": "05470"
  },
  {
    "name": "Ancelle",
    "code": "05004",
    "epci_code": "200068096",
    "departement_code": "05",
    "region_code": "93",
    "postal_code": "05260"
  },
  {
    "name": "L’Argentière-la-Bessée",
    "code": "05006",
    "epci_code": "240500462",
    "departement_code": "05",
    "region_code": "93",
    "postal_code": "05120"
  },
  {
    "name": "Arvieux",
    "code": "05007",
    "epci_code": "200067452",
    "departement_code": "05",
    "region_code": "93",
    "postal_code": "05350"
  },
  {
    "name": "Aspremont",
    "code": "05008",
    "epci_code": "200067445",
    "departement_code": "05",
    "region_code": "93",
    "postal_code": "05140"
  },
  {
    "name": "Aspres-lès-Corps",
    "code": "05009",
    "epci_code": "200068096",
    "departement_code": "05",
    "region_code": "93",
    "postal_code": "05800"
  },
  {
    "name": "Aspres-sur-Buëch",
    "code": "05010",
    "epci_code": "200067445",
    "departement_code": "05",
    "region_code": "93",
    "postal_code": "05140"
  },
  {
    "name": "Avançon",
    "code": "05011",
    "epci_code": "200067320",
    "departement_code": "05",
    "region_code": "93",
    "postal_code": "05230"
  },
  {
    "name": "Baratier",
    "code": "05012",
    "epci_code": "200067742",
    "departement_code": "05",
    "region_code": "93",
    "postal_code": "05200"
  },
  {
    "name": "Barcillonnette",
    "code": "05013",
    "epci_code": "200067825",
    "departement_code": "05",
    "region_code": "93",
    "postal_code": "05110"
  },
  {
    "name": "Barret-sur-Méouge",
    "code": "05014",
    "epci_code": "200068765",
    "departement_code": "05",
    "region_code": "93",
    "postal_code": "05300"
  },
  {
    "name": "La Bâtie-Montsaléon",
    "code": "05016",
    "epci_code": "200068765",
    "departement_code": "05",
    "region_code": "93",
    "postal_code": "05700"
  },
  {
    "name": "La Bâtie-Neuve",
    "code": "05017",
    "epci_code": "200067320",
    "departement_code": "05",
    "region_code": "93",
    "postal_code": "05230"
  },
  {
    "name": "La Bâtie-Vieille",
    "code": "05018",
    "epci_code": "200067320",
    "departement_code": "05",
    "region_code": "93",
    "postal_code": "05000"
  },
  {
    "name": "La Beaume",
    "code": "05019",
    "epci_code": "200067445",
    "departement_code": "05",
    "region_code": "93",
    "postal_code": "05140"
  },
  {
    "name": "Le Bersac",
    "code": "05021",
    "epci_code": "200068765",
    "departement_code": "05",
    "region_code": "93",
    "postal_code": "05700"
  },
  {
    "name": "Bréziers",
    "code": "05022",
    "epci_code": "200067320",
    "departement_code": "05",
    "region_code": "93",
    "postal_code": "05190"
  },
  {
    "name": "Briançon",
    "code": "05023",
    "epci_code": "240500439",
    "departement_code": "05",
    "region_code": "93",
    "postal_code": "05100"
  },
  {
    "name": "Valdoule",
    "code": "05024",
    "epci_code": "200068765",
    "departement_code": "05",
    "region_code": "93",
    "postal_code": "05150"
  },
  {
    "name": "Buissard",
    "code": "05025",
    "epci_code": "200068096",
    "departement_code": "05",
    "region_code": "93",
    "postal_code": "05500"
  },
  {
    "name": "Ceillac",
    "code": "05026",
    "epci_code": "200067452",
    "departement_code": "05",
    "region_code": "93",
    "postal_code": "05600"
  },
  {
    "name": "Cervières",
    "code": "05027",
    "epci_code": "240500439",
    "departement_code": "05",
    "region_code": "93",
    "postal_code": "05100"
  },
  {
    "name": "Chabestan",
    "code": "05028",
    "epci_code": "200067445",
    "departement_code": "05",
    "region_code": "93",
    "postal_code": "05400"
  },
  {
    "name": "Chabottes",
    "code": "05029",
    "epci_code": "200068096",
    "departement_code": "05",
    "region_code": "93",
    "postal_code": "05260"
  },
  {
    "name": "Champcella",
    "code": "05031",
    "epci_code": "240500462",
    "departement_code": "05",
    "region_code": "93",
    "postal_code": "05310"
  },
  {
    "name": "Champoléon",
    "code": "05032",
    "epci_code": "200068096",
    "departement_code": "05",
    "region_code": "93",
    "postal_code": "05260"
  },
  {
    "name": "Chanousse",
    "code": "05033",
    "epci_code": "200068765",
    "departement_code": "05",
    "region_code": "93",
    "postal_code": "05700"
  },
  {
    "name": "Châteauneuf-d’Oze",
    "code": "05035",
    "epci_code": "200067445",
    "departement_code": "05",
    "region_code": "93",
    "postal_code": "05400"
  },
  {
    "name": "Châteauroux-les-Alpes",
    "code": "05036",
    "epci_code": "200067742",
    "departement_code": "05",
    "region_code": "93",
    "postal_code": "05380"
  },
  {
    "name": "Châteauvieux",
    "code": "05037",
    "epci_code": "200067825",
    "departement_code": "05",
    "region_code": "93",
    "postal_code": "05000"
  },
  {
    "name": "Château-Ville-Vieille",
    "code": "05038",
    "epci_code": "200067452",
    "departement_code": "05",
    "region_code": "93",
    "postal_code": "05350"
  },
  {
    "name": "Aubessagne",
    "code": "05039",
    "epci_code": "200068096",
    "departement_code": "05",
    "region_code": "93",
    "postal_code": "05500"
  },
  {
    "name": "Aubessagne",
    "code": "05039",
    "epci_code": "200068096",
    "departement_code": "05",
    "region_code": "93",
    "postal_code": "05800"
  },
  {
    "name": "Chorges",
    "code": "05040",
    "epci_code": "200067742",
    "departement_code": "05",
    "region_code": "93",
    "postal_code": "05230"
  },
  {
    "name": "Crévoux",
    "code": "05044",
    "epci_code": "200067742",
    "departement_code": "05",
    "region_code": "93",
    "postal_code": "05200"
  },
  {
    "name": "Crots",
    "code": "05045",
    "epci_code": "200067742",
    "departement_code": "05",
    "region_code": "93",
    "postal_code": "05200"
  },
  {
    "name": "Embrun",
    "code": "05046",
    "epci_code": "200067742",
    "departement_code": "05",
    "region_code": "93",
    "postal_code": "05200"
  },
  {
    "name": "Éourres",
    "code": "05047",
    "epci_code": "200068765",
    "departement_code": "05",
    "region_code": "93",
    "postal_code": "05300"
  },
  {
    "name": "LՃpine",
    "code": "05048",
    "epci_code": "200068765",
    "departement_code": "05",
    "region_code": "93",
    "postal_code": "05700"
  },
  {
    "name": "Esparron",
    "code": "05049",
    "epci_code": "200067825",
    "departement_code": "05",
    "region_code": "93",
    "postal_code": "05110"
  },
  {
    "name": "Espinasses",
    "code": "05050",
    "epci_code": "200067320",
    "departement_code": "05",
    "region_code": "93",
    "postal_code": "05190"
  },
  {
    "name": "Étoile-Saint-Cyrice",
    "code": "05051",
    "epci_code": "200068765",
    "departement_code": "05",
    "region_code": "93",
    "postal_code": "05700"
  },
  {
    "name": "Eygliers",
    "code": "05052",
    "epci_code": "200067452",
    "departement_code": "05",
    "region_code": "93",
    "postal_code": "05600"
  },
  {
    "name": "Garde-Colombe",
    "code": "05053",
    "epci_code": "200068765",
    "departement_code": "05",
    "region_code": "93",
    "postal_code": "05300"
  },
  {
    "name": "La Fare-en-Champsaur",
    "code": "05054",
    "epci_code": "200068096",
    "departement_code": "05",
    "region_code": "93",
    "postal_code": "05500"
  },
  {
    "name": "La Faurie",
    "code": "05055",
    "epci_code": "200067445",
    "departement_code": "05",
    "region_code": "93",
    "postal_code": "05140"
  },
  {
    "name": "Forest-Saint-Julien",
    "code": "05056",
    "epci_code": "200068096",
    "departement_code": "05",
    "region_code": "93",
    "postal_code": "05260"
  },
  {
    "name": "Fouillouse",
    "code": "05057",
    "epci_code": "200067825",
    "departement_code": "05",
    "region_code": "93",
    "postal_code": "05130"
  },
  {
    "name": "Freissinières",
    "code": "05058",
    "epci_code": "240500462",
    "departement_code": "05",
    "region_code": "93",
    "postal_code": "05310"
  },
  {
    "name": "La Freissinouse",
    "code": "05059",
    "epci_code": "200067825",
    "departement_code": "05",
    "region_code": "93",
    "postal_code": "05000"
  },
  {
    "name": "Furmeyer",
    "code": "05060",
    "epci_code": "200067445",
    "departement_code": "05",
    "region_code": "93",
    "postal_code": "05400"
  },
  {
    "name": "Gap",
    "code": "05061",
    "epci_code": "200067825",
    "departement_code": "05",
    "region_code": "93",
    "postal_code": "05000"
  },
  {
    "name": "Le Glaizil",
    "code": "05062",
    "epci_code": "200068096",
    "departement_code": "05",
    "region_code": "93",
    "postal_code": "05800"
  },
  {
    "name": "La Grave",
    "code": "05063",
    "epci_code": "240500439",
    "departement_code": "05",
    "region_code": "93",
    "postal_code": "05320"
  },
  {
    "name": "La Chapelle-en-Valgaudémar",
    "code": "05064",
    "epci_code": "200068096",
    "departement_code": "05",
    "region_code": "93",
    "postal_code": "05800"
  },
  {
    "name": "Guillestre",
    "code": "05065",
    "epci_code": "200067452",
    "departement_code": "05",
    "region_code": "93",
    "postal_code": "05600"
  },
  {
    "name": "La Haute-Beaume",
    "code": "05066",
    "epci_code": "200067445",
    "departement_code": "05",
    "region_code": "93",
    "postal_code": "05140"
  },
  {
    "name": "Jarjayes",
    "code": "05068",
    "epci_code": "200067825",
    "departement_code": "05",
    "region_code": "93",
    "postal_code": "05130"
  },
  {
    "name": "Laragne-Montéglin",
    "code": "05070",
    "epci_code": "200068765",
    "departement_code": "05",
    "region_code": "93",
    "postal_code": "05300"
  },
  {
    "name": "Lardier-et-Valença",
    "code": "05071",
    "epci_code": "200067825",
    "departement_code": "05",
    "region_code": "93",
    "postal_code": "05110"
  },
  {
    "name": "Laye",
    "code": "05072",
    "epci_code": "200068096",
    "departement_code": "05",
    "region_code": "93",
    "postal_code": "05500"
  },
  {
    "name": "Lazer",
    "code": "05073",
    "epci_code": "200068765",
    "departement_code": "05",
    "region_code": "93",
    "postal_code": "05300"
  },
  {
    "name": "Lettret",
    "code": "05074",
    "epci_code": "200067825",
    "departement_code": "05",
    "region_code": "93",
    "postal_code": "05130"
  },
  {
    "name": "Manteyer",
    "code": "05075",
    "epci_code": "200067445",
    "departement_code": "05",
    "region_code": "93",
    "postal_code": "05400"
  },
  {
    "name": "Méreuil",
    "code": "05076",
    "epci_code": "200068765",
    "departement_code": "05",
    "region_code": "93",
    "postal_code": "05700"
  },
  {
    "name": "Molines-en-Queyras",
    "code": "05077",
    "epci_code": "200067452",
    "departement_code": "05",
    "region_code": "93",
    "postal_code": "05350"
  },
  {
    "name": "Monêtier-Allemont",
    "code": "05078",
    "epci_code": "200068765",
    "departement_code": "05",
    "region_code": "93",
    "postal_code": "05110"
  },
  {
    "name": "Le Monêtier-les-Bains",
    "code": "05079",
    "epci_code": "240500439",
    "departement_code": "05",
    "region_code": "93",
    "postal_code": "05220"
  },
  {
    "name": "Montbrand",
    "code": "05080",
    "epci_code": "200067445",
    "departement_code": "05",
    "region_code": "93",
    "postal_code": "05140"
  },
  {
    "name": "Montclus",
    "code": "05081",
    "epci_code": "200068765",
    "departement_code": "05",
    "region_code": "93",
    "postal_code": "05700"
  },
  {
    "name": "Mont-Dauphin",
    "code": "05082",
    "epci_code": "200067452",
    "departement_code": "05",
    "region_code": "93",
    "postal_code": "05600"
  },
  {
    "name": "Montgardin",
    "code": "05084",
    "epci_code": "200067320",
    "departement_code": "05",
    "region_code": "93",
    "postal_code": "05230"
  },
  {
    "name": "Montgenèvre",
    "code": "05085",
    "epci_code": "240500439",
    "departement_code": "05",
    "region_code": "93",
    "postal_code": "05100"
  },
  {
    "name": "Montjay",
    "code": "05086",
    "epci_code": "200068765",
    "departement_code": "05",
    "region_code": "93",
    "postal_code": "05150"
  },
  {
    "name": "Montmaur",
    "code": "05087",
    "epci_code": "200067445",
    "departement_code": "05",
    "region_code": "93",
    "postal_code": "05400"
  },
  {
    "name": "Montrond",
    "code": "05089",
    "epci_code": "200068765",
    "departement_code": "05",
    "region_code": "93",
    "postal_code": "05700"
  },
  {
    "name": "La Motte-en-Champsaur",
    "code": "05090",
    "epci_code": "200068096",
    "departement_code": "05",
    "region_code": "93",
    "postal_code": "05500"
  },
  {
    "name": "Moydans",
    "code": "05091",
    "epci_code": "200068765",
    "departement_code": "05",
    "region_code": "93",
    "postal_code": "05150"
  },
  {
    "name": "Neffes",
    "code": "05092",
    "epci_code": "200067825",
    "departement_code": "05",
    "region_code": "93",
    "postal_code": "05000"
  },
  {
    "name": "Névache",
    "code": "05093",
    "epci_code": "240500439",
    "departement_code": "05",
    "region_code": "93",
    "postal_code": "05100"
  },
  {
    "name": "Nossage-et-Bénévent",
    "code": "05094",
    "epci_code": "200068765",
    "departement_code": "05",
    "region_code": "93",
    "postal_code": "05700"
  },
  {
    "name": "Le Noyer",
    "code": "05095",
    "epci_code": "200068096",
    "departement_code": "05",
    "region_code": "93",
    "postal_code": "05500"
  },
  {
    "name": "Orcières",
    "code": "05096",
    "epci_code": "200068096",
    "departement_code": "05",
    "region_code": "93",
    "postal_code": "05170"
  },
  {
    "name": "Orpierre",
    "code": "05097",
    "epci_code": "200068765",
    "departement_code": "05",
    "region_code": "93",
    "postal_code": "05700"
  },
  {
    "name": "Les Orres",
    "code": "05098",
    "epci_code": "200067742",
    "departement_code": "05",
    "region_code": "93",
    "postal_code": "05200"
  },
  {
    "name": "Oze",
    "code": "05099",
    "epci_code": "200067445",
    "departement_code": "05",
    "region_code": "93",
    "postal_code": "05400"
  },
  {
    "name": "Pelleautier",
    "code": "05100",
    "epci_code": "200067825",
    "departement_code": "05",
    "region_code": "93",
    "postal_code": "05000"
  },
  {
    "name": "Vallouise-Pelvoux",
    "code": "05101",
    "epci_code": "240500462",
    "departement_code": "05",
    "region_code": "93",
    "postal_code": "05290"
  },
  {
    "name": "Vallouise-Pelvoux",
    "code": "05101",
    "epci_code": "240500462",
    "departement_code": "05",
    "region_code": "93",
    "postal_code": "05340"
  },
  {
    "name": "La Piarre",
    "code": "05102",
    "epci_code": "200068765",
    "departement_code": "05",
    "region_code": "93",
    "postal_code": "05700"
  },
  {
    "name": "Le Poët",
    "code": "05103",
    "epci_code": "200068765",
    "departement_code": "05",
    "region_code": "93",
    "postal_code": "05300"
  },
  {
    "name": "Poligny",
    "code": "05104",
    "epci_code": "200068096",
    "departement_code": "05",
    "region_code": "93",
    "postal_code": "05500"
  },
  {
    "name": "Prunières",
    "code": "05106",
    "epci_code": "200067742",
    "departement_code": "05",
    "region_code": "93",
    "postal_code": "05230"
  },
  {
    "name": "Puy-Saint-André",
    "code": "05107",
    "epci_code": "240500439",
    "departement_code": "05",
    "region_code": "93",
    "postal_code": "05100"
  },
  {
    "name": "Puy-Saint-Eusèbe",
    "code": "05108",
    "epci_code": "200067742",
    "departement_code": "05",
    "region_code": "93",
    "postal_code": "05200"
  },
  {
    "name": "Puy-Saint-Pierre",
    "code": "05109",
    "epci_code": "240500439",
    "departement_code": "05",
    "region_code": "93",
    "postal_code": "05100"
  },
  {
    "name": "Puy-Saint-Vincent",
    "code": "05110",
    "epci_code": "240500462",
    "departement_code": "05",
    "region_code": "93",
    "postal_code": "05290"
  },
  {
    "name": "Puy-Sanières",
    "code": "05111",
    "epci_code": "200067742",
    "departement_code": "05",
    "region_code": "93",
    "postal_code": "05200"
  },
  {
    "name": "Rabou",
    "code": "05112",
    "epci_code": "200067445",
    "departement_code": "05",
    "region_code": "93",
    "postal_code": "05400"
  },
  {
    "name": "Rambaud",
    "code": "05113",
    "epci_code": "200067320",
    "departement_code": "05",
    "region_code": "93",
    "postal_code": "05000"
  },
  {
    "name": "Réallon",
    "code": "05114",
    "epci_code": "200067742",
    "departement_code": "05",
    "region_code": "93",
    "postal_code": "05160"
  },
  {
    "name": "Remollon",
    "code": "05115",
    "epci_code": "200067320",
    "departement_code": "05",
    "region_code": "93",
    "postal_code": "05190"
  },
  {
    "name": "Réotier",
    "code": "05116",
    "epci_code": "200067452",
    "departement_code": "05",
    "region_code": "93",
    "postal_code": "05600"
  },
  {
    "name": "Ribeyret",
    "code": "05117",
    "epci_code": "200068765",
    "departement_code": "05",
    "region_code": "93",
    "postal_code": "05150"
  },
  {
    "name": "Val Buëch-Méouge",
    "code": "05118",
    "epci_code": "200068765",
    "departement_code": "05",
    "region_code": "93",
    "postal_code": "05300"
  },
  {
    "name": "Risoul",
    "code": "05119",
    "epci_code": "200067452",
    "departement_code": "05",
    "region_code": "93",
    "postal_code": "05600"
  },
  {
    "name": "Rochebrune",
    "code": "05121",
    "epci_code": "200067320",
    "departement_code": "05",
    "region_code": "93",
    "postal_code": "05190"
  },
  {
    "name": "La Roche-de-Rame",
    "code": "05122",
    "epci_code": "240500462",
    "departement_code": "05",
    "region_code": "93",
    "postal_code": "05310"
  },
  {
    "name": "La Roche-des-Arnauds",
    "code": "05123",
    "epci_code": "200067445",
    "departement_code": "05",
    "region_code": "93",
    "postal_code": "05400"
  },
  {
    "name": "La Rochette",
    "code": "05124",
    "epci_code": "200067320",
    "departement_code": "05",
    "region_code": "93",
    "postal_code": "05000"
  },
  {
    "name": "Rosans",
    "code": "05126",
    "epci_code": "200068765",
    "departement_code": "05",
    "region_code": "93",
    "postal_code": "05150"
  },
  {
    "name": "Rousset-Serre-Ponçon",
    "code": "05127",
    "epci_code": "200067320",
    "departement_code": "05",
    "region_code": "93",
    "postal_code": "05190"
  },
  {
    "name": "Saint-André-d’Embrun",
    "code": "05128",
    "epci_code": "200067742",
    "departement_code": "05",
    "region_code": "93",
    "postal_code": "05200"
  },
  {
    "name": "Saint-André-de-Rosans",
    "code": "05129",
    "epci_code": "200068765",
    "departement_code": "05",
    "region_code": "93",
    "postal_code": "05150"
  },
  {
    "name": "Saint-Apollinaire",
    "code": "05130",
    "epci_code": "200067742",
    "departement_code": "05",
    "region_code": "93",
    "postal_code": "05160"
  },
  {
    "name": "Saint-Auban-d’Oze",
    "code": "05131",
    "epci_code": "200067445",
    "departement_code": "05",
    "region_code": "93",
    "postal_code": "05400"
  },
  {
    "name": "Saint-Bonnet-en-Champsaur",
    "code": "05132",
    "epci_code": "200068096",
    "departement_code": "05",
    "region_code": "93",
    "postal_code": "05500"
  },
  {
    "name": "Saint-Chaffrey",
    "code": "05133",
    "epci_code": "240500439",
    "departement_code": "05",
    "region_code": "93",
    "postal_code": "05330"
  },
  {
    "name": "Saint-Clément-sur-Durance",
    "code": "05134",
    "epci_code": "200067452",
    "departement_code": "05",
    "region_code": "93",
    "postal_code": "05600"
  },
  {
    "name": "Sainte-Colombe",
    "code": "05135",
    "epci_code": "200068765",
    "departement_code": "05",
    "region_code": "93",
    "postal_code": "05700"
  },
  {
    "name": "Saint-Crépin",
    "code": "05136",
    "epci_code": "200067452",
    "departement_code": "05",
    "region_code": "93",
    "postal_code": "05600"
  },
  {
    "name": "Dévoluy",
    "code": "05139",
    "epci_code": "200067445",
    "departement_code": "05",
    "region_code": "93",
    "postal_code": "05250"
  },
  {
    "name": "Saint-Étienne-le-Laus",
    "code": "05140",
    "epci_code": "200067320",
    "departement_code": "05",
    "region_code": "93",
    "postal_code": "05130"
  },
  {
    "name": "Saint-Firmin",
    "code": "05142",
    "epci_code": "200068096",
    "departement_code": "05",
    "region_code": "93",
    "postal_code": "05800"
  },
  {
    "name": "Saint-Jacques-en-Valgodemard",
    "code": "05144",
    "epci_code": "200068096",
    "departement_code": "05",
    "region_code": "93",
    "postal_code": "05800"
  },
  {
    "name": "Saint-Jean-Saint-Nicolas",
    "code": "05145",
    "epci_code": "200068096",
    "departement_code": "05",
    "region_code": "93",
    "postal_code": "05260"
  },
  {
    "name": "Saint-Julien-en-Beauchêne",
    "code": "05146",
    "epci_code": "200067445",
    "departement_code": "05",
    "region_code": "93",
    "postal_code": "05140"
  },
  {
    "name": "Saint-Julien-en-Champsaur",
    "code": "05147",
    "epci_code": "200068096",
    "departement_code": "05",
    "region_code": "93",
    "postal_code": "05500"
  },
  {
    "name": "Saint-Laurent-du-Cros",
    "code": "05148",
    "epci_code": "200068096",
    "departement_code": "05",
    "region_code": "93",
    "postal_code": "05500"
  },
  {
    "name": "Saint-Léger-les-Mélèzes",
    "code": "05149",
    "epci_code": "200068096",
    "departement_code": "05",
    "region_code": "93",
    "postal_code": "05260"
  },
  {
    "name": "Saint-Martin-de-Queyrières",
    "code": "05151",
    "epci_code": "240500462",
    "departement_code": "05",
    "region_code": "93",
    "postal_code": "05120"
  },
  {
    "name": "Saint-Maurice-en-Valgodemard",
    "code": "05152",
    "epci_code": "200068096",
    "departement_code": "05",
    "region_code": "93",
    "postal_code": "05800"
  },
  {
    "name": "Saint-Michel-de-Chaillol",
    "code": "05153",
    "epci_code": "200068096",
    "departement_code": "05",
    "region_code": "93",
    "postal_code": "05260"
  },
  {
    "name": "Saint-Pierre-d’Argençon",
    "code": "05154",
    "epci_code": "200067445",
    "departement_code": "05",
    "region_code": "93",
    "postal_code": "05140"
  },
  {
    "name": "Saint-Pierre-Avez",
    "code": "05155",
    "epci_code": "200068765",
    "departement_code": "05",
    "region_code": "93",
    "postal_code": "05300"
  },
  {
    "name": "Saint-Sauveur",
    "code": "05156",
    "epci_code": "200067742",
    "departement_code": "05",
    "region_code": "93",
    "postal_code": "05200"
  },
  {
    "name": "Saint-Véran",
    "code": "05157",
    "epci_code": "200067452",
    "departement_code": "05",
    "region_code": "93",
    "postal_code": "05350"
  },
  {
    "name": "Le Saix",
    "code": "05158",
    "epci_code": "200067445",
    "departement_code": "05",
    "region_code": "93",
    "postal_code": "05400"
  },
  {
    "name": "Saléon",
    "code": "05159",
    "epci_code": "200068765",
    "departement_code": "05",
    "region_code": "93",
    "postal_code": "05300"
  },
  {
    "name": "Salérans",
    "code": "05160",
    "epci_code": "200068765",
    "departement_code": "05",
    "region_code": "93",
    "postal_code": "05300"
  },
  {
    "name": "La Salle-les-Alpes",
    "code": "05161",
    "epci_code": "240500439",
    "departement_code": "05",
    "region_code": "93",
    "postal_code": "05240"
  },
  {
    "name": "La Saulce",
    "code": "05162",
    "epci_code": "200067825",
    "departement_code": "05",
    "region_code": "93",
    "postal_code": "05110"
  },
  {
    "name": "Le Sauze-du-Lac",
    "code": "05163",
    "epci_code": "200067742",
    "departement_code": "05",
    "region_code": "93",
    "postal_code": "05160"
  },
  {
    "name": "Savines-le-Lac",
    "code": "05164",
    "epci_code": "200067742",
    "departement_code": "05",
    "region_code": "93",
    "postal_code": "05160"
  },
  {
    "name": "Savournon",
    "code": "05165",
    "epci_code": "200068765",
    "departement_code": "05",
    "region_code": "93",
    "postal_code": "05700"
  },
  {
    "name": "Serres",
    "code": "05166",
    "epci_code": "200068765",
    "departement_code": "05",
    "region_code": "93",
    "postal_code": "05700"
  },
  {
    "name": "Sigottier",
    "code": "05167",
    "epci_code": "200068765",
    "departement_code": "05",
    "region_code": "93",
    "postal_code": "05700"
  },
  {
    "name": "Sigoyer",
    "code": "05168",
    "epci_code": "200067825",
    "departement_code": "05",
    "region_code": "93",
    "postal_code": "05130"
  },
  {
    "name": "Sorbiers",
    "code": "05169",
    "epci_code": "200068765",
    "departement_code": "05",
    "region_code": "93",
    "postal_code": "05150"
  },
  {
    "name": "Tallard",
    "code": "05170",
    "epci_code": "200067825",
    "departement_code": "05",
    "region_code": "93",
    "postal_code": "05130"
  },
  {
    "name": "Théus",
    "code": "05171",
    "epci_code": "200067320",
    "departement_code": "05",
    "region_code": "93",
    "postal_code": "05190"
  },
  {
    "name": "Trescléoux",
    "code": "05172",
    "epci_code": "200068765",
    "departement_code": "05",
    "region_code": "93",
    "postal_code": "05700"
  },
  {
    "name": "Upaix",
    "code": "05173",
    "epci_code": "200068765",
    "departement_code": "05",
    "region_code": "93",
    "postal_code": "05300"
  },
  {
    "name": "Val-des-Prés",
    "code": "05174",
    "epci_code": "240500439",
    "departement_code": "05",
    "region_code": "93",
    "postal_code": "05100"
  },
  {
    "name": "Valserres",
    "code": "05176",
    "epci_code": "200067320",
    "departement_code": "05",
    "region_code": "93",
    "postal_code": "05130"
  },
  {
    "name": "Vars",
    "code": "05177",
    "epci_code": "200067452",
    "departement_code": "05",
    "region_code": "93",
    "postal_code": "05560"
  },
  {
    "name": "Ventavon",
    "code": "05178",
    "epci_code": "200068765",
    "departement_code": "05",
    "region_code": "93",
    "postal_code": "05300"
  },
  {
    "name": "Veynes",
    "code": "05179",
    "epci_code": "200067445",
    "departement_code": "05",
    "region_code": "93",
    "postal_code": "05400"
  },
  {
    "name": "Les Vigneaux",
    "code": "05180",
    "epci_code": "240500462",
    "departement_code": "05",
    "region_code": "93",
    "postal_code": "05120"
  },
  {
    "name": "Villar-d’Arêne",
    "code": "05181",
    "epci_code": "240500439",
    "departement_code": "05",
    "region_code": "93",
    "postal_code": "05480"
  },
  {
    "name": "Villar-Loubière",
    "code": "05182",
    "epci_code": "200068096",
    "departement_code": "05",
    "region_code": "93",
    "postal_code": "05800"
  },
  {
    "name": "Villar-Saint-Pancrace",
    "code": "05183",
    "epci_code": "240500439",
    "departement_code": "05",
    "region_code": "93",
    "postal_code": "05100"
  },
  {
    "name": "Vitrolles",
    "code": "05184",
    "epci_code": "200067825",
    "departement_code": "05",
    "region_code": "93",
    "postal_code": "05110"
  }
]