[
  {
    "name": "Affoux",
    "code": "69001",
    "epci_code": "200040566",
    "departement_code": "69",
    "region_code": "84",
    "postal_code": "69170"
  },
  {
    "name": "Aigueperse",
    "code": "69002",
    "epci_code": "200067817",
    "departement_code": "69",
    "region_code": "84",
    "postal_code": "69790"
  },
  {
    "name": "Albigny-sur-Saône",
    "code": "69003",
    "epci_code": "200046977",
    "departement_code": "69",
    "region_code": "84",
    "postal_code": "69250"
  },
  {
    "name": "Alix",
    "code": "69004",
    "epci_code": "200040574",
    "departement_code": "69",
    "region_code": "84",
    "postal_code": "69380"
  },
  {
    "name": "Ambérieux",
    "code": "69005",
    "epci_code": "200040574",
    "departement_code": "69",
    "region_code": "84",
    "postal_code": "69480"
  },
  {
    "name": "Amplepuis",
    "code": "69006",
    "epci_code": "200040566",
    "departement_code": "69",
    "region_code": "84",
    "postal_code": "69550"
  },
  {
    "name": "Ampuis",
    "code": "69007",
    "epci_code": "200077014",
    "departement_code": "69",
    "region_code": "84",
    "postal_code": "69420"
  },
  {
    "name": "Ancy",
    "code": "69008",
    "epci_code": "200040566",
    "departement_code": "69",
    "region_code": "84",
    "postal_code": "69490"
  },
  {
    "name": "Anse",
    "code": "69009",
    "epci_code": "200040574",
    "departement_code": "69",
    "region_code": "84",
    "postal_code": "69480"
  },
  {
    "name": "L’Arbresle",
    "code": "69010",
    "epci_code": "246900625",
    "departement_code": "69",
    "region_code": "84",
    "postal_code": "69210"
  },
  {
    "name": "Les Ardillats",
    "code": "69012",
    "epci_code": "200067817",
    "departement_code": "69",
    "region_code": "84",
    "postal_code": "69430"
  },
  {
    "name": "Arnas",
    "code": "69013",
    "epci_code": "200040590",
    "departement_code": "69",
    "region_code": "84",
    "postal_code": "69400"
  },
  {
    "name": "Aveize",
    "code": "69014",
    "epci_code": "200066587",
    "departement_code": "69",
    "region_code": "84",
    "postal_code": "69610"
  },
  {
    "name": "Azolette",
    "code": "69016",
    "epci_code": "200067817",
    "departement_code": "69",
    "region_code": "84",
    "postal_code": "69790"
  },
  {
    "name": "Bagnols",
    "code": "69017",
    "epci_code": "200040574",
    "departement_code": "69",
    "region_code": "84",
    "postal_code": "69620"
  },
  {
    "name": "Beaujeu",
    "code": "69018",
    "epci_code": "200067817",
    "departement_code": "69",
    "region_code": "84",
    "postal_code": "69430"
  },
  {
    "name": "Belleville-en-Beaujolais",
    "code": "69019",
    "epci_code": "200067817",
    "departement_code": "69",
    "region_code": "84",
    "postal_code": "69220"
  },
  {
    "name": "Belmont-d’Azergues",
    "code": "69020",
    "epci_code": "200040574",
    "departement_code": "69",
    "region_code": "84",
    "postal_code": "69380"
  },
  {
    "name": "Bessenay",
    "code": "69021",
    "epci_code": "246900625",
    "departement_code": "69",
    "region_code": "84",
    "postal_code": "69690"
  },
  {
    "name": "Bibost",
    "code": "69022",
    "epci_code": "246900625",
    "departement_code": "69",
    "region_code": "84",
    "postal_code": "69690"
  },
  {
    "name": "Blacé",
    "code": "69023",
    "epci_code": "200040590",
    "departement_code": "69",
    "region_code": "84",
    "postal_code": "69460"
  },
  {
    "name": "Val d’Oingt",
    "code": "69024",
    "epci_code": "200040574",
    "departement_code": "69",
    "region_code": "84",
    "postal_code": "69620"
  },
  {
    "name": "Le Breuil",
    "code": "69026",
    "epci_code": "200040574",
    "departement_code": "69",
    "region_code": "84",
    "postal_code": "69620"
  },
  {
    "name": "Brignais",
    "code": "69027",
    "epci_code": "246900757",
    "departement_code": "69",
    "region_code": "84",
    "postal_code": "69530"
  },
  {
    "name": "Brindas",
    "code": "69028",
    "epci_code": "246900724",
    "departement_code": "69",
    "region_code": "84",
    "postal_code": "69126"
  },
  {
    "name": "Bron",
    "code": "69029",
    "epci_code": "200046977",
    "departement_code": "69",
    "region_code": "84",
    "postal_code": "69500"
  },
  {
    "name": "Brullioles",
    "code": "69030",
    "epci_code": "200066587",
    "departement_code": "69",
    "region_code": "84",
    "postal_code": "69690"
  },
  {
    "name": "Brussieu",
    "code": "69031",
    "epci_code": "200066587",
    "departement_code": "69",
    "region_code": "84",
    "postal_code": "69690"
  },
  {
    "name": "Bully",
    "code": "69032",
    "epci_code": "246900625",
    "departement_code": "69",
    "region_code": "84",
    "postal_code": "69210"
  },
  {
    "name": "Cailloux-sur-Fontaines",
    "code": "69033",
    "epci_code": "200046977",
    "departement_code": "69",
    "region_code": "84",
    "postal_code": "69270"
  },
  {
    "name": "Caluire-et-Cuire",
    "code": "69034",
    "epci_code": "200046977",
    "departement_code": "69",
    "region_code": "84",
    "postal_code": "69300"
  },
  {
    "name": "Cenves",
    "code": "69035",
    "epci_code": "200067817",
    "departement_code": "69",
    "region_code": "84",
    "postal_code": "69840"
  },
  {
    "name": "Cercié",
    "code": "69036",
    "epci_code": "200067817",
    "departement_code": "69",
    "region_code": "84",
    "postal_code": "69220"
  },
  {
    "name": "Chambost-Allières",
    "code": "69037",
    "epci_code": "200040566",
    "departement_code": "69",
    "region_code": "84",
    "postal_code": "69870"
  },
  {
    "name": "Chambost-Longessaigne",
    "code": "69038",
    "epci_code": "200066587",
    "departement_code": "69",
    "region_code": "84",
    "postal_code": "69770"
  },
  {
    "name": "Chamelet",
    "code": "69039",
    "epci_code": "200040574",
    "departement_code": "69",
    "region_code": "84",
    "postal_code": "69620"
  },
  {
    "name": "Champagne-au-Mont-d’Or",
    "code": "69040",
    "epci_code": "200046977",
    "departement_code": "69",
    "region_code": "84",
    "postal_code": "69410"
  },
  {
    "name": "La Chapelle-sur-Coise",
    "code": "69042",
    "epci_code": "200066587",
    "departement_code": "69",
    "region_code": "84",
    "postal_code": "69590"
  },
  {
    "name": "Chaponost",
    "code": "69043",
    "epci_code": "246900757",
    "departement_code": "69",
    "region_code": "84",
    "postal_code": "69630"
  },
  {
    "name": "Charbonnières-les-Bains",
    "code": "69044",
    "epci_code": "200046977",
    "departement_code": "69",
    "region_code": "84",
    "postal_code": "69260"
  },
  {
    "name": "Charentay",
    "code": "69045",
    "epci_code": "200067817",
    "departement_code": "69",
    "region_code": "84",
    "postal_code": "69220"
  },
  {
    "name": "Charly",
    "code": "69046",
    "epci_code": "200046977",
    "departement_code": "69",
    "region_code": "84",
    "postal_code": "69390"
  },
  {
    "name": "Charnay",
    "code": "69047",
    "epci_code": "200040574",
    "departement_code": "69",
    "region_code": "84",
    "postal_code": "69380"
  },
  {
    "name": "Chasselay",
    "code": "69049",
    "epci_code": "200040574",
    "departement_code": "69",
    "region_code": "84",
    "postal_code": "69380"
  },
  {
    "name": "Châtillon",
    "code": "69050",
    "epci_code": "200040574",
    "departement_code": "69",
    "region_code": "84",
    "postal_code": "69380"
  },
  {
    "name": "Chaussan",
    "code": "69051",
    "epci_code": "246900740",
    "departement_code": "69",
    "region_code": "84",
    "postal_code": "69440"
  },
  {
    "name": "Chazay-d’Azergues",
    "code": "69052",
    "epci_code": "200040574",
    "departement_code": "69",
    "region_code": "84",
    "postal_code": "69380"
  },
  {
    "name": "Chénas",
    "code": "69053",
    "epci_code": "200067817",
    "departement_code": "69",
    "region_code": "84",
    "postal_code": "69840"
  },
  {
    "name": "Chénelette",
    "code": "69054",
    "epci_code": "200040566",
    "departement_code": "69",
    "region_code": "84",
    "postal_code": "69430"
  },
  {
    "name": "Les Chères",
    "code": "69055",
    "epci_code": "200040574",
    "departement_code": "69",
    "region_code": "84",
    "postal_code": "69380"
  },
  {
    "name": "Chessy",
    "code": "69056",
    "epci_code": "200040574",
    "departement_code": "69",
    "region_code": "84",
    "postal_code": "69380"
  },
  {
    "name": "Chevinay",
    "code": "69057",
    "epci_code": "246900625",
    "departement_code": "69",
    "region_code": "84",
    "postal_code": "69210"
  },
  {
    "name": "Chiroubles",
    "code": "69058",
    "epci_code": "200067817",
    "departement_code": "69",
    "region_code": "84",
    "postal_code": "69115"
  },
  {
    "name": "Civrieux-d’Azergues",
    "code": "69059",
    "epci_code": "200040574",
    "departement_code": "69",
    "region_code": "84",
    "postal_code": "69380"
  },
  {
    "name": "Claveisolles",
    "code": "69060",
    "epci_code": "200040566",
    "departement_code": "69",
    "region_code": "84",
    "postal_code": "69870"
  },
  {
    "name": "Cogny",
    "code": "69061",
    "epci_code": "200040590",
    "departement_code": "69",
    "region_code": "84",
    "postal_code": "69640"
  },
  {
    "name": "Coise",
    "code": "69062",
    "epci_code": "200066587",
    "departement_code": "69",
    "region_code": "84",
    "postal_code": "69590"
  },
  {
    "name": "Collonges-au-Mont-d’Or",
    "code": "69063",
    "epci_code": "200046977",
    "departement_code": "69",
    "region_code": "84",
    "postal_code": "69660"
  },
  {
    "name": "Condrieu",
    "code": "69064",
    "epci_code": "200077014",
    "departement_code": "69",
    "region_code": "84",
    "postal_code": "69420"
  },
  {
    "name": "Corcelles-en-Beaujolais",
    "code": "69065",
    "epci_code": "200067817",
    "departement_code": "69",
    "region_code": "84",
    "postal_code": "69220"
  },
  {
    "name": "Cours",
    "code": "69066",
    "epci_code": "200040566",
    "departement_code": "69",
    "region_code": "84",
    "postal_code": "69470"
  },
  {
    "name": "Courzieu",
    "code": "69067",
    "epci_code": "246900625",
    "departement_code": "69",
    "region_code": "84",
    "postal_code": "69690"
  },
  {
    "name": "Couzon-au-Mont-d’Or",
    "code": "69068",
    "epci_code": "200046977",
    "departement_code": "69",
    "region_code": "84",
    "postal_code": "69270"
  },
  {
    "name": "Craponne",
    "code": "69069",
    "epci_code": "200046977",
    "departement_code": "69",
    "region_code": "84",
    "postal_code": "69290"
  },
  {
    "name": "Cublize",
    "code": "69070",
    "epci_code": "200040566",
    "departement_code": "69",
    "region_code": "84",
    "postal_code": "69550"
  },
  {
    "name": "Curis-au-Mont-d’Or",
    "code": "69071",
    "epci_code": "200046977",
    "departement_code": "69",
    "region_code": "84",
    "postal_code": "69250"
  },
  {
    "name": "Dardilly",
    "code": "69072",
    "epci_code": "200046977",
    "departement_code": "69",
    "region_code": "84",
    "postal_code": "69570"
  },
  {
    "name": "Denicé",
    "code": "69074",
    "epci_code": "200040590",
    "departement_code": "69",
    "region_code": "84",
    "postal_code": "69640"
  },
  {
    "name": "Dième",
    "code": "69075",
    "epci_code": "200040566",
    "departement_code": "69",
    "region_code": "84",
    "postal_code": "69170"
  },
  {
    "name": "Dommartin",
    "code": "69076",
    "epci_code": "246900625",
    "departement_code": "69",
    "region_code": "84",
    "postal_code": "69380"
  },
  {
    "name": "Dracé",
    "code": "69077",
    "epci_code": "200067817",
    "departement_code": "69",
    "region_code": "84",
    "postal_code": "69220"
  },
  {
    "name": "Duerne",
    "code": "69078",
    "epci_code": "200066587",
    "departement_code": "69",
    "region_code": "84",
    "postal_code": "69850"
  },
  {
    "name": "Échalas",
    "code": "69080",
    "epci_code": "200077014",
    "departement_code": "69",
    "region_code": "84",
    "postal_code": "69700"
  },
  {
    "name": "Écully",
    "code": "69081",
    "epci_code": "200046977",
    "departement_code": "69",
    "region_code": "84",
    "postal_code": "69130"
  },
  {
    "name": "Émeringes",
    "code": "69082",
    "epci_code": "200067817",
    "departement_code": "69",
    "region_code": "84",
    "postal_code": "69840"
  },
  {
    "name": "Éveux",
    "code": "69083",
    "epci_code": "246900625",
    "departement_code": "69",
    "region_code": "84",
    "postal_code": "69210"
  },
  {
    "name": "Fleurie",
    "code": "69084",
    "epci_code": "200067817",
    "departement_code": "69",
    "region_code": "84",
    "postal_code": "69820"
  },
  {
    "name": "Fleurieu-sur-Saône",
    "code": "69085",
    "epci_code": "200046977",
    "departement_code": "69",
    "region_code": "84",
    "postal_code": "69250"
  },
  {
    "name": "Fleurieux-sur-l’Arbresle",
    "code": "69086",
    "epci_code": "246900625",
    "departement_code": "69",
    "region_code": "84",
    "postal_code": "69210"
  },
  {
    "name": "Fontaines-Saint-Martin",
    "code": "69087",
    "epci_code": "200046977",
    "departement_code": "69",
    "region_code": "84",
    "postal_code": "69270"
  },
  {
    "name": "Fontaines-sur-Saône",
    "code": "69088",
    "epci_code": "200046977",
    "departement_code": "69",
    "region_code": "84",
    "postal_code": "69270"
  },
  {
    "name": "Francheville",
    "code": "69089",
    "epci_code": "200046977",
    "departement_code": "69",
    "region_code": "84",
    "postal_code": "69340"
  },
  {
    "name": "Frontenas",
    "code": "69090",
    "epci_code": "200040574",
    "departement_code": "69",
    "region_code": "84",
    "postal_code": "69620"
  },
  {
    "name": "Givors",
    "code": "69091",
    "epci_code": "200046977",
    "departement_code": "69",
    "region_code": "84",
    "postal_code": "69700"
  },
  {
    "name": "Gleizé",
    "code": "69092",
    "epci_code": "200040590",
    "departement_code": "69",
    "region_code": "84",
    "postal_code": "69400"
  },
  {
    "name": "Grandris",
    "code": "69093",
    "epci_code": "200040566",
    "departement_code": "69",
    "region_code": "84",
    "postal_code": "69870"
  },
  {
    "name": "Grézieu-la-Varenne",
    "code": "69094",
    "epci_code": "246900724",
    "departement_code": "69",
    "region_code": "84",
    "postal_code": "69290"
  },
  {
    "name": "Grézieu-le-Marché",
    "code": "69095",
    "epci_code": "200066587",
    "departement_code": "69",
    "region_code": "84",
    "postal_code": "69610"
  },
  {
    "name": "Grigny-sur-Rhône",
    "code": "69096",
    "epci_code": "200046977",
    "departement_code": "69",
    "region_code": "84",
    "postal_code": "69520"
  },
  {
    "name": "Les Haies",
    "code": "69097",
    "epci_code": "200077014",
    "departement_code": "69",
    "region_code": "84",
    "postal_code": "69420"
  },
  {
    "name": "Les Halles",
    "code": "69098",
    "epci_code": "200066587",
    "departement_code": "69",
    "region_code": "84",
    "postal_code": "69610"
  },
  {
    "name": "Haute-Rivoire",
    "code": "69099",
    "epci_code": "200066587",
    "departement_code": "69",
    "region_code": "84",
    "postal_code": "69610"
  },
  {
    "name": "Irigny",
    "code": "69100",
    "epci_code": "200046977",
    "departement_code": "69",
    "region_code": "84",
    "postal_code": "69540"
  },
  {
    "name": "Joux",
    "code": "69102",
    "epci_code": "200040566",
    "departement_code": "69",
    "region_code": "84",
    "postal_code": "69170"
  },
  {
    "name": "Juliénas",
    "code": "69103",
    "epci_code": "200067817",
    "departement_code": "69",
    "region_code": "84",
    "postal_code": "69840"
  },
  {
    "name": "Jullié",
    "code": "69104",
    "epci_code": "200067817",
    "departement_code": "69",
    "region_code": "84",
    "postal_code": "69840"
  },
  {
    "name": "Lacenas",
    "code": "69105",
    "epci_code": "200040590",
    "departement_code": "69",
    "region_code": "84",
    "postal_code": "69640"
  },
  {
    "name": "Lachassagne",
    "code": "69106",
    "epci_code": "200040574",
    "departement_code": "69",
    "region_code": "84",
    "postal_code": "69480"
  },
  {
    "name": "Lamure-sur-Azergues",
    "code": "69107",
    "epci_code": "200040566",
    "departement_code": "69",
    "region_code": "84",
    "postal_code": "69870"
  },
  {
    "name": "Lancié",
    "code": "69108",
    "epci_code": "200067817",
    "departement_code": "69",
    "region_code": "84",
    "postal_code": "69220"
  },
  {
    "name": "Lantignié",
    "code": "69109",
    "epci_code": "200067817",
    "departement_code": "69",
    "region_code": "84",
    "postal_code": "69430"
  },
  {
    "name": "Larajasse",
    "code": "69110",
    "epci_code": "200066587",
    "departement_code": "69",
    "region_code": "84",
    "postal_code": "69590"
  },
  {
    "name": "Légny",
    "code": "69111",
    "epci_code": "200040574",
    "departement_code": "69",
    "region_code": "84",
    "postal_code": "69620"
  },
  {
    "name": "Lentilly",
    "code": "69112",
    "epci_code": "246900625",
    "departement_code": "69",
    "region_code": "84",
    "postal_code": "69210"
  },
  {
    "name": "Létra",
    "code": "69113",
    "epci_code": "200040574",
    "departement_code": "69",
    "region_code": "84",
    "postal_code": "69620"
  },
  {
    "name": "Porte des Pierres Dorées",
    "code": "69114",
    "epci_code": "200040574",
    "departement_code": "69",
    "region_code": "84",
    "postal_code": "69400"
  },
  {
    "name": "Porte des Pierres Dorées",
    "code": "69114",
    "epci_code": "200040574",
    "departement_code": "69",
    "region_code": "84",
    "postal_code": "69640"
  },
  {
    "name": "Limas",
    "code": "69115",
    "epci_code": "200040590",
    "departement_code": "69",
    "region_code": "84",
    "postal_code": "69400"
  },
  {
    "name": "Limonest",
    "code": "69116",
    "epci_code": "200046977",
    "departement_code": "69",
    "region_code": "84",
    "postal_code": "69760"
  },
  {
    "name": "Lissieu",
    "code": "69117",
    "epci_code": "200046977",
    "departement_code": "69",
    "region_code": "84",
    "postal_code": "69380"
  },
  {
    "name": "Loire-sur-Rhône",
    "code": "69118",
    "epci_code": "200077014",
    "departement_code": "69",
    "region_code": "84",
    "postal_code": "69700"
  },
  {
    "name": "Longes",
    "code": "69119",
    "epci_code": "200077014",
    "departement_code": "69",
    "region_code": "84",
    "postal_code": "69420"
  },
  {
    "name": "Longessaigne",
    "code": "69120",
    "epci_code": "200066587",
    "departement_code": "69",
    "region_code": "84",
    "postal_code": "69770"
  },
  {
    "name": "Lozanne",
    "code": "69121",
    "epci_code": "200040574",
    "departement_code": "69",
    "region_code": "84",
    "postal_code": "69380"
  },
  {
    "name": "Lucenay",
    "code": "69122",
    "epci_code": "200040574",
    "departement_code": "69",
    "region_code": "84",
    "postal_code": "69480"
  },
  {
    "name": "Lyon",
    "code": "69123",
    "epci_code": "200046977",
    "departement_code": "69",
    "region_code": "84",
    "postal_code": "69001"
  },
  {
    "name": "Lyon",
    "code": "69123",
    "epci_code": "200046977",
    "departement_code": "69",
    "region_code": "84",
    "postal_code": "69002"
  },
  {
    "name": "Lyon",
    "code": "69123",
    "epci_code": "200046977",
    "departement_code": "69",
    "region_code": "84",
    "postal_code": "69003"
  },
  {
    "name": "Lyon",
    "code": "69123",
    "epci_code": "200046977",
    "departement_code": "69",
    "region_code": "84",
    "postal_code": "69004"
  },
  {
    "name": "Lyon",
    "code": "69123",
    "epci_code": "200046977",
    "departement_code": "69",
    "region_code": "84",
    "postal_code": "69005"
  },
  {
    "name": "Lyon",
    "code": "69123",
    "epci_code": "200046977",
    "departement_code": "69",
    "region_code": "84",
    "postal_code": "69006"
  },
  {
    "name": "Lyon",
    "code": "69123",
    "epci_code": "200046977",
    "departement_code": "69",
    "region_code": "84",
    "postal_code": "69007"
  },
  {
    "name": "Lyon",
    "code": "69123",
    "epci_code": "200046977",
    "departement_code": "69",
    "region_code": "84",
    "postal_code": "69008"
  },
  {
    "name": "Lyon",
    "code": "69123",
    "epci_code": "200046977",
    "departement_code": "69",
    "region_code": "84",
    "postal_code": "69009"
  },
  {
    "name": "Marchampt",
    "code": "69124",
    "epci_code": "200067817",
    "departement_code": "69",
    "region_code": "84",
    "postal_code": "69430"
  },
  {
    "name": "Marcilly-d’Azergues",
    "code": "69125",
    "epci_code": "200040574",
    "departement_code": "69",
    "region_code": "84",
    "postal_code": "69380"
  },
  {
    "name": "Marcy",
    "code": "69126",
    "epci_code": "200040574",
    "departement_code": "69",
    "region_code": "84",
    "postal_code": "69480"
  },
  {
    "name": "Marcy-lՃtoile",
    "code": "69127",
    "epci_code": "200046977",
    "departement_code": "69",
    "region_code": "84",
    "postal_code": "69280"
  },
  {
    "name": "Meaux-la-Montagne",
    "code": "69130",
    "epci_code": "200040566",
    "departement_code": "69",
    "region_code": "84",
    "postal_code": "69550"
  },
  {
    "name": "Messimy",
    "code": "69131",
    "epci_code": "246900724",
    "departement_code": "69",
    "region_code": "84",
    "postal_code": "69510"
  },
  {
    "name": "Meys",
    "code": "69132",
    "epci_code": "200066587",
    "departement_code": "69",
    "region_code": "84",
    "postal_code": "69610"
  },
  {
    "name": "Millery",
    "code": "69133",
    "epci_code": "246900757",
    "departement_code": "69",
    "region_code": "84",
    "postal_code": "69390"
  },
  {
    "name": "Moiré",
    "code": "69134",
    "epci_code": "200040574",
    "departement_code": "69",
    "region_code": "84",
    "postal_code": "69620"
  },
  {
    "name": "Deux-Grosnes",
    "code": "69135",
    "epci_code": "200067817",
    "departement_code": "69",
    "region_code": "84",
    "postal_code": "69430"
  },
  {
    "name": "Deux-Grosnes",
    "code": "69135",
    "epci_code": "200067817",
    "departement_code": "69",
    "region_code": "84",
    "postal_code": "69860"
  },
  {
    "name": "Montagny",
    "code": "69136",
    "epci_code": "246900757",
    "departement_code": "69",
    "region_code": "84",
    "postal_code": "69700"
  },
  {
    "name": "Montmelas-Saint-Sorlin",
    "code": "69137",
    "epci_code": "200040590",
    "departement_code": "69",
    "region_code": "84",
    "postal_code": "69640"
  },
  {
    "name": "Montromant",
    "code": "69138",
    "epci_code": "200066587",
    "departement_code": "69",
    "region_code": "84",
    "postal_code": "69610"
  },
  {
    "name": "Montrottier",
    "code": "69139",
    "epci_code": "200066587",
    "departement_code": "69",
    "region_code": "84",
    "postal_code": "69770"
  },
  {
    "name": "Morancé",
    "code": "69140",
    "epci_code": "200040574",
    "departement_code": "69",
    "region_code": "84",
    "postal_code": "69480"
  },
  {
    "name": "Mornant",
    "code": "69141",
    "epci_code": "246900740",
    "departement_code": "69",
    "region_code": "84",
    "postal_code": "69440"
  },
  {
    "name": "La Mulatière",
    "code": "69142",
    "epci_code": "200046977",
    "departement_code": "69",
    "region_code": "84",
    "postal_code": "69350"
  },
  {
    "name": "Neuville-sur-Saône",
    "code": "69143",
    "epci_code": "200046977",
    "departement_code": "69",
    "region_code": "84",
    "postal_code": "69250"
  },
  {
    "name": "Odenas",
    "code": "69145",
    "epci_code": "200067817",
    "departement_code": "69",
    "region_code": "84",
    "postal_code": "69460"
  },
  {
    "name": "Orliénas",
    "code": "69148",
    "epci_code": "246900740",
    "departement_code": "69",
    "region_code": "84",
    "postal_code": "69530"
  },
  {
    "name": "Oullins-Pierre-Bénite",
    "code": "69149",
    "epci_code": "200046977",
    "departement_code": "69",
    "region_code": "84",
    "postal_code": "69310"
  },
  {
    "name": "Oullins-Pierre-Bénite",
    "code": "69149",
    "epci_code": "200046977",
    "departement_code": "69",
    "region_code": "84",
    "postal_code": "69600"
  },
  {
    "name": "Le Perréon",
    "code": "69151",
    "epci_code": "200040590",
    "departement_code": "69",
    "region_code": "84",
    "postal_code": "69460"
  },
  {
    "name": "Poleymieux-au-Mont-d’Or",
    "code": "69153",
    "epci_code": "200046977",
    "departement_code": "69",
    "region_code": "84",
    "postal_code": "69250"
  },
  {
    "name": "Pollionnay",
    "code": "69154",
    "epci_code": "246900724",
    "departement_code": "69",
    "region_code": "84",
    "postal_code": "69290"
  },
  {
    "name": "Pomeys",
    "code": "69155",
    "epci_code": "200066587",
    "departement_code": "69",
    "region_code": "84",
    "postal_code": "69590"
  },
  {
    "name": "Pommiers",
    "code": "69156",
    "epci_code": "200040574",
    "departement_code": "69",
    "region_code": "84",
    "postal_code": "69480"
  },
  {
    "name": "Vindry-sur-Turdine",
    "code": "69157",
    "epci_code": "200040566",
    "departement_code": "69",
    "region_code": "84",
    "postal_code": "69490"
  },
  {
    "name": "Poule-les-Écharmeaux",
    "code": "69160",
    "epci_code": "200040566",
    "departement_code": "69",
    "region_code": "84",
    "postal_code": "69870"
  },
  {
    "name": "Propières",
    "code": "69161",
    "epci_code": "200067817",
    "departement_code": "69",
    "region_code": "84",
    "postal_code": "69790"
  },
  {
    "name": "Quincié-en-Beaujolais",
    "code": "69162",
    "epci_code": "200067817",
    "departement_code": "69",
    "region_code": "84",
    "postal_code": "69430"
  },
  {
    "name": "Quincieux",
    "code": "69163",
    "epci_code": "200046977",
    "departement_code": "69",
    "region_code": "84",
    "postal_code": "69650"
  },
  {
    "name": "Ranchal",
    "code": "69164",
    "epci_code": "200040566",
    "departement_code": "69",
    "region_code": "84",
    "postal_code": "69470"
  },
  {
    "name": "Régnié-Durette",
    "code": "69165",
    "epci_code": "200067817",
    "departement_code": "69",
    "region_code": "84",
    "postal_code": "69430"
  },
  {
    "name": "Riverie",
    "code": "69166",
    "epci_code": "246900740",
    "departement_code": "69",
    "region_code": "84",
    "postal_code": "69440"
  },
  {
    "name": "Rivolet",
    "code": "69167",
    "epci_code": "200040590",
    "departement_code": "69",
    "region_code": "84",
    "postal_code": "69640"
  },
  {
    "name": "Rochetaillée-sur-Saône",
    "code": "69168",
    "epci_code": "200046977",
    "departement_code": "69",
    "region_code": "84",
    "postal_code": "69270"
  },
  {
    "name": "Ronno",
    "code": "69169",
    "epci_code": "200040566",
    "departement_code": "69",
    "region_code": "84",
    "postal_code": "69550"
  },
  {
    "name": "Rontalon",
    "code": "69170",
    "epci_code": "246900740",
    "departement_code": "69",
    "region_code": "84",
    "postal_code": "69510"
  },
  {
    "name": "Sain-Bel",
    "code": "69171",
    "epci_code": "246900625",
    "departement_code": "69",
    "region_code": "84",
    "postal_code": "69210"
  },
  {
    "name": "Salles-Arbuissonnas-en-Beaujolais",
    "code": "69172",
    "epci_code": "200040590",
    "departement_code": "69",
    "region_code": "84",
    "postal_code": "69460"
  },
  {
    "name": "Sarcey",
    "code": "69173",
    "epci_code": "246900625",
    "departement_code": "69",
    "region_code": "84",
    "postal_code": "69490"
  },
  {
    "name": "Les Sauvages",
    "code": "69174",
    "epci_code": "200040566",
    "departement_code": "69",
    "region_code": "84",
    "postal_code": "69170"
  },
  {
    "name": "Savigny",
    "code": "69175",
    "epci_code": "246900625",
    "departement_code": "69",
    "region_code": "84",
    "postal_code": "69210"
  },
  {
    "name": "Soucieu-en-Jarrest",
    "code": "69176",
    "epci_code": "246900740",
    "departement_code": "69",
    "region_code": "84",
    "postal_code": "69510"
  },
  {
    "name": "Sourcieux-les-Mines",
    "code": "69177",
    "epci_code": "246900625",
    "departement_code": "69",
    "region_code": "84",
    "postal_code": "69210"
  },
  {
    "name": "Souzy",
    "code": "69178",
    "epci_code": "200066587",
    "departement_code": "69",
    "region_code": "84",
    "postal_code": "69610"
  },
  {
    "name": "Beauvallon",
    "code": "69179",
    "epci_code": "246900740",
    "departement_code": "69",
    "region_code": "84",
    "postal_code": "69700"
  },
  {
    "name": "Saint-André-la-Côte",
    "code": "69180",
    "epci_code": "246900740",
    "departement_code": "69",
    "region_code": "84",
    "postal_code": "69440"
  },
  {
    "name": "Saint-Appolinaire",
    "code": "69181",
    "epci_code": "200040566",
    "departement_code": "69",
    "region_code": "84",
    "postal_code": "69170"
  },
  {
    "name": "Saint-Bonnet-des-Bruyères",
    "code": "69182",
    "epci_code": "200067817",
    "departement_code": "69",
    "region_code": "84",
    "postal_code": "69790"
  },
  {
    "name": "Saint-Bonnet-le-Troncy",
    "code": "69183",
    "epci_code": "200040566",
    "departement_code": "69",
    "region_code": "84",
    "postal_code": "69870"
  },
  {
    "name": "Sainte-Catherine",
    "code": "69184",
    "epci_code": "200066587",
    "departement_code": "69",
    "region_code": "84",
    "postal_code": "69440"
  },
  {
    "name": "Saint-Clément-de-Vers",
    "code": "69186",
    "epci_code": "200067817",
    "departement_code": "69",
    "region_code": "84",
    "postal_code": "69790"
  },
  {
    "name": "Saint-Clément-les-Places",
    "code": "69187",
    "epci_code": "200066587",
    "departement_code": "69",
    "region_code": "84",
    "postal_code": "69930"
  },
  {
    "name": "Saint-Clément-sur-Valsonne",
    "code": "69188",
    "epci_code": "200040566",
    "departement_code": "69",
    "region_code": "84",
    "postal_code": "69170"
  },
  {
    "name": "Sainte-Colombe",
    "code": "69189",
    "epci_code": "200077014",
    "departement_code": "69",
    "region_code": "84",
    "postal_code": "69560"
  },
  {
    "name": "Sainte-Consorce",
    "code": "69190",
    "epci_code": "246900724",
    "departement_code": "69",
    "region_code": "84",
    "postal_code": "69280"
  },
  {
    "name": "Saint-Cyr-au-Mont-d’Or",
    "code": "69191",
    "epci_code": "200046977",
    "departement_code": "69",
    "region_code": "84",
    "postal_code": "69450"
  },
  {
    "name": "Saint-Cyr-le-Chatoux",
    "code": "69192",
    "epci_code": "200040590",
    "departement_code": "69",
    "region_code": "84",
    "postal_code": "69870"
  },
  {
    "name": "Saint-Cyr-sur-le-Rhône",
    "code": "69193",
    "epci_code": "200077014",
    "departement_code": "69",
    "region_code": "84",
    "postal_code": "69560"
  },
  {
    "name": "Saint-Didier-au-Mont-d’Or",
    "code": "69194",
    "epci_code": "200046977",
    "departement_code": "69",
    "region_code": "84",
    "postal_code": "69370"
  },
  {
    "name": "Saint-Didier-sur-Beaujeu",
    "code": "69196",
    "epci_code": "200067817",
    "departement_code": "69",
    "region_code": "84",
    "postal_code": "69430"
  },
  {
    "name": "Saint-Étienne-des-Oullières",
    "code": "69197",
    "epci_code": "200040590",
    "departement_code": "69",
    "region_code": "84",
    "postal_code": "69460"
  },
  {
    "name": "Saint-Étienne-la-Varenne",
    "code": "69198",
    "epci_code": "200067817",
    "departement_code": "69",
    "region_code": "84",
    "postal_code": "69460"
  },
  {
    "name": "Saint-Fons",
    "code": "69199",
    "epci_code": "200046977",
    "departement_code": "69",
    "region_code": "84",
    "postal_code": "69190"
  },
  {
    "name": "Saint-Forgeux",
    "code": "69200",
    "epci_code": "200040566",
    "departement_code": "69",
    "region_code": "84",
    "postal_code": "69490"
  },
  {
    "name": "Sainte-Foy-l’Argentière",
    "code": "69201",
    "epci_code": "200066587",
    "departement_code": "69",
    "region_code": "84",
    "postal_code": "69610"
  },
  {
    "name": "Sainte-Foy-lès-Lyon",
    "code": "69202",
    "epci_code": "200046977",
    "departement_code": "69",
    "region_code": "84",
    "postal_code": "69110"
  },
  {
    "name": "Saint-Genis-l’Argentière",
    "code": "69203",
    "epci_code": "200066587",
    "departement_code": "69",
    "region_code": "84",
    "postal_code": "69610"
  },
  {
    "name": "Saint-Genis-Laval",
    "code": "69204",
    "epci_code": "200046977",
    "departement_code": "69",
    "region_code": "84",
    "postal_code": "69230"
  },
  {
    "name": "Saint-Genis-les-Ollières",
    "code": "69205",
    "epci_code": "200046977",
    "departement_code": "69",
    "region_code": "84",
    "postal_code": "69290"
  },
  {
    "name": "Saint-Georges-de-Reneins",
    "code": "69206",
    "epci_code": "200067817",
    "departement_code": "69",
    "region_code": "84",
    "postal_code": "69830"
  },
  {
    "name": "Saint-Germain-au-Mont-d’Or",
    "code": "69207",
    "epci_code": "200046977",
    "departement_code": "69",
    "region_code": "84",
    "postal_code": "69650"
  },
  {
    "name": "Saint-Germain-Nuelles",
    "code": "69208",
    "epci_code": "246900625",
    "departement_code": "69",
    "region_code": "84",
    "postal_code": "69210"
  },
  {
    "name": "Saint-Igny-de-Vers",
    "code": "69209",
    "epci_code": "200067817",
    "departement_code": "69",
    "region_code": "84",
    "postal_code": "69790"
  },
  {
    "name": "Saint-Jean-des-Vignes",
    "code": "69212",
    "epci_code": "200040574",
    "departement_code": "69",
    "region_code": "84",
    "postal_code": "69380"
  },
  {
    "name": "Saint-Jean-la-Bussière",
    "code": "69214",
    "epci_code": "200040566",
    "departement_code": "69",
    "region_code": "84",
    "postal_code": "69550"
  },
  {
    "name": "Saint-Julien",
    "code": "69215",
    "epci_code": "200040590",
    "departement_code": "69",
    "region_code": "84",
    "postal_code": "69640"
  },
  {
    "name": "Saint-Julien-sur-Bibost",
    "code": "69216",
    "epci_code": "246900625",
    "departement_code": "69",
    "region_code": "84",
    "postal_code": "69690"
  },
  {
    "name": "Saint-Just-d’Avray",
    "code": "69217",
    "epci_code": "200040566",
    "departement_code": "69",
    "region_code": "84",
    "postal_code": "69870"
  },
  {
    "name": "Saint-Lager",
    "code": "69218",
    "epci_code": "200067817",
    "departement_code": "69",
    "region_code": "84",
    "postal_code": "69220"
  },
  {
    "name": "Saint-Laurent-d’Agny",
    "code": "69219",
    "epci_code": "246900740",
    "departement_code": "69",
    "region_code": "84",
    "postal_code": "69440"
  },
  {
    "name": "Saint-Laurent-de-Chamousset",
    "code": "69220",
    "epci_code": "200066587",
    "departement_code": "69",
    "region_code": "84",
    "postal_code": "69930"
  },
  {
    "name": "Saint-Marcel-l’Éclairé",
    "code": "69225",
    "epci_code": "200040566",
    "departement_code": "69",
    "region_code": "84",
    "postal_code": "69170"
  },
  {
    "name": "Saint-Martin-en-Haut",
    "code": "69227",
    "epci_code": "200066587",
    "departement_code": "69",
    "region_code": "84",
    "postal_code": "69850"
  },
  {
    "name": "Chabanière",
    "code": "69228",
    "epci_code": "246900740",
    "departement_code": "69",
    "region_code": "84",
    "postal_code": "69440"
  },
  {
    "name": "Saint-Nizier-d’Azergues",
    "code": "69229",
    "epci_code": "200040566",
    "departement_code": "69",
    "region_code": "84",
    "postal_code": "69870"
  },
  {
    "name": "Sainte-Paule",
    "code": "69230",
    "epci_code": "200040574",
    "departement_code": "69",
    "region_code": "84",
    "postal_code": "69620"
  },
  {
    "name": "Saint-Pierre-la-Palud",
    "code": "69231",
    "epci_code": "246900625",
    "departement_code": "69",
    "region_code": "84",
    "postal_code": "69210"
  },
  {
    "name": "Saint-Romain-au-Mont-d’Or",
    "code": "69233",
    "epci_code": "200046977",
    "departement_code": "69",
    "region_code": "84",
    "postal_code": "69270"
  },
  {
    "name": "Saint-Romain-de-Popey",
    "code": "69234",
    "epci_code": "200040566",
    "departement_code": "69",
    "region_code": "84",
    "postal_code": "69490"
  },
  {
    "name": "Saint-Romain-en-Gal",
    "code": "69235",
    "epci_code": "200077014",
    "departement_code": "69",
    "region_code": "84",
    "postal_code": "69560"
  },
  {
    "name": "Saint-Romain-en-Gier",
    "code": "69236",
    "epci_code": "200077014",
    "departement_code": "69",
    "region_code": "84",
    "postal_code": "69700"
  },
  {
    "name": "Saint-Symphorien-sur-Coise",
    "code": "69238",
    "epci_code": "200066587",
    "departement_code": "69",
    "region_code": "84",
    "postal_code": "69590"
  },
  {
    "name": "Saint-Vérand",
    "code": "69239",
    "epci_code": "200040574",
    "departement_code": "69",
    "region_code": "84",
    "postal_code": "69620"
  },
  {
    "name": "Saint-Vincent-de-Reins",
    "code": "69240",
    "epci_code": "200040566",
    "departement_code": "69",
    "region_code": "84",
    "postal_code": "69240"
  },
  {
    "name": "Taluyers",
    "code": "69241",
    "epci_code": "246900740",
    "departement_code": "69",
    "region_code": "84",
    "postal_code": "69440"
  },
  {
    "name": "Taponas",
    "code": "69242",
    "epci_code": "200067817",
    "departement_code": "69",
    "region_code": "84",
    "postal_code": "69220"
  },
  {
    "name": "Tarare",
    "code": "69243",
    "epci_code": "200040566",
    "departement_code": "69",
    "region_code": "84",
    "postal_code": "69170"
  },
  {
    "name": "Tassin-la-Demi-Lune",
    "code": "69244",
    "epci_code": "200046977",
    "departement_code": "69",
    "region_code": "84",
    "postal_code": "69160"
  },
  {
    "name": "Ternand",
    "code": "69245",
    "epci_code": "200040574",
    "departement_code": "69",
    "region_code": "84",
    "postal_code": "69620"
  },
  {
    "name": "Theizé",
    "code": "69246",
    "epci_code": "200040574",
    "departement_code": "69",
    "region_code": "84",
    "postal_code": "69620"
  },
  {
    "name": "Thizy-les-Bourgs",
    "code": "69248",
    "epci_code": "200040566",
    "departement_code": "69",
    "region_code": "84",
    "postal_code": "69240"
  },
  {
    "name": "Thurins",
    "code": "69249",
    "epci_code": "246900724",
    "departement_code": "69",
    "region_code": "84",
    "postal_code": "69510"
  },
  {
    "name": "La Tour-de-Salvagny",
    "code": "69250",
    "epci_code": "200046977",
    "departement_code": "69",
    "region_code": "84",
    "postal_code": "69890"
  },
  {
    "name": "Trèves",
    "code": "69252",
    "epci_code": "200077014",
    "departement_code": "69",
    "region_code": "84",
    "postal_code": "69420"
  },
  {
    "name": "Tupin-et-Semons",
    "code": "69253",
    "epci_code": "200077014",
    "departement_code": "69",
    "region_code": "84",
    "postal_code": "69420"
  },
  {
    "name": "Valsonne",
    "code": "69254",
    "epci_code": "200040566",
    "departement_code": "69",
    "region_code": "84",
    "postal_code": "69170"
  },
  {
    "name": "Vaugneray",
    "code": "69255",
    "epci_code": "246900724",
    "departement_code": "69",
    "region_code": "84",
    "postal_code": "69670"
  },
  {
    "name": "Vaulx-en-Velin",
    "code": "69256",
    "epci_code": "200046977",
    "departement_code": "69",
    "region_code": "84",
    "postal_code": "69120"
  },
  {
    "name": "Vaux-en-Beaujolais",
    "code": "69257",
    "epci_code": "200040590",
    "departement_code": "69",
    "region_code": "84",
    "postal_code": "69460"
  },
  {
    "name": "Vauxrenard",
    "code": "69258",
    "epci_code": "200067817",
    "departement_code": "69",
    "region_code": "84",
    "postal_code": "69820"
  },
  {
    "name": "Vénissieux",
    "code": "69259",
    "epci_code": "200046977",
    "departement_code": "69",
    "region_code": "84",
    "postal_code": "69200"
  },
  {
    "name": "Vernaison",
    "code": "69260",
    "epci_code": "200046977",
    "departement_code": "69",
    "region_code": "84",
    "postal_code": "69390"
  },
  {
    "name": "Vernay",
    "code": "69261",
    "epci_code": "200067817",
    "departement_code": "69",
    "region_code": "84",
    "postal_code": "69430"
  },
  {
    "name": "Villechenève",
    "code": "69263",
    "epci_code": "200066587",
    "departement_code": "69",
    "region_code": "84",
    "postal_code": "69770"
  },
  {
    "name": "Villefranche-sur-Saône",
    "code": "69264",
    "epci_code": "200040590",
    "departement_code": "69",
    "region_code": "84",
    "postal_code": "69400"
  },
  {
    "name": "Ville-sur-Jarnioux",
    "code": "69265",
    "epci_code": "200040590",
    "departement_code": "69",
    "region_code": "84",
    "postal_code": "69640"
  },
  {
    "name": "Villeurbanne",
    "code": "69266",
    "epci_code": "200046977",
    "departement_code": "69",
    "region_code": "84",
    "postal_code": "69100"
  },
  {
    "name": "Villié-Morgon",
    "code": "69267",
    "epci_code": "200067817",
    "departement_code": "69",
    "region_code": "84",
    "postal_code": "69910"
  },
  {
    "name": "Vourles",
    "code": "69268",
    "epci_code": "246900757",
    "departement_code": "69",
    "region_code": "84",
    "postal_code": "69390"
  },
  {
    "name": "Yzeron",
    "code": "69269",
    "epci_code": "246900724",
    "departement_code": "69",
    "region_code": "84",
    "postal_code": "69510"
  },
  {
    "name": "Chaponnay",
    "code": "69270",
    "epci_code": "246900765",
    "departement_code": "69",
    "region_code": "84",
    "postal_code": "69970"
  },
  {
    "name": "Chassieu",
    "code": "69271",
    "epci_code": "200046977",
    "departement_code": "69",
    "region_code": "84",
    "postal_code": "69680"
  },
  {
    "name": "Communay",
    "code": "69272",
    "epci_code": "246900765",
    "departement_code": "69",
    "region_code": "84",
    "postal_code": "69360"
  },
  {
    "name": "Corbas",
    "code": "69273",
    "epci_code": "200046977",
    "departement_code": "69",
    "region_code": "84",
    "postal_code": "69960"
  },
  {
    "name": "Décines-Charpieu",
    "code": "69275",
    "epci_code": "200046977",
    "departement_code": "69",
    "region_code": "84",
    "postal_code": "69150"
  },
  {
    "name": "Feyzin",
    "code": "69276",
    "epci_code": "200046977",
    "departement_code": "69",
    "region_code": "84",
    "postal_code": "69320"
  },
  {
    "name": "Genas",
    "code": "69277",
    "epci_code": "246900575",
    "departement_code": "69",
    "region_code": "84",
    "postal_code": "69740"
  },
  {
    "name": "Genay",
    "code": "69278",
    "epci_code": "200046977",
    "departement_code": "69",
    "region_code": "84",
    "postal_code": "69730"
  },
  {
    "name": "Jonage",
    "code": "69279",
    "epci_code": "200046977",
    "departement_code": "69",
    "region_code": "84",
    "postal_code": "69330"
  },
  {
    "name": "Jons",
    "code": "69280",
    "epci_code": "246900575",
    "departement_code": "69",
    "region_code": "84",
    "postal_code": "69330"
  },
  {
    "name": "Marennes",
    "code": "69281",
    "epci_code": "246900765",
    "departement_code": "69",
    "region_code": "84",
    "postal_code": "69970"
  },
  {
    "name": "Meyzieu",
    "code": "69282",
    "epci_code": "200046977",
    "departement_code": "69",
    "region_code": "84",
    "postal_code": "69330"
  },
  {
    "name": "Mions",
    "code": "69283",
    "epci_code": "200046977",
    "departement_code": "69",
    "region_code": "84",
    "postal_code": "69780"
  },
  {
    "name": "Montanay",
    "code": "69284",
    "epci_code": "200046977",
    "departement_code": "69",
    "region_code": "84",
    "postal_code": "69250"
  },
  {
    "name": "Pusignan",
    "code": "69285",
    "epci_code": "246900575",
    "departement_code": "69",
    "region_code": "84",
    "postal_code": "69330"
  },
  {
    "name": "Rillieux-la-Pape",
    "code": "69286",
    "epci_code": "200046977",
    "departement_code": "69",
    "region_code": "84",
    "postal_code": "69140"
  },
  {
    "name": "Saint-Bonnet-de-Mure",
    "code": "69287",
    "epci_code": "246900575",
    "departement_code": "69",
    "region_code": "84",
    "postal_code": "69720"
  },
  {
    "name": "Saint-Laurent-de-Mure",
    "code": "69288",
    "epci_code": "246900575",
    "departement_code": "69",
    "region_code": "84",
    "postal_code": "69720"
  },
  {
    "name": "Saint-Pierre-de-Chandieu",
    "code": "69289",
    "epci_code": "246900575",
    "departement_code": "69",
    "region_code": "84",
    "postal_code": "69780"
  },
  {
    "name": "Saint-Priest",
    "code": "69290",
    "epci_code": "200046977",
    "departement_code": "69",
    "region_code": "84",
    "postal_code": "69800"
  },
  {
    "name": "Saint-Symphorien-d’Ozon",
    "code": "69291",
    "epci_code": "246900765",
    "departement_code": "69",
    "region_code": "84",
    "postal_code": "69360"
  },
  {
    "name": "Sathonay-Camp",
    "code": "69292",
    "epci_code": "200046977",
    "departement_code": "69",
    "region_code": "84",
    "postal_code": "69580"
  },
  {
    "name": "Sathonay-Village",
    "code": "69293",
    "epci_code": "200046977",
    "departement_code": "69",
    "region_code": "84",
    "postal_code": "69580"
  },
  {
    "name": "Sérézin-du-Rhône",
    "code": "69294",
    "epci_code": "246900765",
    "departement_code": "69",
    "region_code": "84",
    "postal_code": "69360"
  },
  {
    "name": "Simandres",
    "code": "69295",
    "epci_code": "246900765",
    "departement_code": "69",
    "region_code": "84",
    "postal_code": "69360"
  },
  {
    "name": "Solaize",
    "code": "69296",
    "epci_code": "200046977",
    "departement_code": "69",
    "region_code": "84",
    "postal_code": "69360"
  },
  {
    "name": "Ternay",
    "code": "69297",
    "epci_code": "246900765",
    "departement_code": "69",
    "region_code": "84",
    "postal_code": "69360"
  },
  {
    "name": "Toussieu",
    "code": "69298",
    "epci_code": "246900575",
    "departement_code": "69",
    "region_code": "84",
    "postal_code": "69780"
  },
  {
    "name": "Colombier-Saugnieu",
    "code": "69299",
    "epci_code": "246900575",
    "departement_code": "69",
    "region_code": "84",
    "postal_code": "69124"
  },
  {
    "name": "Colombier-Saugnieu",
    "code": "69299",
    "epci_code": "246900575",
    "departement_code": "69",
    "region_code": "84",
    "postal_code": "69125"
  },
  {
    "name": "Lyon 1er Arrondissement",
    "code": "69381",
    "departement_code": "69",
    "region_code": "84",
    "postal_code": "69001"
  },
  {
    "name": "Lyon 2e Arrondissement",
    "code": "69382",
    "departement_code": "69",
    "region_code": "84",
    "postal_code": "69002"
  },
  {
    "name": "Lyon 3e Arrondissement",
    "code": "69383",
    "departement_code": "69",
    "region_code": "84",
    "postal_code": "69003"
  },
  {
    "name": "Lyon 4e Arrondissement",
    "code": "69384",
    "departement_code": "69",
    "region_code": "84",
    "postal_code": "69004"
  },
  {
    "name": "Lyon 5e Arrondissement",
    "code": "69385",
    "departement_code": "69",
    "region_code": "84",
    "postal_code": "69005"
  },
  {
    "name": "Lyon 6e Arrondissement",
    "code": "69386",
    "departement_code": "69",
    "region_code": "84",
    "postal_code": "69006"
  },
  {
    "name": "Lyon 7e Arrondissement",
    "code": "69387",
    "departement_code": "69",
    "region_code": "84",
    "postal_code": "69007"
  },
  {
    "name": "Lyon 8e Arrondissement",
    "code": "69388",
    "departement_code": "69",
    "region_code": "84",
    "postal_code": "69008"
  },
  {
    "name": "Lyon 9e Arrondissement",
    "code": "69389",
    "departement_code": "69",
    "region_code": "84",
    "postal_code": "69009"
  }
]