[
  {
    "name": "Affieux",
    "code": "19001",
    "epci_code": "200066645",
    "departement_code": "19",
    "region_code": "75",
    "postal_code": "19260"
  },
  {
    "name": "Aix",
    "code": "19002",
    "epci_code": "200066744",
    "departement_code": "19",
    "region_code": "75",
    "postal_code": "19200"
  },
  {
    "name": "Albignac",
    "code": "19003",
    "epci_code": "200066769",
    "departement_code": "19",
    "region_code": "75",
    "postal_code": "19190"
  },
  {
    "name": "Albussac",
    "code": "19004",
    "epci_code": "200066751",
    "departement_code": "19",
    "region_code": "75",
    "postal_code": "19380"
  },
  {
    "name": "Allassac",
    "code": "19005",
    "epci_code": "200043172",
    "departement_code": "19",
    "region_code": "75",
    "postal_code": "19240"
  },
  {
    "name": "Alleyrat",
    "code": "19006",
    "epci_code": "200066744",
    "departement_code": "19",
    "region_code": "75",
    "postal_code": "19200"
  },
  {
    "name": "Altillac",
    "code": "19007",
    "epci_code": "200066769",
    "departement_code": "19",
    "region_code": "75",
    "postal_code": "19120"
  },
  {
    "name": "Ambrugeat",
    "code": "19008",
    "epci_code": "200066744",
    "departement_code": "19",
    "region_code": "75",
    "postal_code": "19250"
  },
  {
    "name": "Les Angles-sur-Corrèze",
    "code": "19009",
    "epci_code": "241927201",
    "departement_code": "19",
    "region_code": "75",
    "postal_code": "19000"
  },
  {
    "name": "Argentat-sur-Dordogne",
    "code": "19010",
    "epci_code": "200066751",
    "departement_code": "19",
    "region_code": "75",
    "postal_code": "19320"
  },
  {
    "name": "Argentat-sur-Dordogne",
    "code": "19010",
    "epci_code": "200066751",
    "departement_code": "19",
    "region_code": "75",
    "postal_code": "19400"
  },
  {
    "name": "Arnac-Pompadour",
    "code": "19011",
    "epci_code": "200066603",
    "departement_code": "19",
    "region_code": "75",
    "postal_code": "19230"
  },
  {
    "name": "Astaillac",
    "code": "19012",
    "epci_code": "200066769",
    "departement_code": "19",
    "region_code": "75",
    "postal_code": "19120"
  },
  {
    "name": "Aubazines",
    "code": "19013",
    "epci_code": "200066769",
    "departement_code": "19",
    "region_code": "75",
    "postal_code": "19190"
  },
  {
    "name": "Auriac",
    "code": "19014",
    "epci_code": "200066751",
    "departement_code": "19",
    "region_code": "75",
    "postal_code": "19220"
  },
  {
    "name": "Ayen",
    "code": "19015",
    "epci_code": "200043172",
    "departement_code": "19",
    "region_code": "75",
    "postal_code": "19310"
  },
  {
    "name": "Bar",
    "code": "19016",
    "epci_code": "241927201",
    "departement_code": "19",
    "region_code": "75",
    "postal_code": "19800"
  },
  {
    "name": "Bassignac-le-Bas",
    "code": "19017",
    "epci_code": "200066751",
    "departement_code": "19",
    "region_code": "75",
    "postal_code": "19430"
  },
  {
    "name": "Bassignac-le-Haut",
    "code": "19018",
    "epci_code": "200066751",
    "departement_code": "19",
    "region_code": "75",
    "postal_code": "19220"
  },
  {
    "name": "Beaulieu-sur-Dordogne",
    "code": "19019",
    "epci_code": "200066769",
    "departement_code": "19",
    "region_code": "75",
    "postal_code": "19120"
  },
  {
    "name": "Beaumont",
    "code": "19020",
    "epci_code": "241927201",
    "departement_code": "19",
    "region_code": "75",
    "postal_code": "19390"
  },
  {
    "name": "Bellechassagne",
    "code": "19021",
    "epci_code": "200066744",
    "departement_code": "19",
    "region_code": "75",
    "postal_code": "19290"
  },
  {
    "name": "Benayes",
    "code": "19022",
    "epci_code": "200066603",
    "departement_code": "19",
    "region_code": "75",
    "postal_code": "19510"
  },
  {
    "name": "Beynat",
    "code": "19023",
    "epci_code": "200066769",
    "departement_code": "19",
    "region_code": "75",
    "postal_code": "19190"
  },
  {
    "name": "Beyssac",
    "code": "19024",
    "epci_code": "200066603",
    "departement_code": "19",
    "region_code": "75",
    "postal_code": "19230"
  },
  {
    "name": "Beyssenac",
    "code": "19025",
    "epci_code": "200066603",
    "departement_code": "19",
    "region_code": "75",
    "postal_code": "19230"
  },
  {
    "name": "Bilhac",
    "code": "19026",
    "epci_code": "200066769",
    "departement_code": "19",
    "region_code": "75",
    "postal_code": "19120"
  },
  {
    "name": "Bonnefond",
    "code": "19027",
    "epci_code": "200066645",
    "departement_code": "19",
    "region_code": "75",
    "postal_code": "19170"
  },
  {
    "name": "Bort-les-Orgues",
    "code": "19028",
    "epci_code": "200066744",
    "departement_code": "19",
    "region_code": "75",
    "postal_code": "19110"
  },
  {
    "name": "Branceilles",
    "code": "19029",
    "epci_code": "200066769",
    "departement_code": "19",
    "region_code": "75",
    "postal_code": "19500"
  },
  {
    "name": "Brignac-la-Plaine",
    "code": "19030",
    "epci_code": "200043172",
    "departement_code": "19",
    "region_code": "75",
    "postal_code": "19310"
  },
  {
    "name": "Brive-la-Gaillarde",
    "code": "19031",
    "epci_code": "200043172",
    "departement_code": "19",
    "region_code": "75",
    "postal_code": "19100"
  },
  {
    "name": "Bugeat",
    "code": "19033",
    "epci_code": "200066645",
    "departement_code": "19",
    "region_code": "75",
    "postal_code": "19170"
  },
  {
    "name": "Camps-Saint-Mathurin-Léobazel",
    "code": "19034",
    "epci_code": "200066751",
    "departement_code": "19",
    "region_code": "75",
    "postal_code": "19430"
  },
  {
    "name": "Chabrignac",
    "code": "19035",
    "epci_code": "200043172",
    "departement_code": "19",
    "region_code": "75",
    "postal_code": "19350"
  },
  {
    "name": "Chamberet",
    "code": "19036",
    "epci_code": "200066645",
    "departement_code": "19",
    "region_code": "75",
    "postal_code": "19370"
  },
  {
    "name": "Chamboulive",
    "code": "19037",
    "epci_code": "241927201",
    "departement_code": "19",
    "region_code": "75",
    "postal_code": "19450"
  },
  {
    "name": "Chameyrat",
    "code": "19038",
    "epci_code": "241927201",
    "departement_code": "19",
    "region_code": "75",
    "postal_code": "19330"
  },
  {
    "name": "Champagnac-la-Noaille",
    "code": "19039",
    "epci_code": "241900133",
    "departement_code": "19",
    "region_code": "75",
    "postal_code": "19320"
  },
  {
    "name": "Champagnac-la-Prune",
    "code": "19040",
    "epci_code": "241927201",
    "departement_code": "19",
    "region_code": "75",
    "postal_code": "19320"
  },
  {
    "name": "Chanac-les-Mines",
    "code": "19041",
    "epci_code": "241927201",
    "departement_code": "19",
    "region_code": "75",
    "postal_code": "19150"
  },
  {
    "name": "Chanteix",
    "code": "19042",
    "epci_code": "241927201",
    "departement_code": "19",
    "region_code": "75",
    "postal_code": "19330"
  },
  {
    "name": "La Chapelle-aux-Brocs",
    "code": "19043",
    "epci_code": "200043172",
    "departement_code": "19",
    "region_code": "75",
    "postal_code": "19360"
  },
  {
    "name": "La Chapelle-aux-Saints",
    "code": "19044",
    "epci_code": "200066769",
    "departement_code": "19",
    "region_code": "75",
    "postal_code": "19120"
  },
  {
    "name": "La Chapelle-Saint-Géraud",
    "code": "19045",
    "epci_code": "200066751",
    "departement_code": "19",
    "region_code": "75",
    "postal_code": "19430"
  },
  {
    "name": "Chapelle-Spinasse",
    "code": "19046",
    "epci_code": "241900133",
    "departement_code": "19",
    "region_code": "75",
    "postal_code": "19300"
  },
  {
    "name": "Chartrier-Ferrière",
    "code": "19047",
    "epci_code": "200043172",
    "departement_code": "19",
    "region_code": "75",
    "postal_code": "19600"
  },
  {
    "name": "Le Chastang",
    "code": "19048",
    "epci_code": "241927201",
    "departement_code": "19",
    "region_code": "75",
    "postal_code": "19190"
  },
  {
    "name": "Chasteaux",
    "code": "19049",
    "epci_code": "200043172",
    "departement_code": "19",
    "region_code": "75",
    "postal_code": "19600"
  },
  {
    "name": "Chauffour-sur-Vell",
    "code": "19050",
    "epci_code": "200066769",
    "departement_code": "19",
    "region_code": "75",
    "postal_code": "19500"
  },
  {
    "name": "Chaumeil",
    "code": "19051",
    "epci_code": "241900133",
    "departement_code": "19",
    "region_code": "75",
    "postal_code": "19390"
  },
  {
    "name": "Chavanac",
    "code": "19052",
    "epci_code": "200066744",
    "departement_code": "19",
    "region_code": "75",
    "postal_code": "19290"
  },
  {
    "name": "Chaveroche",
    "code": "19053",
    "epci_code": "200066744",
    "departement_code": "19",
    "region_code": "75",
    "postal_code": "19200"
  },
  {
    "name": "Chenailler-Mascheix",
    "code": "19054",
    "epci_code": "200066769",
    "departement_code": "19",
    "region_code": "75",
    "postal_code": "19120"
  },
  {
    "name": "Chirac-Bellevue",
    "code": "19055",
    "epci_code": "200066744",
    "departement_code": "19",
    "region_code": "75",
    "postal_code": "19160"
  },
  {
    "name": "Clergoux",
    "code": "19056",
    "epci_code": "241927201",
    "departement_code": "19",
    "region_code": "75",
    "postal_code": "19320"
  },
  {
    "name": "Collonges-la-Rouge",
    "code": "19057",
    "epci_code": "200066769",
    "departement_code": "19",
    "region_code": "75",
    "postal_code": "19500"
  },
  {
    "name": "Combressol",
    "code": "19058",
    "epci_code": "200066744",
    "departement_code": "19",
    "region_code": "75",
    "postal_code": "19250"
  },
  {
    "name": "Concèze",
    "code": "19059",
    "epci_code": "200066603",
    "departement_code": "19",
    "region_code": "75",
    "postal_code": "19350"
  },
  {
    "name": "Condat-sur-Ganaveix",
    "code": "19060",
    "epci_code": "241927243",
    "departement_code": "19",
    "region_code": "75",
    "postal_code": "19140"
  },
  {
    "name": "Cornil",
    "code": "19061",
    "epci_code": "241927201",
    "departement_code": "19",
    "region_code": "75",
    "postal_code": "19150"
  },
  {
    "name": "Corrèze",
    "code": "19062",
    "epci_code": "241927201",
    "departement_code": "19",
    "region_code": "75",
    "postal_code": "19800"
  },
  {
    "name": "Cosnac",
    "code": "19063",
    "epci_code": "200043172",
    "departement_code": "19",
    "region_code": "75",
    "postal_code": "19360"
  },
  {
    "name": "Couffy-sur-Sarsonne",
    "code": "19064",
    "epci_code": "200066744",
    "departement_code": "19",
    "region_code": "75",
    "postal_code": "19340"
  },
  {
    "name": "Courteix",
    "code": "19065",
    "epci_code": "200066744",
    "departement_code": "19",
    "region_code": "75",
    "postal_code": "19340"
  },
  {
    "name": "Cublac",
    "code": "19066",
    "epci_code": "200043172",
    "departement_code": "19",
    "region_code": "75",
    "postal_code": "19520"
  },
  {
    "name": "Curemonte",
    "code": "19067",
    "epci_code": "200066769",
    "departement_code": "19",
    "region_code": "75",
    "postal_code": "19500"
  },
  {
    "name": "Dampniat",
    "code": "19068",
    "epci_code": "200043172",
    "departement_code": "19",
    "region_code": "75",
    "postal_code": "19360"
  },
  {
    "name": "Darazac",
    "code": "19069",
    "epci_code": "200066751",
    "departement_code": "19",
    "region_code": "75",
    "postal_code": "19220"
  },
  {
    "name": "Darnets",
    "code": "19070",
    "epci_code": "241900133",
    "departement_code": "19",
    "region_code": "75",
    "postal_code": "19300"
  },
  {
    "name": "Davignac",
    "code": "19071",
    "epci_code": "200066744",
    "departement_code": "19",
    "region_code": "75",
    "postal_code": "19250"
  },
  {
    "name": "Donzenac",
    "code": "19072",
    "epci_code": "200043172",
    "departement_code": "19",
    "region_code": "75",
    "postal_code": "19270"
  },
  {
    "name": "Égletons",
    "code": "19073",
    "epci_code": "241900133",
    "departement_code": "19",
    "region_code": "75",
    "postal_code": "19300"
  },
  {
    "name": "LՃglise-aux-Bois",
    "code": "19074",
    "epci_code": "200066645",
    "departement_code": "19",
    "region_code": "75",
    "postal_code": "19170"
  },
  {
    "name": "Espagnac",
    "code": "19075",
    "epci_code": "241927201",
    "departement_code": "19",
    "region_code": "75",
    "postal_code": "19150"
  },
  {
    "name": "Espartignac",
    "code": "19076",
    "epci_code": "241927243",
    "departement_code": "19",
    "region_code": "75",
    "postal_code": "19140"
  },
  {
    "name": "Estivals",
    "code": "19077",
    "epci_code": "200043172",
    "departement_code": "19",
    "region_code": "75",
    "postal_code": "19600"
  },
  {
    "name": "Estivaux",
    "code": "19078",
    "epci_code": "200043172",
    "departement_code": "19",
    "region_code": "75",
    "postal_code": "19410"
  },
  {
    "name": "Eyburie",
    "code": "19079",
    "epci_code": "241927243",
    "departement_code": "19",
    "region_code": "75",
    "postal_code": "19140"
  },
  {
    "name": "Eygurande",
    "code": "19080",
    "epci_code": "200066744",
    "departement_code": "19",
    "region_code": "75",
    "postal_code": "19340"
  },
  {
    "name": "Eyrein",
    "code": "19081",
    "epci_code": "241927201",
    "departement_code": "19",
    "region_code": "75",
    "postal_code": "19800"
  },
  {
    "name": "Favars",
    "code": "19082",
    "epci_code": "241927201",
    "departement_code": "19",
    "region_code": "75",
    "postal_code": "19330"
  },
  {
    "name": "Feyt",
    "code": "19083",
    "epci_code": "200066744",
    "departement_code": "19",
    "region_code": "75",
    "postal_code": "19340"
  },
  {
    "name": "Forgès",
    "code": "19084",
    "epci_code": "200066751",
    "departement_code": "19",
    "region_code": "75",
    "postal_code": "19380"
  },
  {
    "name": "Gimel-les-Cascades",
    "code": "19085",
    "epci_code": "241927201",
    "departement_code": "19",
    "region_code": "75",
    "postal_code": "19800"
  },
  {
    "name": "Goulles",
    "code": "19086",
    "epci_code": "200066751",
    "departement_code": "19",
    "region_code": "75",
    "postal_code": "19430"
  },
  {
    "name": "Gourdon-Murat",
    "code": "19087",
    "epci_code": "200066645",
    "departement_code": "19",
    "region_code": "75",
    "postal_code": "19170"
  },
  {
    "name": "Grandsaigne",
    "code": "19088",
    "epci_code": "200066645",
    "departement_code": "19",
    "region_code": "75",
    "postal_code": "19300"
  },
  {
    "name": "Gros-Chastang",
    "code": "19089",
    "epci_code": "241927201",
    "departement_code": "19",
    "region_code": "75",
    "postal_code": "19320"
  },
  {
    "name": "Gumond",
    "code": "19090",
    "epci_code": "241927201",
    "departement_code": "19",
    "region_code": "75",
    "postal_code": "19320"
  },
  {
    "name": "Hautefage",
    "code": "19091",
    "epci_code": "200066751",
    "departement_code": "19",
    "region_code": "75",
    "postal_code": "19400"
  },
  {
    "name": "Jugeals-Nazareth",
    "code": "19093",
    "epci_code": "200043172",
    "departement_code": "19",
    "region_code": "75",
    "postal_code": "19500"
  },
  {
    "name": "Juillac",
    "code": "19094",
    "epci_code": "200043172",
    "departement_code": "19",
    "region_code": "75",
    "postal_code": "19350"
  },
  {
    "name": "Lacelle",
    "code": "19095",
    "epci_code": "200066645",
    "departement_code": "19",
    "region_code": "75",
    "postal_code": "19170"
  },
  {
    "name": "Ladignac-sur-Rondelles",
    "code": "19096",
    "epci_code": "241927201",
    "departement_code": "19",
    "region_code": "75",
    "postal_code": "19150"
  },
  {
    "name": "Lafage-sur-Sombre",
    "code": "19097",
    "epci_code": "241900133",
    "departement_code": "19",
    "region_code": "75",
    "postal_code": "19320"
  },
  {
    "name": "Lagarde-Marc-la-Tour",
    "code": "19098",
    "epci_code": "241927201",
    "departement_code": "19",
    "region_code": "75",
    "postal_code": "19150"
  },
  {
    "name": "Lagleygeolle",
    "code": "19099",
    "epci_code": "200066769",
    "departement_code": "19",
    "region_code": "75",
    "postal_code": "19500"
  },
  {
    "name": "Lagraulière",
    "code": "19100",
    "epci_code": "241927201",
    "departement_code": "19",
    "region_code": "75",
    "postal_code": "19700"
  },
  {
    "name": "Laguenne-sur-Avalouze",
    "code": "19101",
    "epci_code": "241927201",
    "departement_code": "19",
    "region_code": "75",
    "postal_code": "19150"
  },
  {
    "name": "Lamazière-Basse",
    "code": "19102",
    "epci_code": "200066744",
    "departement_code": "19",
    "region_code": "75",
    "postal_code": "19160"
  },
  {
    "name": "Lamazière-Haute",
    "code": "19103",
    "epci_code": "200066744",
    "departement_code": "19",
    "region_code": "75",
    "postal_code": "19340"
  },
  {
    "name": "Lamongerie",
    "code": "19104",
    "epci_code": "241927243",
    "departement_code": "19",
    "region_code": "75",
    "postal_code": "19510"
  },
  {
    "name": "Lanteuil",
    "code": "19105",
    "epci_code": "200066769",
    "departement_code": "19",
    "region_code": "75",
    "postal_code": "19190"
  },
  {
    "name": "Lapleau",
    "code": "19106",
    "epci_code": "241900133",
    "departement_code": "19",
    "region_code": "75",
    "postal_code": "19550"
  },
  {
    "name": "Larche",
    "code": "19107",
    "epci_code": "200043172",
    "departement_code": "19",
    "region_code": "75",
    "postal_code": "19600"
  },
  {
    "name": "Laroche-près-Feyt",
    "code": "19108",
    "epci_code": "200066744",
    "departement_code": "19",
    "region_code": "75",
    "postal_code": "19340"
  },
  {
    "name": "Lascaux",
    "code": "19109",
    "epci_code": "200043172",
    "departement_code": "19",
    "region_code": "75",
    "postal_code": "19130"
  },
  {
    "name": "Latronche",
    "code": "19110",
    "epci_code": "200066744",
    "departement_code": "19",
    "region_code": "75",
    "postal_code": "19160"
  },
  {
    "name": "Laval-sur-Luzège",
    "code": "19111",
    "epci_code": "241900133",
    "departement_code": "19",
    "region_code": "75",
    "postal_code": "19550"
  },
  {
    "name": "Lestards",
    "code": "19112",
    "epci_code": "200066645",
    "departement_code": "19",
    "region_code": "75",
    "postal_code": "19170"
  },
  {
    "name": "Liginiac",
    "code": "19113",
    "epci_code": "200066744",
    "departement_code": "19",
    "region_code": "75",
    "postal_code": "19160"
  },
  {
    "name": "Lignareix",
    "code": "19114",
    "epci_code": "200066744",
    "departement_code": "19",
    "region_code": "75",
    "postal_code": "19200"
  },
  {
    "name": "Ligneyrac",
    "code": "19115",
    "epci_code": "200066769",
    "departement_code": "19",
    "region_code": "75",
    "postal_code": "19500"
  },
  {
    "name": "Liourdres",
    "code": "19116",
    "epci_code": "200066769",
    "departement_code": "19",
    "region_code": "75",
    "postal_code": "19120"
  },
  {
    "name": "Lissac-sur-Couze",
    "code": "19117",
    "epci_code": "200043172",
    "departement_code": "19",
    "region_code": "75",
    "postal_code": "19600"
  },
  {
    "name": "Le Lonzac",
    "code": "19118",
    "epci_code": "241927201",
    "departement_code": "19",
    "region_code": "75",
    "postal_code": "19470"
  },
  {
    "name": "Lostanges",
    "code": "19119",
    "epci_code": "200066769",
    "departement_code": "19",
    "region_code": "75",
    "postal_code": "19500"
  },
  {
    "name": "Louignac",
    "code": "19120",
    "epci_code": "200043172",
    "departement_code": "19",
    "region_code": "75",
    "postal_code": "19310"
  },
  {
    "name": "Lubersac",
    "code": "19121",
    "epci_code": "200066603",
    "departement_code": "19",
    "region_code": "75",
    "postal_code": "19210"
  },
  {
    "name": "Madranges",
    "code": "19122",
    "epci_code": "200066645",
    "departement_code": "19",
    "region_code": "75",
    "postal_code": "19470"
  },
  {
    "name": "Malemort",
    "code": "19123",
    "epci_code": "200043172",
    "departement_code": "19",
    "region_code": "75",
    "postal_code": "19360"
  },
  {
    "name": "Mansac",
    "code": "19124",
    "epci_code": "200043172",
    "departement_code": "19",
    "region_code": "75",
    "postal_code": "19520"
  },
  {
    "name": "Marcillac-la-Croisille",
    "code": "19125",
    "epci_code": "241900133",
    "departement_code": "19",
    "region_code": "75",
    "postal_code": "19320"
  },
  {
    "name": "Marcillac-la-Croze",
    "code": "19126",
    "epci_code": "200066769",
    "departement_code": "19",
    "region_code": "75",
    "postal_code": "19500"
  },
  {
    "name": "Margerides",
    "code": "19128",
    "epci_code": "200066744",
    "departement_code": "19",
    "region_code": "75",
    "postal_code": "19200"
  },
  {
    "name": "Masseret",
    "code": "19129",
    "epci_code": "241927243",
    "departement_code": "19",
    "region_code": "75",
    "postal_code": "19510"
  },
  {
    "name": "Maussac",
    "code": "19130",
    "epci_code": "200066744",
    "departement_code": "19",
    "region_code": "75",
    "postal_code": "19250"
  },
  {
    "name": "Meilhards",
    "code": "19131",
    "epci_code": "241927243",
    "departement_code": "19",
    "region_code": "75",
    "postal_code": "19510"
  },
  {
    "name": "Ménoire",
    "code": "19132",
    "epci_code": "200066769",
    "departement_code": "19",
    "region_code": "75",
    "postal_code": "19190"
  },
  {
    "name": "Mercœur",
    "code": "19133",
    "epci_code": "200066751",
    "departement_code": "19",
    "region_code": "75",
    "postal_code": "19430"
  },
  {
    "name": "Merlines",
    "code": "19134",
    "epci_code": "200066744",
    "departement_code": "19",
    "region_code": "75",
    "postal_code": "19340"
  },
  {
    "name": "Mestes",
    "code": "19135",
    "epci_code": "200066744",
    "departement_code": "19",
    "region_code": "75",
    "postal_code": "19200"
  },
  {
    "name": "Meymac",
    "code": "19136",
    "epci_code": "200066744",
    "departement_code": "19",
    "region_code": "75",
    "postal_code": "19250"
  },
  {
    "name": "Meyrignac-lՃglise",
    "code": "19137",
    "epci_code": "241900133",
    "departement_code": "19",
    "region_code": "75",
    "postal_code": "19800"
  },
  {
    "name": "Meyssac",
    "code": "19138",
    "epci_code": "200066769",
    "departement_code": "19",
    "region_code": "75",
    "postal_code": "19500"
  },
  {
    "name": "Millevaches",
    "code": "19139",
    "epci_code": "200066744",
    "departement_code": "19",
    "region_code": "75",
    "postal_code": "19290"
  },
  {
    "name": "Monceaux-sur-Dordogne",
    "code": "19140",
    "epci_code": "200066751",
    "departement_code": "19",
    "region_code": "75",
    "postal_code": "19400"
  },
  {
    "name": "Monestier-Merlines",
    "code": "19141",
    "epci_code": "200066744",
    "departement_code": "19",
    "region_code": "75",
    "postal_code": "19340"
  },
  {
    "name": "Monestier-Port-Dieu",
    "code": "19142",
    "epci_code": "200066744",
    "departement_code": "19",
    "region_code": "75",
    "postal_code": "19110"
  },
  {
    "name": "Montaignac-sur-Doustre",
    "code": "19143",
    "epci_code": "241900133",
    "departement_code": "19",
    "region_code": "75",
    "postal_code": "19300"
  },
  {
    "name": "Montgibaud",
    "code": "19144",
    "epci_code": "200066603",
    "departement_code": "19",
    "region_code": "75",
    "postal_code": "19210"
  },
  {
    "name": "Moustier-Ventadour",
    "code": "19145",
    "epci_code": "241900133",
    "departement_code": "19",
    "region_code": "75",
    "postal_code": "19300"
  },
  {
    "name": "Naves",
    "code": "19146",
    "epci_code": "241927201",
    "departement_code": "19",
    "region_code": "75",
    "postal_code": "19460"
  },
  {
    "name": "Nespouls",
    "code": "19147",
    "epci_code": "200043172",
    "departement_code": "19",
    "region_code": "75",
    "postal_code": "19600"
  },
  {
    "name": "Neuvic",
    "code": "19148",
    "epci_code": "200066744",
    "departement_code": "19",
    "region_code": "75",
    "postal_code": "19160"
  },
  {
    "name": "Neuville",
    "code": "19149",
    "epci_code": "200066751",
    "departement_code": "19",
    "region_code": "75",
    "postal_code": "19380"
  },
  {
    "name": "Noailhac",
    "code": "19150",
    "epci_code": "200066769",
    "departement_code": "19",
    "region_code": "75",
    "postal_code": "19500"
  },
  {
    "name": "Noailles",
    "code": "19151",
    "epci_code": "200043172",
    "departement_code": "19",
    "region_code": "75",
    "postal_code": "19600"
  },
  {
    "name": "Nonards",
    "code": "19152",
    "epci_code": "200066769",
    "departement_code": "19",
    "region_code": "75",
    "postal_code": "19120"
  },
  {
    "name": "Objat",
    "code": "19153",
    "epci_code": "200043172",
    "departement_code": "19",
    "region_code": "75",
    "postal_code": "19130"
  },
  {
    "name": "Orgnac-sur-Vézère",
    "code": "19154",
    "epci_code": "241927243",
    "departement_code": "19",
    "region_code": "75",
    "postal_code": "19410"
  },
  {
    "name": "Orliac-de-Bar",
    "code": "19155",
    "epci_code": "241927201",
    "departement_code": "19",
    "region_code": "75",
    "postal_code": "19390"
  },
  {
    "name": "Palazinges",
    "code": "19156",
    "epci_code": "200066769",
    "departement_code": "19",
    "region_code": "75",
    "postal_code": "19190"
  },
  {
    "name": "Palisse",
    "code": "19157",
    "epci_code": "200066744",
    "departement_code": "19",
    "region_code": "75",
    "postal_code": "19160"
  },
  {
    "name": "Pandrignes",
    "code": "19158",
    "epci_code": "241927201",
    "departement_code": "19",
    "region_code": "75",
    "postal_code": "19150"
  },
  {
    "name": "Péret-Bel-Air",
    "code": "19159",
    "epci_code": "241900133",
    "departement_code": "19",
    "region_code": "75",
    "postal_code": "19300"
  },
  {
    "name": "Pérols-sur-Vézère",
    "code": "19160",
    "epci_code": "200066744",
    "departement_code": "19",
    "region_code": "75",
    "postal_code": "19170"
  },
  {
    "name": "Perpezac-le-Blanc",
    "code": "19161",
    "epci_code": "200043172",
    "departement_code": "19",
    "region_code": "75",
    "postal_code": "19310"
  },
  {
    "name": "Perpezac-le-Noir",
    "code": "19162",
    "epci_code": "241927243",
    "departement_code": "19",
    "region_code": "75",
    "postal_code": "19410"
  },
  {
    "name": "Le Pescher",
    "code": "19163",
    "epci_code": "200066769",
    "departement_code": "19",
    "region_code": "75",
    "postal_code": "19190"
  },
  {
    "name": "Peyrelevade",
    "code": "19164",
    "epci_code": "200066744",
    "departement_code": "19",
    "region_code": "75",
    "postal_code": "19290"
  },
  {
    "name": "Peyrissac",
    "code": "19165",
    "epci_code": "200066645",
    "departement_code": "19",
    "region_code": "75",
    "postal_code": "19260"
  },
  {
    "name": "Pierrefitte",
    "code": "19166",
    "epci_code": "241927201",
    "departement_code": "19",
    "region_code": "75",
    "postal_code": "19450"
  },
  {
    "name": "Confolent-Port-Dieu",
    "code": "19167",
    "epci_code": "200066744",
    "departement_code": "19",
    "region_code": "75",
    "postal_code": "19200"
  },
  {
    "name": "Pradines",
    "code": "19168",
    "epci_code": "200066645",
    "departement_code": "19",
    "region_code": "75",
    "postal_code": "19170"
  },
  {
    "name": "Puy-d’Arnac",
    "code": "19169",
    "epci_code": "200066769",
    "departement_code": "19",
    "region_code": "75",
    "postal_code": "19120"
  },
  {
    "name": "Queyssac-les-Vignes",
    "code": "19170",
    "epci_code": "200066769",
    "departement_code": "19",
    "region_code": "75",
    "postal_code": "19120"
  },
  {
    "name": "Reygade",
    "code": "19171",
    "epci_code": "200066751",
    "departement_code": "19",
    "region_code": "75",
    "postal_code": "19430"
  },
  {
    "name": "Rilhac-Treignac",
    "code": "19172",
    "epci_code": "200066645",
    "departement_code": "19",
    "region_code": "75",
    "postal_code": "19260"
  },
  {
    "name": "Rilhac-Xaintrie",
    "code": "19173",
    "epci_code": "200066751",
    "departement_code": "19",
    "region_code": "75",
    "postal_code": "19220"
  },
  {
    "name": "La Roche-Canillac",
    "code": "19174",
    "epci_code": "241927201",
    "departement_code": "19",
    "region_code": "75",
    "postal_code": "19320"
  },
  {
    "name": "Roche-le-Peyroux",
    "code": "19175",
    "epci_code": "200066744",
    "departement_code": "19",
    "region_code": "75",
    "postal_code": "19160"
  },
  {
    "name": "Rosiers-dՃgletons",
    "code": "19176",
    "epci_code": "241900133",
    "departement_code": "19",
    "region_code": "75",
    "postal_code": "19300"
  },
  {
    "name": "Rosiers-de-Juillac",
    "code": "19177",
    "epci_code": "200043172",
    "departement_code": "19",
    "region_code": "75",
    "postal_code": "19350"
  },
  {
    "name": "Sadroc",
    "code": "19178",
    "epci_code": "200043172",
    "departement_code": "19",
    "region_code": "75",
    "postal_code": "19270"
  },
  {
    "name": "Saillac",
    "code": "19179",
    "epci_code": "200066769",
    "departement_code": "19",
    "region_code": "75",
    "postal_code": "19500"
  },
  {
    "name": "Saint-Angel",
    "code": "19180",
    "epci_code": "200066744",
    "departement_code": "19",
    "region_code": "75",
    "postal_code": "19200"
  },
  {
    "name": "Saint-Augustin",
    "code": "19181",
    "epci_code": "241927201",
    "departement_code": "19",
    "region_code": "75",
    "postal_code": "19390"
  },
  {
    "name": "Saint-Aulaire",
    "code": "19182",
    "epci_code": "200043172",
    "departement_code": "19",
    "region_code": "75",
    "postal_code": "19130"
  },
  {
    "name": "Saint-Bazile-de-Meyssac",
    "code": "19184",
    "epci_code": "200066769",
    "departement_code": "19",
    "region_code": "75",
    "postal_code": "19500"
  },
  {
    "name": "Saint-Bonnet-Elvert",
    "code": "19186",
    "epci_code": "200066751",
    "departement_code": "19",
    "region_code": "75",
    "postal_code": "19380"
  },
  {
    "name": "Saint-Bonnet-la-Rivière",
    "code": "19187",
    "epci_code": "200043172",
    "departement_code": "19",
    "region_code": "75",
    "postal_code": "19130"
  },
  {
    "name": "Saint-Bonnet-l’Enfantier",
    "code": "19188",
    "epci_code": "200043172",
    "departement_code": "19",
    "region_code": "75",
    "postal_code": "19410"
  },
  {
    "name": "Saint-Bonnet-les-Tours-de-Merle",
    "code": "19189",
    "epci_code": "200066751",
    "departement_code": "19",
    "region_code": "75",
    "postal_code": "19430"
  },
  {
    "name": "Saint-Bonnet-près-Bort",
    "code": "19190",
    "epci_code": "200066744",
    "departement_code": "19",
    "region_code": "75",
    "postal_code": "19200"
  },
  {
    "name": "Saint-Cernin-de-Larche",
    "code": "19191",
    "epci_code": "200043172",
    "departement_code": "19",
    "region_code": "75",
    "postal_code": "19600"
  },
  {
    "name": "Saint-Chamant",
    "code": "19192",
    "epci_code": "200066751",
    "departement_code": "19",
    "region_code": "75",
    "postal_code": "19380"
  },
  {
    "name": "Saint-Cirgues-la-Loutre",
    "code": "19193",
    "epci_code": "200066751",
    "departement_code": "19",
    "region_code": "75",
    "postal_code": "19220"
  },
  {
    "name": "Saint-Clément",
    "code": "19194",
    "epci_code": "241927201",
    "departement_code": "19",
    "region_code": "75",
    "postal_code": "19700"
  },
  {
    "name": "Saint-Cyprien",
    "code": "19195",
    "epci_code": "200043172",
    "departement_code": "19",
    "region_code": "75",
    "postal_code": "19130"
  },
  {
    "name": "Saint-Cyr-la-Roche",
    "code": "19196",
    "epci_code": "200043172",
    "departement_code": "19",
    "region_code": "75",
    "postal_code": "19130"
  },
  {
    "name": "Saint-Éloy-les-Tuileries",
    "code": "19198",
    "epci_code": "248700189",
    "departement_code": "19",
    "region_code": "75",
    "postal_code": "19210"
  },
  {
    "name": "Saint-Étienne-aux-Clos",
    "code": "19199",
    "epci_code": "200066744",
    "departement_code": "19",
    "region_code": "75",
    "postal_code": "19200"
  },
  {
    "name": "Saint-Étienne-la-Geneste",
    "code": "19200",
    "epci_code": "200066744",
    "departement_code": "19",
    "region_code": "75",
    "postal_code": "19160"
  },
  {
    "name": "Saint-Exupéry-les-Roches",
    "code": "19201",
    "epci_code": "200066744",
    "departement_code": "19",
    "region_code": "75",
    "postal_code": "19200"
  },
  {
    "name": "Sainte-Féréole",
    "code": "19202",
    "epci_code": "200043172",
    "departement_code": "19",
    "region_code": "75",
    "postal_code": "19270"
  },
  {
    "name": "Sainte-Fortunade",
    "code": "19203",
    "epci_code": "241927201",
    "departement_code": "19",
    "region_code": "75",
    "postal_code": "19490"
  },
  {
    "name": "Saint-Fréjoux",
    "code": "19204",
    "epci_code": "200066744",
    "departement_code": "19",
    "region_code": "75",
    "postal_code": "19200"
  },
  {
    "name": "Saint-Geniez-ô-Merle",
    "code": "19205",
    "epci_code": "200066751",
    "departement_code": "19",
    "region_code": "75",
    "postal_code": "19220"
  },
  {
    "name": "Saint-Germain-Lavolps",
    "code": "19206",
    "epci_code": "200066744",
    "departement_code": "19",
    "region_code": "75",
    "postal_code": "19290"
  },
  {
    "name": "Saint-Germain-les-Vergnes",
    "code": "19207",
    "epci_code": "241927201",
    "departement_code": "19",
    "region_code": "75",
    "postal_code": "19330"
  },
  {
    "name": "Saint-Hilaire-Foissac",
    "code": "19208",
    "epci_code": "241900133",
    "departement_code": "19",
    "region_code": "75",
    "postal_code": "19550"
  },
  {
    "name": "Saint-Hilaire-les-Courbes",
    "code": "19209",
    "epci_code": "200066645",
    "departement_code": "19",
    "region_code": "75",
    "postal_code": "19170"
  },
  {
    "name": "Saint-Hilaire-Luc",
    "code": "19210",
    "epci_code": "200066744",
    "departement_code": "19",
    "region_code": "75",
    "postal_code": "19160"
  },
  {
    "name": "Saint-Hilaire-Peyroux",
    "code": "19211",
    "epci_code": "241927201",
    "departement_code": "19",
    "region_code": "75",
    "postal_code": "19560"
  },
  {
    "name": "Saint-Hilaire-Taurieux",
    "code": "19212",
    "epci_code": "200066751",
    "departement_code": "19",
    "region_code": "75",
    "postal_code": "19400"
  },
  {
    "name": "Saint-Jal",
    "code": "19213",
    "epci_code": "241927201",
    "departement_code": "19",
    "region_code": "75",
    "postal_code": "19700"
  },
  {
    "name": "Saint-Julien-aux-Bois",
    "code": "19214",
    "epci_code": "200066751",
    "departement_code": "19",
    "region_code": "75",
    "postal_code": "19220"
  },
  {
    "name": "Saint-Julien-le-Pèlerin",
    "code": "19215",
    "epci_code": "200066751",
    "departement_code": "19",
    "region_code": "75",
    "postal_code": "19430"
  },
  {
    "name": "Saint-Julien-le-Vendômois",
    "code": "19216",
    "epci_code": "200066603",
    "departement_code": "19",
    "region_code": "75",
    "postal_code": "19210"
  },
  {
    "name": "Saint-Julien-Maumont",
    "code": "19217",
    "epci_code": "200066769",
    "departement_code": "19",
    "region_code": "75",
    "postal_code": "19500"
  },
  {
    "name": "Sainte-Marie-Lapanouze",
    "code": "19219",
    "epci_code": "200066744",
    "departement_code": "19",
    "region_code": "75",
    "postal_code": "19160"
  },
  {
    "name": "Saint-Martial-de-Gimel",
    "code": "19220",
    "epci_code": "241927201",
    "departement_code": "19",
    "region_code": "75",
    "postal_code": "19150"
  },
  {
    "name": "Saint-Martial-Entraygues",
    "code": "19221",
    "epci_code": "200066751",
    "departement_code": "19",
    "region_code": "75",
    "postal_code": "19400"
  },
  {
    "name": "Saint-Martin-la-Méanne",
    "code": "19222",
    "epci_code": "200066751",
    "departement_code": "19",
    "region_code": "75",
    "postal_code": "19320"
  },
  {
    "name": "Saint-Merd-de-Lapleau",
    "code": "19225",
    "epci_code": "241900133",
    "departement_code": "19",
    "region_code": "75",
    "postal_code": "19320"
  },
  {
    "name": "Saint-Merd-les-Oussines",
    "code": "19226",
    "epci_code": "200066744",
    "departement_code": "19",
    "region_code": "75",
    "postal_code": "19170"
  },
  {
    "name": "Saint-Mexant",
    "code": "19227",
    "epci_code": "241927201",
    "departement_code": "19",
    "region_code": "75",
    "postal_code": "19330"
  },
  {
    "name": "Saint-Pantaléon-de-Lapleau",
    "code": "19228",
    "epci_code": "200066744",
    "departement_code": "19",
    "region_code": "75",
    "postal_code": "19160"
  },
  {
    "name": "Saint-Pantaléon-de-Larche",
    "code": "19229",
    "epci_code": "200043172",
    "departement_code": "19",
    "region_code": "75",
    "postal_code": "19600"
  },
  {
    "name": "Saint-Pardoux-la-Croisille",
    "code": "19231",
    "epci_code": "241927201",
    "departement_code": "19",
    "region_code": "75",
    "postal_code": "19320"
  },
  {
    "name": "Saint-Pardoux-le-Neuf",
    "code": "19232",
    "epci_code": "200066744",
    "departement_code": "19",
    "region_code": "75",
    "postal_code": "19200"
  },
  {
    "name": "Saint-Pardoux-le-Vieux",
    "code": "19233",
    "epci_code": "200066744",
    "departement_code": "19",
    "region_code": "75",
    "postal_code": "19200"
  },
  {
    "name": "Saint-Pardoux-l’Ortigier",
    "code": "19234",
    "epci_code": "200043172",
    "departement_code": "19",
    "region_code": "75",
    "postal_code": "19270"
  },
  {
    "name": "Saint-Paul",
    "code": "19235",
    "epci_code": "241927201",
    "departement_code": "19",
    "region_code": "75",
    "postal_code": "19150"
  },
  {
    "name": "Saint-Priest-de-Gimel",
    "code": "19236",
    "epci_code": "241927201",
    "departement_code": "19",
    "region_code": "75",
    "postal_code": "19800"
  },
  {
    "name": "Saint-Privat",
    "code": "19237",
    "epci_code": "200066751",
    "departement_code": "19",
    "region_code": "75",
    "postal_code": "19220"
  },
  {
    "name": "Saint-Rémy",
    "code": "19238",
    "epci_code": "200066744",
    "departement_code": "19",
    "region_code": "75",
    "postal_code": "19290"
  },
  {
    "name": "Saint-Robert",
    "code": "19239",
    "epci_code": "200043172",
    "departement_code": "19",
    "region_code": "75",
    "postal_code": "19310"
  },
  {
    "name": "Saint-Salvadour",
    "code": "19240",
    "epci_code": "241927201",
    "departement_code": "19",
    "region_code": "75",
    "postal_code": "19700"
  },
  {
    "name": "Saint-Setiers",
    "code": "19241",
    "epci_code": "200066744",
    "departement_code": "19",
    "region_code": "75",
    "postal_code": "19290"
  },
  {
    "name": "Saint-Solve",
    "code": "19242",
    "epci_code": "200043172",
    "departement_code": "19",
    "region_code": "75",
    "postal_code": "19130"
  },
  {
    "name": "Saint-Sornin-Lavolps",
    "code": "19243",
    "epci_code": "200066603",
    "departement_code": "19",
    "region_code": "75",
    "postal_code": "19230"
  },
  {
    "name": "Saint-Sulpice-les-Bois",
    "code": "19244",
    "epci_code": "200066744",
    "departement_code": "19",
    "region_code": "75",
    "postal_code": "19250"
  },
  {
    "name": "Saint-Sylvain",
    "code": "19245",
    "epci_code": "200066751",
    "departement_code": "19",
    "region_code": "75",
    "postal_code": "19380"
  },
  {
    "name": "Saint-Viance",
    "code": "19246",
    "epci_code": "200043172",
    "departement_code": "19",
    "region_code": "75",
    "postal_code": "19240"
  },
  {
    "name": "Saint-Victour",
    "code": "19247",
    "epci_code": "200066744",
    "departement_code": "19",
    "region_code": "75",
    "postal_code": "19200"
  },
  {
    "name": "Les Trois-Saints",
    "code": "19248",
    "epci_code": "241927243",
    "departement_code": "19",
    "region_code": "75",
    "postal_code": "19140"
  },
  {
    "name": "Saint-Yrieix-le-Déjalat",
    "code": "19249",
    "epci_code": "241900133",
    "departement_code": "19",
    "region_code": "75",
    "postal_code": "19300"
  },
  {
    "name": "Salon-la-Tour",
    "code": "19250",
    "epci_code": "241927243",
    "departement_code": "19",
    "region_code": "75",
    "postal_code": "19510"
  },
  {
    "name": "Sarran",
    "code": "19251",
    "epci_code": "241900133",
    "departement_code": "19",
    "region_code": "75",
    "postal_code": "19800"
  },
  {
    "name": "Sarroux - Saint Julien",
    "code": "19252",
    "epci_code": "200066744",
    "departement_code": "19",
    "region_code": "75",
    "postal_code": "19110"
  },
  {
    "name": "Segonzac",
    "code": "19253",
    "epci_code": "200043172",
    "departement_code": "19",
    "region_code": "75",
    "postal_code": "19310"
  },
  {
    "name": "Ségur-le-Château",
    "code": "19254",
    "epci_code": "248700189",
    "departement_code": "19",
    "region_code": "75",
    "postal_code": "19230"
  },
  {
    "name": "Seilhac",
    "code": "19255",
    "epci_code": "241927201",
    "departement_code": "19",
    "region_code": "75",
    "postal_code": "19700"
  },
  {
    "name": "Sérandon",
    "code": "19256",
    "epci_code": "200066744",
    "departement_code": "19",
    "region_code": "75",
    "postal_code": "19160"
  },
  {
    "name": "Sérilhac",
    "code": "19257",
    "epci_code": "200066769",
    "departement_code": "19",
    "region_code": "75",
    "postal_code": "19190"
  },
  {
    "name": "Servières-le-Château",
    "code": "19258",
    "epci_code": "200066751",
    "departement_code": "19",
    "region_code": "75",
    "postal_code": "19220"
  },
  {
    "name": "Sexcles",
    "code": "19259",
    "epci_code": "200066751",
    "departement_code": "19",
    "region_code": "75",
    "postal_code": "19430"
  },
  {
    "name": "Sioniac",
    "code": "19260",
    "epci_code": "200066769",
    "departement_code": "19",
    "region_code": "75",
    "postal_code": "19120"
  },
  {
    "name": "Sornac",
    "code": "19261",
    "epci_code": "200066744",
    "departement_code": "19",
    "region_code": "75",
    "postal_code": "19290"
  },
  {
    "name": "Soudaine-Lavinadière",
    "code": "19262",
    "epci_code": "200066645",
    "departement_code": "19",
    "region_code": "75",
    "postal_code": "19370"
  },
  {
    "name": "Soudeilles",
    "code": "19263",
    "epci_code": "241900133",
    "departement_code": "19",
    "region_code": "75",
    "postal_code": "19300"
  },
  {
    "name": "Soursac",
    "code": "19264",
    "epci_code": "200066744",
    "departement_code": "19",
    "region_code": "75",
    "postal_code": "19550"
  },
  {
    "name": "Tarnac",
    "code": "19265",
    "epci_code": "200066645",
    "departement_code": "19",
    "region_code": "75",
    "postal_code": "19170"
  },
  {
    "name": "Thalamy",
    "code": "19266",
    "epci_code": "200066744",
    "departement_code": "19",
    "region_code": "75",
    "postal_code": "19200"
  },
  {
    "name": "Toy-Viam",
    "code": "19268",
    "epci_code": "200066645",
    "departement_code": "19",
    "region_code": "75",
    "postal_code": "19170"
  },
  {
    "name": "Treignac",
    "code": "19269",
    "epci_code": "200066645",
    "departement_code": "19",
    "region_code": "75",
    "postal_code": "19260"
  },
  {
    "name": "Troche",
    "code": "19270",
    "epci_code": "200066603",
    "departement_code": "19",
    "region_code": "75",
    "postal_code": "19230"
  },
  {
    "name": "Tudeils",
    "code": "19271",
    "epci_code": "200066769",
    "departement_code": "19",
    "region_code": "75",
    "postal_code": "19120"
  },
  {
    "name": "Tulle",
    "code": "19272",
    "epci_code": "241927201",
    "departement_code": "19",
    "region_code": "75",
    "postal_code": "19000"
  },
  {
    "name": "Turenne",
    "code": "19273",
    "epci_code": "200043172",
    "departement_code": "19",
    "region_code": "75",
    "postal_code": "19500"
  },
  {
    "name": "Ussac",
    "code": "19274",
    "epci_code": "200043172",
    "departement_code": "19",
    "region_code": "75",
    "postal_code": "19270"
  },
  {
    "name": "Ussel",
    "code": "19275",
    "epci_code": "200066744",
    "departement_code": "19",
    "region_code": "75",
    "postal_code": "19200"
  },
  {
    "name": "Uzerche",
    "code": "19276",
    "epci_code": "241927243",
    "departement_code": "19",
    "region_code": "75",
    "postal_code": "19140"
  },
  {
    "name": "Valiergues",
    "code": "19277",
    "epci_code": "200066744",
    "departement_code": "19",
    "region_code": "75",
    "postal_code": "19200"
  },
  {
    "name": "Varetz",
    "code": "19278",
    "epci_code": "200043172",
    "departement_code": "19",
    "region_code": "75",
    "postal_code": "19240"
  },
  {
    "name": "Vars-sur-Roseix",
    "code": "19279",
    "epci_code": "200043172",
    "departement_code": "19",
    "region_code": "75",
    "postal_code": "19130"
  },
  {
    "name": "Végennes",
    "code": "19280",
    "epci_code": "200066769",
    "departement_code": "19",
    "region_code": "75",
    "postal_code": "19120"
  },
  {
    "name": "Veix",
    "code": "19281",
    "epci_code": "200066645",
    "departement_code": "19",
    "region_code": "75",
    "postal_code": "19260"
  },
  {
    "name": "Veyrières",
    "code": "19283",
    "epci_code": "200066744",
    "departement_code": "19",
    "region_code": "75",
    "postal_code": "19200"
  },
  {
    "name": "Viam",
    "code": "19284",
    "epci_code": "200066645",
    "departement_code": "19",
    "region_code": "75",
    "postal_code": "19170"
  },
  {
    "name": "Vigeois",
    "code": "19285",
    "epci_code": "241927243",
    "departement_code": "19",
    "region_code": "75",
    "postal_code": "19410"
  },
  {
    "name": "Vignols",
    "code": "19286",
    "epci_code": "200043172",
    "departement_code": "19",
    "region_code": "75",
    "postal_code": "19130"
  },
  {
    "name": "Vitrac-sur-Montane",
    "code": "19287",
    "epci_code": "241927201",
    "departement_code": "19",
    "region_code": "75",
    "postal_code": "19800"
  },
  {
    "name": "Voutezac",
    "code": "19288",
    "epci_code": "200043172",
    "departement_code": "19",
    "region_code": "75",
    "postal_code": "19130"
  },
  {
    "name": "Yssandon",
    "code": "19289",
    "epci_code": "200043172",
    "departement_code": "19",
    "region_code": "75",
    "postal_code": "19310"
  }
]