[
  {
    "name": "Aigaliers",
    "code": "30001",
    "epci_code": "200034379",
    "departement_code": "30",
    "region_code": "76",
    "postal_code": "30700"
  },
  {
    "name": "Aigremont",
    "code": "30002",
    "epci_code": "200034411",
    "departement_code": "30",
    "region_code": "76",
    "postal_code": "30350"
  },
  {
    "name": "Aigues-Mortes",
    "code": "30003",
    "epci_code": "243000650",
    "departement_code": "30",
    "region_code": "76",
    "postal_code": "30220"
  },
  {
    "name": "Aigues-Vives",
    "code": "30004",
    "epci_code": "243000569",
    "departement_code": "30",
    "region_code": "76",
    "postal_code": "30670"
  },
  {
    "name": "Aiguèze",
    "code": "30005",
    "epci_code": "200034692",
    "departement_code": "30",
    "region_code": "76",
    "postal_code": "30760"
  },
  {
    "name": "Aimargues",
    "code": "30006",
    "epci_code": "243000593",
    "departement_code": "30",
    "region_code": "76",
    "postal_code": "30470"
  },
  {
    "name": "Alès",
    "code": "30007",
    "epci_code": "200066918",
    "departement_code": "30",
    "region_code": "76",
    "postal_code": "30100"
  },
  {
    "name": "Allègre-les-Fumades",
    "code": "30008",
    "epci_code": "200035129",
    "departement_code": "30",
    "region_code": "76",
    "postal_code": "30500"
  },
  {
    "name": "Alzon",
    "code": "30009",
    "epci_code": "243000270",
    "departement_code": "30",
    "region_code": "76",
    "postal_code": "30770"
  },
  {
    "name": "Anduze",
    "code": "30010",
    "epci_code": "200066918",
    "departement_code": "30",
    "region_code": "76",
    "postal_code": "30140"
  },
  {
    "name": "Les Angles",
    "code": "30011",
    "epci_code": "248400251",
    "departement_code": "30",
    "region_code": "76",
    "postal_code": "30133"
  },
  {
    "name": "Aramon",
    "code": "30012",
    "epci_code": "243000684",
    "departement_code": "30",
    "region_code": "76",
    "postal_code": "30390"
  },
  {
    "name": "Argilliers",
    "code": "30013",
    "epci_code": "200034379",
    "departement_code": "30",
    "region_code": "76",
    "postal_code": "30210"
  },
  {
    "name": "Arpaillargues-et-Aureillac",
    "code": "30014",
    "epci_code": "200034379",
    "departement_code": "30",
    "region_code": "76",
    "postal_code": "30700"
  },
  {
    "name": "Arphy",
    "code": "30015",
    "epci_code": "243000270",
    "departement_code": "30",
    "region_code": "76",
    "postal_code": "30120"
  },
  {
    "name": "Arre",
    "code": "30016",
    "epci_code": "243000270",
    "departement_code": "30",
    "region_code": "76",
    "postal_code": "30120"
  },
  {
    "name": "Arrigas",
    "code": "30017",
    "epci_code": "243000270",
    "departement_code": "30",
    "region_code": "76",
    "postal_code": "30770"
  },
  {
    "name": "Aspères",
    "code": "30018",
    "epci_code": "243000296",
    "departement_code": "30",
    "region_code": "76",
    "postal_code": "30250"
  },
  {
    "name": "Aubais",
    "code": "30019",
    "epci_code": "243000569",
    "departement_code": "30",
    "region_code": "76",
    "postal_code": "30250"
  },
  {
    "name": "Aubord",
    "code": "30020",
    "epci_code": "243000593",
    "departement_code": "30",
    "region_code": "76",
    "postal_code": "30620"
  },
  {
    "name": "Aubussargues",
    "code": "30021",
    "epci_code": "200034379",
    "departement_code": "30",
    "region_code": "76",
    "postal_code": "30190"
  },
  {
    "name": "Aujac",
    "code": "30022",
    "epci_code": "200066918",
    "departement_code": "30",
    "region_code": "76",
    "postal_code": "30450"
  },
  {
    "name": "Aujargues",
    "code": "30023",
    "epci_code": "243000296",
    "departement_code": "30",
    "region_code": "76",
    "postal_code": "30250"
  },
  {
    "name": "Aulas",
    "code": "30024",
    "epci_code": "243000270",
    "departement_code": "30",
    "region_code": "76",
    "postal_code": "30120"
  },
  {
    "name": "Aumessas",
    "code": "30025",
    "epci_code": "243000270",
    "departement_code": "30",
    "region_code": "76",
    "postal_code": "30770"
  },
  {
    "name": "Avèze",
    "code": "30026",
    "epci_code": "243000270",
    "departement_code": "30",
    "region_code": "76",
    "postal_code": "30120"
  },
  {
    "name": "Bagard",
    "code": "30027",
    "epci_code": "200066918",
    "departement_code": "30",
    "region_code": "76",
    "postal_code": "30140"
  },
  {
    "name": "Bagnols-sur-Cèze",
    "code": "30028",
    "epci_code": "200034692",
    "departement_code": "30",
    "region_code": "76",
    "postal_code": "30200"
  },
  {
    "name": "Barjac",
    "code": "30029",
    "epci_code": "200035129",
    "departement_code": "30",
    "region_code": "76",
    "postal_code": "30430"
  },
  {
    "name": "Baron",
    "code": "30030",
    "epci_code": "200034379",
    "departement_code": "30",
    "region_code": "76",
    "postal_code": "30700"
  },
  {
    "name": "La Bastide-d’Engras",
    "code": "30031",
    "epci_code": "200034379",
    "departement_code": "30",
    "region_code": "76",
    "postal_code": "30330"
  },
  {
    "name": "Beaucaire",
    "code": "30032",
    "epci_code": "243000585",
    "departement_code": "30",
    "region_code": "76",
    "postal_code": "30300"
  },
  {
    "name": "Beauvoisin",
    "code": "30033",
    "epci_code": "243000593",
    "departement_code": "30",
    "region_code": "76",
    "postal_code": "30640"
  },
  {
    "name": "Bellegarde",
    "code": "30034",
    "epci_code": "243000585",
    "departement_code": "30",
    "region_code": "76",
    "postal_code": "30127"
  },
  {
    "name": "Belvézet",
    "code": "30035",
    "epci_code": "200034379",
    "departement_code": "30",
    "region_code": "76",
    "postal_code": "30580"
  },
  {
    "name": "Bernis",
    "code": "30036",
    "epci_code": "243000643",
    "departement_code": "30",
    "region_code": "76",
    "postal_code": "30620"
  },
  {
    "name": "Bessèges",
    "code": "30037",
    "epci_code": "200035129",
    "departement_code": "30",
    "region_code": "76",
    "postal_code": "30160"
  },
  {
    "name": "Bez-et-Esparon",
    "code": "30038",
    "epci_code": "243000270",
    "departement_code": "30",
    "region_code": "76",
    "postal_code": "30120"
  },
  {
    "name": "Bezouce",
    "code": "30039",
    "epci_code": "243000643",
    "departement_code": "30",
    "region_code": "76",
    "postal_code": "30320"
  },
  {
    "name": "Blandas",
    "code": "30040",
    "epci_code": "243000270",
    "departement_code": "30",
    "region_code": "76",
    "postal_code": "30770"
  },
  {
    "name": "Blauzac",
    "code": "30041",
    "epci_code": "200034379",
    "departement_code": "30",
    "region_code": "76",
    "postal_code": "30700"
  },
  {
    "name": "Boisset-et-Gaujac",
    "code": "30042",
    "epci_code": "200066918",
    "departement_code": "30",
    "region_code": "76",
    "postal_code": "30140"
  },
  {
    "name": "Boissières",
    "code": "30043",
    "epci_code": "243000569",
    "departement_code": "30",
    "region_code": "76",
    "postal_code": "30114"
  },
  {
    "name": "Bonnevaux",
    "code": "30044",
    "epci_code": "200066918",
    "departement_code": "30",
    "region_code": "76",
    "postal_code": "30450"
  },
  {
    "name": "Bordezac",
    "code": "30045",
    "epci_code": "200035129",
    "departement_code": "30",
    "region_code": "76",
    "postal_code": "30160"
  },
  {
    "name": "Boucoiran-et-Nozières",
    "code": "30046",
    "epci_code": "200066918",
    "departement_code": "30",
    "region_code": "76",
    "postal_code": "30190"
  },
  {
    "name": "Bouillargues",
    "code": "30047",
    "epci_code": "243000643",
    "departement_code": "30",
    "region_code": "76",
    "postal_code": "30230"
  },
  {
    "name": "Bouquet",
    "code": "30048",
    "epci_code": "200034379",
    "departement_code": "30",
    "region_code": "76",
    "postal_code": "30580"
  },
  {
    "name": "Bourdic",
    "code": "30049",
    "epci_code": "200034379",
    "departement_code": "30",
    "region_code": "76",
    "postal_code": "30190"
  },
  {
    "name": "Bragassargues",
    "code": "30050",
    "epci_code": "200034411",
    "departement_code": "30",
    "region_code": "76",
    "postal_code": "30260"
  },
  {
    "name": "Branoux-les-Taillades",
    "code": "30051",
    "epci_code": "200066918",
    "departement_code": "30",
    "region_code": "76",
    "postal_code": "30110"
  },
  {
    "name": "Bréau-Mars",
    "code": "30052",
    "epci_code": "243000270",
    "departement_code": "30",
    "region_code": "76",
    "postal_code": "30120"
  },
  {
    "name": "Brignon",
    "code": "30053",
    "epci_code": "200066918",
    "departement_code": "30",
    "region_code": "76",
    "postal_code": "30190"
  },
  {
    "name": "Brouzet-lès-Quissac",
    "code": "30054",
    "epci_code": "200034411",
    "departement_code": "30",
    "region_code": "76",
    "postal_code": "30260"
  },
  {
    "name": "Brouzet-lès-Alès",
    "code": "30055",
    "epci_code": "200066918",
    "departement_code": "30",
    "region_code": "76",
    "postal_code": "30580"
  },
  {
    "name": "La Bruguière",
    "code": "30056",
    "epci_code": "200034379",
    "departement_code": "30",
    "region_code": "76",
    "postal_code": "30580"
  },
  {
    "name": "Cabrières",
    "code": "30057",
    "epci_code": "243000643",
    "departement_code": "30",
    "region_code": "76",
    "postal_code": "30210"
  },
  {
    "name": "La Cadière-et-Cambo",
    "code": "30058",
    "epci_code": "200034411",
    "departement_code": "30",
    "region_code": "76",
    "postal_code": "30170"
  },
  {
    "name": "Le Cailar",
    "code": "30059",
    "epci_code": "243000593",
    "departement_code": "30",
    "region_code": "76",
    "postal_code": "30740"
  },
  {
    "name": "Caissargues",
    "code": "30060",
    "epci_code": "243000643",
    "departement_code": "30",
    "region_code": "76",
    "postal_code": "30132"
  },
  {
    "name": "La Calmette",
    "code": "30061",
    "epci_code": "243000643",
    "departement_code": "30",
    "region_code": "76",
    "postal_code": "30190"
  },
  {
    "name": "Calvisson",
    "code": "30062",
    "epci_code": "243000296",
    "departement_code": "30",
    "region_code": "76",
    "postal_code": "30420"
  },
  {
    "name": "Campestre-et-Luc",
    "code": "30064",
    "epci_code": "243000270",
    "departement_code": "30",
    "region_code": "76",
    "postal_code": "30770"
  },
  {
    "name": "Canaules-et-Argentières",
    "code": "30065",
    "epci_code": "200034411",
    "departement_code": "30",
    "region_code": "76",
    "postal_code": "30350"
  },
  {
    "name": "Cannes-et-Clairan",
    "code": "30066",
    "epci_code": "243000296",
    "departement_code": "30",
    "region_code": "76",
    "postal_code": "30260"
  },
  {
    "name": "La Capelle-et-Masmolène",
    "code": "30067",
    "epci_code": "200034379",
    "departement_code": "30",
    "region_code": "76",
    "postal_code": "30700"
  },
  {
    "name": "Cardet",
    "code": "30068",
    "epci_code": "200034411",
    "departement_code": "30",
    "region_code": "76",
    "postal_code": "30350"
  },
  {
    "name": "Carnas",
    "code": "30069",
    "epci_code": "200034411",
    "departement_code": "30",
    "region_code": "76",
    "postal_code": "30260"
  },
  {
    "name": "Carsan",
    "code": "30070",
    "epci_code": "200034692",
    "departement_code": "30",
    "region_code": "76",
    "postal_code": "30130"
  },
  {
    "name": "Cassagnoles",
    "code": "30071",
    "epci_code": "200034411",
    "departement_code": "30",
    "region_code": "76",
    "postal_code": "30350"
  },
  {
    "name": "Castelnau-Valence",
    "code": "30072",
    "epci_code": "200066918",
    "departement_code": "30",
    "region_code": "76",
    "postal_code": "30190"
  },
  {
    "name": "Castillon-du-Gard",
    "code": "30073",
    "epci_code": "200034379",
    "departement_code": "30",
    "region_code": "76",
    "postal_code": "30210"
  },
  {
    "name": "Causse-Bégon",
    "code": "30074",
    "epci_code": "200034601",
    "departement_code": "30",
    "region_code": "76",
    "postal_code": "30750"
  },
  {
    "name": "Caveirac",
    "code": "30075",
    "epci_code": "243000643",
    "departement_code": "30",
    "region_code": "76",
    "postal_code": "30820"
  },
  {
    "name": "Cavillargues",
    "code": "30076",
    "epci_code": "200034692",
    "departement_code": "30",
    "region_code": "76",
    "postal_code": "30330"
  },
  {
    "name": "Cendras",
    "code": "30077",
    "epci_code": "200066918",
    "departement_code": "30",
    "region_code": "76",
    "postal_code": "30480"
  },
  {
    "name": "Chambon",
    "code": "30079",
    "epci_code": "200066918",
    "departement_code": "30",
    "region_code": "76",
    "postal_code": "30450"
  },
  {
    "name": "Chamborigaud",
    "code": "30080",
    "epci_code": "200066918",
    "departement_code": "30",
    "region_code": "76",
    "postal_code": "30530"
  },
  {
    "name": "Chusclan",
    "code": "30081",
    "epci_code": "200034692",
    "departement_code": "30",
    "region_code": "76",
    "postal_code": "30200"
  },
  {
    "name": "Clarensac",
    "code": "30082",
    "epci_code": "243000643",
    "departement_code": "30",
    "region_code": "76",
    "postal_code": "30870"
  },
  {
    "name": "Codognan",
    "code": "30083",
    "epci_code": "243000569",
    "departement_code": "30",
    "region_code": "76",
    "postal_code": "30920"
  },
  {
    "name": "Codolet",
    "code": "30084",
    "epci_code": "200034692",
    "departement_code": "30",
    "region_code": "76",
    "postal_code": "30200"
  },
  {
    "name": "Collias",
    "code": "30085",
    "epci_code": "243000684",
    "departement_code": "30",
    "region_code": "76",
    "postal_code": "30210"
  },
  {
    "name": "Collorgues",
    "code": "30086",
    "epci_code": "200034379",
    "departement_code": "30",
    "region_code": "76",
    "postal_code": "30190"
  },
  {
    "name": "Colognac",
    "code": "30087",
    "epci_code": "200034411",
    "departement_code": "30",
    "region_code": "76",
    "postal_code": "30460"
  },
  {
    "name": "Combas",
    "code": "30088",
    "epci_code": "243000296",
    "departement_code": "30",
    "region_code": "76",
    "postal_code": "30250"
  },
  {
    "name": "Comps",
    "code": "30089",
    "epci_code": "243000684",
    "departement_code": "30",
    "region_code": "76",
    "postal_code": "30300"
  },
  {
    "name": "Concoules",
    "code": "30090",
    "epci_code": "200066918",
    "departement_code": "30",
    "region_code": "76",
    "postal_code": "30450"
  },
  {
    "name": "Congénies",
    "code": "30091",
    "epci_code": "243000296",
    "departement_code": "30",
    "region_code": "76",
    "postal_code": "30111"
  },
  {
    "name": "Connaux",
    "code": "30092",
    "epci_code": "200034692",
    "departement_code": "30",
    "region_code": "76",
    "postal_code": "30330"
  },
  {
    "name": "Conqueyrac",
    "code": "30093",
    "epci_code": "200034411",
    "departement_code": "30",
    "region_code": "76",
    "postal_code": "30170"
  },
  {
    "name": "Corconne",
    "code": "30095",
    "epci_code": "200034411",
    "departement_code": "30",
    "region_code": "76",
    "postal_code": "30260"
  },
  {
    "name": "Cornillon",
    "code": "30096",
    "epci_code": "200034692",
    "departement_code": "30",
    "region_code": "76",
    "postal_code": "30630"
  },
  {
    "name": "Courry",
    "code": "30097",
    "epci_code": "200035129",
    "departement_code": "30",
    "region_code": "76",
    "postal_code": "30500"
  },
  {
    "name": "Crespian",
    "code": "30098",
    "epci_code": "243000296",
    "departement_code": "30",
    "region_code": "76",
    "postal_code": "30260"
  },
  {
    "name": "Cros",
    "code": "30099",
    "epci_code": "200034411",
    "departement_code": "30",
    "region_code": "76",
    "postal_code": "30170"
  },
  {
    "name": "Cruviers-Lascours",
    "code": "30100",
    "epci_code": "200066918",
    "departement_code": "30",
    "region_code": "76",
    "postal_code": "30360"
  },
  {
    "name": "Deaux",
    "code": "30101",
    "epci_code": "200066918",
    "departement_code": "30",
    "region_code": "76",
    "postal_code": "30360"
  },
  {
    "name": "Dions",
    "code": "30102",
    "epci_code": "243000643",
    "departement_code": "30",
    "region_code": "76",
    "postal_code": "30190"
  },
  {
    "name": "Domazan",
    "code": "30103",
    "epci_code": "243000684",
    "departement_code": "30",
    "region_code": "76",
    "postal_code": "30390"
  },
  {
    "name": "Domessargues",
    "code": "30104",
    "epci_code": "243000643",
    "departement_code": "30",
    "region_code": "76",
    "postal_code": "30350"
  },
  {
    "name": "Dourbies",
    "code": "30105",
    "epci_code": "200034601",
    "departement_code": "30",
    "region_code": "76",
    "postal_code": "30750"
  },
  {
    "name": "Durfort-et-Saint-Martin-de-Sossenac",
    "code": "30106",
    "epci_code": "200034411",
    "departement_code": "30",
    "region_code": "76",
    "postal_code": "30170"
  },
  {
    "name": "Estézargues",
    "code": "30107",
    "epci_code": "243000684",
    "departement_code": "30",
    "region_code": "76",
    "postal_code": "30390"
  },
  {
    "name": "L’Estréchure",
    "code": "30108",
    "epci_code": "200034601",
    "departement_code": "30",
    "region_code": "76",
    "postal_code": "30124"
  },
  {
    "name": "Euzet",
    "code": "30109",
    "epci_code": "200066918",
    "departement_code": "30",
    "region_code": "76",
    "postal_code": "30360"
  },
  {
    "name": "Flaux",
    "code": "30110",
    "epci_code": "200034379",
    "departement_code": "30",
    "region_code": "76",
    "postal_code": "30700"
  },
  {
    "name": "Foissac",
    "code": "30111",
    "epci_code": "200034379",
    "departement_code": "30",
    "region_code": "76",
    "postal_code": "30700"
  },
  {
    "name": "Fons",
    "code": "30112",
    "epci_code": "243000643",
    "departement_code": "30",
    "region_code": "76",
    "postal_code": "30730"
  },
  {
    "name": "Fons-sur-Lussan",
    "code": "30113",
    "epci_code": "200034379",
    "departement_code": "30",
    "region_code": "76",
    "postal_code": "30580"
  },
  {
    "name": "Fontanès",
    "code": "30114",
    "epci_code": "243000296",
    "departement_code": "30",
    "region_code": "76",
    "postal_code": "30250"
  },
  {
    "name": "Fontarèches",
    "code": "30115",
    "epci_code": "200034379",
    "departement_code": "30",
    "region_code": "76",
    "postal_code": "30580"
  },
  {
    "name": "Fournès",
    "code": "30116",
    "epci_code": "243000684",
    "departement_code": "30",
    "region_code": "76",
    "postal_code": "30210"
  },
  {
    "name": "Fourques",
    "code": "30117",
    "epci_code": "243000585",
    "departement_code": "30",
    "region_code": "76",
    "postal_code": "30300"
  },
  {
    "name": "Fressac",
    "code": "30119",
    "epci_code": "200034411",
    "departement_code": "30",
    "region_code": "76",
    "postal_code": "30170"
  },
  {
    "name": "Gagnières",
    "code": "30120",
    "epci_code": "200035129",
    "departement_code": "30",
    "region_code": "76",
    "postal_code": "30160"
  },
  {
    "name": "Gailhan",
    "code": "30121",
    "epci_code": "200034411",
    "departement_code": "30",
    "region_code": "76",
    "postal_code": "30260"
  },
  {
    "name": "Gajan",
    "code": "30122",
    "epci_code": "243000643",
    "departement_code": "30",
    "region_code": "76",
    "postal_code": "30730"
  },
  {
    "name": "Gallargues-le-Montueux",
    "code": "30123",
    "epci_code": "243000569",
    "departement_code": "30",
    "region_code": "76",
    "postal_code": "30660"
  },
  {
    "name": "Le Garn",
    "code": "30124",
    "epci_code": "200034692",
    "departement_code": "30",
    "region_code": "76",
    "postal_code": "30760"
  },
  {
    "name": "Garons",
    "code": "30125",
    "epci_code": "243000643",
    "departement_code": "30",
    "region_code": "76",
    "postal_code": "30128"
  },
  {
    "name": "Garrigues-Sainte-Eulalie",
    "code": "30126",
    "epci_code": "200034379",
    "departement_code": "30",
    "region_code": "76",
    "postal_code": "30190"
  },
  {
    "name": "Gaujac",
    "code": "30127",
    "epci_code": "200034692",
    "departement_code": "30",
    "region_code": "76",
    "postal_code": "30330"
  },
  {
    "name": "Générac",
    "code": "30128",
    "epci_code": "243000643",
    "departement_code": "30",
    "region_code": "76",
    "postal_code": "30510"
  },
  {
    "name": "Générargues",
    "code": "30129",
    "epci_code": "200066918",
    "departement_code": "30",
    "region_code": "76",
    "postal_code": "30140"
  },
  {
    "name": "Génolhac",
    "code": "30130",
    "epci_code": "200066918",
    "departement_code": "30",
    "region_code": "76",
    "postal_code": "30450"
  },
  {
    "name": "Goudargues",
    "code": "30131",
    "epci_code": "200034692",
    "departement_code": "30",
    "region_code": "76",
    "postal_code": "30630"
  },
  {
    "name": "La Grand-Combe",
    "code": "30132",
    "epci_code": "200066918",
    "departement_code": "30",
    "region_code": "76",
    "postal_code": "30110"
  },
  {
    "name": "Le Grau-du-Roi",
    "code": "30133",
    "epci_code": "243000650",
    "departement_code": "30",
    "region_code": "76",
    "postal_code": "30240"
  },
  {
    "name": "Issirac",
    "code": "30134",
    "epci_code": "200034692",
    "departement_code": "30",
    "region_code": "76",
    "postal_code": "30760"
  },
  {
    "name": "Jonquières-Saint-Vincent",
    "code": "30135",
    "epci_code": "243000585",
    "departement_code": "30",
    "region_code": "76",
    "postal_code": "30300"
  },
  {
    "name": "Junas",
    "code": "30136",
    "epci_code": "243000296",
    "departement_code": "30",
    "region_code": "76",
    "postal_code": "30250"
  },
  {
    "name": "Lamelouze",
    "code": "30137",
    "epci_code": "200066918",
    "departement_code": "30",
    "region_code": "76",
    "postal_code": "30110"
  },
  {
    "name": "Langlade",
    "code": "30138",
    "epci_code": "243000643",
    "departement_code": "30",
    "region_code": "76",
    "postal_code": "30980"
  },
  {
    "name": "Lanuéjols",
    "code": "30139",
    "epci_code": "200034601",
    "departement_code": "30",
    "region_code": "76",
    "postal_code": "30750"
  },
  {
    "name": "Lasalle",
    "code": "30140",
    "epci_code": "200034601",
    "departement_code": "30",
    "region_code": "76",
    "postal_code": "30460"
  },
  {
    "name": "Laudun-l’Ardoise",
    "code": "30141",
    "epci_code": "200034692",
    "departement_code": "30",
    "region_code": "76",
    "postal_code": "30290"
  },
  {
    "name": "Laval-Pradel",
    "code": "30142",
    "epci_code": "200066918",
    "departement_code": "30",
    "region_code": "76",
    "postal_code": "30110"
  },
  {
    "name": "Laval-Saint-Roman",
    "code": "30143",
    "epci_code": "200034692",
    "departement_code": "30",
    "region_code": "76",
    "postal_code": "30760"
  },
  {
    "name": "Lecques",
    "code": "30144",
    "epci_code": "243000296",
    "departement_code": "30",
    "region_code": "76",
    "postal_code": "30250"
  },
  {
    "name": "Lédenon",
    "code": "30145",
    "epci_code": "243000643",
    "departement_code": "30",
    "region_code": "76",
    "postal_code": "30210"
  },
  {
    "name": "Lédignan",
    "code": "30146",
    "epci_code": "200034411",
    "departement_code": "30",
    "region_code": "76",
    "postal_code": "30350"
  },
  {
    "name": "Lézan",
    "code": "30147",
    "epci_code": "200066918",
    "departement_code": "30",
    "region_code": "76",
    "postal_code": "30350"
  },
  {
    "name": "Liouc",
    "code": "30148",
    "epci_code": "200034411",
    "departement_code": "30",
    "region_code": "76",
    "postal_code": "30260"
  },
  {
    "name": "Lirac",
    "code": "30149",
    "epci_code": "200034692",
    "departement_code": "30",
    "region_code": "76",
    "postal_code": "30126"
  },
  {
    "name": "Logrian-Florian",
    "code": "30150",
    "epci_code": "200034411",
    "departement_code": "30",
    "region_code": "76",
    "postal_code": "30610"
  },
  {
    "name": "Lussan",
    "code": "30151",
    "epci_code": "200034379",
    "departement_code": "30",
    "region_code": "76",
    "postal_code": "30580"
  },
  {
    "name": "Les Mages",
    "code": "30152",
    "epci_code": "200066918",
    "departement_code": "30",
    "region_code": "76",
    "postal_code": "30960"
  },
  {
    "name": "Malons-et-Elze",
    "code": "30153",
    "epci_code": "200069128",
    "departement_code": "30",
    "region_code": "76",
    "postal_code": "30450"
  },
  {
    "name": "Mandagout",
    "code": "30154",
    "epci_code": "243000270",
    "departement_code": "30",
    "region_code": "76",
    "postal_code": "30120"
  },
  {
    "name": "Manduel",
    "code": "30155",
    "epci_code": "243000643",
    "departement_code": "30",
    "region_code": "76",
    "postal_code": "30129"
  },
  {
    "name": "Marguerittes",
    "code": "30156",
    "epci_code": "243000643",
    "departement_code": "30",
    "region_code": "76",
    "postal_code": "30320"
  },
  {
    "name": "Martignargues",
    "code": "30158",
    "epci_code": "200066918",
    "departement_code": "30",
    "region_code": "76",
    "postal_code": "30360"
  },
  {
    "name": "Le Martinet",
    "code": "30159",
    "epci_code": "200066918",
    "departement_code": "30",
    "region_code": "76",
    "postal_code": "30960"
  },
  {
    "name": "Maruéjols-lès-Gardon",
    "code": "30160",
    "epci_code": "200034411",
    "departement_code": "30",
    "region_code": "76",
    "postal_code": "30350"
  },
  {
    "name": "Massanes",
    "code": "30161",
    "epci_code": "200066918",
    "departement_code": "30",
    "region_code": "76",
    "postal_code": "30350"
  },
  {
    "name": "Massillargues-Attuech",
    "code": "30162",
    "epci_code": "200066918",
    "departement_code": "30",
    "region_code": "76",
    "postal_code": "30140"
  },
  {
    "name": "Mauressargues",
    "code": "30163",
    "epci_code": "243000643",
    "departement_code": "30",
    "region_code": "76",
    "postal_code": "30350"
  },
  {
    "name": "Méjannes-le-Clap",
    "code": "30164",
    "epci_code": "200035129",
    "departement_code": "30",
    "region_code": "76",
    "postal_code": "30430"
  },
  {
    "name": "Méjannes-lès-Alès",
    "code": "30165",
    "epci_code": "200066918",
    "departement_code": "30",
    "region_code": "76",
    "postal_code": "30340"
  },
  {
    "name": "Meynes",
    "code": "30166",
    "epci_code": "243000684",
    "departement_code": "30",
    "region_code": "76",
    "postal_code": "30840"
  },
  {
    "name": "Meyrannes",
    "code": "30167",
    "epci_code": "200035129",
    "departement_code": "30",
    "region_code": "76",
    "postal_code": "30410"
  },
  {
    "name": "Mialet",
    "code": "30168",
    "epci_code": "200066918",
    "departement_code": "30",
    "region_code": "76",
    "postal_code": "30140"
  },
  {
    "name": "Milhaud",
    "code": "30169",
    "epci_code": "243000643",
    "departement_code": "30",
    "region_code": "76",
    "postal_code": "30540"
  },
  {
    "name": "Molières-Cavaillac",
    "code": "30170",
    "epci_code": "243000270",
    "departement_code": "30",
    "region_code": "76",
    "postal_code": "30120"
  },
  {
    "name": "Molières-sur-Cèze",
    "code": "30171",
    "epci_code": "200035129",
    "departement_code": "30",
    "region_code": "76",
    "postal_code": "30410"
  },
  {
    "name": "Monoblet",
    "code": "30172",
    "epci_code": "200034411",
    "departement_code": "30",
    "region_code": "76",
    "postal_code": "30170"
  },
  {
    "name": "Mons",
    "code": "30173",
    "epci_code": "200066918",
    "departement_code": "30",
    "region_code": "76",
    "postal_code": "30340"
  },
  {
    "name": "Montaren-et-Saint-Médiers",
    "code": "30174",
    "epci_code": "200034379",
    "departement_code": "30",
    "region_code": "76",
    "postal_code": "30700"
  },
  {
    "name": "Montclus",
    "code": "30175",
    "epci_code": "200034692",
    "departement_code": "30",
    "region_code": "76",
    "postal_code": "30630"
  },
  {
    "name": "Montdardier",
    "code": "30176",
    "epci_code": "243000270",
    "departement_code": "30",
    "region_code": "76",
    "postal_code": "30120"
  },
  {
    "name": "Monteils",
    "code": "30177",
    "epci_code": "200066918",
    "departement_code": "30",
    "region_code": "76",
    "postal_code": "30360"
  },
  {
    "name": "Montfaucon",
    "code": "30178",
    "epci_code": "200034692",
    "departement_code": "30",
    "region_code": "76",
    "postal_code": "30150"
  },
  {
    "name": "Montfrin",
    "code": "30179",
    "epci_code": "243000684",
    "departement_code": "30",
    "region_code": "76",
    "postal_code": "30490"
  },
  {
    "name": "Montignargues",
    "code": "30180",
    "epci_code": "243000643",
    "departement_code": "30",
    "region_code": "76",
    "postal_code": "30190"
  },
  {
    "name": "Montmirat",
    "code": "30181",
    "epci_code": "243000296",
    "departement_code": "30",
    "region_code": "76",
    "postal_code": "30260"
  },
  {
    "name": "Montpezat",
    "code": "30182",
    "epci_code": "243000296",
    "departement_code": "30",
    "region_code": "76",
    "postal_code": "30730"
  },
  {
    "name": "Moulézan",
    "code": "30183",
    "epci_code": "243000643",
    "departement_code": "30",
    "region_code": "76",
    "postal_code": "30350"
  },
  {
    "name": "Moussac",
    "code": "30184",
    "epci_code": "200034379",
    "departement_code": "30",
    "region_code": "76",
    "postal_code": "30190"
  },
  {
    "name": "Mus",
    "code": "30185",
    "epci_code": "243000569",
    "departement_code": "30",
    "region_code": "76",
    "postal_code": "30121"
  },
  {
    "name": "Nages-et-Solorgues",
    "code": "30186",
    "epci_code": "243000569",
    "departement_code": "30",
    "region_code": "76",
    "postal_code": "30114"
  },
  {
    "name": "Navacelles",
    "code": "30187",
    "epci_code": "200035129",
    "departement_code": "30",
    "region_code": "76",
    "postal_code": "30580"
  },
  {
    "name": "Ners",
    "code": "30188",
    "epci_code": "200066918",
    "departement_code": "30",
    "region_code": "76",
    "postal_code": "30360"
  },
  {
    "name": "Nîmes",
    "code": "30189",
    "epci_code": "243000643",
    "departement_code": "30",
    "region_code": "76",
    "postal_code": "30000"
  },
  {
    "name": "Nîmes",
    "code": "30189",
    "epci_code": "243000643",
    "departement_code": "30",
    "region_code": "76",
    "postal_code": "30900"
  },
  {
    "name": "Orsan",
    "code": "30191",
    "epci_code": "200034692",
    "departement_code": "30",
    "region_code": "76",
    "postal_code": "30200"
  },
  {
    "name": "Orthoux-Sérignac-Quilhan",
    "code": "30192",
    "epci_code": "200034411",
    "departement_code": "30",
    "region_code": "76",
    "postal_code": "30260"
  },
  {
    "name": "Parignargues",
    "code": "30193",
    "epci_code": "243000296",
    "departement_code": "30",
    "region_code": "76",
    "postal_code": "30730"
  },
  {
    "name": "Peyremale",
    "code": "30194",
    "epci_code": "200035129",
    "departement_code": "30",
    "region_code": "76",
    "postal_code": "30160"
  },
  {
    "name": "Peyrolles",
    "code": "30195",
    "epci_code": "200034601",
    "departement_code": "30",
    "region_code": "76",
    "postal_code": "30124"
  },
  {
    "name": "Le Pin",
    "code": "30196",
    "epci_code": "200034692",
    "departement_code": "30",
    "region_code": "76",
    "postal_code": "30330"
  },
  {
    "name": "Les Plans",
    "code": "30197",
    "epci_code": "200066918",
    "departement_code": "30",
    "region_code": "76",
    "postal_code": "30340"
  },
  {
    "name": "Les Plantiers",
    "code": "30198",
    "epci_code": "200034601",
    "departement_code": "30",
    "region_code": "76",
    "postal_code": "30122"
  },
  {
    "name": "Pommiers",
    "code": "30199",
    "epci_code": "243000270",
    "departement_code": "30",
    "region_code": "76",
    "postal_code": "30120"
  },
  {
    "name": "Pompignan",
    "code": "30200",
    "epci_code": "200034411",
    "departement_code": "30",
    "region_code": "76",
    "postal_code": "30170"
  },
  {
    "name": "Ponteils-et-Brésis",
    "code": "30201",
    "epci_code": "200069128",
    "departement_code": "30",
    "region_code": "76",
    "postal_code": "30450"
  },
  {
    "name": "Pont-Saint-Esprit",
    "code": "30202",
    "epci_code": "200034692",
    "departement_code": "30",
    "region_code": "76",
    "postal_code": "30130"
  },
  {
    "name": "Portes",
    "code": "30203",
    "epci_code": "200066918",
    "departement_code": "30",
    "region_code": "76",
    "postal_code": "30530"
  },
  {
    "name": "Potelières",
    "code": "30204",
    "epci_code": "200035129",
    "departement_code": "30",
    "region_code": "76",
    "postal_code": "30500"
  },
  {
    "name": "Pougnadoresse",
    "code": "30205",
    "epci_code": "200034379",
    "departement_code": "30",
    "region_code": "76",
    "postal_code": "30330"
  },
  {
    "name": "Poulx",
    "code": "30206",
    "epci_code": "243000643",
    "departement_code": "30",
    "region_code": "76",
    "postal_code": "30320"
  },
  {
    "name": "Pouzilhac",
    "code": "30207",
    "epci_code": "243000684",
    "departement_code": "30",
    "region_code": "76",
    "postal_code": "30210"
  },
  {
    "name": "Puechredon",
    "code": "30208",
    "epci_code": "200034411",
    "departement_code": "30",
    "region_code": "76",
    "postal_code": "30610"
  },
  {
    "name": "Pujaut",
    "code": "30209",
    "epci_code": "248400251",
    "departement_code": "30",
    "region_code": "76",
    "postal_code": "30131"
  },
  {
    "name": "Quissac",
    "code": "30210",
    "epci_code": "200034411",
    "departement_code": "30",
    "region_code": "76",
    "postal_code": "30260"
  },
  {
    "name": "Redessan",
    "code": "30211",
    "epci_code": "243000643",
    "departement_code": "30",
    "region_code": "76",
    "postal_code": "30129"
  },
  {
    "name": "Remoulins",
    "code": "30212",
    "epci_code": "243000684",
    "departement_code": "30",
    "region_code": "76",
    "postal_code": "30210"
  },
  {
    "name": "Revens",
    "code": "30213",
    "epci_code": "200034601",
    "departement_code": "30",
    "region_code": "76",
    "postal_code": "30750"
  },
  {
    "name": "Ribaute-les-Tavernes",
    "code": "30214",
    "epci_code": "200066918",
    "departement_code": "30",
    "region_code": "76",
    "postal_code": "30720"
  },
  {
    "name": "Rivières",
    "code": "30215",
    "epci_code": "200035129",
    "departement_code": "30",
    "region_code": "76",
    "postal_code": "30430"
  },
  {
    "name": "Robiac-Rochessadoule",
    "code": "30216",
    "epci_code": "200035129",
    "departement_code": "30",
    "region_code": "76",
    "postal_code": "30160"
  },
  {
    "name": "Rochefort-du-Gard",
    "code": "30217",
    "epci_code": "248400251",
    "departement_code": "30",
    "region_code": "76",
    "postal_code": "30650"
  },
  {
    "name": "Rochegude",
    "code": "30218",
    "epci_code": "200035129",
    "departement_code": "30",
    "region_code": "76",
    "postal_code": "30430"
  },
  {
    "name": "Rogues",
    "code": "30219",
    "epci_code": "243000270",
    "departement_code": "30",
    "region_code": "76",
    "postal_code": "30120"
  },
  {
    "name": "Roquedur",
    "code": "30220",
    "epci_code": "243000270",
    "departement_code": "30",
    "region_code": "76",
    "postal_code": "30440"
  },
  {
    "name": "Roquemaure",
    "code": "30221",
    "epci_code": "248400251",
    "departement_code": "30",
    "region_code": "76",
    "postal_code": "30150"
  },
  {
    "name": "La Roque-sur-Cèze",
    "code": "30222",
    "epci_code": "200034692",
    "departement_code": "30",
    "region_code": "76",
    "postal_code": "30200"
  },
  {
    "name": "Rousson",
    "code": "30223",
    "epci_code": "200066918",
    "departement_code": "30",
    "region_code": "76",
    "postal_code": "30340"
  },
  {
    "name": "La Rouvière",
    "code": "30224",
    "epci_code": "243000643",
    "departement_code": "30",
    "region_code": "76",
    "postal_code": "30190"
  },
  {
    "name": "Sabran",
    "code": "30225",
    "epci_code": "200034692",
    "departement_code": "30",
    "region_code": "76",
    "postal_code": "30200"
  },
  {
    "name": "Saint-Alexandre",
    "code": "30226",
    "epci_code": "200034692",
    "departement_code": "30",
    "region_code": "76",
    "postal_code": "30130"
  },
  {
    "name": "Saint-Ambroix",
    "code": "30227",
    "epci_code": "200035129",
    "departement_code": "30",
    "region_code": "76",
    "postal_code": "30500"
  },
  {
    "name": "Sainte-Anastasie",
    "code": "30228",
    "epci_code": "243000643",
    "departement_code": "30",
    "region_code": "76",
    "postal_code": "30190"
  },
  {
    "name": "Saint-André-de-Majencoules",
    "code": "30229",
    "epci_code": "200034601",
    "departement_code": "30",
    "region_code": "76",
    "postal_code": "30570"
  },
  {
    "name": "Saint-André-de-Roquepertuis",
    "code": "30230",
    "epci_code": "200034692",
    "departement_code": "30",
    "region_code": "76",
    "postal_code": "30630"
  },
  {
    "name": "Saint-André-de-Valborgne",
    "code": "30231",
    "epci_code": "200034601",
    "departement_code": "30",
    "region_code": "76",
    "postal_code": "30940"
  },
  {
    "name": "Saint-André-d’Olérargues",
    "code": "30232",
    "epci_code": "200034692",
    "departement_code": "30",
    "region_code": "76",
    "postal_code": "30330"
  },
  {
    "name": "Saint-Bauzély",
    "code": "30233",
    "epci_code": "243000643",
    "departement_code": "30",
    "region_code": "76",
    "postal_code": "30730"
  },
  {
    "name": "Saint-Bénézet",
    "code": "30234",
    "epci_code": "200034411",
    "departement_code": "30",
    "region_code": "76",
    "postal_code": "30350"
  },
  {
    "name": "Saint-Bonnet-du-Gard",
    "code": "30235",
    "epci_code": "243000684",
    "departement_code": "30",
    "region_code": "76",
    "postal_code": "30210"
  },
  {
    "name": "Saint-Bonnet-de-Salendrinque",
    "code": "30236",
    "epci_code": "200066918",
    "departement_code": "30",
    "region_code": "76",
    "postal_code": "30460"
  },
  {
    "name": "Saint-Brès",
    "code": "30237",
    "epci_code": "200035129",
    "departement_code": "30",
    "region_code": "76",
    "postal_code": "30500"
  },
  {
    "name": "Saint-Bresson",
    "code": "30238",
    "epci_code": "243000270",
    "departement_code": "30",
    "region_code": "76",
    "postal_code": "30440"
  },
  {
    "name": "Sainte-Cécile-d’Andorge",
    "code": "30239",
    "epci_code": "200066918",
    "departement_code": "30",
    "region_code": "76",
    "postal_code": "30110"
  },
  {
    "name": "Saint-Césaire-de-Gauzignan",
    "code": "30240",
    "epci_code": "200066918",
    "departement_code": "30",
    "region_code": "76",
    "postal_code": "30360"
  },
  {
    "name": "Saint-Chaptes",
    "code": "30241",
    "epci_code": "243000643",
    "departement_code": "30",
    "region_code": "76",
    "postal_code": "30190"
  },
  {
    "name": "Saint-Christol-de-Rodières",
    "code": "30242",
    "epci_code": "200034692",
    "departement_code": "30",
    "region_code": "76",
    "postal_code": "30760"
  },
  {
    "name": "Saint-Christol-lez-Alès",
    "code": "30243",
    "epci_code": "200066918",
    "departement_code": "30",
    "region_code": "76",
    "postal_code": "30380"
  },
  {
    "name": "Saint-Clément",
    "code": "30244",
    "epci_code": "243000296",
    "departement_code": "30",
    "region_code": "76",
    "postal_code": "30260"
  },
  {
    "name": "Saint-Côme-et-Maruéjols",
    "code": "30245",
    "epci_code": "243000643",
    "departement_code": "30",
    "region_code": "76",
    "postal_code": "30870"
  },
  {
    "name": "Sainte-Croix-de-Caderle",
    "code": "30246",
    "epci_code": "200066918",
    "departement_code": "30",
    "region_code": "76",
    "postal_code": "30460"
  },
  {
    "name": "Saint-Denis",
    "code": "30247",
    "epci_code": "200035129",
    "departement_code": "30",
    "region_code": "76",
    "postal_code": "30500"
  },
  {
    "name": "Saint-Dézéry",
    "code": "30248",
    "epci_code": "200034379",
    "departement_code": "30",
    "region_code": "76",
    "postal_code": "30190"
  },
  {
    "name": "Saint-Dionisy",
    "code": "30249",
    "epci_code": "243000643",
    "departement_code": "30",
    "region_code": "76",
    "postal_code": "30980"
  },
  {
    "name": "Saint-Étienne-de-l’Olm",
    "code": "30250",
    "epci_code": "200066918",
    "departement_code": "30",
    "region_code": "76",
    "postal_code": "30360"
  },
  {
    "name": "Saint-Étienne-des-Sorts",
    "code": "30251",
    "epci_code": "200034692",
    "departement_code": "30",
    "region_code": "76",
    "postal_code": "30200"
  },
  {
    "name": "Saint-Félix-de-Pallières",
    "code": "30252",
    "epci_code": "200034411",
    "departement_code": "30",
    "region_code": "76",
    "postal_code": "30140"
  },
  {
    "name": "Saint-Florent-sur-Auzonnet",
    "code": "30253",
    "epci_code": "200066918",
    "departement_code": "30",
    "region_code": "76",
    "postal_code": "30960"
  },
  {
    "name": "Saint-Geniès-de-Comolas",
    "code": "30254",
    "epci_code": "200034692",
    "departement_code": "30",
    "region_code": "76",
    "postal_code": "30150"
  },
  {
    "name": "Saint-Geniès-de-Malgoirès",
    "code": "30255",
    "epci_code": "243000643",
    "departement_code": "30",
    "region_code": "76",
    "postal_code": "30190"
  },
  {
    "name": "Saint-Gervais",
    "code": "30256",
    "epci_code": "200034692",
    "departement_code": "30",
    "region_code": "76",
    "postal_code": "30200"
  },
  {
    "name": "Saint-Gervasy",
    "code": "30257",
    "epci_code": "243000643",
    "departement_code": "30",
    "region_code": "76",
    "postal_code": "30320"
  },
  {
    "name": "Saint-Gilles",
    "code": "30258",
    "epci_code": "243000643",
    "departement_code": "30",
    "region_code": "76",
    "postal_code": "30800"
  },
  {
    "name": "Saint-Hilaire-de-Brethmas",
    "code": "30259",
    "epci_code": "200066918",
    "departement_code": "30",
    "region_code": "76",
    "postal_code": "30560"
  },
  {
    "name": "Saint-Hilaire-d’Ozilhan",
    "code": "30260",
    "epci_code": "243000684",
    "departement_code": "30",
    "region_code": "76",
    "postal_code": "30210"
  },
  {
    "name": "Saint-Hippolyte-de-Caton",
    "code": "30261",
    "epci_code": "200066918",
    "departement_code": "30",
    "region_code": "76",
    "postal_code": "30360"
  },
  {
    "name": "Saint-Hippolyte-de-Montaigu",
    "code": "30262",
    "epci_code": "200034379",
    "departement_code": "30",
    "region_code": "76",
    "postal_code": "30700"
  },
  {
    "name": "Saint-Hippolyte-du-Fort",
    "code": "30263",
    "epci_code": "200034411",
    "departement_code": "30",
    "region_code": "76",
    "postal_code": "30170"
  },
  {
    "name": "Saint-Jean-de-Ceyrargues",
    "code": "30264",
    "epci_code": "200066918",
    "departement_code": "30",
    "region_code": "76",
    "postal_code": "30360"
  },
  {
    "name": "Saint-Jean-de-Crieulon",
    "code": "30265",
    "epci_code": "200034411",
    "departement_code": "30",
    "region_code": "76",
    "postal_code": "30610"
  },
  {
    "name": "Saint-Jean-de-Maruéjols-et-Avéjan",
    "code": "30266",
    "epci_code": "200035129",
    "departement_code": "30",
    "region_code": "76",
    "postal_code": "30430"
  },
  {
    "name": "Saint-Jean-de-Serres",
    "code": "30267",
    "epci_code": "200066918",
    "departement_code": "30",
    "region_code": "76",
    "postal_code": "30350"
  },
  {
    "name": "Saint-Jean-de-Valériscle",
    "code": "30268",
    "epci_code": "200066918",
    "departement_code": "30",
    "region_code": "76",
    "postal_code": "30960"
  },
  {
    "name": "Saint-Jean-du-Gard",
    "code": "30269",
    "epci_code": "200066918",
    "departement_code": "30",
    "region_code": "76",
    "postal_code": "30270"
  },
  {
    "name": "Saint-Jean-du-Pin",
    "code": "30270",
    "epci_code": "200066918",
    "departement_code": "30",
    "region_code": "76",
    "postal_code": "30140"
  },
  {
    "name": "Saint-Julien-de-Cassagnas",
    "code": "30271",
    "epci_code": "200066918",
    "departement_code": "30",
    "region_code": "76",
    "postal_code": "30500"
  },
  {
    "name": "Saint-Julien-de-la-Nef",
    "code": "30272",
    "epci_code": "243400736",
    "departement_code": "30",
    "region_code": "76",
    "postal_code": "30440"
  },
  {
    "name": "Saint-Julien-de-Peyrolas",
    "code": "30273",
    "epci_code": "200034692",
    "departement_code": "30",
    "region_code": "76",
    "postal_code": "30760"
  },
  {
    "name": "Saint-Julien-les-Rosiers",
    "code": "30274",
    "epci_code": "200066918",
    "departement_code": "30",
    "region_code": "76",
    "postal_code": "30340"
  },
  {
    "name": "Saint-Just-et-Vacquières",
    "code": "30275",
    "epci_code": "200066918",
    "departement_code": "30",
    "region_code": "76",
    "postal_code": "30580"
  },
  {
    "name": "Saint-Laurent-d’Aigouze",
    "code": "30276",
    "epci_code": "243000650",
    "departement_code": "30",
    "region_code": "76",
    "postal_code": "30220"
  },
  {
    "name": "Saint-Laurent-de-Carnols",
    "code": "30277",
    "epci_code": "200034692",
    "departement_code": "30",
    "region_code": "76",
    "postal_code": "30200"
  },
  {
    "name": "Saint-Laurent-des-Arbres",
    "code": "30278",
    "epci_code": "200034692",
    "departement_code": "30",
    "region_code": "76",
    "postal_code": "30126"
  },
  {
    "name": "Saint-Laurent-la-Vernède",
    "code": "30279",
    "epci_code": "200034379",
    "departement_code": "30",
    "region_code": "76",
    "postal_code": "30330"
  },
  {
    "name": "Saint-Laurent-le-Minier",
    "code": "30280",
    "epci_code": "243000270",
    "departement_code": "30",
    "region_code": "76",
    "postal_code": "30440"
  },
  {
    "name": "Saint-Mamert-du-Gard",
    "code": "30281",
    "epci_code": "243000643",
    "departement_code": "30",
    "region_code": "76",
    "postal_code": "30730"
  },
  {
    "name": "Saint-Marcel-de-Careiret",
    "code": "30282",
    "epci_code": "200034692",
    "departement_code": "30",
    "region_code": "76",
    "postal_code": "30330"
  },
  {
    "name": "Saint-Martial",
    "code": "30283",
    "epci_code": "243400736",
    "departement_code": "30",
    "region_code": "76",
    "postal_code": "30440"
  },
  {
    "name": "Saint-Martin-de-Valgalgues",
    "code": "30284",
    "epci_code": "200066918",
    "departement_code": "30",
    "region_code": "76",
    "postal_code": "30520"
  },
  {
    "name": "Saint-Maurice-de-Cazevieille",
    "code": "30285",
    "epci_code": "200066918",
    "departement_code": "30",
    "region_code": "76",
    "postal_code": "30360"
  },
  {
    "name": "Saint-Maximin",
    "code": "30286",
    "epci_code": "200034379",
    "departement_code": "30",
    "region_code": "76",
    "postal_code": "30700"
  },
  {
    "name": "Saint-Michel-d’Euzet",
    "code": "30287",
    "epci_code": "200034692",
    "departement_code": "30",
    "region_code": "76",
    "postal_code": "30200"
  },
  {
    "name": "Saint-Nazaire",
    "code": "30288",
    "epci_code": "200034692",
    "departement_code": "30",
    "region_code": "76",
    "postal_code": "30200"
  },
  {
    "name": "Saint-Nazaire-des-Gardies",
    "code": "30289",
    "epci_code": "200034411",
    "departement_code": "30",
    "region_code": "76",
    "postal_code": "30610"
  },
  {
    "name": "Saint-Paulet-de-Caisson",
    "code": "30290",
    "epci_code": "200034692",
    "departement_code": "30",
    "region_code": "76",
    "postal_code": "30130"
  },
  {
    "name": "Saint-Paul-la-Coste",
    "code": "30291",
    "epci_code": "200066918",
    "departement_code": "30",
    "region_code": "76",
    "postal_code": "30480"
  },
  {
    "name": "Saint-Pons-la-Calm",
    "code": "30292",
    "epci_code": "200034692",
    "departement_code": "30",
    "region_code": "76",
    "postal_code": "30330"
  },
  {
    "name": "Saint-Privat-de-Champclos",
    "code": "30293",
    "epci_code": "200035129",
    "departement_code": "30",
    "region_code": "76",
    "postal_code": "30430"
  },
  {
    "name": "Saint-Privat-des-Vieux",
    "code": "30294",
    "epci_code": "200066918",
    "departement_code": "30",
    "region_code": "76",
    "postal_code": "30340"
  },
  {
    "name": "Saint-Quentin-la-Poterie",
    "code": "30295",
    "epci_code": "200034379",
    "departement_code": "30",
    "region_code": "76",
    "postal_code": "30700"
  },
  {
    "name": "Saint-Roman-de-Codières",
    "code": "30296",
    "epci_code": "243400736",
    "departement_code": "30",
    "region_code": "76",
    "postal_code": "30440"
  },
  {
    "name": "Saint-Sauveur-Camprieu",
    "code": "30297",
    "epci_code": "200034601",
    "departement_code": "30",
    "region_code": "76",
    "postal_code": "30750"
  },
  {
    "name": "Saint-Sébastien-d’Aigrefeuille",
    "code": "30298",
    "epci_code": "200066918",
    "departement_code": "30",
    "region_code": "76",
    "postal_code": "30140"
  },
  {
    "name": "Saint-Siffret",
    "code": "30299",
    "epci_code": "200034379",
    "departement_code": "30",
    "region_code": "76",
    "postal_code": "30700"
  },
  {
    "name": "Saint-Théodorit",
    "code": "30300",
    "epci_code": "200034411",
    "departement_code": "30",
    "region_code": "76",
    "postal_code": "30260"
  },
  {
    "name": "Saint-Victor-des-Oules",
    "code": "30301",
    "epci_code": "200034379",
    "departement_code": "30",
    "region_code": "76",
    "postal_code": "30700"
  },
  {
    "name": "Saint-Victor-la-Coste",
    "code": "30302",
    "epci_code": "200034692",
    "departement_code": "30",
    "region_code": "76",
    "postal_code": "30290"
  },
  {
    "name": "Saint-Victor-de-Malcap",
    "code": "30303",
    "epci_code": "200035129",
    "departement_code": "30",
    "region_code": "76",
    "postal_code": "30500"
  },
  {
    "name": "Salazac",
    "code": "30304",
    "epci_code": "200034692",
    "departement_code": "30",
    "region_code": "76",
    "postal_code": "30760"
  },
  {
    "name": "Salindres",
    "code": "30305",
    "epci_code": "200066918",
    "departement_code": "30",
    "region_code": "76",
    "postal_code": "30340"
  },
  {
    "name": "Salinelles",
    "code": "30306",
    "epci_code": "243000296",
    "departement_code": "30",
    "region_code": "76",
    "postal_code": "30250"
  },
  {
    "name": "Les Salles-du-Gardon",
    "code": "30307",
    "epci_code": "200066918",
    "departement_code": "30",
    "region_code": "76",
    "postal_code": "30110"
  },
  {
    "name": "Sanilhac-Sagriès",
    "code": "30308",
    "epci_code": "200034379",
    "departement_code": "30",
    "region_code": "76",
    "postal_code": "30700"
  },
  {
    "name": "Sardan",
    "code": "30309",
    "epci_code": "200034411",
    "departement_code": "30",
    "region_code": "76",
    "postal_code": "30260"
  },
  {
    "name": "Saumane",
    "code": "30310",
    "epci_code": "200034601",
    "departement_code": "30",
    "region_code": "76",
    "postal_code": "30125"
  },
  {
    "name": "Sauve",
    "code": "30311",
    "epci_code": "200034411",
    "departement_code": "30",
    "region_code": "76",
    "postal_code": "30610"
  },
  {
    "name": "Sauveterre",
    "code": "30312",
    "epci_code": "248400251",
    "departement_code": "30",
    "region_code": "76",
    "postal_code": "30150"
  },
  {
    "name": "Sauzet",
    "code": "30313",
    "epci_code": "243000643",
    "departement_code": "30",
    "region_code": "76",
    "postal_code": "30190"
  },
  {
    "name": "Savignargues",
    "code": "30314",
    "epci_code": "200034411",
    "departement_code": "30",
    "region_code": "76",
    "postal_code": "30350"
  },
  {
    "name": "Saze",
    "code": "30315",
    "epci_code": "248400251",
    "departement_code": "30",
    "region_code": "76",
    "postal_code": "30650"
  },
  {
    "name": "Sénéchas",
    "code": "30316",
    "epci_code": "200066918",
    "departement_code": "30",
    "region_code": "76",
    "postal_code": "30450"
  },
  {
    "name": "Sernhac",
    "code": "30317",
    "epci_code": "243000643",
    "departement_code": "30",
    "region_code": "76",
    "postal_code": "30210"
  },
  {
    "name": "Servas",
    "code": "30318",
    "epci_code": "200066918",
    "departement_code": "30",
    "region_code": "76",
    "postal_code": "30340"
  },
  {
    "name": "Serviers-et-Labaume",
    "code": "30319",
    "epci_code": "200034379",
    "departement_code": "30",
    "region_code": "76",
    "postal_code": "30700"
  },
  {
    "name": "Seynes",
    "code": "30320",
    "epci_code": "200066918",
    "departement_code": "30",
    "region_code": "76",
    "postal_code": "30580"
  },
  {
    "name": "Sommières",
    "code": "30321",
    "epci_code": "243000296",
    "departement_code": "30",
    "region_code": "76",
    "postal_code": "30250"
  },
  {
    "name": "Soudorgues",
    "code": "30322",
    "epci_code": "200034601",
    "departement_code": "30",
    "region_code": "76",
    "postal_code": "30460"
  },
  {
    "name": "Soustelle",
    "code": "30323",
    "epci_code": "200066918",
    "departement_code": "30",
    "region_code": "76",
    "postal_code": "30110"
  },
  {
    "name": "Souvignargues",
    "code": "30324",
    "epci_code": "243000296",
    "departement_code": "30",
    "region_code": "76",
    "postal_code": "30250"
  },
  {
    "name": "Sumène",
    "code": "30325",
    "epci_code": "243400736",
    "departement_code": "30",
    "region_code": "76",
    "postal_code": "30440"
  },
  {
    "name": "Tavel",
    "code": "30326",
    "epci_code": "200034692",
    "departement_code": "30",
    "region_code": "76",
    "postal_code": "30126"
  },
  {
    "name": "Tharaux",
    "code": "30327",
    "epci_code": "200035129",
    "departement_code": "30",
    "region_code": "76",
    "postal_code": "30430"
  },
  {
    "name": "Théziers",
    "code": "30328",
    "epci_code": "243000684",
    "departement_code": "30",
    "region_code": "76",
    "postal_code": "30390"
  },
  {
    "name": "Thoiras-Corbès",
    "code": "30329",
    "epci_code": "200066918",
    "departement_code": "30",
    "region_code": "76",
    "postal_code": "30140"
  },
  {
    "name": "Tornac",
    "code": "30330",
    "epci_code": "200066918",
    "departement_code": "30",
    "region_code": "76",
    "postal_code": "30140"
  },
  {
    "name": "Tresques",
    "code": "30331",
    "epci_code": "200034692",
    "departement_code": "30",
    "region_code": "76",
    "postal_code": "30330"
  },
  {
    "name": "Trèves",
    "code": "30332",
    "epci_code": "200034601",
    "departement_code": "30",
    "region_code": "76",
    "postal_code": "30750"
  },
  {
    "name": "Uchaud",
    "code": "30333",
    "epci_code": "243000569",
    "departement_code": "30",
    "region_code": "76",
    "postal_code": "30620"
  },
  {
    "name": "Uzès",
    "code": "30334",
    "epci_code": "200034379",
    "departement_code": "30",
    "region_code": "76",
    "postal_code": "30700"
  },
  {
    "name": "Vabres",
    "code": "30335",
    "epci_code": "200066918",
    "departement_code": "30",
    "region_code": "76",
    "postal_code": "30460"
  },
  {
    "name": "Vallabrègues",
    "code": "30336",
    "epci_code": "243000585",
    "departement_code": "30",
    "region_code": "76",
    "postal_code": "30300"
  },
  {
    "name": "Vallabrix",
    "code": "30337",
    "epci_code": "200034379",
    "departement_code": "30",
    "region_code": "76",
    "postal_code": "30700"
  },
  {
    "name": "Vallérargues",
    "code": "30338",
    "epci_code": "200034379",
    "departement_code": "30",
    "region_code": "76",
    "postal_code": "30580"
  },
  {
    "name": "Val-d’Aigoual",
    "code": "30339",
    "epci_code": "200034601",
    "departement_code": "30",
    "region_code": "76",
    "postal_code": "30570"
  },
  {
    "name": "Valliguières",
    "code": "30340",
    "epci_code": "243000684",
    "departement_code": "30",
    "region_code": "76",
    "postal_code": "30210"
  },
  {
    "name": "Vauvert",
    "code": "30341",
    "epci_code": "243000593",
    "departement_code": "30",
    "region_code": "76",
    "postal_code": "30600"
  },
  {
    "name": "Vénéjan",
    "code": "30342",
    "epci_code": "200034692",
    "departement_code": "30",
    "region_code": "76",
    "postal_code": "30200"
  },
  {
    "name": "Verfeuil",
    "code": "30343",
    "epci_code": "200034692",
    "departement_code": "30",
    "region_code": "76",
    "postal_code": "30630"
  },
  {
    "name": "Vergèze",
    "code": "30344",
    "epci_code": "243000569",
    "departement_code": "30",
    "region_code": "76",
    "postal_code": "30310"
  },
  {
    "name": "La Vernarède",
    "code": "30345",
    "epci_code": "200066918",
    "departement_code": "30",
    "region_code": "76",
    "postal_code": "30530"
  },
  {
    "name": "Vers-Pont-du-Gard",
    "code": "30346",
    "epci_code": "243000684",
    "departement_code": "30",
    "region_code": "76",
    "postal_code": "30210"
  },
  {
    "name": "Vestric-et-Candiac",
    "code": "30347",
    "epci_code": "243000569",
    "departement_code": "30",
    "region_code": "76",
    "postal_code": "30600"
  },
  {
    "name": "Vézénobres",
    "code": "30348",
    "epci_code": "200066918",
    "departement_code": "30",
    "region_code": "76",
    "postal_code": "30360"
  },
  {
    "name": "Vic-le-Fesq",
    "code": "30349",
    "epci_code": "200034411",
    "departement_code": "30",
    "region_code": "76",
    "postal_code": "30260"
  },
  {
    "name": "Le Vigan",
    "code": "30350",
    "epci_code": "243000270",
    "departement_code": "30",
    "region_code": "76",
    "postal_code": "30120"
  },
  {
    "name": "Villeneuve-lès-Avignon",
    "code": "30351",
    "epci_code": "248400251",
    "departement_code": "30",
    "region_code": "76",
    "postal_code": "30400"
  },
  {
    "name": "Villevieille",
    "code": "30352",
    "epci_code": "243000296",
    "departement_code": "30",
    "region_code": "76",
    "postal_code": "30250"
  },
  {
    "name": "Vissec",
    "code": "30353",
    "epci_code": "243000270",
    "departement_code": "30",
    "region_code": "76",
    "postal_code": "30770"
  },
  {
    "name": "Montagnac",
    "code": "30354",
    "epci_code": "243000643",
    "departement_code": "30",
    "region_code": "76",
    "postal_code": "30350"
  },
  {
    "name": "Saint-Paul-les-Fonts",
    "code": "30355",
    "epci_code": "200034692",
    "departement_code": "30",
    "region_code": "76",
    "postal_code": "30330"
  },
  {
    "name": "Rodilhan",
    "code": "30356",
    "epci_code": "243000643",
    "departement_code": "30",
    "region_code": "76",
    "postal_code": "30230"
  }
]