[
  {
    "name": "L’Aiguillon-la-Presqu’île",
    "code": "85001",
    "epci_code": "200073260",
    "departement_code": "85",
    "region_code": "52",
    "postal_code": "85460"
  },
  {
    "name": "L’Aiguillon-sur-Vie",
    "code": "85002",
    "epci_code": "200023778",
    "departement_code": "85",
    "region_code": "52",
    "postal_code": "85220"
  },
  {
    "name": "Aizenay",
    "code": "85003",
    "epci_code": "200072882",
    "departement_code": "85",
    "region_code": "52",
    "postal_code": "85190"
  },
  {
    "name": "Angles",
    "code": "85004",
    "epci_code": "200071900",
    "departement_code": "85",
    "region_code": "52",
    "postal_code": "85750"
  },
  {
    "name": "Antigny",
    "code": "85005",
    "epci_code": "248500415",
    "departement_code": "85",
    "region_code": "52",
    "postal_code": "85120"
  },
  {
    "name": "Apremont",
    "code": "85006",
    "epci_code": "200072882",
    "departement_code": "85",
    "region_code": "52",
    "postal_code": "85220"
  },
  {
    "name": "Aubigny-Les Clouzeaux",
    "code": "85008",
    "epci_code": "248500589",
    "departement_code": "85",
    "region_code": "52",
    "postal_code": "85430"
  },
  {
    "name": "Auchay-sur-Vendée",
    "code": "85009",
    "epci_code": "200071934",
    "departement_code": "85",
    "region_code": "52",
    "postal_code": "85200"
  },
  {
    "name": "Avrillé",
    "code": "85010",
    "epci_code": "200071900",
    "departement_code": "85",
    "region_code": "52",
    "postal_code": "85440"
  },
  {
    "name": "Barbâtre",
    "code": "85011",
    "epci_code": "248500191",
    "departement_code": "85",
    "region_code": "52",
    "postal_code": "85630"
  },
  {
    "name": "La Barre-de-Monts",
    "code": "85012",
    "epci_code": "248500258",
    "departement_code": "85",
    "region_code": "52",
    "postal_code": "85550"
  },
  {
    "name": "Bazoges-en-Paillers",
    "code": "85013",
    "epci_code": "200071918",
    "departement_code": "85",
    "region_code": "52",
    "postal_code": "85130"
  },
  {
    "name": "Bazoges-en-Pareds",
    "code": "85014",
    "epci_code": "248500415",
    "departement_code": "85",
    "region_code": "52",
    "postal_code": "85390"
  },
  {
    "name": "Beaufou",
    "code": "85015",
    "epci_code": "200072882",
    "departement_code": "85",
    "region_code": "52",
    "postal_code": "85170"
  },
  {
    "name": "Beaulieu-sous-la-Roche",
    "code": "85016",
    "epci_code": "248500530",
    "departement_code": "85",
    "region_code": "52",
    "postal_code": "85190"
  },
  {
    "name": "Beaurepaire",
    "code": "85017",
    "epci_code": "248500621",
    "departement_code": "85",
    "region_code": "52",
    "postal_code": "85500"
  },
  {
    "name": "Beauvoir-sur-Mer",
    "code": "85018",
    "epci_code": "200071629",
    "departement_code": "85",
    "region_code": "52",
    "postal_code": "85230"
  },
  {
    "name": "Bellevigny",
    "code": "85019",
    "epci_code": "200072882",
    "departement_code": "85",
    "region_code": "52",
    "postal_code": "85170"
  },
  {
    "name": "Benet",
    "code": "85020",
    "epci_code": "248500563",
    "departement_code": "85",
    "region_code": "52",
    "postal_code": "85490"
  },
  {
    "name": "Le Bernard",
    "code": "85022",
    "epci_code": "200071900",
    "departement_code": "85",
    "region_code": "52",
    "postal_code": "85560"
  },
  {
    "name": "Bessay",
    "code": "85023",
    "epci_code": "200073260",
    "departement_code": "85",
    "region_code": "52",
    "postal_code": "85320"
  },
  {
    "name": "Bois-de-Céné",
    "code": "85024",
    "epci_code": "200071629",
    "departement_code": "85",
    "region_code": "52",
    "postal_code": "85710"
  },
  {
    "name": "La Boissière-de-Montaigu",
    "code": "85025",
    "epci_code": "200070233",
    "departement_code": "85",
    "region_code": "52",
    "postal_code": "85600"
  },
  {
    "name": "La Boissière-des-Landes",
    "code": "85026",
    "epci_code": "200071900",
    "departement_code": "85",
    "region_code": "52",
    "postal_code": "85430"
  },
  {
    "name": "Bouillé-Courdault",
    "code": "85028",
    "epci_code": "248500563",
    "departement_code": "85",
    "region_code": "52",
    "postal_code": "85420"
  },
  {
    "name": "Bouin",
    "code": "85029",
    "epci_code": "200071629",
    "departement_code": "85",
    "region_code": "52",
    "postal_code": "85230"
  },
  {
    "name": "Le Boupère",
    "code": "85031",
    "epci_code": "248500464",
    "departement_code": "85",
    "region_code": "52",
    "postal_code": "85510"
  },
  {
    "name": "Bourneau",
    "code": "85033",
    "epci_code": "200071934",
    "departement_code": "85",
    "region_code": "52",
    "postal_code": "85200"
  },
  {
    "name": "Bournezeau",
    "code": "85034",
    "epci_code": "248500340",
    "departement_code": "85",
    "region_code": "52",
    "postal_code": "85480"
  },
  {
    "name": "Bretignolles-sur-Mer",
    "code": "85035",
    "epci_code": "200023778",
    "departement_code": "85",
    "region_code": "52",
    "postal_code": "85470"
  },
  {
    "name": "La Bretonnière-la-Claye",
    "code": "85036",
    "epci_code": "200073260",
    "departement_code": "85",
    "region_code": "52",
    "postal_code": "85320"
  },
  {
    "name": "Les Brouzils",
    "code": "85038",
    "epci_code": "200071918",
    "departement_code": "85",
    "region_code": "52",
    "postal_code": "85260"
  },
  {
    "name": "La Bruffière",
    "code": "85039",
    "epci_code": "200070233",
    "departement_code": "85",
    "region_code": "52",
    "postal_code": "85530"
  },
  {
    "name": "La Caillère-Saint-Hilaire",
    "code": "85040",
    "epci_code": "200073260",
    "departement_code": "85",
    "region_code": "52",
    "postal_code": "85410"
  },
  {
    "name": "Chaillé-les-Marais",
    "code": "85042",
    "epci_code": "200073260",
    "departement_code": "85",
    "region_code": "52",
    "postal_code": "85450"
  },
  {
    "name": "La Chaize-Giraud",
    "code": "85045",
    "epci_code": "200023778",
    "departement_code": "85",
    "region_code": "52",
    "postal_code": "85220"
  },
  {
    "name": "La Chaize-le-Vicomte",
    "code": "85046",
    "epci_code": "248500589",
    "departement_code": "85",
    "region_code": "52",
    "postal_code": "85310"
  },
  {
    "name": "Challans",
    "code": "85047",
    "epci_code": "200071629",
    "departement_code": "85",
    "region_code": "52",
    "postal_code": "85300"
  },
  {
    "name": "Champagné-les-Marais",
    "code": "85049",
    "epci_code": "200073260",
    "departement_code": "85",
    "region_code": "52",
    "postal_code": "85450"
  },
  {
    "name": "Le Champ-Saint-Père",
    "code": "85050",
    "epci_code": "200071900",
    "departement_code": "85",
    "region_code": "52",
    "postal_code": "85540"
  },
  {
    "name": "Chantonnay",
    "code": "85051",
    "epci_code": "248500340",
    "departement_code": "85",
    "region_code": "52",
    "postal_code": "85110"
  },
  {
    "name": "La Chapelle-Hermier",
    "code": "85054",
    "epci_code": "248500530",
    "departement_code": "85",
    "region_code": "52",
    "postal_code": "85220"
  },
  {
    "name": "La Chapelle-Palluau",
    "code": "85055",
    "epci_code": "200072882",
    "departement_code": "85",
    "region_code": "52",
    "postal_code": "85670"
  },
  {
    "name": "La Chapelle-Thémer",
    "code": "85056",
    "epci_code": "200073260",
    "departement_code": "85",
    "region_code": "52",
    "postal_code": "85210"
  },
  {
    "name": "Chasnais",
    "code": "85058",
    "epci_code": "200073260",
    "departement_code": "85",
    "region_code": "52",
    "postal_code": "85400"
  },
  {
    "name": "La Châtaigneraie",
    "code": "85059",
    "epci_code": "248500415",
    "departement_code": "85",
    "region_code": "52",
    "postal_code": "85120"
  },
  {
    "name": "Château-Guibert",
    "code": "85061",
    "epci_code": "200073260",
    "departement_code": "85",
    "region_code": "52",
    "postal_code": "85320"
  },
  {
    "name": "Châteauneuf",
    "code": "85062",
    "epci_code": "200071629",
    "departement_code": "85",
    "region_code": "52",
    "postal_code": "85710"
  },
  {
    "name": "Chauché",
    "code": "85064",
    "epci_code": "200071918",
    "departement_code": "85",
    "region_code": "52",
    "postal_code": "85140"
  },
  {
    "name": "Chavagnes-en-Paillers",
    "code": "85065",
    "epci_code": "200071918",
    "departement_code": "85",
    "region_code": "52",
    "postal_code": "85250"
  },
  {
    "name": "Chavagnes-les-Redoux",
    "code": "85066",
    "epci_code": "248500464",
    "departement_code": "85",
    "region_code": "52",
    "postal_code": "85390"
  },
  {
    "name": "Cheffois",
    "code": "85067",
    "epci_code": "248500415",
    "departement_code": "85",
    "region_code": "52",
    "postal_code": "85390"
  },
  {
    "name": "Coëx",
    "code": "85070",
    "epci_code": "200023778",
    "departement_code": "85",
    "region_code": "52",
    "postal_code": "85220"
  },
  {
    "name": "Commequiers",
    "code": "85071",
    "epci_code": "200023778",
    "departement_code": "85",
    "region_code": "52",
    "postal_code": "85220"
  },
  {
    "name": "La Copechagnière",
    "code": "85072",
    "epci_code": "200071918",
    "departement_code": "85",
    "region_code": "52",
    "postal_code": "85260"
  },
  {
    "name": "Corpe",
    "code": "85073",
    "epci_code": "200073260",
    "departement_code": "85",
    "region_code": "52",
    "postal_code": "85320"
  },
  {
    "name": "La Couture",
    "code": "85074",
    "epci_code": "200073260",
    "departement_code": "85",
    "region_code": "52",
    "postal_code": "85320"
  },
  {
    "name": "Cugand-la-Bernardière",
    "code": "85076",
    "epci_code": "200070233",
    "departement_code": "85",
    "region_code": "52",
    "postal_code": "85610"
  },
  {
    "name": "Curzon",
    "code": "85077",
    "epci_code": "200071900",
    "departement_code": "85",
    "region_code": "52",
    "postal_code": "85540"
  },
  {
    "name": "Damvix",
    "code": "85078",
    "epci_code": "248500563",
    "departement_code": "85",
    "region_code": "52",
    "postal_code": "85420"
  },
  {
    "name": "Doix lès Fontaines",
    "code": "85080",
    "epci_code": "200071934",
    "departement_code": "85",
    "region_code": "52",
    "postal_code": "85200"
  },
  {
    "name": "Dompierre-sur-Yon",
    "code": "85081",
    "epci_code": "248500589",
    "departement_code": "85",
    "region_code": "52",
    "postal_code": "85170"
  },
  {
    "name": "Les Epesses",
    "code": "85082",
    "epci_code": "248500621",
    "departement_code": "85",
    "region_code": "52",
    "postal_code": "85590"
  },
  {
    "name": "LՃpine",
    "code": "85083",
    "epci_code": "248500191",
    "departement_code": "85",
    "region_code": "52",
    "postal_code": "85740"
  },
  {
    "name": "Essarts-en-Bocage",
    "code": "85084",
    "epci_code": "200071918",
    "departement_code": "85",
    "region_code": "52",
    "postal_code": "85140"
  },
  {
    "name": "Falleron",
    "code": "85086",
    "epci_code": "200072882",
    "departement_code": "85",
    "region_code": "52",
    "postal_code": "85670"
  },
  {
    "name": "Faymoreau",
    "code": "85087",
    "epci_code": "248500563",
    "departement_code": "85",
    "region_code": "52",
    "postal_code": "85240"
  },
  {
    "name": "Le Fenouiller",
    "code": "85088",
    "epci_code": "200023778",
    "departement_code": "85",
    "region_code": "52",
    "postal_code": "85800"
  },
  {
    "name": "La Ferrière",
    "code": "85089",
    "epci_code": "248500589",
    "departement_code": "85",
    "region_code": "52",
    "postal_code": "85280"
  },
  {
    "name": "Sèvremont",
    "code": "85090",
    "epci_code": "248500464",
    "departement_code": "85",
    "region_code": "52",
    "postal_code": "85700"
  },
  {
    "name": "Fontenay-le-Comte",
    "code": "85092",
    "epci_code": "200071934",
    "departement_code": "85",
    "region_code": "52",
    "postal_code": "85200"
  },
  {
    "name": "Fougeré",
    "code": "85093",
    "epci_code": "248500589",
    "departement_code": "85",
    "region_code": "52",
    "postal_code": "85480"
  },
  {
    "name": "Foussais-Payré",
    "code": "85094",
    "epci_code": "200071934",
    "departement_code": "85",
    "region_code": "52",
    "postal_code": "85240"
  },
  {
    "name": "Froidfond",
    "code": "85095",
    "epci_code": "200071629",
    "departement_code": "85",
    "region_code": "52",
    "postal_code": "85300"
  },
  {
    "name": "La Garnache",
    "code": "85096",
    "epci_code": "200071629",
    "departement_code": "85",
    "region_code": "52",
    "postal_code": "85710"
  },
  {
    "name": "La Gaubretière",
    "code": "85097",
    "epci_code": "248500662",
    "departement_code": "85",
    "region_code": "52",
    "postal_code": "85130"
  },
  {
    "name": "La Genétouze",
    "code": "85098",
    "epci_code": "200072882",
    "departement_code": "85",
    "region_code": "52",
    "postal_code": "85190"
  },
  {
    "name": "Le Girouard",
    "code": "85099",
    "epci_code": "248500530",
    "departement_code": "85",
    "region_code": "52",
    "postal_code": "85150"
  },
  {
    "name": "Givrand",
    "code": "85100",
    "epci_code": "200023778",
    "departement_code": "85",
    "region_code": "52",
    "postal_code": "85800"
  },
  {
    "name": "Le Givre",
    "code": "85101",
    "epci_code": "200071900",
    "departement_code": "85",
    "region_code": "52",
    "postal_code": "85540"
  },
  {
    "name": "Grand’Landes",
    "code": "85102",
    "epci_code": "200072882",
    "departement_code": "85",
    "region_code": "52",
    "postal_code": "85670"
  },
  {
    "name": "Grosbreuil",
    "code": "85103",
    "epci_code": "200071900",
    "departement_code": "85",
    "region_code": "52",
    "postal_code": "85440"
  },
  {
    "name": "Grues",
    "code": "85104",
    "epci_code": "200073260",
    "departement_code": "85",
    "region_code": "52",
    "postal_code": "85580"
  },
  {
    "name": "Le Gué-de-Velluire",
    "code": "85105",
    "epci_code": "200073260",
    "departement_code": "85",
    "region_code": "52",
    "postal_code": "85770"
  },
  {
    "name": "La Guérinière",
    "code": "85106",
    "epci_code": "248500191",
    "departement_code": "85",
    "region_code": "52",
    "postal_code": "85680"
  },
  {
    "name": "L’Herbergement",
    "code": "85108",
    "epci_code": "200070233",
    "departement_code": "85",
    "region_code": "52",
    "postal_code": "85260"
  },
  {
    "name": "Les Herbiers",
    "code": "85109",
    "epci_code": "248500621",
    "departement_code": "85",
    "region_code": "52",
    "postal_code": "85500"
  },
  {
    "name": "L’Hermenault",
    "code": "85110",
    "epci_code": "200071934",
    "departement_code": "85",
    "region_code": "52",
    "postal_code": "85570"
  },
  {
    "name": "L’Île-d’Elle",
    "code": "85111",
    "epci_code": "200073260",
    "departement_code": "85",
    "region_code": "52",
    "postal_code": "85770"
  },
  {
    "name": "L’Île-d’Olonne",
    "code": "85112",
    "epci_code": "200071165",
    "departement_code": "85",
    "region_code": "52",
    "postal_code": "85340"
  },
  {
    "name": "L’Île-d’Yeu",
    "code": "85113",
    "departement_code": "85",
    "region_code": "52",
    "postal_code": "85350"
  },
  {
    "name": "Jard-sur-Mer",
    "code": "85114",
    "epci_code": "200071900",
    "departement_code": "85",
    "region_code": "52",
    "postal_code": "85520"
  },
  {
    "name": "La Jaudonnière",
    "code": "85115",
    "epci_code": "200073260",
    "departement_code": "85",
    "region_code": "52",
    "postal_code": "85110"
  },
  {
    "name": "La Jonchère",
    "code": "85116",
    "epci_code": "200071900",
    "departement_code": "85",
    "region_code": "52",
    "postal_code": "85540"
  },
  {
    "name": "Lairoux",
    "code": "85117",
    "epci_code": "200073260",
    "departement_code": "85",
    "region_code": "52",
    "postal_code": "85400"
  },
  {
    "name": "Landeronde",
    "code": "85118",
    "epci_code": "248500589",
    "departement_code": "85",
    "region_code": "52",
    "postal_code": "85150"
  },
  {
    "name": "Les Landes-Genusson",
    "code": "85119",
    "epci_code": "248500662",
    "departement_code": "85",
    "region_code": "52",
    "postal_code": "85130"
  },
  {
    "name": "Landevieille",
    "code": "85120",
    "epci_code": "200023778",
    "departement_code": "85",
    "region_code": "52",
    "postal_code": "85220"
  },
  {
    "name": "Le Langon",
    "code": "85121",
    "epci_code": "200071934",
    "departement_code": "85",
    "region_code": "52",
    "postal_code": "85370"
  },
  {
    "name": "Liez",
    "code": "85123",
    "epci_code": "248500563",
    "departement_code": "85",
    "region_code": "52",
    "postal_code": "85420"
  },
  {
    "name": "Loge-Fougereuse",
    "code": "85125",
    "epci_code": "248500415",
    "departement_code": "85",
    "region_code": "52",
    "postal_code": "85120"
  },
  {
    "name": "Longèves",
    "code": "85126",
    "epci_code": "200071934",
    "departement_code": "85",
    "region_code": "52",
    "postal_code": "85200"
  },
  {
    "name": "Longeville-sur-Mer",
    "code": "85127",
    "epci_code": "200071900",
    "departement_code": "85",
    "region_code": "52",
    "postal_code": "85560"
  },
  {
    "name": "Luçon",
    "code": "85128",
    "epci_code": "200073260",
    "departement_code": "85",
    "region_code": "52",
    "postal_code": "85400"
  },
  {
    "name": "Les Lucs-sur-Boulogne",
    "code": "85129",
    "epci_code": "200072882",
    "departement_code": "85",
    "region_code": "52",
    "postal_code": "85170"
  },
  {
    "name": "Maché",
    "code": "85130",
    "epci_code": "200072882",
    "departement_code": "85",
    "region_code": "52",
    "postal_code": "85190"
  },
  {
    "name": "Les Magnils-Reigniers",
    "code": "85131",
    "epci_code": "200073260",
    "departement_code": "85",
    "region_code": "52",
    "postal_code": "85400"
  },
  {
    "name": "Maillé",
    "code": "85132",
    "epci_code": "248500563",
    "departement_code": "85",
    "region_code": "52",
    "postal_code": "85420"
  },
  {
    "name": "Maillezais",
    "code": "85133",
    "epci_code": "248500563",
    "departement_code": "85",
    "region_code": "52",
    "postal_code": "85420"
  },
  {
    "name": "Mallièvre",
    "code": "85134",
    "epci_code": "248500662",
    "departement_code": "85",
    "region_code": "52",
    "postal_code": "85590"
  },
  {
    "name": "Mareuil-sur-Lay-Dissais",
    "code": "85135",
    "epci_code": "200073260",
    "departement_code": "85",
    "region_code": "52",
    "postal_code": "85320"
  },
  {
    "name": "Marillet",
    "code": "85136",
    "epci_code": "248500415",
    "departement_code": "85",
    "region_code": "52",
    "postal_code": "85240"
  },
  {
    "name": "Marsais-Sainte-Radégonde",
    "code": "85137",
    "epci_code": "200071934",
    "departement_code": "85",
    "region_code": "52",
    "postal_code": "85570"
  },
  {
    "name": "Martinet",
    "code": "85138",
    "epci_code": "248500530",
    "departement_code": "85",
    "region_code": "52",
    "postal_code": "85150"
  },
  {
    "name": "Le Mazeau",
    "code": "85139",
    "epci_code": "248500563",
    "departement_code": "85",
    "region_code": "52",
    "postal_code": "85420"
  },
  {
    "name": "La Meilleraie-Tillay",
    "code": "85140",
    "epci_code": "248500464",
    "departement_code": "85",
    "region_code": "52",
    "postal_code": "85700"
  },
  {
    "name": "Menomblet",
    "code": "85141",
    "epci_code": "248500415",
    "departement_code": "85",
    "region_code": "52",
    "postal_code": "85700"
  },
  {
    "name": "La Merlatière",
    "code": "85142",
    "epci_code": "200071918",
    "departement_code": "85",
    "region_code": "52",
    "postal_code": "85140"
  },
  {
    "name": "Mervent",
    "code": "85143",
    "epci_code": "200071934",
    "departement_code": "85",
    "region_code": "52",
    "postal_code": "85200"
  },
  {
    "name": "Mesnard-la-Barotière",
    "code": "85144",
    "epci_code": "248500621",
    "departement_code": "85",
    "region_code": "52",
    "postal_code": "85500"
  },
  {
    "name": "Monsireigne",
    "code": "85145",
    "epci_code": "248500464",
    "departement_code": "85",
    "region_code": "52",
    "postal_code": "85110"
  },
  {
    "name": "Montaigu-Vendée",
    "code": "85146",
    "epci_code": "200070233",
    "departement_code": "85",
    "region_code": "52",
    "postal_code": "85600"
  },
  {
    "name": "Montournais",
    "code": "85147",
    "epci_code": "248500464",
    "departement_code": "85",
    "region_code": "52",
    "postal_code": "85700"
  },
  {
    "name": "Montreuil",
    "code": "85148",
    "epci_code": "200071934",
    "departement_code": "85",
    "region_code": "52",
    "postal_code": "85200"
  },
  {
    "name": "Moreilles",
    "code": "85149",
    "epci_code": "200073260",
    "departement_code": "85",
    "region_code": "52",
    "postal_code": "85450"
  },
  {
    "name": "Mortagne-sur-Sèvre",
    "code": "85151",
    "epci_code": "248500662",
    "departement_code": "85",
    "region_code": "52",
    "postal_code": "85290"
  },
  {
    "name": "Les Achards",
    "code": "85152",
    "epci_code": "248500530",
    "departement_code": "85",
    "region_code": "52",
    "postal_code": "85150"
  },
  {
    "name": "Mouchamps",
    "code": "85153",
    "epci_code": "248500621",
    "departement_code": "85",
    "region_code": "52",
    "postal_code": "85640"
  },
  {
    "name": "Mouilleron-Saint-Germain",
    "code": "85154",
    "epci_code": "248500415",
    "departement_code": "85",
    "region_code": "52",
    "postal_code": "85390"
  },
  {
    "name": "Mouilleron-le-Captif",
    "code": "85155",
    "epci_code": "248500589",
    "departement_code": "85",
    "region_code": "52",
    "postal_code": "85000"
  },
  {
    "name": "Moutiers-les-Mauxfaits",
    "code": "85156",
    "epci_code": "200071900",
    "departement_code": "85",
    "region_code": "52",
    "postal_code": "85540"
  },
  {
    "name": "Moutiers-sur-le-Lay",
    "code": "85157",
    "epci_code": "200073260",
    "departement_code": "85",
    "region_code": "52",
    "postal_code": "85320"
  },
  {
    "name": "Mouzeuil-Saint-Martin",
    "code": "85158",
    "epci_code": "200071934",
    "departement_code": "85",
    "region_code": "52",
    "postal_code": "85370"
  },
  {
    "name": "Nalliers",
    "code": "85159",
    "epci_code": "200073260",
    "departement_code": "85",
    "region_code": "52",
    "postal_code": "85370"
  },
  {
    "name": "Nesmy",
    "code": "85160",
    "epci_code": "248500589",
    "departement_code": "85",
    "region_code": "52",
    "postal_code": "85310"
  },
  {
    "name": "Nieul-le-Dolent",
    "code": "85161",
    "epci_code": "248500530",
    "departement_code": "85",
    "region_code": "52",
    "postal_code": "85430"
  },
  {
    "name": "Rives-d’Autise",
    "code": "85162",
    "epci_code": "248500563",
    "departement_code": "85",
    "region_code": "52",
    "postal_code": "85240"
  },
  {
    "name": "Rives-d’Autise",
    "code": "85162",
    "epci_code": "248500563",
    "departement_code": "85",
    "region_code": "52",
    "postal_code": "85420"
  },
  {
    "name": "Noirmoutier-en-l’Île",
    "code": "85163",
    "epci_code": "248500191",
    "departement_code": "85",
    "region_code": "52",
    "postal_code": "85330"
  },
  {
    "name": "Notre-Dame-de-Monts",
    "code": "85164",
    "epci_code": "248500258",
    "departement_code": "85",
    "region_code": "52",
    "postal_code": "85690"
  },
  {
    "name": "L’Oie",
    "code": "85165",
    "epci_code": "200071918",
    "departement_code": "85",
    "region_code": "52",
    "postal_code": "85140"
  },
  {
    "name": "L’Orbrie",
    "code": "85167",
    "epci_code": "200071934",
    "departement_code": "85",
    "region_code": "52",
    "postal_code": "85200"
  },
  {
    "name": "Palluau",
    "code": "85169",
    "epci_code": "200072882",
    "departement_code": "85",
    "region_code": "52",
    "postal_code": "85670"
  },
  {
    "name": "Péault",
    "code": "85171",
    "epci_code": "200073260",
    "departement_code": "85",
    "region_code": "52",
    "postal_code": "85320"
  },
  {
    "name": "Le Perrier",
    "code": "85172",
    "epci_code": "248500258",
    "departement_code": "85",
    "region_code": "52",
    "postal_code": "85300"
  },
  {
    "name": "Petosse",
    "code": "85174",
    "epci_code": "200071934",
    "departement_code": "85",
    "region_code": "52",
    "postal_code": "85570"
  },
  {
    "name": "Les Pineaux",
    "code": "85175",
    "epci_code": "200073260",
    "departement_code": "85",
    "region_code": "52",
    "postal_code": "85320"
  },
  {
    "name": "Pissotte",
    "code": "85176",
    "epci_code": "200071934",
    "departement_code": "85",
    "region_code": "52",
    "postal_code": "85200"
  },
  {
    "name": "Les Velluire-sur-Vendée",
    "code": "85177",
    "epci_code": "200071934",
    "departement_code": "85",
    "region_code": "52",
    "postal_code": "85770"
  },
  {
    "name": "Le Poiré-sur-Vie",
    "code": "85178",
    "epci_code": "200072882",
    "departement_code": "85",
    "region_code": "52",
    "postal_code": "85170"
  },
  {
    "name": "Poiroux",
    "code": "85179",
    "epci_code": "200071900",
    "departement_code": "85",
    "region_code": "52",
    "postal_code": "85440"
  },
  {
    "name": "Pouillé",
    "code": "85181",
    "epci_code": "200071934",
    "departement_code": "85",
    "region_code": "52",
    "postal_code": "85570"
  },
  {
    "name": "Pouzauges",
    "code": "85182",
    "epci_code": "248500464",
    "departement_code": "85",
    "region_code": "52",
    "postal_code": "85700"
  },
  {
    "name": "Puy-de-Serre",
    "code": "85184",
    "epci_code": "248500563",
    "departement_code": "85",
    "region_code": "52",
    "postal_code": "85240"
  },
  {
    "name": "Puyravault",
    "code": "85185",
    "epci_code": "200073260",
    "departement_code": "85",
    "region_code": "52",
    "postal_code": "85450"
  },
  {
    "name": "La Rabatelière",
    "code": "85186",
    "epci_code": "200071918",
    "departement_code": "85",
    "region_code": "52",
    "postal_code": "85250"
  },
  {
    "name": "Réaumur",
    "code": "85187",
    "epci_code": "248500464",
    "departement_code": "85",
    "region_code": "52",
    "postal_code": "85700"
  },
  {
    "name": "La Réorthe",
    "code": "85188",
    "epci_code": "200073260",
    "departement_code": "85",
    "region_code": "52",
    "postal_code": "85210"
  },
  {
    "name": "Notre-Dame-de-Riez",
    "code": "85189",
    "epci_code": "200023778",
    "departement_code": "85",
    "region_code": "52",
    "postal_code": "85270"
  },
  {
    "name": "Rocheservière",
    "code": "85190",
    "epci_code": "200070233",
    "departement_code": "85",
    "region_code": "52",
    "postal_code": "85620"
  },
  {
    "name": "La Roche-sur-Yon",
    "code": "85191",
    "epci_code": "248500589",
    "departement_code": "85",
    "region_code": "52",
    "postal_code": "85000"
  },
  {
    "name": "Rochetrejoux",
    "code": "85192",
    "epci_code": "248500340",
    "departement_code": "85",
    "region_code": "52",
    "postal_code": "85510"
  },
  {
    "name": "Rosnay",
    "code": "85193",
    "epci_code": "200073260",
    "departement_code": "85",
    "region_code": "52",
    "postal_code": "85320"
  },
  {
    "name": "Les Sables-d’Olonne",
    "code": "85194",
    "epci_code": "200071165",
    "departement_code": "85",
    "region_code": "52",
    "postal_code": "85100"
  },
  {
    "name": "Les Sables-d’Olonne",
    "code": "85194",
    "epci_code": "200071165",
    "departement_code": "85",
    "region_code": "52",
    "postal_code": "85180"
  },
  {
    "name": "Les Sables-d’Olonne",
    "code": "85194",
    "epci_code": "200071165",
    "departement_code": "85",
    "region_code": "52",
    "postal_code": "85340"
  },
  {
    "name": "Saint-André-Goule-d’Oie",
    "code": "85196",
    "epci_code": "200071918",
    "departement_code": "85",
    "region_code": "52",
    "postal_code": "85250"
  },
  {
    "name": "Montréverd",
    "code": "85197",
    "epci_code": "200070233",
    "departement_code": "85",
    "region_code": "52",
    "postal_code": "85260"
  },
  {
    "name": "Saint-Aubin-des-Ormeaux",
    "code": "85198",
    "epci_code": "248500662",
    "departement_code": "85",
    "region_code": "52",
    "postal_code": "85130"
  },
  {
    "name": "Saint-Aubin-la-Plaine",
    "code": "85199",
    "epci_code": "200073260",
    "departement_code": "85",
    "region_code": "52",
    "postal_code": "85210"
  },
  {
    "name": "Saint-Avaugourd-des-Landes",
    "code": "85200",
    "epci_code": "200071900",
    "departement_code": "85",
    "region_code": "52",
    "postal_code": "85540"
  },
  {
    "name": "Saint-Benoist-sur-Mer",
    "code": "85201",
    "epci_code": "200071900",
    "departement_code": "85",
    "region_code": "52",
    "postal_code": "85540"
  },
  {
    "name": "Sainte-Cécile",
    "code": "85202",
    "epci_code": "248500340",
    "departement_code": "85",
    "region_code": "52",
    "postal_code": "85110"
  },
  {
    "name": "Saint-Christophe-du-Ligneron",
    "code": "85204",
    "epci_code": "200071629",
    "departement_code": "85",
    "region_code": "52",
    "postal_code": "85670"
  },
  {
    "name": "Saint-Cyr-des-Gâts",
    "code": "85205",
    "epci_code": "200071934",
    "departement_code": "85",
    "region_code": "52",
    "postal_code": "85410"
  },
  {
    "name": "Saint-Cyr-en-Talmondais",
    "code": "85206",
    "epci_code": "200071900",
    "departement_code": "85",
    "region_code": "52",
    "postal_code": "85540"
  },
  {
    "name": "Saint-Denis-du-Payré",
    "code": "85207",
    "epci_code": "200073260",
    "departement_code": "85",
    "region_code": "52",
    "postal_code": "85580"
  },
  {
    "name": "Saint-Denis-la-Chevasse",
    "code": "85208",
    "epci_code": "200072882",
    "departement_code": "85",
    "region_code": "52",
    "postal_code": "85170"
  },
  {
    "name": "Saint-Étienne-de-Brillouet",
    "code": "85209",
    "epci_code": "200073260",
    "departement_code": "85",
    "region_code": "52",
    "postal_code": "85210"
  },
  {
    "name": "Saint-Étienne-du-Bois",
    "code": "85210",
    "epci_code": "200072882",
    "departement_code": "85",
    "region_code": "52",
    "postal_code": "85670"
  },
  {
    "name": "Sainte-Flaive-des-Loups",
    "code": "85211",
    "epci_code": "248500530",
    "departement_code": "85",
    "region_code": "52",
    "postal_code": "85150"
  },
  {
    "name": "Sainte-Florence",
    "code": "85212",
    "epci_code": "200071918",
    "departement_code": "85",
    "region_code": "52",
    "postal_code": "85140"
  },
  {
    "name": "Rives de l’Yon",
    "code": "85213",
    "epci_code": "248500589",
    "departement_code": "85",
    "region_code": "52",
    "postal_code": "85310"
  },
  {
    "name": "Sainte-Foy",
    "code": "85214",
    "epci_code": "200071165",
    "departement_code": "85",
    "region_code": "52",
    "postal_code": "85150"
  },
  {
    "name": "Saint-Fulgent",
    "code": "85215",
    "epci_code": "200071918",
    "departement_code": "85",
    "region_code": "52",
    "postal_code": "85250"
  },
  {
    "name": "Sainte-Gemme-la-Plaine",
    "code": "85216",
    "epci_code": "200073260",
    "departement_code": "85",
    "region_code": "52",
    "postal_code": "85400"
  },
  {
    "name": "Saint-Georges-de-Pointindoux",
    "code": "85218",
    "epci_code": "248500530",
    "departement_code": "85",
    "region_code": "52",
    "postal_code": "85150"
  },
  {
    "name": "Saint-Germain-de-Prinçay",
    "code": "85220",
    "epci_code": "248500340",
    "departement_code": "85",
    "region_code": "52",
    "postal_code": "85110"
  },
  {
    "name": "Saint-Gervais",
    "code": "85221",
    "epci_code": "200071629",
    "departement_code": "85",
    "region_code": "52",
    "postal_code": "85230"
  },
  {
    "name": "Saint-Gilles-Croix-de-Vie",
    "code": "85222",
    "epci_code": "200023778",
    "departement_code": "85",
    "region_code": "52",
    "postal_code": "85800"
  },
  {
    "name": "Saint-Jean-d’Hermine",
    "code": "85223",
    "epci_code": "200073260",
    "departement_code": "85",
    "region_code": "52",
    "postal_code": "85210"
  },
  {
    "name": "Saint-Hilaire-de-Riez",
    "code": "85226",
    "epci_code": "200023778",
    "departement_code": "85",
    "region_code": "52",
    "postal_code": "85270"
  },
  {
    "name": "Saint-Hilaire-des-Loges",
    "code": "85227",
    "epci_code": "248500563",
    "departement_code": "85",
    "region_code": "52",
    "postal_code": "85240"
  },
  {
    "name": "Saint-Hilaire-de-Voust",
    "code": "85229",
    "epci_code": "248500415",
    "departement_code": "85",
    "region_code": "52",
    "postal_code": "85120"
  },
  {
    "name": "Saint-Hilaire-la-Forêt",
    "code": "85231",
    "epci_code": "200071900",
    "departement_code": "85",
    "region_code": "52",
    "postal_code": "85440"
  },
  {
    "name": "Saint-Hilaire-le-Vouhis",
    "code": "85232",
    "epci_code": "248500340",
    "departement_code": "85",
    "region_code": "52",
    "postal_code": "85480"
  },
  {
    "name": "Saint-Jean-de-Monts",
    "code": "85234",
    "epci_code": "248500258",
    "departement_code": "85",
    "region_code": "52",
    "postal_code": "85160"
  },
  {
    "name": "Saint-Juire-Champgillon",
    "code": "85235",
    "epci_code": "200073260",
    "departement_code": "85",
    "region_code": "52",
    "postal_code": "85210"
  },
  {
    "name": "Saint-Julien-des-Landes",
    "code": "85236",
    "epci_code": "248500530",
    "departement_code": "85",
    "region_code": "52",
    "postal_code": "85150"
  },
  {
    "name": "Saint-Laurent-de-la-Salle",
    "code": "85237",
    "epci_code": "200071934",
    "departement_code": "85",
    "region_code": "52",
    "postal_code": "85410"
  },
  {
    "name": "Saint-Laurent-sur-Sèvre",
    "code": "85238",
    "epci_code": "248500662",
    "departement_code": "85",
    "region_code": "52",
    "postal_code": "85290"
  },
  {
    "name": "Saint-Maixent-sur-Vie",
    "code": "85239",
    "epci_code": "200023778",
    "departement_code": "85",
    "region_code": "52",
    "postal_code": "85220"
  },
  {
    "name": "Saint-Malô-du-Bois",
    "code": "85240",
    "epci_code": "248500662",
    "departement_code": "85",
    "region_code": "52",
    "postal_code": "85590"
  },
  {
    "name": "Saint-Mars-la-Réorthe",
    "code": "85242",
    "epci_code": "248500621",
    "departement_code": "85",
    "region_code": "52",
    "postal_code": "85590"
  },
  {
    "name": "Brem-sur-Mer",
    "code": "85243",
    "epci_code": "200023778",
    "departement_code": "85",
    "region_code": "52",
    "postal_code": "85470"
  },
  {
    "name": "Saint-Martin-de-Fraigneau",
    "code": "85244",
    "epci_code": "200071934",
    "departement_code": "85",
    "region_code": "52",
    "postal_code": "85200"
  },
  {
    "name": "Saint-Martin-des-Fontaines",
    "code": "85245",
    "epci_code": "200071934",
    "departement_code": "85",
    "region_code": "52",
    "postal_code": "85570"
  },
  {
    "name": "Saint-Martin-des-Noyers",
    "code": "85246",
    "epci_code": "248500340",
    "departement_code": "85",
    "region_code": "52",
    "postal_code": "85140"
  },
  {
    "name": "Saint-Martin-des-Tilleuls",
    "code": "85247",
    "epci_code": "248500662",
    "departement_code": "85",
    "region_code": "52",
    "postal_code": "85130"
  },
  {
    "name": "Saint-Martin-Lars-en-Sainte-Hermine",
    "code": "85248",
    "epci_code": "200073260",
    "departement_code": "85",
    "region_code": "52",
    "postal_code": "85210"
  },
  {
    "name": "Saint-Mathurin",
    "code": "85250",
    "epci_code": "200071165",
    "departement_code": "85",
    "region_code": "52",
    "postal_code": "85150"
  },
  {
    "name": "Saint-Maurice-des-Noues",
    "code": "85251",
    "epci_code": "248500415",
    "departement_code": "85",
    "region_code": "52",
    "postal_code": "85120"
  },
  {
    "name": "Saint-Maurice-le-Girard",
    "code": "85252",
    "epci_code": "248500415",
    "departement_code": "85",
    "region_code": "52",
    "postal_code": "85390"
  },
  {
    "name": "Saint-Mesmin",
    "code": "85254",
    "epci_code": "248500464",
    "departement_code": "85",
    "region_code": "52",
    "postal_code": "85700"
  },
  {
    "name": "Saint-Michel-en-l’Herm",
    "code": "85255",
    "epci_code": "200073260",
    "departement_code": "85",
    "region_code": "52",
    "postal_code": "85580"
  },
  {
    "name": "Saint-Michel-le-Cloucq",
    "code": "85256",
    "epci_code": "200071934",
    "departement_code": "85",
    "region_code": "52",
    "postal_code": "85200"
  },
  {
    "name": "Saint-Paul-en-Pareds",
    "code": "85259",
    "epci_code": "248500621",
    "departement_code": "85",
    "region_code": "52",
    "postal_code": "85500"
  },
  {
    "name": "Saint-Paul-Mont-Penit",
    "code": "85260",
    "epci_code": "200072882",
    "departement_code": "85",
    "region_code": "52",
    "postal_code": "85670"
  },
  {
    "name": "Sainte-Pexine",
    "code": "85261",
    "epci_code": "200073260",
    "departement_code": "85",
    "region_code": "52",
    "postal_code": "85320"
  },
  {
    "name": "Saint-Philbert-de-Bouaine",
    "code": "85262",
    "epci_code": "200070233",
    "departement_code": "85",
    "region_code": "52",
    "postal_code": "85660"
  },
  {
    "name": "Saint-Pierre-du-Chemin",
    "code": "85264",
    "epci_code": "248500415",
    "departement_code": "85",
    "region_code": "52",
    "postal_code": "85120"
  },
  {
    "name": "Saint-Pierre-le-Vieux",
    "code": "85265",
    "epci_code": "248500563",
    "departement_code": "85",
    "region_code": "52",
    "postal_code": "85420"
  },
  {
    "name": "Saint-Prouant",
    "code": "85266",
    "epci_code": "248500340",
    "departement_code": "85",
    "region_code": "52",
    "postal_code": "85110"
  },
  {
    "name": "Sainte-Radégonde-des-Noyers",
    "code": "85267",
    "epci_code": "200073260",
    "departement_code": "85",
    "region_code": "52",
    "postal_code": "85450"
  },
  {
    "name": "Saint-Révérend",
    "code": "85268",
    "epci_code": "200023778",
    "departement_code": "85",
    "region_code": "52",
    "postal_code": "85220"
  },
  {
    "name": "Saint-Sigismond",
    "code": "85269",
    "epci_code": "248500563",
    "departement_code": "85",
    "region_code": "52",
    "postal_code": "85420"
  },
  {
    "name": "Saint-Urbain",
    "code": "85273",
    "epci_code": "200071629",
    "departement_code": "85",
    "region_code": "52",
    "postal_code": "85230"
  },
  {
    "name": "Saint-Valérien",
    "code": "85274",
    "epci_code": "200071934",
    "departement_code": "85",
    "region_code": "52",
    "postal_code": "85570"
  },
  {
    "name": "Saint-Vincent-Sterlanges",
    "code": "85276",
    "epci_code": "248500340",
    "departement_code": "85",
    "region_code": "52",
    "postal_code": "85110"
  },
  {
    "name": "Saint-Vincent-sur-Graon",
    "code": "85277",
    "epci_code": "200071900",
    "departement_code": "85",
    "region_code": "52",
    "postal_code": "85540"
  },
  {
    "name": "Saint-Vincent-sur-Jard",
    "code": "85278",
    "epci_code": "200071900",
    "departement_code": "85",
    "region_code": "52",
    "postal_code": "85520"
  },
  {
    "name": "Sallertaine",
    "code": "85280",
    "epci_code": "200071629",
    "departement_code": "85",
    "region_code": "52",
    "postal_code": "85300"
  },
  {
    "name": "Sérigné",
    "code": "85281",
    "epci_code": "200071934",
    "departement_code": "85",
    "region_code": "52",
    "postal_code": "85200"
  },
  {
    "name": "Sigournais",
    "code": "85282",
    "epci_code": "248500340",
    "departement_code": "85",
    "region_code": "52",
    "postal_code": "85110"
  },
  {
    "name": "Soullans",
    "code": "85284",
    "epci_code": "248500258",
    "departement_code": "85",
    "region_code": "52",
    "postal_code": "85300"
  },
  {
    "name": "Le Tablier",
    "code": "85285",
    "epci_code": "248500589",
    "departement_code": "85",
    "region_code": "52",
    "postal_code": "85310"
  },
  {
    "name": "La Taillée",
    "code": "85286",
    "epci_code": "200073260",
    "departement_code": "85",
    "region_code": "52",
    "postal_code": "85450"
  },
  {
    "name": "Tallud-Sainte-Gemme",
    "code": "85287",
    "epci_code": "248500464",
    "departement_code": "85",
    "region_code": "52",
    "postal_code": "85390"
  },
  {
    "name": "Talmont-Saint-Hilaire",
    "code": "85288",
    "epci_code": "200071900",
    "departement_code": "85",
    "region_code": "52",
    "postal_code": "85440"
  },
  {
    "name": "Terval",
    "code": "85289",
    "epci_code": "248500415",
    "departement_code": "85",
    "region_code": "52",
    "postal_code": "85120"
  },
  {
    "name": "Thiré",
    "code": "85290",
    "epci_code": "200073260",
    "departement_code": "85",
    "region_code": "52",
    "postal_code": "85210"
  },
  {
    "name": "Thorigny",
    "code": "85291",
    "epci_code": "248500589",
    "departement_code": "85",
    "region_code": "52",
    "postal_code": "85480"
  },
  {
    "name": "Rives-du-Fougerais",
    "code": "85292",
    "epci_code": "248500415",
    "departement_code": "85",
    "region_code": "52",
    "postal_code": "85410"
  },
  {
    "name": "Tiffauges",
    "code": "85293",
    "epci_code": "248500662",
    "departement_code": "85",
    "region_code": "52",
    "postal_code": "85130"
  },
  {
    "name": "La Tranche-sur-Mer",
    "code": "85294",
    "epci_code": "200073260",
    "departement_code": "85",
    "region_code": "52",
    "postal_code": "85360"
  },
  {
    "name": "Treize-Septiers",
    "code": "85295",
    "epci_code": "200070233",
    "departement_code": "85",
    "region_code": "52",
    "postal_code": "85600"
  },
  {
    "name": "Treize-Vents",
    "code": "85296",
    "epci_code": "248500662",
    "departement_code": "85",
    "region_code": "52",
    "postal_code": "85590"
  },
  {
    "name": "Triaize",
    "code": "85297",
    "epci_code": "200073260",
    "departement_code": "85",
    "region_code": "52",
    "postal_code": "85580"
  },
  {
    "name": "Vairé",
    "code": "85298",
    "epci_code": "200071165",
    "departement_code": "85",
    "region_code": "52",
    "postal_code": "85150"
  },
  {
    "name": "Venansault",
    "code": "85300",
    "epci_code": "248500589",
    "departement_code": "85",
    "region_code": "52",
    "postal_code": "85190"
  },
  {
    "name": "Vendrennes",
    "code": "85301",
    "epci_code": "248500621",
    "departement_code": "85",
    "region_code": "52",
    "postal_code": "85250"
  },
  {
    "name": "Chanverrie",
    "code": "85302",
    "epci_code": "248500662",
    "departement_code": "85",
    "region_code": "52",
    "postal_code": "85130"
  },
  {
    "name": "Chanverrie",
    "code": "85302",
    "epci_code": "248500662",
    "departement_code": "85",
    "region_code": "52",
    "postal_code": "85500"
  },
  {
    "name": "Vix",
    "code": "85303",
    "epci_code": "248500563",
    "departement_code": "85",
    "region_code": "52",
    "postal_code": "85770"
  },
  {
    "name": "Vouillé-les-Marais",
    "code": "85304",
    "epci_code": "200073260",
    "departement_code": "85",
    "region_code": "52",
    "postal_code": "85450"
  },
  {
    "name": "Vouvant",
    "code": "85305",
    "epci_code": "200071934",
    "departement_code": "85",
    "region_code": "52",
    "postal_code": "85120"
  },
  {
    "name": "Xanton-Chassenon",
    "code": "85306",
    "epci_code": "248500563",
    "departement_code": "85",
    "region_code": "52",
    "postal_code": "85240"
  }
]