[
  {
    "name": "Agnat",
    "code": "43001",
    "epci_code": "200085728",
    "departement_code": "43",
    "region_code": "84",
    "postal_code": "43100"
  },
  {
    "name": "Aiguilhe",
    "code": "43002",
    "epci_code": "200073419",
    "departement_code": "43",
    "region_code": "84",
    "postal_code": "43000"
  },
  {
    "name": "Allègre",
    "code": "43003",
    "epci_code": "200073419",
    "departement_code": "43",
    "region_code": "84",
    "postal_code": "43270"
  },
  {
    "name": "Alleyrac",
    "code": "43004",
    "epci_code": "200073401",
    "departement_code": "43",
    "region_code": "84",
    "postal_code": "43150"
  },
  {
    "name": "Alleyras",
    "code": "43005",
    "epci_code": "244301123",
    "departement_code": "43",
    "region_code": "84",
    "postal_code": "43580"
  },
  {
    "name": "Ally",
    "code": "43006",
    "epci_code": "200073393",
    "departement_code": "43",
    "region_code": "84",
    "postal_code": "43380"
  },
  {
    "name": "Araules",
    "code": "43007",
    "epci_code": "244301016",
    "departement_code": "43",
    "region_code": "84",
    "postal_code": "43200"
  },
  {
    "name": "Arlempdes",
    "code": "43008",
    "epci_code": "244301123",
    "departement_code": "43",
    "region_code": "84",
    "postal_code": "43490"
  },
  {
    "name": "Arlet",
    "code": "43009",
    "epci_code": "200073393",
    "departement_code": "43",
    "region_code": "84",
    "postal_code": "43380"
  },
  {
    "name": "Arsac-en-Velay",
    "code": "43010",
    "epci_code": "200073419",
    "departement_code": "43",
    "region_code": "84",
    "postal_code": "43700"
  },
  {
    "name": "Aubazat",
    "code": "43011",
    "epci_code": "200073393",
    "departement_code": "43",
    "region_code": "84",
    "postal_code": "43380"
  },
  {
    "name": "Aurec-sur-Loire",
    "code": "43012",
    "epci_code": "244301131",
    "departement_code": "43",
    "region_code": "84",
    "postal_code": "43110"
  },
  {
    "name": "Vissac-Auteyrac",
    "code": "43013",
    "epci_code": "200073393",
    "departement_code": "43",
    "region_code": "84",
    "postal_code": "43300"
  },
  {
    "name": "Autrac",
    "code": "43014",
    "epci_code": "200085728",
    "departement_code": "43",
    "region_code": "84",
    "postal_code": "43450"
  },
  {
    "name": "Auvers",
    "code": "43015",
    "epci_code": "200073393",
    "departement_code": "43",
    "region_code": "84",
    "postal_code": "43300"
  },
  {
    "name": "Auzon",
    "code": "43016",
    "epci_code": "244301099",
    "departement_code": "43",
    "region_code": "84",
    "postal_code": "43390"
  },
  {
    "name": "Azérat",
    "code": "43017",
    "epci_code": "244301099",
    "departement_code": "43",
    "region_code": "84",
    "postal_code": "43390"
  },
  {
    "name": "Bains",
    "code": "43018",
    "epci_code": "200073419",
    "departement_code": "43",
    "region_code": "84",
    "postal_code": "43370"
  },
  {
    "name": "Barges",
    "code": "43019",
    "epci_code": "244301123",
    "departement_code": "43",
    "region_code": "84",
    "postal_code": "43340"
  },
  {
    "name": "Bas-en-Basset",
    "code": "43020",
    "epci_code": "200073427",
    "departement_code": "43",
    "region_code": "84",
    "postal_code": "43210"
  },
  {
    "name": "Beaulieu",
    "code": "43021",
    "epci_code": "200073419",
    "departement_code": "43",
    "region_code": "84",
    "postal_code": "43800"
  },
  {
    "name": "Beaumont",
    "code": "43022",
    "epci_code": "200085728",
    "departement_code": "43",
    "region_code": "84",
    "postal_code": "43100"
  },
  {
    "name": "Beaune-sur-Arzon",
    "code": "43023",
    "epci_code": "200073419",
    "departement_code": "43",
    "region_code": "84",
    "postal_code": "43500"
  },
  {
    "name": "Beaux",
    "code": "43024",
    "epci_code": "244301016",
    "departement_code": "43",
    "region_code": "84",
    "postal_code": "43200"
  },
  {
    "name": "Beauzac",
    "code": "43025",
    "epci_code": "200073427",
    "departement_code": "43",
    "region_code": "84",
    "postal_code": "43590"
  },
  {
    "name": "Bellevue-la-Montagne",
    "code": "43026",
    "epci_code": "200073419",
    "departement_code": "43",
    "region_code": "84",
    "postal_code": "43350"
  },
  {
    "name": "Berbezit",
    "code": "43027",
    "epci_code": "200073393",
    "departement_code": "43",
    "region_code": "84",
    "postal_code": "43160"
  },
  {
    "name": "Bessamorel",
    "code": "43028",
    "epci_code": "244301016",
    "departement_code": "43",
    "region_code": "84",
    "postal_code": "43200"
  },
  {
    "name": "La Besseyre-Saint-Mary",
    "code": "43029",
    "epci_code": "200073393",
    "departement_code": "43",
    "region_code": "84",
    "postal_code": "43170"
  },
  {
    "name": "Blanzac",
    "code": "43030",
    "epci_code": "200073419",
    "departement_code": "43",
    "region_code": "84",
    "postal_code": "43350"
  },
  {
    "name": "Blassac",
    "code": "43031",
    "epci_code": "200073393",
    "departement_code": "43",
    "region_code": "84",
    "postal_code": "43380"
  },
  {
    "name": "Blavozy",
    "code": "43032",
    "epci_code": "200073419",
    "departement_code": "43",
    "region_code": "84",
    "postal_code": "43700"
  },
  {
    "name": "Blesle",
    "code": "43033",
    "epci_code": "200085728",
    "departement_code": "43",
    "region_code": "84",
    "postal_code": "43450"
  },
  {
    "name": "Boisset",
    "code": "43034",
    "epci_code": "200073427",
    "departement_code": "43",
    "region_code": "84",
    "postal_code": "43500"
  },
  {
    "name": "Bonneval",
    "code": "43035",
    "epci_code": "200073419",
    "departement_code": "43",
    "region_code": "84",
    "postal_code": "43160"
  },
  {
    "name": "Borne",
    "code": "43036",
    "epci_code": "200073419",
    "departement_code": "43",
    "region_code": "84",
    "postal_code": "43350"
  },
  {
    "name": "Le Bouchet-Saint-Nicolas",
    "code": "43037",
    "epci_code": "244301123",
    "departement_code": "43",
    "region_code": "84",
    "postal_code": "43510"
  },
  {
    "name": "Bournoncle-Saint-Pierre",
    "code": "43038",
    "epci_code": "200085728",
    "departement_code": "43",
    "region_code": "84",
    "postal_code": "43360"
  },
  {
    "name": "Le Brignon",
    "code": "43039",
    "epci_code": "200073419",
    "departement_code": "43",
    "region_code": "84",
    "postal_code": "43370"
  },
  {
    "name": "Brioude",
    "code": "43040",
    "epci_code": "200085728",
    "departement_code": "43",
    "region_code": "84",
    "postal_code": "43100"
  },
  {
    "name": "Brives-Charensac",
    "code": "43041",
    "epci_code": "200073419",
    "departement_code": "43",
    "region_code": "84",
    "postal_code": "43700"
  },
  {
    "name": "Cayres",
    "code": "43042",
    "epci_code": "244301123",
    "departement_code": "43",
    "region_code": "84",
    "postal_code": "43510"
  },
  {
    "name": "Céaux-d’Allègre",
    "code": "43043",
    "epci_code": "200073419",
    "departement_code": "43",
    "region_code": "84",
    "postal_code": "43270"
  },
  {
    "name": "Cerzat",
    "code": "43044",
    "epci_code": "200073393",
    "departement_code": "43",
    "region_code": "84",
    "postal_code": "43380"
  },
  {
    "name": "Ceyssac",
    "code": "43045",
    "epci_code": "200073419",
    "departement_code": "43",
    "region_code": "84",
    "postal_code": "43000"
  },
  {
    "name": "Chadrac",
    "code": "43046",
    "epci_code": "200073419",
    "departement_code": "43",
    "region_code": "84",
    "postal_code": "43770"
  },
  {
    "name": "Chadron",
    "code": "43047",
    "epci_code": "200073401",
    "departement_code": "43",
    "region_code": "84",
    "postal_code": "43150"
  },
  {
    "name": "La Chaise-Dieu",
    "code": "43048",
    "epci_code": "200073419",
    "departement_code": "43",
    "region_code": "84",
    "postal_code": "43160"
  },
  {
    "name": "Chamalières-sur-Loire",
    "code": "43049",
    "epci_code": "200073419",
    "departement_code": "43",
    "region_code": "84",
    "postal_code": "43800"
  },
  {
    "name": "Chambezon",
    "code": "43050",
    "epci_code": "244301099",
    "departement_code": "43",
    "region_code": "84",
    "postal_code": "43410"
  },
  {
    "name": "Le Chambon-sur-Lignon",
    "code": "43051",
    "epci_code": "244301107",
    "departement_code": "43",
    "region_code": "84",
    "postal_code": "43400"
  },
  {
    "name": "Champagnac-le-Vieux",
    "code": "43052",
    "epci_code": "244301099",
    "departement_code": "43",
    "region_code": "84",
    "postal_code": "43440"
  },
  {
    "name": "Champclause",
    "code": "43053",
    "epci_code": "200073401",
    "departement_code": "43",
    "region_code": "84",
    "postal_code": "43260"
  },
  {
    "name": "Champclause",
    "code": "43053",
    "epci_code": "200073401",
    "departement_code": "43",
    "region_code": "84",
    "postal_code": "43430"
  },
  {
    "name": "Chanaleilles",
    "code": "43054",
    "epci_code": "200073393",
    "departement_code": "43",
    "region_code": "84",
    "postal_code": "43170"
  },
  {
    "name": "Chaniat",
    "code": "43055",
    "epci_code": "200085728",
    "departement_code": "43",
    "region_code": "84",
    "postal_code": "43100"
  },
  {
    "name": "Chanteuges",
    "code": "43056",
    "epci_code": "200073393",
    "departement_code": "43",
    "region_code": "84",
    "postal_code": "43300"
  },
  {
    "name": "La Chapelle-Bertin",
    "code": "43057",
    "epci_code": "200073419",
    "departement_code": "43",
    "region_code": "84",
    "postal_code": "43270"
  },
  {
    "name": "La Chapelle-d’Aurec",
    "code": "43058",
    "epci_code": "200073427",
    "departement_code": "43",
    "region_code": "84",
    "postal_code": "43120"
  },
  {
    "name": "La Chapelle-Geneste",
    "code": "43059",
    "epci_code": "200073419",
    "departement_code": "43",
    "region_code": "84",
    "postal_code": "43160"
  },
  {
    "name": "Charraix",
    "code": "43060",
    "epci_code": "200073393",
    "departement_code": "43",
    "region_code": "84",
    "postal_code": "43300"
  },
  {
    "name": "Chaspinhac",
    "code": "43061",
    "epci_code": "200073419",
    "departement_code": "43",
    "region_code": "84",
    "postal_code": "43700"
  },
  {
    "name": "Chaspuzac",
    "code": "43062",
    "epci_code": "200073419",
    "departement_code": "43",
    "region_code": "84",
    "postal_code": "43320"
  },
  {
    "name": "Chassagnes",
    "code": "43063",
    "epci_code": "200073393",
    "departement_code": "43",
    "region_code": "84",
    "postal_code": "43230"
  },
  {
    "name": "Chassignolles",
    "code": "43064",
    "epci_code": "244301099",
    "departement_code": "43",
    "region_code": "84",
    "postal_code": "43440"
  },
  {
    "name": "Chastel",
    "code": "43065",
    "epci_code": "200073393",
    "departement_code": "43",
    "region_code": "84",
    "postal_code": "43300"
  },
  {
    "name": "Chaudeyrolles",
    "code": "43066",
    "epci_code": "200073401",
    "departement_code": "43",
    "region_code": "84",
    "postal_code": "43430"
  },
  {
    "name": "Chavaniac-Lafayette",
    "code": "43067",
    "epci_code": "200073393",
    "departement_code": "43",
    "region_code": "84",
    "postal_code": "43230"
  },
  {
    "name": "Chazelles",
    "code": "43068",
    "epci_code": "200073393",
    "departement_code": "43",
    "region_code": "84",
    "postal_code": "43300"
  },
  {
    "name": "Chenereilles",
    "code": "43069",
    "epci_code": "244301107",
    "departement_code": "43",
    "region_code": "84",
    "postal_code": "43190"
  },
  {
    "name": "Chilhac",
    "code": "43070",
    "epci_code": "200073393",
    "departement_code": "43",
    "region_code": "84",
    "postal_code": "43380"
  },
  {
    "name": "Chomelix",
    "code": "43071",
    "epci_code": "200073419",
    "departement_code": "43",
    "region_code": "84",
    "postal_code": "43500"
  },
  {
    "name": "La Chomette",
    "code": "43072",
    "epci_code": "200073393",
    "departement_code": "43",
    "region_code": "84",
    "postal_code": "43230"
  },
  {
    "name": "Cistrières",
    "code": "43073",
    "epci_code": "200073419",
    "departement_code": "43",
    "region_code": "84",
    "postal_code": "43160"
  },
  {
    "name": "Cohade",
    "code": "43074",
    "epci_code": "200085728",
    "departement_code": "43",
    "region_code": "84",
    "postal_code": "43100"
  },
  {
    "name": "Collat",
    "code": "43075",
    "epci_code": "200073393",
    "departement_code": "43",
    "region_code": "84",
    "postal_code": "43230"
  },
  {
    "name": "Connangles",
    "code": "43076",
    "epci_code": "200073419",
    "departement_code": "43",
    "region_code": "84",
    "postal_code": "43160"
  },
  {
    "name": "Costaros",
    "code": "43077",
    "epci_code": "244301123",
    "departement_code": "43",
    "region_code": "84",
    "postal_code": "43490"
  },
  {
    "name": "Coubon",
    "code": "43078",
    "epci_code": "200073419",
    "departement_code": "43",
    "region_code": "84",
    "postal_code": "43700"
  },
  {
    "name": "Couteuges",
    "code": "43079",
    "epci_code": "200073393",
    "departement_code": "43",
    "region_code": "84",
    "postal_code": "43230"
  },
  {
    "name": "Craponne-sur-Arzon",
    "code": "43080",
    "epci_code": "200073419",
    "departement_code": "43",
    "region_code": "84",
    "postal_code": "43500"
  },
  {
    "name": "Cronce",
    "code": "43082",
    "epci_code": "200073393",
    "departement_code": "43",
    "region_code": "84",
    "postal_code": "43300"
  },
  {
    "name": "Cubelles",
    "code": "43083",
    "epci_code": "200073393",
    "departement_code": "43",
    "region_code": "84",
    "postal_code": "43170"
  },
  {
    "name": "Cussac-sur-Loire",
    "code": "43084",
    "epci_code": "200073419",
    "departement_code": "43",
    "region_code": "84",
    "postal_code": "43370"
  },
  {
    "name": "Desges",
    "code": "43085",
    "epci_code": "200073393",
    "departement_code": "43",
    "region_code": "84",
    "postal_code": "43300"
  },
  {
    "name": "Domeyrat",
    "code": "43086",
    "epci_code": "200073393",
    "departement_code": "43",
    "region_code": "84",
    "postal_code": "43230"
  },
  {
    "name": "Dunières",
    "code": "43087",
    "epci_code": "244300307",
    "departement_code": "43",
    "region_code": "84",
    "postal_code": "43220"
  },
  {
    "name": "Espalem",
    "code": "43088",
    "epci_code": "200085728",
    "departement_code": "43",
    "region_code": "84",
    "postal_code": "43450"
  },
  {
    "name": "Espaly-Saint-Marcel",
    "code": "43089",
    "epci_code": "200073419",
    "departement_code": "43",
    "region_code": "84",
    "postal_code": "43000"
  },
  {
    "name": "Esplantas-Vazeilles",
    "code": "43090",
    "epci_code": "200073393",
    "departement_code": "43",
    "region_code": "84",
    "postal_code": "43170"
  },
  {
    "name": "Esplantas-Vazeilles",
    "code": "43090",
    "epci_code": "200073393",
    "departement_code": "43",
    "region_code": "84",
    "postal_code": "43580"
  },
  {
    "name": "Les Estables",
    "code": "43091",
    "epci_code": "200073401",
    "departement_code": "43",
    "region_code": "84",
    "postal_code": "43150"
  },
  {
    "name": "Fay-sur-Lignon",
    "code": "43092",
    "epci_code": "200073401",
    "departement_code": "43",
    "region_code": "84",
    "postal_code": "43430"
  },
  {
    "name": "Félines",
    "code": "43093",
    "epci_code": "200073419",
    "departement_code": "43",
    "region_code": "84",
    "postal_code": "43160"
  },
  {
    "name": "Ferrussac",
    "code": "43094",
    "epci_code": "200073393",
    "departement_code": "43",
    "region_code": "84",
    "postal_code": "43300"
  },
  {
    "name": "Fix-Saint-Geneys",
    "code": "43095",
    "epci_code": "200073419",
    "departement_code": "43",
    "region_code": "84",
    "postal_code": "43320"
  },
  {
    "name": "Fontannes",
    "code": "43096",
    "epci_code": "200085728",
    "departement_code": "43",
    "region_code": "84",
    "postal_code": "43100"
  },
  {
    "name": "Freycenet-la-Cuche",
    "code": "43097",
    "epci_code": "200073401",
    "departement_code": "43",
    "region_code": "84",
    "postal_code": "43150"
  },
  {
    "name": "Freycenet-la-Tour",
    "code": "43098",
    "epci_code": "200073401",
    "departement_code": "43",
    "region_code": "84",
    "postal_code": "43150"
  },
  {
    "name": "Frugerès-les-Mines",
    "code": "43099",
    "epci_code": "244301099",
    "departement_code": "43",
    "region_code": "84",
    "postal_code": "43250"
  },
  {
    "name": "Frugières-le-Pin",
    "code": "43100",
    "epci_code": "200085728",
    "departement_code": "43",
    "region_code": "84",
    "postal_code": "43230"
  },
  {
    "name": "Goudet",
    "code": "43101",
    "epci_code": "200073401",
    "departement_code": "43",
    "region_code": "84",
    "postal_code": "43150"
  },
  {
    "name": "Grazac",
    "code": "43102",
    "epci_code": "244301016",
    "departement_code": "43",
    "region_code": "84",
    "postal_code": "43200"
  },
  {
    "name": "Grenier-Montgon",
    "code": "43103",
    "epci_code": "200085728",
    "departement_code": "43",
    "region_code": "84",
    "postal_code": "43450"
  },
  {
    "name": "Grèzes",
    "code": "43104",
    "epci_code": "200073393",
    "departement_code": "43",
    "region_code": "84",
    "postal_code": "43170"
  },
  {
    "name": "Javaugues",
    "code": "43105",
    "epci_code": "200085728",
    "departement_code": "43",
    "region_code": "84",
    "postal_code": "43100"
  },
  {
    "name": "Jax",
    "code": "43106",
    "epci_code": "200073393",
    "departement_code": "43",
    "region_code": "84",
    "postal_code": "43230"
  },
  {
    "name": "Josat",
    "code": "43107",
    "epci_code": "200073393",
    "departement_code": "43",
    "region_code": "84",
    "postal_code": "43230"
  },
  {
    "name": "Jullianges",
    "code": "43108",
    "epci_code": "200073419",
    "departement_code": "43",
    "region_code": "84",
    "postal_code": "43500"
  },
  {
    "name": "Lafarre",
    "code": "43109",
    "epci_code": "244301123",
    "departement_code": "43",
    "region_code": "84",
    "postal_code": "43490"
  },
  {
    "name": "Lamothe",
    "code": "43110",
    "epci_code": "200085728",
    "departement_code": "43",
    "region_code": "84",
    "postal_code": "43100"
  },
  {
    "name": "Landos",
    "code": "43111",
    "epci_code": "244301123",
    "departement_code": "43",
    "region_code": "84",
    "postal_code": "43340"
  },
  {
    "name": "Langeac",
    "code": "43112",
    "epci_code": "200073393",
    "departement_code": "43",
    "region_code": "84",
    "postal_code": "43300"
  },
  {
    "name": "Lantriac",
    "code": "43113",
    "epci_code": "200073401",
    "departement_code": "43",
    "region_code": "84",
    "postal_code": "43260"
  },
  {
    "name": "Lapte",
    "code": "43114",
    "epci_code": "244301016",
    "departement_code": "43",
    "region_code": "84",
    "postal_code": "43200"
  },
  {
    "name": "Laussonne",
    "code": "43115",
    "epci_code": "200073401",
    "departement_code": "43",
    "region_code": "84",
    "postal_code": "43150"
  },
  {
    "name": "Laval-sur-Doulon",
    "code": "43116",
    "epci_code": "200073419",
    "departement_code": "43",
    "region_code": "84",
    "postal_code": "43440"
  },
  {
    "name": "Lavaudieu",
    "code": "43117",
    "epci_code": "200085728",
    "departement_code": "43",
    "region_code": "84",
    "postal_code": "43100"
  },
  {
    "name": "Lavoûte-Chilhac",
    "code": "43118",
    "epci_code": "200073393",
    "departement_code": "43",
    "region_code": "84",
    "postal_code": "43380"
  },
  {
    "name": "Lavoûte-sur-Loire",
    "code": "43119",
    "epci_code": "200073419",
    "departement_code": "43",
    "region_code": "84",
    "postal_code": "43800"
  },
  {
    "name": "Lempdes-sur-Allagnon",
    "code": "43120",
    "epci_code": "244301099",
    "departement_code": "43",
    "region_code": "84",
    "postal_code": "43410"
  },
  {
    "name": "Léotoing",
    "code": "43121",
    "epci_code": "200085728",
    "departement_code": "43",
    "region_code": "84",
    "postal_code": "43410"
  },
  {
    "name": "Lissac",
    "code": "43122",
    "epci_code": "200073419",
    "departement_code": "43",
    "region_code": "84",
    "postal_code": "43350"
  },
  {
    "name": "Lorlanges",
    "code": "43123",
    "epci_code": "200085728",
    "departement_code": "43",
    "region_code": "84",
    "postal_code": "43360"
  },
  {
    "name": "Loudes",
    "code": "43124",
    "epci_code": "200073419",
    "departement_code": "43",
    "region_code": "84",
    "postal_code": "43320"
  },
  {
    "name": "Lubilhac",
    "code": "43125",
    "epci_code": "200085728",
    "departement_code": "43",
    "region_code": "84",
    "postal_code": "43100"
  },
  {
    "name": "Malrevers",
    "code": "43126",
    "epci_code": "200073419",
    "departement_code": "43",
    "region_code": "84",
    "postal_code": "43800"
  },
  {
    "name": "Malvalette",
    "code": "43127",
    "epci_code": "200073427",
    "departement_code": "43",
    "region_code": "84",
    "postal_code": "43210"
  },
  {
    "name": "Malvières",
    "code": "43128",
    "epci_code": "200073419",
    "departement_code": "43",
    "region_code": "84",
    "postal_code": "43160"
  },
  {
    "name": "Le Mas-de-Tence",
    "code": "43129",
    "epci_code": "244301107",
    "departement_code": "43",
    "region_code": "84",
    "postal_code": "43190"
  },
  {
    "name": "Mazet-Saint-Voy",
    "code": "43130",
    "epci_code": "244301107",
    "departement_code": "43",
    "region_code": "84",
    "postal_code": "43520"
  },
  {
    "name": "Mazerat-Aurouze",
    "code": "43131",
    "epci_code": "200073393",
    "departement_code": "43",
    "region_code": "84",
    "postal_code": "43230"
  },
  {
    "name": "Mazeyrat-d’Allier",
    "code": "43132",
    "epci_code": "200073393",
    "departement_code": "43",
    "region_code": "84",
    "postal_code": "43300"
  },
  {
    "name": "Mercœur",
    "code": "43133",
    "epci_code": "200073393",
    "departement_code": "43",
    "region_code": "84",
    "postal_code": "43100"
  },
  {
    "name": "Mézères",
    "code": "43134",
    "epci_code": "200073419",
    "departement_code": "43",
    "region_code": "84",
    "postal_code": "43800"
  },
  {
    "name": "Le Monastier-sur-Gazeille",
    "code": "43135",
    "epci_code": "200073401",
    "departement_code": "43",
    "region_code": "84",
    "postal_code": "43150"
  },
  {
    "name": "Monistrol-d’Allier",
    "code": "43136",
    "epci_code": "200073419",
    "departement_code": "43",
    "region_code": "84",
    "postal_code": "43580"
  },
  {
    "name": "Monistrol-sur-Loire",
    "code": "43137",
    "epci_code": "200073427",
    "departement_code": "43",
    "region_code": "84",
    "postal_code": "43120"
  },
  {
    "name": "Monlet",
    "code": "43138",
    "epci_code": "200073419",
    "departement_code": "43",
    "region_code": "84",
    "postal_code": "43270"
  },
  {
    "name": "Montclard",
    "code": "43139",
    "epci_code": "200073393",
    "departement_code": "43",
    "region_code": "84",
    "postal_code": "43230"
  },
  {
    "name": "Le Monteil",
    "code": "43140",
    "epci_code": "200073419",
    "departement_code": "43",
    "region_code": "84",
    "postal_code": "43700"
  },
  {
    "name": "Montfaucon-en-Velay",
    "code": "43141",
    "epci_code": "244300307",
    "departement_code": "43",
    "region_code": "84",
    "postal_code": "43290"
  },
  {
    "name": "Montregard",
    "code": "43142",
    "epci_code": "244300307",
    "departement_code": "43",
    "region_code": "84",
    "postal_code": "43290"
  },
  {
    "name": "Montusclat",
    "code": "43143",
    "epci_code": "200073401",
    "departement_code": "43",
    "region_code": "84",
    "postal_code": "43260"
  },
  {
    "name": "Moudeyres",
    "code": "43144",
    "epci_code": "200073401",
    "departement_code": "43",
    "region_code": "84",
    "postal_code": "43150"
  },
  {
    "name": "Ouides",
    "code": "43145",
    "epci_code": "244301123",
    "departement_code": "43",
    "region_code": "84",
    "postal_code": "43510"
  },
  {
    "name": "Paulhac",
    "code": "43147",
    "epci_code": "200085728",
    "departement_code": "43",
    "region_code": "84",
    "postal_code": "43100"
  },
  {
    "name": "Paulhaguet",
    "code": "43148",
    "epci_code": "200073393",
    "departement_code": "43",
    "region_code": "84",
    "postal_code": "43230"
  },
  {
    "name": "Pébrac",
    "code": "43149",
    "epci_code": "200073393",
    "departement_code": "43",
    "region_code": "84",
    "postal_code": "43300"
  },
  {
    "name": "Le Pertuis",
    "code": "43150",
    "epci_code": "200073419",
    "departement_code": "43",
    "region_code": "84",
    "postal_code": "43200"
  },
  {
    "name": "Pinols",
    "code": "43151",
    "epci_code": "200073393",
    "departement_code": "43",
    "region_code": "84",
    "postal_code": "43300"
  },
  {
    "name": "Polignac",
    "code": "43152",
    "epci_code": "200073419",
    "departement_code": "43",
    "region_code": "84",
    "postal_code": "43000"
  },
  {
    "name": "Pont-Salomon",
    "code": "43153",
    "epci_code": "244301131",
    "departement_code": "43",
    "region_code": "84",
    "postal_code": "43330"
  },
  {
    "name": "Pradelles",
    "code": "43154",
    "epci_code": "244301123",
    "departement_code": "43",
    "region_code": "84",
    "postal_code": "43420"
  },
  {
    "name": "Prades",
    "code": "43155",
    "epci_code": "200073393",
    "departement_code": "43",
    "region_code": "84",
    "postal_code": "43300"
  },
  {
    "name": "Présailles",
    "code": "43156",
    "epci_code": "200073401",
    "departement_code": "43",
    "region_code": "84",
    "postal_code": "43150"
  },
  {
    "name": "Le Puy-en-Velay",
    "code": "43157",
    "epci_code": "200073419",
    "departement_code": "43",
    "region_code": "84",
    "postal_code": "43000"
  },
  {
    "name": "Queyrières",
    "code": "43158",
    "epci_code": "200073401",
    "departement_code": "43",
    "region_code": "84",
    "postal_code": "43260"
  },
  {
    "name": "Raucoules",
    "code": "43159",
    "epci_code": "244300307",
    "departement_code": "43",
    "region_code": "84",
    "postal_code": "43290"
  },
  {
    "name": "Rauret",
    "code": "43160",
    "epci_code": "244301123",
    "departement_code": "43",
    "region_code": "84",
    "postal_code": "43340"
  },
  {
    "name": "Retournac",
    "code": "43162",
    "epci_code": "244301016",
    "departement_code": "43",
    "region_code": "84",
    "postal_code": "43130"
  },
  {
    "name": "Riotord",
    "code": "43163",
    "epci_code": "244300307",
    "departement_code": "43",
    "region_code": "84",
    "postal_code": "43220"
  },
  {
    "name": "Roche-en-Régnier",
    "code": "43164",
    "epci_code": "200073419",
    "departement_code": "43",
    "region_code": "84",
    "postal_code": "43810"
  },
  {
    "name": "Rosières",
    "code": "43165",
    "epci_code": "200073419",
    "departement_code": "43",
    "region_code": "84",
    "postal_code": "43800"
  },
  {
    "name": "Saint-André-de-Chalencon",
    "code": "43166",
    "epci_code": "200073427",
    "departement_code": "43",
    "region_code": "84",
    "postal_code": "43130"
  },
  {
    "name": "Saint-Arcons-d’Allier",
    "code": "43167",
    "epci_code": "200073393",
    "departement_code": "43",
    "region_code": "84",
    "postal_code": "43300"
  },
  {
    "name": "Saint-Arcons-de-Barges",
    "code": "43168",
    "epci_code": "244301123",
    "departement_code": "43",
    "region_code": "84",
    "postal_code": "43420"
  },
  {
    "name": "Saint-Austremoine",
    "code": "43169",
    "epci_code": "200073393",
    "departement_code": "43",
    "region_code": "84",
    "postal_code": "43380"
  },
  {
    "name": "Saint-Beauzire",
    "code": "43170",
    "epci_code": "200085728",
    "departement_code": "43",
    "region_code": "84",
    "postal_code": "43100"
  },
  {
    "name": "Saint-Bérain",
    "code": "43171",
    "epci_code": "200073393",
    "departement_code": "43",
    "region_code": "84",
    "postal_code": "43300"
  },
  {
    "name": "Saint-Bonnet-le-Froid",
    "code": "43172",
    "epci_code": "244300307",
    "departement_code": "43",
    "region_code": "84",
    "postal_code": "43290"
  },
  {
    "name": "Saint-Christophe-d’Allier",
    "code": "43173",
    "epci_code": "244301123",
    "departement_code": "43",
    "region_code": "84",
    "postal_code": "43340"
  },
  {
    "name": "Saint-Christophe-sur-Dolaizon",
    "code": "43174",
    "epci_code": "200073419",
    "departement_code": "43",
    "region_code": "84",
    "postal_code": "43370"
  },
  {
    "name": "Saint-Cirgues",
    "code": "43175",
    "epci_code": "200073393",
    "departement_code": "43",
    "region_code": "84",
    "postal_code": "43380"
  },
  {
    "name": "Saint-Didier-en-Velay",
    "code": "43177",
    "epci_code": "244301131",
    "departement_code": "43",
    "region_code": "84",
    "postal_code": "43140"
  },
  {
    "name": "Saint-Didier-sur-Doulon",
    "code": "43178",
    "epci_code": "200073393",
    "departement_code": "43",
    "region_code": "84",
    "postal_code": "43440"
  },
  {
    "name": "Saint-Étienne-du-Vigan",
    "code": "43180",
    "epci_code": "244301123",
    "departement_code": "43",
    "region_code": "84",
    "postal_code": "43420"
  },
  {
    "name": "Saint-Étienne-Lardeyrol",
    "code": "43181",
    "epci_code": "200073419",
    "departement_code": "43",
    "region_code": "84",
    "postal_code": "43260"
  },
  {
    "name": "Saint-Étienne-sur-Blesle",
    "code": "43182",
    "epci_code": "200085728",
    "departement_code": "43",
    "region_code": "84",
    "postal_code": "43450"
  },
  {
    "name": "Sainte-Eugénie-de-Villeneuve",
    "code": "43183",
    "epci_code": "200073393",
    "departement_code": "43",
    "region_code": "84",
    "postal_code": "43230"
  },
  {
    "name": "Saint-Ferréol-d’Auroure",
    "code": "43184",
    "epci_code": "244301131",
    "departement_code": "43",
    "region_code": "84",
    "postal_code": "43330"
  },
  {
    "name": "Sainte-Florine",
    "code": "43185",
    "epci_code": "244301099",
    "departement_code": "43",
    "region_code": "84",
    "postal_code": "43250"
  },
  {
    "name": "Saint-Front",
    "code": "43186",
    "epci_code": "200073401",
    "departement_code": "43",
    "region_code": "84",
    "postal_code": "43550"
  },
  {
    "name": "Saint-Geneys-près-Saint-Paulien",
    "code": "43187",
    "epci_code": "200073419",
    "departement_code": "43",
    "region_code": "84",
    "postal_code": "43350"
  },
  {
    "name": "Saint-Georges-d’Aurac",
    "code": "43188",
    "epci_code": "200073393",
    "departement_code": "43",
    "region_code": "84",
    "postal_code": "43230"
  },
  {
    "name": "Saint-Georges-Lagricol",
    "code": "43189",
    "epci_code": "200073419",
    "departement_code": "43",
    "region_code": "84",
    "postal_code": "43500"
  },
  {
    "name": "Saint-Germain-Laprade",
    "code": "43190",
    "epci_code": "200073419",
    "departement_code": "43",
    "region_code": "84",
    "postal_code": "43700"
  },
  {
    "name": "Saint-Géron",
    "code": "43191",
    "epci_code": "200085728",
    "departement_code": "43",
    "region_code": "84",
    "postal_code": "43360"
  },
  {
    "name": "Saint-Haon",
    "code": "43192",
    "epci_code": "244301123",
    "departement_code": "43",
    "region_code": "84",
    "postal_code": "43340"
  },
  {
    "name": "Saint-Hilaire",
    "code": "43193",
    "epci_code": "244301099",
    "departement_code": "43",
    "region_code": "84",
    "postal_code": "43390"
  },
  {
    "name": "Saint-Hostien",
    "code": "43194",
    "epci_code": "200073419",
    "departement_code": "43",
    "region_code": "84",
    "postal_code": "43260"
  },
  {
    "name": "Saint-Ilpize",
    "code": "43195",
    "epci_code": "200085728",
    "departement_code": "43",
    "region_code": "84",
    "postal_code": "43380"
  },
  {
    "name": "Saint-Jean-d’Aubrigoux",
    "code": "43196",
    "epci_code": "200073419",
    "departement_code": "43",
    "region_code": "84",
    "postal_code": "43500"
  },
  {
    "name": "Saint-Jean-de-Nay",
    "code": "43197",
    "epci_code": "200073419",
    "departement_code": "43",
    "region_code": "84",
    "postal_code": "43320"
  },
  {
    "name": "Saint-Jean-Lachalm",
    "code": "43198",
    "epci_code": "244301123",
    "departement_code": "43",
    "region_code": "84",
    "postal_code": "43510"
  },
  {
    "name": "Saint-Jeures",
    "code": "43199",
    "epci_code": "244301107",
    "departement_code": "43",
    "region_code": "84",
    "postal_code": "43200"
  },
  {
    "name": "Saint-Julien-Chapteuil",
    "code": "43200",
    "epci_code": "200073401",
    "departement_code": "43",
    "region_code": "84",
    "postal_code": "43260"
  },
  {
    "name": "Saint-Julien-d’Ance",
    "code": "43201",
    "epci_code": "200073419",
    "departement_code": "43",
    "region_code": "84",
    "postal_code": "43500"
  },
  {
    "name": "Saint-Julien-des-Chazes",
    "code": "43202",
    "epci_code": "200073393",
    "departement_code": "43",
    "region_code": "84",
    "postal_code": "43300"
  },
  {
    "name": "Saint-Julien-du-Pinet",
    "code": "43203",
    "epci_code": "244301016",
    "departement_code": "43",
    "region_code": "84",
    "postal_code": "43200"
  },
  {
    "name": "Saint-Julien-Molhesabate",
    "code": "43204",
    "epci_code": "244300307",
    "departement_code": "43",
    "region_code": "84",
    "postal_code": "43220"
  },
  {
    "name": "Saint-Just-Malmont",
    "code": "43205",
    "epci_code": "244301131",
    "departement_code": "43",
    "region_code": "84",
    "postal_code": "43240"
  },
  {
    "name": "Saint-Just-près-Brioude",
    "code": "43206",
    "epci_code": "200085728",
    "departement_code": "43",
    "region_code": "84",
    "postal_code": "43100"
  },
  {
    "name": "Saint-Laurent-Chabreuges",
    "code": "43207",
    "epci_code": "200085728",
    "departement_code": "43",
    "region_code": "84",
    "postal_code": "43100"
  },
  {
    "name": "Sainte-Marguerite",
    "code": "43208",
    "epci_code": "200073393",
    "departement_code": "43",
    "region_code": "84",
    "postal_code": "43230"
  },
  {
    "name": "Saint-Martin-de-Fugères",
    "code": "43210",
    "epci_code": "200073401",
    "departement_code": "43",
    "region_code": "84",
    "postal_code": "43150"
  },
  {
    "name": "Saint-Maurice-de-Lignon",
    "code": "43211",
    "epci_code": "244301016",
    "departement_code": "43",
    "region_code": "84",
    "postal_code": "43200"
  },
  {
    "name": "Saint-Pal-de-Chalencon",
    "code": "43212",
    "epci_code": "200073427",
    "departement_code": "43",
    "region_code": "84",
    "postal_code": "43500"
  },
  {
    "name": "Saint-Pal-de-Mons",
    "code": "43213",
    "epci_code": "200073427",
    "departement_code": "43",
    "region_code": "84",
    "postal_code": "43620"
  },
  {
    "name": "Saint-Pal-de-Senouire",
    "code": "43214",
    "epci_code": "200073393",
    "departement_code": "43",
    "region_code": "84",
    "postal_code": "43160"
  },
  {
    "name": "Saint-Paul-de-Tartas",
    "code": "43215",
    "epci_code": "244301123",
    "departement_code": "43",
    "region_code": "84",
    "postal_code": "43420"
  },
  {
    "name": "Saint-Paulien",
    "code": "43216",
    "epci_code": "200073419",
    "departement_code": "43",
    "region_code": "84",
    "postal_code": "43350"
  },
  {
    "name": "Saint-Pierre-du-Champ",
    "code": "43217",
    "epci_code": "200073419",
    "departement_code": "43",
    "region_code": "84",
    "postal_code": "43810"
  },
  {
    "name": "Saint-Pierre-Eynac",
    "code": "43218",
    "epci_code": "200073401",
    "departement_code": "43",
    "region_code": "84",
    "postal_code": "43260"
  },
  {
    "name": "Saint-Préjet-Armandon",
    "code": "43219",
    "epci_code": "200073393",
    "departement_code": "43",
    "region_code": "84",
    "postal_code": "43230"
  },
  {
    "name": "Saint-Préjet-d’Allier",
    "code": "43220",
    "epci_code": "200073419",
    "departement_code": "43",
    "region_code": "84",
    "postal_code": "43580"
  },
  {
    "name": "Saint-Privat-d’Allier",
    "code": "43221",
    "epci_code": "200073419",
    "departement_code": "43",
    "region_code": "84",
    "postal_code": "43580"
  },
  {
    "name": "Saint-Privat-du-Dragon",
    "code": "43222",
    "epci_code": "200073393",
    "departement_code": "43",
    "region_code": "84",
    "postal_code": "43380"
  },
  {
    "name": "Saint-Romain-Lachalm",
    "code": "43223",
    "epci_code": "244300307",
    "departement_code": "43",
    "region_code": "84",
    "postal_code": "43620"
  },
  {
    "name": "Sainte-Sigolène",
    "code": "43224",
    "epci_code": "200073427",
    "departement_code": "43",
    "region_code": "84",
    "postal_code": "43600"
  },
  {
    "name": "Saint-Vénérand",
    "code": "43225",
    "epci_code": "244301123",
    "departement_code": "43",
    "region_code": "84",
    "postal_code": "43580"
  },
  {
    "name": "Saint-Vert",
    "code": "43226",
    "epci_code": "244301099",
    "departement_code": "43",
    "region_code": "84",
    "postal_code": "43440"
  },
  {
    "name": "Saint-Victor-Malescours",
    "code": "43227",
    "epci_code": "244301131",
    "departement_code": "43",
    "region_code": "84",
    "postal_code": "43140"
  },
  {
    "name": "Saint-Victor-sur-Arlanc",
    "code": "43228",
    "epci_code": "200073419",
    "departement_code": "43",
    "region_code": "84",
    "postal_code": "43500"
  },
  {
    "name": "Saint-Vidal",
    "code": "43229",
    "epci_code": "200073419",
    "departement_code": "43",
    "region_code": "84",
    "postal_code": "43320"
  },
  {
    "name": "Saint-Vincent",
    "code": "43230",
    "epci_code": "200073419",
    "departement_code": "43",
    "region_code": "84",
    "postal_code": "43800"
  },
  {
    "name": "Salettes",
    "code": "43231",
    "epci_code": "200073401",
    "departement_code": "43",
    "region_code": "84",
    "postal_code": "43150"
  },
  {
    "name": "Salzuit",
    "code": "43232",
    "epci_code": "200073393",
    "departement_code": "43",
    "region_code": "84",
    "postal_code": "43230"
  },
  {
    "name": "Sanssac-lՃglise",
    "code": "43233",
    "epci_code": "200073419",
    "departement_code": "43",
    "region_code": "84",
    "postal_code": "43320"
  },
  {
    "name": "Saugues",
    "code": "43234",
    "epci_code": "200073393",
    "departement_code": "43",
    "region_code": "84",
    "postal_code": "43170"
  },
  {
    "name": "La Séauve-sur-Semène",
    "code": "43236",
    "epci_code": "244301131",
    "departement_code": "43",
    "region_code": "84",
    "postal_code": "43140"
  },
  {
    "name": "Sembadel",
    "code": "43237",
    "epci_code": "200073419",
    "departement_code": "43",
    "region_code": "84",
    "postal_code": "43160"
  },
  {
    "name": "Séneujols",
    "code": "43238",
    "epci_code": "244301123",
    "departement_code": "43",
    "region_code": "84",
    "postal_code": "43510"
  },
  {
    "name": "Siaugues-Sainte-Marie",
    "code": "43239",
    "epci_code": "200073393",
    "departement_code": "43",
    "region_code": "84",
    "postal_code": "43300"
  },
  {
    "name": "Solignac-sous-Roche",
    "code": "43240",
    "epci_code": "200073427",
    "departement_code": "43",
    "region_code": "84",
    "postal_code": "43130"
  },
  {
    "name": "Solignac-sur-Loire",
    "code": "43241",
    "epci_code": "200073419",
    "departement_code": "43",
    "region_code": "84",
    "postal_code": "43370"
  },
  {
    "name": "Tailhac",
    "code": "43242",
    "epci_code": "200073393",
    "departement_code": "43",
    "region_code": "84",
    "postal_code": "43300"
  },
  {
    "name": "Tence",
    "code": "43244",
    "epci_code": "244301107",
    "departement_code": "43",
    "region_code": "84",
    "postal_code": "43190"
  },
  {
    "name": "Thoras",
    "code": "43245",
    "epci_code": "200073393",
    "departement_code": "43",
    "region_code": "84",
    "postal_code": "43170"
  },
  {
    "name": "Thoras",
    "code": "43245",
    "epci_code": "200073393",
    "departement_code": "43",
    "region_code": "84",
    "postal_code": "43580"
  },
  {
    "name": "Tiranges",
    "code": "43246",
    "epci_code": "200073427",
    "departement_code": "43",
    "region_code": "84",
    "postal_code": "43530"
  },
  {
    "name": "Torsiac",
    "code": "43247",
    "epci_code": "200085728",
    "departement_code": "43",
    "region_code": "84",
    "postal_code": "43450"
  },
  {
    "name": "Valprivas",
    "code": "43249",
    "epci_code": "200073427",
    "departement_code": "43",
    "region_code": "84",
    "postal_code": "43210"
  },
  {
    "name": "Vals-le-Chastel",
    "code": "43250",
    "epci_code": "200073393",
    "departement_code": "43",
    "region_code": "84",
    "postal_code": "43230"
  },
  {
    "name": "Vals-près-le-Puy",
    "code": "43251",
    "epci_code": "200073419",
    "departement_code": "43",
    "region_code": "84",
    "postal_code": "43750"
  },
  {
    "name": "Varennes-Saint-Honorat",
    "code": "43252",
    "epci_code": "200073393",
    "departement_code": "43",
    "region_code": "84",
    "postal_code": "43270"
  },
  {
    "name": "Les Vastres",
    "code": "43253",
    "epci_code": "200073401",
    "departement_code": "43",
    "region_code": "84",
    "postal_code": "43430"
  },
  {
    "name": "Vazeilles-Limandre",
    "code": "43254",
    "epci_code": "200073419",
    "departement_code": "43",
    "region_code": "84",
    "postal_code": "43320"
  },
  {
    "name": "Venteuges",
    "code": "43256",
    "epci_code": "200073393",
    "departement_code": "43",
    "region_code": "84",
    "postal_code": "43170"
  },
  {
    "name": "Vergezac",
    "code": "43257",
    "epci_code": "200073419",
    "departement_code": "43",
    "region_code": "84",
    "postal_code": "43320"
  },
  {
    "name": "Vergongheon",
    "code": "43258",
    "epci_code": "244301099",
    "departement_code": "43",
    "region_code": "84",
    "postal_code": "43360"
  },
  {
    "name": "Vernassal",
    "code": "43259",
    "epci_code": "200073419",
    "departement_code": "43",
    "region_code": "84",
    "postal_code": "43270"
  },
  {
    "name": "Le Vernet",
    "code": "43260",
    "epci_code": "200073419",
    "departement_code": "43",
    "region_code": "84",
    "postal_code": "43320"
  },
  {
    "name": "Vézézoux",
    "code": "43261",
    "epci_code": "244301099",
    "departement_code": "43",
    "region_code": "84",
    "postal_code": "43390"
  },
  {
    "name": "Vieille-Brioude",
    "code": "43262",
    "epci_code": "200085728",
    "departement_code": "43",
    "region_code": "84",
    "postal_code": "43100"
  },
  {
    "name": "Vielprat",
    "code": "43263",
    "epci_code": "244301123",
    "departement_code": "43",
    "region_code": "84",
    "postal_code": "43490"
  },
  {
    "name": "Villeneuve-d’Allier",
    "code": "43264",
    "epci_code": "200073393",
    "departement_code": "43",
    "region_code": "84",
    "postal_code": "43380"
  },
  {
    "name": "Les Villettes",
    "code": "43265",
    "epci_code": "200073427",
    "departement_code": "43",
    "region_code": "84",
    "postal_code": "43600"
  },
  {
    "name": "Vorey",
    "code": "43267",
    "epci_code": "200073419",
    "departement_code": "43",
    "region_code": "84",
    "postal_code": "43800"
  },
  {
    "name": "Yssingeaux",
    "code": "43268",
    "epci_code": "244301016",
    "departement_code": "43",
    "region_code": "84",
    "postal_code": "43200"
  }
]