[
  {
    "name": "Allineuc",
    "code": "22001",
    "epci_code": "200067460",
    "departement_code": "22",
    "region_code": "53",
    "postal_code": "22460"
  },
  {
    "name": "Andel",
    "code": "22002",
    "epci_code": "200069391",
    "departement_code": "22",
    "region_code": "53",
    "postal_code": "22400"
  },
  {
    "name": "Aucaleuc",
    "code": "22003",
    "epci_code": "200068989",
    "departement_code": "22",
    "region_code": "53",
    "postal_code": "22100"
  },
  {
    "name": "Bégard",
    "code": "22004",
    "epci_code": "200067981",
    "departement_code": "22",
    "region_code": "53",
    "postal_code": "22140"
  },
  {
    "name": "Belle-Isle-en-Terre",
    "code": "22005",
    "epci_code": "200067981",
    "departement_code": "22",
    "region_code": "53",
    "postal_code": "22810"
  },
  {
    "name": "Berhet",
    "code": "22006",
    "epci_code": "200065928",
    "departement_code": "22",
    "region_code": "53",
    "postal_code": "22140"
  },
  {
    "name": "Bobital",
    "code": "22008",
    "epci_code": "200068989",
    "departement_code": "22",
    "region_code": "53",
    "postal_code": "22100"
  },
  {
    "name": "Le Bodéo",
    "code": "22009",
    "epci_code": "200069409",
    "departement_code": "22",
    "region_code": "53",
    "postal_code": "22320"
  },
  {
    "name": "Boqueho",
    "code": "22011",
    "epci_code": "200069086",
    "departement_code": "22",
    "region_code": "53",
    "postal_code": "22170"
  },
  {
    "name": "La Bouillie",
    "code": "22012",
    "epci_code": "200069391",
    "departement_code": "22",
    "region_code": "53",
    "postal_code": "22240"
  },
  {
    "name": "Bourbriac",
    "code": "22013",
    "epci_code": "200067981",
    "departement_code": "22",
    "region_code": "53",
    "postal_code": "22390"
  },
  {
    "name": "Bourseul",
    "code": "22014",
    "epci_code": "200068989",
    "departement_code": "22",
    "region_code": "53",
    "postal_code": "22130"
  },
  {
    "name": "Bréhand",
    "code": "22015",
    "epci_code": "200069391",
    "departement_code": "22",
    "region_code": "53",
    "postal_code": "22510"
  },
  {
    "name": "Île-de-Bréhat",
    "code": "22016",
    "departement_code": "22",
    "region_code": "53",
    "postal_code": "22870"
  },
  {
    "name": "Brélidy",
    "code": "22018",
    "epci_code": "200067981",
    "departement_code": "22",
    "region_code": "53",
    "postal_code": "22140"
  },
  {
    "name": "Bringolo",
    "code": "22019",
    "epci_code": "200069086",
    "departement_code": "22",
    "region_code": "53",
    "postal_code": "22170"
  },
  {
    "name": "Broons",
    "code": "22020",
    "epci_code": "200068989",
    "departement_code": "22",
    "region_code": "53",
    "postal_code": "22250"
  },
  {
    "name": "Brusvily",
    "code": "22021",
    "epci_code": "200068989",
    "departement_code": "22",
    "region_code": "53",
    "postal_code": "22100"
  },
  {
    "name": "Bulat-Pestivien",
    "code": "22023",
    "epci_code": "200067981",
    "departement_code": "22",
    "region_code": "53",
    "postal_code": "22160"
  },
  {
    "name": "Calanhel",
    "code": "22024",
    "epci_code": "200067981",
    "departement_code": "22",
    "region_code": "53",
    "postal_code": "22160"
  },
  {
    "name": "Callac",
    "code": "22025",
    "epci_code": "200067981",
    "departement_code": "22",
    "region_code": "53",
    "postal_code": "22160"
  },
  {
    "name": "Calorguen",
    "code": "22026",
    "epci_code": "200068989",
    "departement_code": "22",
    "region_code": "53",
    "postal_code": "22100"
  },
  {
    "name": "Camlez",
    "code": "22028",
    "epci_code": "200065928",
    "departement_code": "22",
    "region_code": "53",
    "postal_code": "22450"
  },
  {
    "name": "Canihuel",
    "code": "22029",
    "epci_code": "242200715",
    "departement_code": "22",
    "region_code": "53",
    "postal_code": "22480"
  },
  {
    "name": "Caouënnec-Lanvézéac",
    "code": "22030",
    "epci_code": "200065928",
    "departement_code": "22",
    "region_code": "53",
    "postal_code": "22300"
  },
  {
    "name": "Carnoët",
    "code": "22031",
    "epci_code": "200067981",
    "departement_code": "22",
    "region_code": "53",
    "postal_code": "22160"
  },
  {
    "name": "Caulnes",
    "code": "22032",
    "epci_code": "200068989",
    "departement_code": "22",
    "region_code": "53",
    "postal_code": "22350"
  },
  {
    "name": "Caurel",
    "code": "22033",
    "epci_code": "200067460",
    "departement_code": "22",
    "region_code": "53",
    "postal_code": "22530"
  },
  {
    "name": "Cavan",
    "code": "22034",
    "epci_code": "200065928",
    "departement_code": "22",
    "region_code": "53",
    "postal_code": "22140"
  },
  {
    "name": "Les Champs-Géraux",
    "code": "22035",
    "epci_code": "200068989",
    "departement_code": "22",
    "region_code": "53",
    "postal_code": "22630"
  },
  {
    "name": "La Chapelle-Blanche",
    "code": "22036",
    "epci_code": "200068989",
    "departement_code": "22",
    "region_code": "53",
    "postal_code": "22350"
  },
  {
    "name": "La Chapelle-Neuve",
    "code": "22037",
    "epci_code": "200067981",
    "departement_code": "22",
    "region_code": "53",
    "postal_code": "22160"
  },
  {
    "name": "La Chèze",
    "code": "22039",
    "epci_code": "200067460",
    "departement_code": "22",
    "region_code": "53",
    "postal_code": "22210"
  },
  {
    "name": "Coadout",
    "code": "22040",
    "epci_code": "200067981",
    "departement_code": "22",
    "region_code": "53",
    "postal_code": "22970"
  },
  {
    "name": "Coatascorn",
    "code": "22041",
    "epci_code": "200065928",
    "departement_code": "22",
    "region_code": "53",
    "postal_code": "22140"
  },
  {
    "name": "Coatréven",
    "code": "22042",
    "epci_code": "200065928",
    "departement_code": "22",
    "region_code": "53",
    "postal_code": "22450"
  },
  {
    "name": "Coëtmieux",
    "code": "22044",
    "epci_code": "200069391",
    "departement_code": "22",
    "region_code": "53",
    "postal_code": "22400"
  },
  {
    "name": "Cohiniac",
    "code": "22045",
    "epci_code": "200069086",
    "departement_code": "22",
    "region_code": "53",
    "postal_code": "22800"
  },
  {
    "name": "Le Mené",
    "code": "22046",
    "epci_code": "200067460",
    "departement_code": "22",
    "region_code": "53",
    "postal_code": "22330"
  },
  {
    "name": "Corlay",
    "code": "22047",
    "epci_code": "200067460",
    "departement_code": "22",
    "region_code": "53",
    "postal_code": "22320"
  },
  {
    "name": "Corseul",
    "code": "22048",
    "epci_code": "200068989",
    "departement_code": "22",
    "region_code": "53",
    "postal_code": "22130"
  },
  {
    "name": "Créhen",
    "code": "22049",
    "epci_code": "200068989",
    "departement_code": "22",
    "region_code": "53",
    "postal_code": "22130"
  },
  {
    "name": "Dinan",
    "code": "22050",
    "epci_code": "200068989",
    "departement_code": "22",
    "region_code": "53",
    "postal_code": "22100"
  },
  {
    "name": "Duault",
    "code": "22052",
    "epci_code": "200067981",
    "departement_code": "22",
    "region_code": "53",
    "postal_code": "22160"
  },
  {
    "name": "Éréac",
    "code": "22053",
    "epci_code": "200069391",
    "departement_code": "22",
    "region_code": "53",
    "postal_code": "22250"
  },
  {
    "name": "Erquy",
    "code": "22054",
    "epci_code": "200069391",
    "departement_code": "22",
    "region_code": "53",
    "postal_code": "22430"
  },
  {
    "name": "Binic-Étables-sur-Mer",
    "code": "22055",
    "epci_code": "200069409",
    "departement_code": "22",
    "region_code": "53",
    "postal_code": "22520"
  },
  {
    "name": "Binic-Étables-sur-Mer",
    "code": "22055",
    "epci_code": "200069409",
    "departement_code": "22",
    "region_code": "53",
    "postal_code": "22680"
  },
  {
    "name": "Évran",
    "code": "22056",
    "epci_code": "200068989",
    "departement_code": "22",
    "region_code": "53",
    "postal_code": "22630"
  },
  {
    "name": "Le Faouët",
    "code": "22057",
    "epci_code": "200069086",
    "departement_code": "22",
    "region_code": "53",
    "postal_code": "22290"
  },
  {
    "name": "Le Fœil",
    "code": "22059",
    "epci_code": "200069409",
    "departement_code": "22",
    "region_code": "53",
    "postal_code": "22800"
  },
  {
    "name": "Gausson",
    "code": "22060",
    "epci_code": "200067460",
    "departement_code": "22",
    "region_code": "53",
    "postal_code": "22150"
  },
  {
    "name": "Glomel",
    "code": "22061",
    "epci_code": "242200715",
    "departement_code": "22",
    "region_code": "53",
    "postal_code": "22110"
  },
  {
    "name": "Gomené",
    "code": "22062",
    "epci_code": "200067460",
    "departement_code": "22",
    "region_code": "53",
    "postal_code": "22230"
  },
  {
    "name": "Gommenec’h",
    "code": "22063",
    "epci_code": "200069086",
    "departement_code": "22",
    "region_code": "53",
    "postal_code": "22290"
  },
  {
    "name": "Gouarec",
    "code": "22064",
    "epci_code": "242200715",
    "departement_code": "22",
    "region_code": "53",
    "postal_code": "22570"
  },
  {
    "name": "Goudelin",
    "code": "22065",
    "epci_code": "200069086",
    "departement_code": "22",
    "region_code": "53",
    "postal_code": "22290"
  },
  {
    "name": "Grâces",
    "code": "22067",
    "epci_code": "200067981",
    "departement_code": "22",
    "region_code": "53",
    "postal_code": "22200"
  },
  {
    "name": "Grâce-Uzel",
    "code": "22068",
    "epci_code": "200067460",
    "departement_code": "22",
    "region_code": "53",
    "postal_code": "22460"
  },
  {
    "name": "Guenroc",
    "code": "22069",
    "epci_code": "200068989",
    "departement_code": "22",
    "region_code": "53",
    "postal_code": "22350"
  },
  {
    "name": "Guingamp",
    "code": "22070",
    "epci_code": "200067981",
    "departement_code": "22",
    "region_code": "53",
    "postal_code": "22200"
  },
  {
    "name": "Guitté",
    "code": "22071",
    "epci_code": "200068989",
    "departement_code": "22",
    "region_code": "53",
    "postal_code": "22350"
  },
  {
    "name": "Gurunhuel",
    "code": "22072",
    "epci_code": "200067981",
    "departement_code": "22",
    "region_code": "53",
    "postal_code": "22390"
  },
  {
    "name": "La Harmoye",
    "code": "22073",
    "epci_code": "200069409",
    "departement_code": "22",
    "region_code": "53",
    "postal_code": "22320"
  },
  {
    "name": "Le Haut-Corlay",
    "code": "22074",
    "epci_code": "200067460",
    "departement_code": "22",
    "region_code": "53",
    "postal_code": "22320"
  },
  {
    "name": "Hémonstoir",
    "code": "22075",
    "epci_code": "200067460",
    "departement_code": "22",
    "region_code": "53",
    "postal_code": "22600"
  },
  {
    "name": "Hénanbihen",
    "code": "22076",
    "epci_code": "200069391",
    "departement_code": "22",
    "region_code": "53",
    "postal_code": "22550"
  },
  {
    "name": "Hénansal",
    "code": "22077",
    "epci_code": "200069391",
    "departement_code": "22",
    "region_code": "53",
    "postal_code": "22400"
  },
  {
    "name": "Hénon",
    "code": "22079",
    "epci_code": "200069391",
    "departement_code": "22",
    "region_code": "53",
    "postal_code": "22150"
  },
  {
    "name": "Hillion",
    "code": "22081",
    "epci_code": "200069409",
    "departement_code": "22",
    "region_code": "53",
    "postal_code": "22120"
  },
  {
    "name": "Le Hinglé",
    "code": "22082",
    "epci_code": "200068989",
    "departement_code": "22",
    "region_code": "53",
    "postal_code": "22100"
  },
  {
    "name": "Illifaut",
    "code": "22083",
    "epci_code": "200067460",
    "departement_code": "22",
    "region_code": "53",
    "postal_code": "22230"
  },
  {
    "name": "Jugon-les-Lacs",
    "code": "22084",
    "epci_code": "200069391",
    "departement_code": "22",
    "region_code": "53",
    "postal_code": "22270"
  },
  {
    "name": "Kerbors",
    "code": "22085",
    "epci_code": "200065928",
    "departement_code": "22",
    "region_code": "53",
    "postal_code": "22610"
  },
  {
    "name": "Kerfot",
    "code": "22086",
    "epci_code": "200067981",
    "departement_code": "22",
    "region_code": "53",
    "postal_code": "22500"
  },
  {
    "name": "Kergrist-Moëlou",
    "code": "22087",
    "epci_code": "242200715",
    "departement_code": "22",
    "region_code": "53",
    "postal_code": "22110"
  },
  {
    "name": "Kerien",
    "code": "22088",
    "epci_code": "200067981",
    "departement_code": "22",
    "region_code": "53",
    "postal_code": "22480"
  },
  {
    "name": "Kermaria-Sulard",
    "code": "22090",
    "epci_code": "200065928",
    "departement_code": "22",
    "region_code": "53",
    "postal_code": "22450"
  },
  {
    "name": "Kermoroc’h",
    "code": "22091",
    "epci_code": "200067981",
    "departement_code": "22",
    "region_code": "53",
    "postal_code": "22140"
  },
  {
    "name": "Kerpert",
    "code": "22092",
    "epci_code": "200067981",
    "departement_code": "22",
    "region_code": "53",
    "postal_code": "22480"
  },
  {
    "name": "Lamballe-Armor",
    "code": "22093",
    "epci_code": "200069391",
    "departement_code": "22",
    "region_code": "53",
    "postal_code": "22400"
  },
  {
    "name": "Lancieux",
    "code": "22094",
    "epci_code": "243500725",
    "departement_code": "22",
    "region_code": "53",
    "postal_code": "22770"
  },
  {
    "name": "Landebaëron",
    "code": "22095",
    "epci_code": "200067981",
    "departement_code": "22",
    "region_code": "53",
    "postal_code": "22140"
  },
  {
    "name": "Landébia",
    "code": "22096",
    "epci_code": "200068989",
    "departement_code": "22",
    "region_code": "53",
    "postal_code": "22130"
  },
  {
    "name": "La Landec",
    "code": "22097",
    "epci_code": "200068989",
    "departement_code": "22",
    "region_code": "53",
    "postal_code": "22980"
  },
  {
    "name": "Landéhen",
    "code": "22098",
    "epci_code": "200069391",
    "departement_code": "22",
    "region_code": "53",
    "postal_code": "22400"
  },
  {
    "name": "Lanfains",
    "code": "22099",
    "epci_code": "200069409",
    "departement_code": "22",
    "region_code": "53",
    "postal_code": "22800"
  },
  {
    "name": "Langoat",
    "code": "22101",
    "epci_code": "200065928",
    "departement_code": "22",
    "region_code": "53",
    "postal_code": "22450"
  },
  {
    "name": "Langrolay-sur-Rance",
    "code": "22103",
    "epci_code": "200068989",
    "departement_code": "22",
    "region_code": "53",
    "postal_code": "22490"
  },
  {
    "name": "Languédias",
    "code": "22104",
    "epci_code": "200068989",
    "departement_code": "22",
    "region_code": "53",
    "postal_code": "22980"
  },
  {
    "name": "Languenan",
    "code": "22105",
    "epci_code": "200068989",
    "departement_code": "22",
    "region_code": "53",
    "postal_code": "22130"
  },
  {
    "name": "Langueux",
    "code": "22106",
    "epci_code": "200069409",
    "departement_code": "22",
    "region_code": "53",
    "postal_code": "22360"
  },
  {
    "name": "Bon Repos sur Blavet",
    "code": "22107",
    "epci_code": "242200715",
    "departement_code": "22",
    "region_code": "53",
    "postal_code": "22570"
  },
  {
    "name": "Lanleff",
    "code": "22108",
    "epci_code": "200067981",
    "departement_code": "22",
    "region_code": "53",
    "postal_code": "22290"
  },
  {
    "name": "Lanloup",
    "code": "22109",
    "epci_code": "200067981",
    "departement_code": "22",
    "region_code": "53",
    "postal_code": "22580"
  },
  {
    "name": "Lanmérin",
    "code": "22110",
    "epci_code": "200065928",
    "departement_code": "22",
    "region_code": "53",
    "postal_code": "22300"
  },
  {
    "name": "Lanmodez",
    "code": "22111",
    "epci_code": "200065928",
    "departement_code": "22",
    "region_code": "53",
    "postal_code": "22610"
  },
  {
    "name": "Lannebert",
    "code": "22112",
    "epci_code": "200069086",
    "departement_code": "22",
    "region_code": "53",
    "postal_code": "22290"
  },
  {
    "name": "Lannion",
    "code": "22113",
    "epci_code": "200065928",
    "departement_code": "22",
    "region_code": "53",
    "postal_code": "22300"
  },
  {
    "name": "Lanrelas",
    "code": "22114",
    "epci_code": "200069391",
    "departement_code": "22",
    "region_code": "53",
    "postal_code": "22250"
  },
  {
    "name": "Lanrivain",
    "code": "22115",
    "epci_code": "242200715",
    "departement_code": "22",
    "region_code": "53",
    "postal_code": "22480"
  },
  {
    "name": "Lanrodec",
    "code": "22116",
    "epci_code": "200069086",
    "departement_code": "22",
    "region_code": "53",
    "postal_code": "22170"
  },
  {
    "name": "Lantic",
    "code": "22117",
    "epci_code": "200069409",
    "departement_code": "22",
    "region_code": "53",
    "postal_code": "22410"
  },
  {
    "name": "Lanvallay",
    "code": "22118",
    "epci_code": "200068989",
    "departement_code": "22",
    "region_code": "53",
    "postal_code": "22100"
  },
  {
    "name": "Lanvellec",
    "code": "22119",
    "epci_code": "200065928",
    "departement_code": "22",
    "region_code": "53",
    "postal_code": "22420"
  },
  {
    "name": "Lanvollon",
    "code": "22121",
    "epci_code": "200069086",
    "departement_code": "22",
    "region_code": "53",
    "postal_code": "22290"
  },
  {
    "name": "Laurenan",
    "code": "22122",
    "epci_code": "200067460",
    "departement_code": "22",
    "region_code": "53",
    "postal_code": "22230"
  },
  {
    "name": "Lescouët-Gouarec",
    "code": "22124",
    "epci_code": "242200715",
    "departement_code": "22",
    "region_code": "53",
    "postal_code": "22570"
  },
  {
    "name": "Le Leslay",
    "code": "22126",
    "epci_code": "200069409",
    "departement_code": "22",
    "region_code": "53",
    "postal_code": "22800"
  },
  {
    "name": "Lézardrieux",
    "code": "22127",
    "epci_code": "200065928",
    "departement_code": "22",
    "region_code": "53",
    "postal_code": "22740"
  },
  {
    "name": "Locarn",
    "code": "22128",
    "epci_code": "242200715",
    "departement_code": "22",
    "region_code": "53",
    "postal_code": "22340"
  },
  {
    "name": "Loc-Envel",
    "code": "22129",
    "epci_code": "200067981",
    "departement_code": "22",
    "region_code": "53",
    "postal_code": "22810"
  },
  {
    "name": "Loguivy-Plougras",
    "code": "22131",
    "epci_code": "200065928",
    "departement_code": "22",
    "region_code": "53",
    "postal_code": "22780"
  },
  {
    "name": "Lohuec",
    "code": "22132",
    "epci_code": "200067981",
    "departement_code": "22",
    "region_code": "53",
    "postal_code": "22160"
  },
  {
    "name": "Loscouët-sur-Meu",
    "code": "22133",
    "epci_code": "200067460",
    "departement_code": "22",
    "region_code": "53",
    "postal_code": "22230"
  },
  {
    "name": "Louannec",
    "code": "22134",
    "epci_code": "200065928",
    "departement_code": "22",
    "region_code": "53",
    "postal_code": "22700"
  },
  {
    "name": "Louargat",
    "code": "22135",
    "epci_code": "200067981",
    "departement_code": "22",
    "region_code": "53",
    "postal_code": "22540"
  },
  {
    "name": "Loudéac",
    "code": "22136",
    "epci_code": "200067460",
    "departement_code": "22",
    "region_code": "53",
    "postal_code": "22600"
  },
  {
    "name": "Maël-Carhaix",
    "code": "22137",
    "epci_code": "242200715",
    "departement_code": "22",
    "region_code": "53",
    "postal_code": "22340"
  },
  {
    "name": "Maël-Pestivien",
    "code": "22138",
    "epci_code": "200067981",
    "departement_code": "22",
    "region_code": "53",
    "postal_code": "22160"
  },
  {
    "name": "Magoar",
    "code": "22139",
    "epci_code": "200067981",
    "departement_code": "22",
    "region_code": "53",
    "postal_code": "22480"
  },
  {
    "name": "La Malhoure",
    "code": "22140",
    "epci_code": "200069391",
    "departement_code": "22",
    "region_code": "53",
    "postal_code": "22640"
  },
  {
    "name": "Mantallot",
    "code": "22141",
    "epci_code": "200065928",
    "departement_code": "22",
    "region_code": "53",
    "postal_code": "22450"
  },
  {
    "name": "Matignon",
    "code": "22143",
    "epci_code": "200068989",
    "departement_code": "22",
    "region_code": "53",
    "postal_code": "22550"
  },
  {
    "name": "La Méaugon",
    "code": "22144",
    "epci_code": "200069409",
    "departement_code": "22",
    "region_code": "53",
    "postal_code": "22440"
  },
  {
    "name": "Mégrit",
    "code": "22145",
    "epci_code": "200068989",
    "departement_code": "22",
    "region_code": "53",
    "postal_code": "22270"
  },
  {
    "name": "Mellionnec",
    "code": "22146",
    "epci_code": "242200715",
    "departement_code": "22",
    "region_code": "53",
    "postal_code": "22110"
  },
  {
    "name": "Merdrignac",
    "code": "22147",
    "epci_code": "200067460",
    "departement_code": "22",
    "region_code": "53",
    "postal_code": "22230"
  },
  {
    "name": "Mérillac",
    "code": "22148",
    "epci_code": "200067460",
    "departement_code": "22",
    "region_code": "53",
    "postal_code": "22230"
  },
  {
    "name": "Merléac",
    "code": "22149",
    "epci_code": "200067460",
    "departement_code": "22",
    "region_code": "53",
    "postal_code": "22460"
  },
  {
    "name": "Le Merzer",
    "code": "22150",
    "epci_code": "200069086",
    "departement_code": "22",
    "region_code": "53",
    "postal_code": "22200"
  },
  {
    "name": "Minihy-Tréguier",
    "code": "22152",
    "epci_code": "200065928",
    "departement_code": "22",
    "region_code": "53",
    "postal_code": "22220"
  },
  {
    "name": "Moncontour",
    "code": "22153",
    "epci_code": "200069391",
    "departement_code": "22",
    "region_code": "53",
    "postal_code": "22510"
  },
  {
    "name": "La Motte",
    "code": "22155",
    "epci_code": "200067460",
    "departement_code": "22",
    "region_code": "53",
    "postal_code": "22600"
  },
  {
    "name": "Moustéru",
    "code": "22156",
    "epci_code": "200067981",
    "departement_code": "22",
    "region_code": "53",
    "postal_code": "22200"
  },
  {
    "name": "Le Moustoir",
    "code": "22157",
    "epci_code": "242900744",
    "departement_code": "22",
    "region_code": "53",
    "postal_code": "22340"
  },
  {
    "name": "Guerlédan",
    "code": "22158",
    "epci_code": "200067460",
    "departement_code": "22",
    "region_code": "53",
    "postal_code": "22530"
  },
  {
    "name": "Noyal",
    "code": "22160",
    "epci_code": "200069391",
    "departement_code": "22",
    "region_code": "53",
    "postal_code": "22400"
  },
  {
    "name": "Pabu",
    "code": "22161",
    "epci_code": "200067981",
    "departement_code": "22",
    "region_code": "53",
    "postal_code": "22200"
  },
  {
    "name": "Paimpol",
    "code": "22162",
    "epci_code": "200067981",
    "departement_code": "22",
    "region_code": "53",
    "postal_code": "22500"
  },
  {
    "name": "Paule",
    "code": "22163",
    "epci_code": "242200715",
    "departement_code": "22",
    "region_code": "53",
    "postal_code": "22340"
  },
  {
    "name": "Pédernec",
    "code": "22164",
    "epci_code": "200067981",
    "departement_code": "22",
    "region_code": "53",
    "postal_code": "22540"
  },
  {
    "name": "Penguily",
    "code": "22165",
    "epci_code": "200069391",
    "departement_code": "22",
    "region_code": "53",
    "postal_code": "22510"
  },
  {
    "name": "Penvénan",
    "code": "22166",
    "epci_code": "200065928",
    "departement_code": "22",
    "region_code": "53",
    "postal_code": "22710"
  },
  {
    "name": "Perros-Guirec",
    "code": "22168",
    "epci_code": "200065928",
    "departement_code": "22",
    "region_code": "53",
    "postal_code": "22700"
  },
  {
    "name": "Peumerit-Quintin",
    "code": "22169",
    "epci_code": "242200715",
    "departement_code": "22",
    "region_code": "53",
    "postal_code": "22480"
  },
  {
    "name": "Plaine-Haute",
    "code": "22170",
    "epci_code": "200069409",
    "departement_code": "22",
    "region_code": "53",
    "postal_code": "22800"
  },
  {
    "name": "Plaintel",
    "code": "22171",
    "epci_code": "200069409",
    "departement_code": "22",
    "region_code": "53",
    "postal_code": "22940"
  },
  {
    "name": "Plancoët",
    "code": "22172",
    "epci_code": "200068989",
    "departement_code": "22",
    "region_code": "53",
    "postal_code": "22130"
  },
  {
    "name": "Pléboulle",
    "code": "22174",
    "epci_code": "200068989",
    "departement_code": "22",
    "region_code": "53",
    "postal_code": "22550"
  },
  {
    "name": "Plédéliac",
    "code": "22175",
    "epci_code": "200069391",
    "departement_code": "22",
    "region_code": "53",
    "postal_code": "22270"
  },
  {
    "name": "Plédran",
    "code": "22176",
    "epci_code": "200069409",
    "departement_code": "22",
    "region_code": "53",
    "postal_code": "22960"
  },
  {
    "name": "Pléguien",
    "code": "22177",
    "epci_code": "200069086",
    "departement_code": "22",
    "region_code": "53",
    "postal_code": "22290"
  },
  {
    "name": "Pléhédel",
    "code": "22178",
    "epci_code": "200067981",
    "departement_code": "22",
    "region_code": "53",
    "postal_code": "22290"
  },
  {
    "name": "Fréhel",
    "code": "22179",
    "epci_code": "200068989",
    "departement_code": "22",
    "region_code": "53",
    "postal_code": "22240"
  },
  {
    "name": "Plélan-le-Petit",
    "code": "22180",
    "epci_code": "200068989",
    "departement_code": "22",
    "region_code": "53",
    "postal_code": "22980"
  },
  {
    "name": "Plélauff",
    "code": "22181",
    "epci_code": "242200715",
    "departement_code": "22",
    "region_code": "53",
    "postal_code": "22570"
  },
  {
    "name": "Plélo",
    "code": "22182",
    "epci_code": "200069086",
    "departement_code": "22",
    "region_code": "53",
    "postal_code": "22170"
  },
  {
    "name": "Plémet",
    "code": "22183",
    "epci_code": "200067460",
    "departement_code": "22",
    "region_code": "53",
    "postal_code": "22210"
  },
  {
    "name": "Plémy",
    "code": "22184",
    "epci_code": "200069391",
    "departement_code": "22",
    "region_code": "53",
    "postal_code": "22150"
  },
  {
    "name": "Plénée-Jugon",
    "code": "22185",
    "epci_code": "200069391",
    "departement_code": "22",
    "region_code": "53",
    "postal_code": "22640"
  },
  {
    "name": "Pléneuf-Val-André",
    "code": "22186",
    "epci_code": "200069391",
    "departement_code": "22",
    "region_code": "53",
    "postal_code": "22370"
  },
  {
    "name": "Plérin",
    "code": "22187",
    "epci_code": "200069409",
    "departement_code": "22",
    "region_code": "53",
    "postal_code": "22190"
  },
  {
    "name": "Plerneuf",
    "code": "22188",
    "epci_code": "200069086",
    "departement_code": "22",
    "region_code": "53",
    "postal_code": "22170"
  },
  {
    "name": "Plésidy",
    "code": "22189",
    "epci_code": "200067981",
    "departement_code": "22",
    "region_code": "53",
    "postal_code": "22720"
  },
  {
    "name": "Pleslin-Trigavou",
    "code": "22190",
    "epci_code": "200068989",
    "departement_code": "22",
    "region_code": "53",
    "postal_code": "22490"
  },
  {
    "name": "Plestan",
    "code": "22193",
    "epci_code": "200069391",
    "departement_code": "22",
    "region_code": "53",
    "postal_code": "22640"
  },
  {
    "name": "Plestin-les-Grèves",
    "code": "22194",
    "epci_code": "200065928",
    "departement_code": "22",
    "region_code": "53",
    "postal_code": "22310"
  },
  {
    "name": "Pleubian",
    "code": "22195",
    "epci_code": "200065928",
    "departement_code": "22",
    "region_code": "53",
    "postal_code": "22610"
  },
  {
    "name": "Pleudaniel",
    "code": "22196",
    "epci_code": "200065928",
    "departement_code": "22",
    "region_code": "53",
    "postal_code": "22740"
  },
  {
    "name": "Pleudihen-sur-Rance",
    "code": "22197",
    "epci_code": "200068989",
    "departement_code": "22",
    "region_code": "53",
    "postal_code": "22690"
  },
  {
    "name": "Pleumeur-Bodou",
    "code": "22198",
    "epci_code": "200065928",
    "departement_code": "22",
    "region_code": "53",
    "postal_code": "22560"
  },
  {
    "name": "Pleumeur-Gautier",
    "code": "22199",
    "epci_code": "200065928",
    "departement_code": "22",
    "region_code": "53",
    "postal_code": "22740"
  },
  {
    "name": "Plévenon",
    "code": "22201",
    "epci_code": "200068989",
    "departement_code": "22",
    "region_code": "53",
    "postal_code": "22240"
  },
  {
    "name": "Plévin",
    "code": "22202",
    "epci_code": "242900744",
    "departement_code": "22",
    "region_code": "53",
    "postal_code": "22340"
  },
  {
    "name": "Plœuc-L’Hermitage",
    "code": "22203",
    "epci_code": "200069409",
    "departement_code": "22",
    "region_code": "53",
    "postal_code": "22150"
  },
  {
    "name": "Ploëzal",
    "code": "22204",
    "epci_code": "200067981",
    "departement_code": "22",
    "region_code": "53",
    "postal_code": "22260"
  },
  {
    "name": "Plorec-sur-Arguenon",
    "code": "22205",
    "epci_code": "200068989",
    "departement_code": "22",
    "region_code": "53",
    "postal_code": "22130"
  },
  {
    "name": "Châtelaudren-Plouagat",
    "code": "22206",
    "epci_code": "200069086",
    "departement_code": "22",
    "region_code": "53",
    "postal_code": "22170"
  },
  {
    "name": "Plouaret",
    "code": "22207",
    "epci_code": "200065928",
    "departement_code": "22",
    "region_code": "53",
    "postal_code": "22420"
  },
  {
    "name": "Plouasne",
    "code": "22208",
    "epci_code": "200068989",
    "departement_code": "22",
    "region_code": "53",
    "postal_code": "22830"
  },
  {
    "name": "Beaussais-sur-Mer",
    "code": "22209",
    "epci_code": "200068989",
    "departement_code": "22",
    "region_code": "53",
    "postal_code": "22650"
  },
  {
    "name": "Ploubazlanec",
    "code": "22210",
    "epci_code": "200067981",
    "departement_code": "22",
    "region_code": "53",
    "postal_code": "22620"
  },
  {
    "name": "Ploubezre",
    "code": "22211",
    "epci_code": "200065928",
    "departement_code": "22",
    "region_code": "53",
    "postal_code": "22300"
  },
  {
    "name": "Plouëc-du-Trieux",
    "code": "22212",
    "epci_code": "200067981",
    "departement_code": "22",
    "region_code": "53",
    "postal_code": "22260"
  },
  {
    "name": "Plouër-sur-Rance",
    "code": "22213",
    "epci_code": "200068989",
    "departement_code": "22",
    "region_code": "53",
    "postal_code": "22490"
  },
  {
    "name": "Plouézec",
    "code": "22214",
    "epci_code": "200067981",
    "departement_code": "22",
    "region_code": "53",
    "postal_code": "22470"
  },
  {
    "name": "Ploufragan",
    "code": "22215",
    "epci_code": "200069409",
    "departement_code": "22",
    "region_code": "53",
    "postal_code": "22440"
  },
  {
    "name": "Plougonver",
    "code": "22216",
    "epci_code": "200067981",
    "departement_code": "22",
    "region_code": "53",
    "postal_code": "22810"
  },
  {
    "name": "Plougras",
    "code": "22217",
    "epci_code": "200065928",
    "departement_code": "22",
    "region_code": "53",
    "postal_code": "22780"
  },
  {
    "name": "Plougrescant",
    "code": "22218",
    "epci_code": "200065928",
    "departement_code": "22",
    "region_code": "53",
    "postal_code": "22820"
  },
  {
    "name": "Plouguenast-Langast",
    "code": "22219",
    "epci_code": "200067460",
    "departement_code": "22",
    "region_code": "53",
    "postal_code": "22150"
  },
  {
    "name": "Plouguernével",
    "code": "22220",
    "epci_code": "242200715",
    "departement_code": "22",
    "region_code": "53",
    "postal_code": "22110"
  },
  {
    "name": "Plouguiel",
    "code": "22221",
    "epci_code": "200065928",
    "departement_code": "22",
    "region_code": "53",
    "postal_code": "22220"
  },
  {
    "name": "Plouha",
    "code": "22222",
    "epci_code": "200069086",
    "departement_code": "22",
    "region_code": "53",
    "postal_code": "22580"
  },
  {
    "name": "Plouisy",
    "code": "22223",
    "epci_code": "200067981",
    "departement_code": "22",
    "region_code": "53",
    "postal_code": "22200"
  },
  {
    "name": "Ploulec’h",
    "code": "22224",
    "epci_code": "200065928",
    "departement_code": "22",
    "region_code": "53",
    "postal_code": "22300"
  },
  {
    "name": "Ploumagoar",
    "code": "22225",
    "epci_code": "200067981",
    "departement_code": "22",
    "region_code": "53",
    "postal_code": "22970"
  },
  {
    "name": "Ploumilliau",
    "code": "22226",
    "epci_code": "200065928",
    "departement_code": "22",
    "region_code": "53",
    "postal_code": "22300"
  },
  {
    "name": "Plounérin",
    "code": "22227",
    "epci_code": "200065928",
    "departement_code": "22",
    "region_code": "53",
    "postal_code": "22780"
  },
  {
    "name": "Plounévez-Moëdec",
    "code": "22228",
    "epci_code": "200065928",
    "departement_code": "22",
    "region_code": "53",
    "postal_code": "22810"
  },
  {
    "name": "Plounévez-Quintin",
    "code": "22229",
    "epci_code": "242200715",
    "departement_code": "22",
    "region_code": "53",
    "postal_code": "22110"
  },
  {
    "name": "Plourac’h",
    "code": "22231",
    "epci_code": "200067981",
    "departement_code": "22",
    "region_code": "53",
    "postal_code": "22160"
  },
  {
    "name": "Plourhan",
    "code": "22232",
    "epci_code": "200069409",
    "departement_code": "22",
    "region_code": "53",
    "postal_code": "22410"
  },
  {
    "name": "Plourivo",
    "code": "22233",
    "epci_code": "200067981",
    "departement_code": "22",
    "region_code": "53",
    "postal_code": "22860"
  },
  {
    "name": "Plouvara",
    "code": "22234",
    "epci_code": "200069086",
    "departement_code": "22",
    "region_code": "53",
    "postal_code": "22170"
  },
  {
    "name": "Plouzélambre",
    "code": "22235",
    "epci_code": "200065928",
    "departement_code": "22",
    "region_code": "53",
    "postal_code": "22420"
  },
  {
    "name": "Pludual",
    "code": "22236",
    "epci_code": "200069086",
    "departement_code": "22",
    "region_code": "53",
    "postal_code": "22290"
  },
  {
    "name": "Val-d’Arguenon",
    "code": "22237",
    "epci_code": "200068989",
    "departement_code": "22",
    "region_code": "53",
    "postal_code": "22130"
  },
  {
    "name": "Plufur",
    "code": "22238",
    "epci_code": "200065928",
    "departement_code": "22",
    "region_code": "53",
    "postal_code": "22310"
  },
  {
    "name": "Plumaudan",
    "code": "22239",
    "epci_code": "200068989",
    "departement_code": "22",
    "region_code": "53",
    "postal_code": "22350"
  },
  {
    "name": "Plumaugat",
    "code": "22240",
    "epci_code": "200068989",
    "departement_code": "22",
    "region_code": "53",
    "postal_code": "22250"
  },
  {
    "name": "Plumieux",
    "code": "22241",
    "epci_code": "200067460",
    "departement_code": "22",
    "region_code": "53",
    "postal_code": "22210"
  },
  {
    "name": "Plurien",
    "code": "22242",
    "epci_code": "200069391",
    "departement_code": "22",
    "region_code": "53",
    "postal_code": "22240"
  },
  {
    "name": "Plusquellec",
    "code": "22243",
    "epci_code": "200067981",
    "departement_code": "22",
    "region_code": "53",
    "postal_code": "22160"
  },
  {
    "name": "Plussulien",
    "code": "22244",
    "epci_code": "200067460",
    "departement_code": "22",
    "region_code": "53",
    "postal_code": "22320"
  },
  {
    "name": "Pluzunet",
    "code": "22245",
    "epci_code": "200065928",
    "departement_code": "22",
    "region_code": "53",
    "postal_code": "22140"
  },
  {
    "name": "Pommeret",
    "code": "22246",
    "epci_code": "200069391",
    "departement_code": "22",
    "region_code": "53",
    "postal_code": "22120"
  },
  {
    "name": "Pommerit-le-Vicomte",
    "code": "22248",
    "epci_code": "200069086",
    "departement_code": "22",
    "region_code": "53",
    "postal_code": "22200"
  },
  {
    "name": "Pont-Melvez",
    "code": "22249",
    "epci_code": "200067981",
    "departement_code": "22",
    "region_code": "53",
    "postal_code": "22390"
  },
  {
    "name": "Pontrieux",
    "code": "22250",
    "epci_code": "200067981",
    "departement_code": "22",
    "region_code": "53",
    "postal_code": "22260"
  },
  {
    "name": "Pordic",
    "code": "22251",
    "epci_code": "200069409",
    "departement_code": "22",
    "region_code": "53",
    "postal_code": "22590"
  },
  {
    "name": "Prat",
    "code": "22254",
    "epci_code": "200065928",
    "departement_code": "22",
    "region_code": "53",
    "postal_code": "22140"
  },
  {
    "name": "La Prénessaye",
    "code": "22255",
    "epci_code": "200067460",
    "departement_code": "22",
    "region_code": "53",
    "postal_code": "22210"
  },
  {
    "name": "Quemper-Guézennec",
    "code": "22256",
    "epci_code": "200067981",
    "departement_code": "22",
    "region_code": "53",
    "postal_code": "22260"
  },
  {
    "name": "Quemperven",
    "code": "22257",
    "epci_code": "200065928",
    "departement_code": "22",
    "region_code": "53",
    "postal_code": "22450"
  },
  {
    "name": "Quessoy",
    "code": "22258",
    "epci_code": "200069391",
    "departement_code": "22",
    "region_code": "53",
    "postal_code": "22120"
  },
  {
    "name": "Quévert",
    "code": "22259",
    "epci_code": "200068989",
    "departement_code": "22",
    "region_code": "53",
    "postal_code": "22100"
  },
  {
    "name": "Le Quillio",
    "code": "22260",
    "epci_code": "200067460",
    "departement_code": "22",
    "region_code": "53",
    "postal_code": "22460"
  },
  {
    "name": "Quintenic",
    "code": "22261",
    "epci_code": "200069391",
    "departement_code": "22",
    "region_code": "53",
    "postal_code": "22400"
  },
  {
    "name": "Quintin",
    "code": "22262",
    "epci_code": "200069409",
    "departement_code": "22",
    "region_code": "53",
    "postal_code": "22800"
  },
  {
    "name": "Le Quiou",
    "code": "22263",
    "epci_code": "200068989",
    "departement_code": "22",
    "region_code": "53",
    "postal_code": "22630"
  },
  {
    "name": "La Roche-Jaudy",
    "code": "22264",
    "epci_code": "200065928",
    "departement_code": "22",
    "region_code": "53",
    "postal_code": "22450"
  },
  {
    "name": "Rospez",
    "code": "22265",
    "epci_code": "200065928",
    "departement_code": "22",
    "region_code": "53",
    "postal_code": "22300"
  },
  {
    "name": "Rostrenen",
    "code": "22266",
    "epci_code": "242200715",
    "departement_code": "22",
    "region_code": "53",
    "postal_code": "22110"
  },
  {
    "name": "Rouillac",
    "code": "22267",
    "epci_code": "200069391",
    "departement_code": "22",
    "region_code": "53",
    "postal_code": "22250"
  },
  {
    "name": "Ruca",
    "code": "22268",
    "epci_code": "200068989",
    "departement_code": "22",
    "region_code": "53",
    "postal_code": "22550"
  },
  {
    "name": "Runan",
    "code": "22269",
    "epci_code": "200067981",
    "departement_code": "22",
    "region_code": "53",
    "postal_code": "22260"
  },
  {
    "name": "Saint-Adrien",
    "code": "22271",
    "epci_code": "200067981",
    "departement_code": "22",
    "region_code": "53",
    "postal_code": "22390"
  },
  {
    "name": "Saint-Agathon",
    "code": "22272",
    "epci_code": "200067981",
    "departement_code": "22",
    "region_code": "53",
    "postal_code": "22200"
  },
  {
    "name": "Saint-Alban",
    "code": "22273",
    "epci_code": "200069391",
    "departement_code": "22",
    "region_code": "53",
    "postal_code": "22400"
  },
  {
    "name": "Saint-André-des-Eaux",
    "code": "22274",
    "epci_code": "200068989",
    "departement_code": "22",
    "region_code": "53",
    "postal_code": "22630"
  },
  {
    "name": "Saint-Barnabé",
    "code": "22275",
    "epci_code": "200067460",
    "departement_code": "22",
    "region_code": "53",
    "postal_code": "22600"
  },
  {
    "name": "Saint-Bihy",
    "code": "22276",
    "epci_code": "200069409",
    "departement_code": "22",
    "region_code": "53",
    "postal_code": "22800"
  },
  {
    "name": "Saint-Brandan",
    "code": "22277",
    "epci_code": "200069409",
    "departement_code": "22",
    "region_code": "53",
    "postal_code": "22800"
  },
  {
    "name": "Saint-Brieuc",
    "code": "22278",
    "epci_code": "200069409",
    "departement_code": "22",
    "region_code": "53",
    "postal_code": "22000"
  },
  {
    "name": "Saint-Caradec",
    "code": "22279",
    "epci_code": "200067460",
    "departement_code": "22",
    "region_code": "53",
    "postal_code": "22600"
  },
  {
    "name": "Saint-Carné",
    "code": "22280",
    "epci_code": "200068989",
    "departement_code": "22",
    "region_code": "53",
    "postal_code": "22100"
  },
  {
    "name": "Saint-Carreuc",
    "code": "22281",
    "epci_code": "200069409",
    "departement_code": "22",
    "region_code": "53",
    "postal_code": "22150"
  },
  {
    "name": "Saint-Cast-le-Guildo",
    "code": "22282",
    "epci_code": "200068989",
    "departement_code": "22",
    "region_code": "53",
    "postal_code": "22380"
  },
  {
    "name": "Saint-Clet",
    "code": "22283",
    "epci_code": "200067981",
    "departement_code": "22",
    "region_code": "53",
    "postal_code": "22260"
  },
  {
    "name": "Saint-Connan",
    "code": "22284",
    "epci_code": "242200715",
    "departement_code": "22",
    "region_code": "53",
    "postal_code": "22480"
  },
  {
    "name": "Saint-Connec",
    "code": "22285",
    "epci_code": "245614433",
    "departement_code": "22",
    "region_code": "53",
    "postal_code": "22530"
  },
  {
    "name": "Saint-Denoual",
    "code": "22286",
    "epci_code": "200069391",
    "departement_code": "22",
    "region_code": "53",
    "postal_code": "22400"
  },
  {
    "name": "Saint-Donan",
    "code": "22287",
    "epci_code": "200069409",
    "departement_code": "22",
    "region_code": "53",
    "postal_code": "22800"
  },
  {
    "name": "Saint-Étienne-du-Gué-de-l’Isle",
    "code": "22288",
    "epci_code": "200067460",
    "departement_code": "22",
    "region_code": "53",
    "postal_code": "22210"
  },
  {
    "name": "Saint-Fiacre",
    "code": "22289",
    "epci_code": "200069086",
    "departement_code": "22",
    "region_code": "53",
    "postal_code": "22720"
  },
  {
    "name": "Saint-Gildas",
    "code": "22291",
    "epci_code": "200069409",
    "departement_code": "22",
    "region_code": "53",
    "postal_code": "22800"
  },
  {
    "name": "Saint-Gilles-les-Bois",
    "code": "22293",
    "epci_code": "200069086",
    "departement_code": "22",
    "region_code": "53",
    "postal_code": "22290"
  },
  {
    "name": "Saint-Gilles-Pligeaux",
    "code": "22294",
    "epci_code": "242200715",
    "departement_code": "22",
    "region_code": "53",
    "postal_code": "22480"
  },
  {
    "name": "Saint-Gilles-Vieux-Marché",
    "code": "22295",
    "epci_code": "200067460",
    "departement_code": "22",
    "region_code": "53",
    "postal_code": "22530"
  },
  {
    "name": "Saint-Glen",
    "code": "22296",
    "epci_code": "200069391",
    "departement_code": "22",
    "region_code": "53",
    "postal_code": "22510"
  },
  {
    "name": "Saint-Hélen",
    "code": "22299",
    "epci_code": "200068989",
    "departement_code": "22",
    "region_code": "53",
    "postal_code": "22100"
  },
  {
    "name": "Saint-Hervé",
    "code": "22300",
    "epci_code": "200067460",
    "departement_code": "22",
    "region_code": "53",
    "postal_code": "22460"
  },
  {
    "name": "Saint-Jacut-de-la-Mer",
    "code": "22302",
    "epci_code": "200068989",
    "departement_code": "22",
    "region_code": "53",
    "postal_code": "22750"
  },
  {
    "name": "Saint-Jean-Kerdaniel",
    "code": "22304",
    "epci_code": "200069086",
    "departement_code": "22",
    "region_code": "53",
    "postal_code": "22170"
  },
  {
    "name": "Saint-Jouan-de-l’Isle",
    "code": "22305",
    "epci_code": "200068989",
    "departement_code": "22",
    "region_code": "53",
    "postal_code": "22350"
  },
  {
    "name": "Saint-Judoce",
    "code": "22306",
    "epci_code": "200068989",
    "departement_code": "22",
    "region_code": "53",
    "postal_code": "22630"
  },
  {
    "name": "Saint-Julien",
    "code": "22307",
    "epci_code": "200069409",
    "departement_code": "22",
    "region_code": "53",
    "postal_code": "22940"
  },
  {
    "name": "Saint-Juvat",
    "code": "22308",
    "epci_code": "200068989",
    "departement_code": "22",
    "region_code": "53",
    "postal_code": "22630"
  },
  {
    "name": "Saint-Laurent",
    "code": "22310",
    "epci_code": "200067981",
    "departement_code": "22",
    "region_code": "53",
    "postal_code": "22140"
  },
  {
    "name": "Saint-Lormel",
    "code": "22311",
    "epci_code": "200068989",
    "departement_code": "22",
    "region_code": "53",
    "postal_code": "22130"
  },
  {
    "name": "Saint-Maden",
    "code": "22312",
    "epci_code": "200068989",
    "departement_code": "22",
    "region_code": "53",
    "postal_code": "22350"
  },
  {
    "name": "Saint-Martin-des-Prés",
    "code": "22313",
    "epci_code": "200067460",
    "departement_code": "22",
    "region_code": "53",
    "postal_code": "22320"
  },
  {
    "name": "Saint-Maudan",
    "code": "22314",
    "epci_code": "200067460",
    "departement_code": "22",
    "region_code": "53",
    "postal_code": "22600"
  },
  {
    "name": "Saint-Maudez",
    "code": "22315",
    "epci_code": "200068989",
    "departement_code": "22",
    "region_code": "53",
    "postal_code": "22980"
  },
  {
    "name": "Saint-Mayeux",
    "code": "22316",
    "epci_code": "200067460",
    "departement_code": "22",
    "region_code": "53",
    "postal_code": "22320"
  },
  {
    "name": "Saint-Méloir-des-Bois",
    "code": "22317",
    "epci_code": "200068989",
    "departement_code": "22",
    "region_code": "53",
    "postal_code": "22980"
  },
  {
    "name": "Saint-Michel-de-Plélan",
    "code": "22318",
    "epci_code": "200068989",
    "departement_code": "22",
    "region_code": "53",
    "postal_code": "22980"
  },
  {
    "name": "Saint-Michel-en-Grève",
    "code": "22319",
    "epci_code": "200065928",
    "departement_code": "22",
    "region_code": "53",
    "postal_code": "22300"
  },
  {
    "name": "Saint-Nicodème",
    "code": "22320",
    "epci_code": "200067981",
    "departement_code": "22",
    "region_code": "53",
    "postal_code": "22160"
  },
  {
    "name": "Saint-Nicolas-du-Pélem",
    "code": "22321",
    "epci_code": "242200715",
    "departement_code": "22",
    "region_code": "53",
    "postal_code": "22480"
  },
  {
    "name": "Saint-Péver",
    "code": "22322",
    "epci_code": "200069086",
    "departement_code": "22",
    "region_code": "53",
    "postal_code": "22720"
  },
  {
    "name": "Saint-Pôtan",
    "code": "22323",
    "epci_code": "200068989",
    "departement_code": "22",
    "region_code": "53",
    "postal_code": "22550"
  },
  {
    "name": "Saint-Quay-Perros",
    "code": "22324",
    "epci_code": "200065928",
    "departement_code": "22",
    "region_code": "53",
    "postal_code": "22700"
  },
  {
    "name": "Saint-Quay-Portrieux",
    "code": "22325",
    "epci_code": "200069409",
    "departement_code": "22",
    "region_code": "53",
    "postal_code": "22410"
  },
  {
    "name": "Saint-Rieul",
    "code": "22326",
    "epci_code": "200069391",
    "departement_code": "22",
    "region_code": "53",
    "postal_code": "22270"
  },
  {
    "name": "Saint-Samson-sur-Rance",
    "code": "22327",
    "epci_code": "200068989",
    "departement_code": "22",
    "region_code": "53",
    "postal_code": "22100"
  },
  {
    "name": "Saint-Servais",
    "code": "22328",
    "epci_code": "200067981",
    "departement_code": "22",
    "region_code": "53",
    "postal_code": "22160"
  },
  {
    "name": "Saint-Thélo",
    "code": "22330",
    "epci_code": "200067460",
    "departement_code": "22",
    "region_code": "53",
    "postal_code": "22460"
  },
  {
    "name": "Sainte-Tréphine",
    "code": "22331",
    "epci_code": "242200715",
    "departement_code": "22",
    "region_code": "53",
    "postal_code": "22480"
  },
  {
    "name": "Saint-Trimoël",
    "code": "22332",
    "epci_code": "200069391",
    "departement_code": "22",
    "region_code": "53",
    "postal_code": "22510"
  },
  {
    "name": "Saint-Vran",
    "code": "22333",
    "epci_code": "200067460",
    "departement_code": "22",
    "region_code": "53",
    "postal_code": "22230"
  },
  {
    "name": "Saint-Igeaux",
    "code": "22334",
    "epci_code": "242200715",
    "departement_code": "22",
    "region_code": "53",
    "postal_code": "22570"
  },
  {
    "name": "Senven-Léhart",
    "code": "22335",
    "epci_code": "200067981",
    "departement_code": "22",
    "region_code": "53",
    "postal_code": "22720"
  },
  {
    "name": "Sévignac",
    "code": "22337",
    "epci_code": "200069391",
    "departement_code": "22",
    "region_code": "53",
    "postal_code": "22250"
  },
  {
    "name": "Squiffiec",
    "code": "22338",
    "epci_code": "200067981",
    "departement_code": "22",
    "region_code": "53",
    "postal_code": "22200"
  },
  {
    "name": "Taden",
    "code": "22339",
    "epci_code": "200068989",
    "departement_code": "22",
    "region_code": "53",
    "postal_code": "22100"
  },
  {
    "name": "Tonquédec",
    "code": "22340",
    "epci_code": "200065928",
    "departement_code": "22",
    "region_code": "53",
    "postal_code": "22140"
  },
  {
    "name": "Tramain",
    "code": "22341",
    "epci_code": "200069391",
    "departement_code": "22",
    "region_code": "53",
    "postal_code": "22640"
  },
  {
    "name": "Trébédan",
    "code": "22342",
    "epci_code": "200068989",
    "departement_code": "22",
    "region_code": "53",
    "postal_code": "22980"
  },
  {
    "name": "Trébeurden",
    "code": "22343",
    "epci_code": "200065928",
    "departement_code": "22",
    "region_code": "53",
    "postal_code": "22560"
  },
  {
    "name": "Trébrivan",
    "code": "22344",
    "epci_code": "242200715",
    "departement_code": "22",
    "region_code": "53",
    "postal_code": "22340"
  },
  {
    "name": "Trébry",
    "code": "22345",
    "epci_code": "200069391",
    "departement_code": "22",
    "region_code": "53",
    "postal_code": "22510"
  },
  {
    "name": "Trédaniel",
    "code": "22346",
    "epci_code": "200069391",
    "departement_code": "22",
    "region_code": "53",
    "postal_code": "22510"
  },
  {
    "name": "Trédarzec",
    "code": "22347",
    "epci_code": "200065928",
    "departement_code": "22",
    "region_code": "53",
    "postal_code": "22220"
  },
  {
    "name": "Trédias",
    "code": "22348",
    "epci_code": "200069391",
    "departement_code": "22",
    "region_code": "53",
    "postal_code": "22250"
  },
  {
    "name": "Trédrez-Locquémeau",
    "code": "22349",
    "epci_code": "200065928",
    "departement_code": "22",
    "region_code": "53",
    "postal_code": "22300"
  },
  {
    "name": "Tréduder",
    "code": "22350",
    "epci_code": "200065928",
    "departement_code": "22",
    "region_code": "53",
    "postal_code": "22310"
  },
  {
    "name": "Treffrin",
    "code": "22351",
    "epci_code": "242900744",
    "departement_code": "22",
    "region_code": "53",
    "postal_code": "22340"
  },
  {
    "name": "Tréfumel",
    "code": "22352",
    "epci_code": "200068989",
    "departement_code": "22",
    "region_code": "53",
    "postal_code": "22630"
  },
  {
    "name": "Trégastel",
    "code": "22353",
    "epci_code": "200065928",
    "departement_code": "22",
    "region_code": "53",
    "postal_code": "22730"
  },
  {
    "name": "Tréglamus",
    "code": "22354",
    "epci_code": "200067981",
    "departement_code": "22",
    "region_code": "53",
    "postal_code": "22540"
  },
  {
    "name": "Trégomeur",
    "code": "22356",
    "epci_code": "200069086",
    "departement_code": "22",
    "region_code": "53",
    "postal_code": "22590"
  },
  {
    "name": "Trégonneau",
    "code": "22358",
    "epci_code": "200067981",
    "departement_code": "22",
    "region_code": "53",
    "postal_code": "22200"
  },
  {
    "name": "Trégrom",
    "code": "22359",
    "epci_code": "200065928",
    "departement_code": "22",
    "region_code": "53",
    "postal_code": "22420"
  },
  {
    "name": "Trégueux",
    "code": "22360",
    "epci_code": "200069409",
    "departement_code": "22",
    "region_code": "53",
    "postal_code": "22950"
  },
  {
    "name": "Tréguidel",
    "code": "22361",
    "epci_code": "200069086",
    "departement_code": "22",
    "region_code": "53",
    "postal_code": "22290"
  },
  {
    "name": "Tréguier",
    "code": "22362",
    "epci_code": "200065928",
    "departement_code": "22",
    "region_code": "53",
    "postal_code": "22220"
  },
  {
    "name": "Trélévern",
    "code": "22363",
    "epci_code": "200065928",
    "departement_code": "22",
    "region_code": "53",
    "postal_code": "22660"
  },
  {
    "name": "Trélivan",
    "code": "22364",
    "epci_code": "200068989",
    "departement_code": "22",
    "region_code": "53",
    "postal_code": "22100"
  },
  {
    "name": "Trémargat",
    "code": "22365",
    "epci_code": "242200715",
    "departement_code": "22",
    "region_code": "53",
    "postal_code": "22110"
  },
  {
    "name": "Trémel",
    "code": "22366",
    "epci_code": "200065928",
    "departement_code": "22",
    "region_code": "53",
    "postal_code": "22310"
  },
  {
    "name": "Tréméreuc",
    "code": "22368",
    "epci_code": "243500725",
    "departement_code": "22",
    "region_code": "53",
    "postal_code": "22490"
  },
  {
    "name": "Trémeur",
    "code": "22369",
    "epci_code": "200069391",
    "departement_code": "22",
    "region_code": "53",
    "postal_code": "22250"
  },
  {
    "name": "Tréméven",
    "code": "22370",
    "epci_code": "200069086",
    "departement_code": "22",
    "region_code": "53",
    "postal_code": "22290"
  },
  {
    "name": "Trémorel",
    "code": "22371",
    "epci_code": "200067460",
    "departement_code": "22",
    "region_code": "53",
    "postal_code": "22230"
  },
  {
    "name": "Trémuson",
    "code": "22372",
    "epci_code": "200069409",
    "departement_code": "22",
    "region_code": "53",
    "postal_code": "22440"
  },
  {
    "name": "Tréogan",
    "code": "22373",
    "epci_code": "242900744",
    "departement_code": "22",
    "region_code": "53",
    "postal_code": "22340"
  },
  {
    "name": "Tressignaux",
    "code": "22375",
    "epci_code": "200069086",
    "departement_code": "22",
    "region_code": "53",
    "postal_code": "22290"
  },
  {
    "name": "Trévé",
    "code": "22376",
    "epci_code": "200067460",
    "departement_code": "22",
    "region_code": "53",
    "postal_code": "22600"
  },
  {
    "name": "Tréveneuc",
    "code": "22377",
    "epci_code": "200069409",
    "departement_code": "22",
    "region_code": "53",
    "postal_code": "22410"
  },
  {
    "name": "Trévérec",
    "code": "22378",
    "epci_code": "200069086",
    "departement_code": "22",
    "region_code": "53",
    "postal_code": "22290"
  },
  {
    "name": "Trévou-Tréguignec",
    "code": "22379",
    "epci_code": "200065928",
    "departement_code": "22",
    "region_code": "53",
    "postal_code": "22660"
  },
  {
    "name": "Trévron",
    "code": "22380",
    "epci_code": "200068989",
    "departement_code": "22",
    "region_code": "53",
    "postal_code": "22100"
  },
  {
    "name": "Trézény",
    "code": "22381",
    "epci_code": "200065928",
    "departement_code": "22",
    "region_code": "53",
    "postal_code": "22450"
  },
  {
    "name": "Troguéry",
    "code": "22383",
    "epci_code": "200065928",
    "departement_code": "22",
    "region_code": "53",
    "postal_code": "22450"
  },
  {
    "name": "Uzel",
    "code": "22384",
    "epci_code": "200067460",
    "departement_code": "22",
    "region_code": "53",
    "postal_code": "22460"
  },
  {
    "name": "La Vicomté-sur-Rance",
    "code": "22385",
    "epci_code": "200068989",
    "departement_code": "22",
    "region_code": "53",
    "postal_code": "22690"
  },
  {
    "name": "Le Vieux-Bourg",
    "code": "22386",
    "epci_code": "200069409",
    "departement_code": "22",
    "region_code": "53",
    "postal_code": "22800"
  },
  {
    "name": "Le Vieux-Marché",
    "code": "22387",
    "epci_code": "200065928",
    "departement_code": "22",
    "region_code": "53",
    "postal_code": "22420"
  },
  {
    "name": "Vildé-Guingalan",
    "code": "22388",
    "epci_code": "200068989",
    "departement_code": "22",
    "region_code": "53",
    "postal_code": "22980"
  },
  {
    "name": "Yffiniac",
    "code": "22389",
    "epci_code": "200069409",
    "departement_code": "22",
    "region_code": "53",
    "postal_code": "22120"
  },
  {
    "name": "Yvias",
    "code": "22390",
    "epci_code": "200067981",
    "departement_code": "22",
    "region_code": "53",
    "postal_code": "22930"
  },
  {
    "name": "Yvignac-la-Tour",
    "code": "22391",
    "epci_code": "200068989",
    "departement_code": "22",
    "region_code": "53",
    "postal_code": "22350"
  }
]