[
  {
    "name": "L’Albère",
    "code": "66001",
    "epci_code": "246600373",
    "departement_code": "66",
    "region_code": "76",
    "postal_code": "66480"
  },
  {
    "name": "Alénya",
    "code": "66002",
    "epci_code": "246600282",
    "departement_code": "66",
    "region_code": "76",
    "postal_code": "66200"
  },
  {
    "name": "Amélie-les-Bains-Palalda",
    "code": "66003",
    "epci_code": "246600548",
    "departement_code": "66",
    "region_code": "76",
    "postal_code": "66110"
  },
  {
    "name": "Les Angles",
    "code": "66004",
    "epci_code": "246600464",
    "departement_code": "66",
    "region_code": "76",
    "postal_code": "66210"
  },
  {
    "name": "Angoustrine-Villeneuve-des-Escaldes",
    "code": "66005",
    "epci_code": "246600399",
    "departement_code": "66",
    "region_code": "76",
    "postal_code": "66760"
  },
  {
    "name": "Ansignan",
    "code": "66006",
    "epci_code": "246600423",
    "departement_code": "66",
    "region_code": "76",
    "postal_code": "66220"
  },
  {
    "name": "Arboussols",
    "code": "66007",
    "epci_code": "200049211",
    "departement_code": "66",
    "region_code": "76",
    "postal_code": "66320"
  },
  {
    "name": "Argelès-sur-Mer",
    "code": "66008",
    "epci_code": "200043602",
    "departement_code": "66",
    "region_code": "76",
    "postal_code": "66700"
  },
  {
    "name": "Arles-sur-Tech",
    "code": "66009",
    "epci_code": "246600548",
    "departement_code": "66",
    "region_code": "76",
    "postal_code": "66150"
  },
  {
    "name": "Ayguatébia-Talau",
    "code": "66010",
    "epci_code": "246600464",
    "departement_code": "66",
    "region_code": "76",
    "postal_code": "66360"
  },
  {
    "name": "Bages",
    "code": "66011",
    "epci_code": "200043602",
    "departement_code": "66",
    "region_code": "76",
    "postal_code": "66670"
  },
  {
    "name": "Baho",
    "code": "66012",
    "epci_code": "200027183",
    "departement_code": "66",
    "region_code": "76",
    "postal_code": "66540"
  },
  {
    "name": "Baillestavy",
    "code": "66013",
    "epci_code": "200049211",
    "departement_code": "66",
    "region_code": "76",
    "postal_code": "66320"
  },
  {
    "name": "Baixas",
    "code": "66014",
    "epci_code": "200027183",
    "departement_code": "66",
    "region_code": "76",
    "postal_code": "66390"
  },
  {
    "name": "Banyuls-dels-Aspres",
    "code": "66015",
    "epci_code": "246600449",
    "departement_code": "66",
    "region_code": "76",
    "postal_code": "66300"
  },
  {
    "name": "Banyuls-sur-Mer",
    "code": "66016",
    "epci_code": "200043602",
    "departement_code": "66",
    "region_code": "76",
    "postal_code": "66650"
  },
  {
    "name": "Le Barcarès",
    "code": "66017",
    "epci_code": "200027183",
    "departement_code": "66",
    "region_code": "76",
    "postal_code": "66420"
  },
  {
    "name": "La Bastide",
    "code": "66018",
    "epci_code": "246600548",
    "departement_code": "66",
    "region_code": "76",
    "postal_code": "66110"
  },
  {
    "name": "Bélesta",
    "code": "66019",
    "epci_code": "246600415",
    "departement_code": "66",
    "region_code": "76",
    "postal_code": "66720"
  },
  {
    "name": "Bolquère",
    "code": "66020",
    "epci_code": "246600464",
    "departement_code": "66",
    "region_code": "76",
    "postal_code": "66210"
  },
  {
    "name": "Bompas",
    "code": "66021",
    "epci_code": "200027183",
    "departement_code": "66",
    "region_code": "76",
    "postal_code": "66430"
  },
  {
    "name": "Boule-d’Amont",
    "code": "66022",
    "epci_code": "246600415",
    "departement_code": "66",
    "region_code": "76",
    "postal_code": "66130"
  },
  {
    "name": "Bouleternère",
    "code": "66023",
    "epci_code": "246600415",
    "departement_code": "66",
    "region_code": "76",
    "postal_code": "66130"
  },
  {
    "name": "Le Boulou",
    "code": "66024",
    "epci_code": "246600373",
    "departement_code": "66",
    "region_code": "76",
    "postal_code": "66160"
  },
  {
    "name": "Bourg-Madame",
    "code": "66025",
    "epci_code": "246600399",
    "departement_code": "66",
    "region_code": "76",
    "postal_code": "66760"
  },
  {
    "name": "Brouilla",
    "code": "66026",
    "epci_code": "246600449",
    "departement_code": "66",
    "region_code": "76",
    "postal_code": "66620"
  },
  {
    "name": "La Cabanasse",
    "code": "66027",
    "epci_code": "246600464",
    "departement_code": "66",
    "region_code": "76",
    "postal_code": "66210"
  },
  {
    "name": "Cabestany",
    "code": "66028",
    "epci_code": "200027183",
    "departement_code": "66",
    "region_code": "76",
    "postal_code": "66330"
  },
  {
    "name": "Caixas",
    "code": "66029",
    "epci_code": "246600449",
    "departement_code": "66",
    "region_code": "76",
    "postal_code": "66300"
  },
  {
    "name": "Calce",
    "code": "66030",
    "epci_code": "200027183",
    "departement_code": "66",
    "region_code": "76",
    "postal_code": "66600"
  },
  {
    "name": "Calmeilles",
    "code": "66032",
    "epci_code": "246600449",
    "departement_code": "66",
    "region_code": "76",
    "postal_code": "66400"
  },
  {
    "name": "Camélas",
    "code": "66033",
    "epci_code": "246600449",
    "departement_code": "66",
    "region_code": "76",
    "postal_code": "66300"
  },
  {
    "name": "Campôme",
    "code": "66034",
    "epci_code": "200049211",
    "departement_code": "66",
    "region_code": "76",
    "postal_code": "66500"
  },
  {
    "name": "Campoussy",
    "code": "66035",
    "epci_code": "246600423",
    "departement_code": "66",
    "region_code": "76",
    "postal_code": "66730"
  },
  {
    "name": "Canaveilles",
    "code": "66036",
    "epci_code": "200049211",
    "departement_code": "66",
    "region_code": "76",
    "postal_code": "66360"
  },
  {
    "name": "Canet-en-Roussillon",
    "code": "66037",
    "epci_code": "200027183",
    "departement_code": "66",
    "region_code": "76",
    "postal_code": "66140"
  },
  {
    "name": "Canohès",
    "code": "66038",
    "epci_code": "200027183",
    "departement_code": "66",
    "region_code": "76",
    "postal_code": "66680"
  },
  {
    "name": "Caramany",
    "code": "66039",
    "epci_code": "246600423",
    "departement_code": "66",
    "region_code": "76",
    "postal_code": "66720"
  },
  {
    "name": "Casefabre",
    "code": "66040",
    "epci_code": "246600415",
    "departement_code": "66",
    "region_code": "76",
    "postal_code": "66130"
  },
  {
    "name": "Cases-de-Pène",
    "code": "66041",
    "epci_code": "200027183",
    "departement_code": "66",
    "region_code": "76",
    "postal_code": "66600"
  },
  {
    "name": "Cassagnes",
    "code": "66042",
    "epci_code": "200027183",
    "departement_code": "66",
    "region_code": "76",
    "postal_code": "66720"
  },
  {
    "name": "Casteil",
    "code": "66043",
    "epci_code": "200049211",
    "departement_code": "66",
    "region_code": "76",
    "postal_code": "66820"
  },
  {
    "name": "Castelnou",
    "code": "66044",
    "epci_code": "246600449",
    "departement_code": "66",
    "region_code": "76",
    "postal_code": "66300"
  },
  {
    "name": "Catllar",
    "code": "66045",
    "epci_code": "200049211",
    "departement_code": "66",
    "region_code": "76",
    "postal_code": "66500"
  },
  {
    "name": "Caudiès-de-Fenouillèdes",
    "code": "66046",
    "epci_code": "246600423",
    "departement_code": "66",
    "region_code": "76",
    "postal_code": "66220"
  },
  {
    "name": "Caudiès-de-Conflent",
    "code": "66047",
    "epci_code": "246600464",
    "departement_code": "66",
    "region_code": "76",
    "postal_code": "66360"
  },
  {
    "name": "Cerbère",
    "code": "66048",
    "epci_code": "200043602",
    "departement_code": "66",
    "region_code": "76",
    "postal_code": "66290"
  },
  {
    "name": "Céret",
    "code": "66049",
    "epci_code": "246600373",
    "departement_code": "66",
    "region_code": "76",
    "postal_code": "66400"
  },
  {
    "name": "Claira",
    "code": "66050",
    "epci_code": "200070365",
    "departement_code": "66",
    "region_code": "76",
    "postal_code": "66530"
  },
  {
    "name": "Clara-Villerach",
    "code": "66051",
    "epci_code": "200049211",
    "departement_code": "66",
    "region_code": "76",
    "postal_code": "66500"
  },
  {
    "name": "Codalet",
    "code": "66052",
    "epci_code": "200049211",
    "departement_code": "66",
    "region_code": "76",
    "postal_code": "66500"
  },
  {
    "name": "Collioure",
    "code": "66053",
    "epci_code": "200043602",
    "departement_code": "66",
    "region_code": "76",
    "postal_code": "66190"
  },
  {
    "name": "Conat",
    "code": "66054",
    "epci_code": "200049211",
    "departement_code": "66",
    "region_code": "76",
    "postal_code": "66500"
  },
  {
    "name": "Corbère",
    "code": "66055",
    "epci_code": "246600415",
    "departement_code": "66",
    "region_code": "76",
    "postal_code": "66130"
  },
  {
    "name": "Corbère-les-Cabanes",
    "code": "66056",
    "epci_code": "246600415",
    "departement_code": "66",
    "region_code": "76",
    "postal_code": "66130"
  },
  {
    "name": "Corneilla-de-Conflent",
    "code": "66057",
    "epci_code": "200049211",
    "departement_code": "66",
    "region_code": "76",
    "postal_code": "66820"
  },
  {
    "name": "Corneilla-la-Rivière",
    "code": "66058",
    "epci_code": "200027183",
    "departement_code": "66",
    "region_code": "76",
    "postal_code": "66550"
  },
  {
    "name": "Corneilla-del-Vercol",
    "code": "66059",
    "epci_code": "246600282",
    "departement_code": "66",
    "region_code": "76",
    "postal_code": "66200"
  },
  {
    "name": "Corsavy",
    "code": "66060",
    "epci_code": "246600548",
    "departement_code": "66",
    "region_code": "76",
    "postal_code": "66150"
  },
  {
    "name": "Coustouges",
    "code": "66061",
    "epci_code": "246600548",
    "departement_code": "66",
    "region_code": "76",
    "postal_code": "66260"
  },
  {
    "name": "Dorres",
    "code": "66062",
    "epci_code": "246600399",
    "departement_code": "66",
    "region_code": "76",
    "postal_code": "66760"
  },
  {
    "name": "Les Cluses",
    "code": "66063",
    "epci_code": "246600373",
    "departement_code": "66",
    "region_code": "76",
    "postal_code": "66480"
  },
  {
    "name": "Égat",
    "code": "66064",
    "epci_code": "246600399",
    "departement_code": "66",
    "region_code": "76",
    "postal_code": "66120"
  },
  {
    "name": "Elne",
    "code": "66065",
    "epci_code": "200043602",
    "departement_code": "66",
    "region_code": "76",
    "postal_code": "66200"
  },
  {
    "name": "Enveitg",
    "code": "66066",
    "epci_code": "246600399",
    "departement_code": "66",
    "region_code": "76",
    "postal_code": "66760"
  },
  {
    "name": "Err",
    "code": "66067",
    "epci_code": "246600399",
    "departement_code": "66",
    "region_code": "76",
    "postal_code": "66800"
  },
  {
    "name": "Escaro",
    "code": "66068",
    "epci_code": "200049211",
    "departement_code": "66",
    "region_code": "76",
    "postal_code": "66360"
  },
  {
    "name": "Espira-de-l’Agly",
    "code": "66069",
    "epci_code": "200027183",
    "departement_code": "66",
    "region_code": "76",
    "postal_code": "66600"
  },
  {
    "name": "Espira-de-Conflent",
    "code": "66070",
    "epci_code": "200049211",
    "departement_code": "66",
    "region_code": "76",
    "postal_code": "66320"
  },
  {
    "name": "Estagel",
    "code": "66071",
    "epci_code": "200027183",
    "departement_code": "66",
    "region_code": "76",
    "postal_code": "66310"
  },
  {
    "name": "Estavar",
    "code": "66072",
    "epci_code": "246600399",
    "departement_code": "66",
    "region_code": "76",
    "postal_code": "66800"
  },
  {
    "name": "Estoher",
    "code": "66073",
    "epci_code": "200049211",
    "departement_code": "66",
    "region_code": "76",
    "postal_code": "66320"
  },
  {
    "name": "Eus",
    "code": "66074",
    "epci_code": "200049211",
    "departement_code": "66",
    "region_code": "76",
    "postal_code": "66500"
  },
  {
    "name": "Eyne",
    "code": "66075",
    "epci_code": "246600464",
    "departement_code": "66",
    "region_code": "76",
    "postal_code": "66800"
  },
  {
    "name": "Feilluns",
    "code": "66076",
    "epci_code": "246600423",
    "departement_code": "66",
    "region_code": "76",
    "postal_code": "66730"
  },
  {
    "name": "Fenouillet",
    "code": "66077",
    "epci_code": "246600423",
    "departement_code": "66",
    "region_code": "76",
    "postal_code": "66220"
  },
  {
    "name": "Fillols",
    "code": "66078",
    "epci_code": "200049211",
    "departement_code": "66",
    "region_code": "76",
    "postal_code": "66820"
  },
  {
    "name": "Finestret",
    "code": "66079",
    "epci_code": "200049211",
    "departement_code": "66",
    "region_code": "76",
    "postal_code": "66320"
  },
  {
    "name": "Fontpédrouse",
    "code": "66080",
    "epci_code": "200049211",
    "departement_code": "66",
    "region_code": "76",
    "postal_code": "66360"
  },
  {
    "name": "Fontrabiouse",
    "code": "66081",
    "epci_code": "246600464",
    "departement_code": "66",
    "region_code": "76",
    "postal_code": "66210"
  },
  {
    "name": "Formiguères",
    "code": "66082",
    "epci_code": "246600464",
    "departement_code": "66",
    "region_code": "76",
    "postal_code": "66210"
  },
  {
    "name": "Fosse",
    "code": "66083",
    "epci_code": "246600423",
    "departement_code": "66",
    "region_code": "76",
    "postal_code": "66220"
  },
  {
    "name": "Fourques",
    "code": "66084",
    "epci_code": "246600449",
    "departement_code": "66",
    "region_code": "76",
    "postal_code": "66300"
  },
  {
    "name": "Fuilla",
    "code": "66085",
    "epci_code": "200049211",
    "departement_code": "66",
    "region_code": "76",
    "postal_code": "66820"
  },
  {
    "name": "Glorianes",
    "code": "66086",
    "epci_code": "246600415",
    "departement_code": "66",
    "region_code": "76",
    "postal_code": "66320"
  },
  {
    "name": "Ille-sur-Têt",
    "code": "66088",
    "epci_code": "246600415",
    "departement_code": "66",
    "region_code": "76",
    "postal_code": "66130"
  },
  {
    "name": "Joch",
    "code": "66089",
    "epci_code": "200049211",
    "departement_code": "66",
    "region_code": "76",
    "postal_code": "66320"
  },
  {
    "name": "Jujols",
    "code": "66090",
    "epci_code": "200049211",
    "departement_code": "66",
    "region_code": "76",
    "postal_code": "66360"
  },
  {
    "name": "Lamanère",
    "code": "66091",
    "epci_code": "246600548",
    "departement_code": "66",
    "region_code": "76",
    "postal_code": "66230"
  },
  {
    "name": "Lansac",
    "code": "66092",
    "epci_code": "246600423",
    "departement_code": "66",
    "region_code": "76",
    "postal_code": "66720"
  },
  {
    "name": "Laroque-des-Albères",
    "code": "66093",
    "epci_code": "200043602",
    "departement_code": "66",
    "region_code": "76",
    "postal_code": "66740"
  },
  {
    "name": "Latour-Bas-Elne",
    "code": "66094",
    "epci_code": "246600282",
    "departement_code": "66",
    "region_code": "76",
    "postal_code": "66200"
  },
  {
    "name": "Latour-de-Carol",
    "code": "66095",
    "epci_code": "246600399",
    "departement_code": "66",
    "region_code": "76",
    "postal_code": "66760"
  },
  {
    "name": "Latour-de-France",
    "code": "66096",
    "epci_code": "246600423",
    "departement_code": "66",
    "region_code": "76",
    "postal_code": "66720"
  },
  {
    "name": "Lesquerde",
    "code": "66097",
    "epci_code": "246600423",
    "departement_code": "66",
    "region_code": "76",
    "postal_code": "66220"
  },
  {
    "name": "La Llagonne",
    "code": "66098",
    "epci_code": "246600464",
    "departement_code": "66",
    "region_code": "76",
    "postal_code": "66210"
  },
  {
    "name": "Llauro",
    "code": "66099",
    "epci_code": "246600449",
    "departement_code": "66",
    "region_code": "76",
    "postal_code": "66300"
  },
  {
    "name": "Llo",
    "code": "66100",
    "epci_code": "246600399",
    "departement_code": "66",
    "region_code": "76",
    "postal_code": "66800"
  },
  {
    "name": "Llupia",
    "code": "66101",
    "epci_code": "200027183",
    "departement_code": "66",
    "region_code": "76",
    "postal_code": "66300"
  },
  {
    "name": "Mantet",
    "code": "66102",
    "epci_code": "200049211",
    "departement_code": "66",
    "region_code": "76",
    "postal_code": "66360"
  },
  {
    "name": "Marquixanes",
    "code": "66103",
    "epci_code": "200049211",
    "departement_code": "66",
    "region_code": "76",
    "postal_code": "66320"
  },
  {
    "name": "Los Masos",
    "code": "66104",
    "epci_code": "200049211",
    "departement_code": "66",
    "region_code": "76",
    "postal_code": "66500"
  },
  {
    "name": "Matemale",
    "code": "66105",
    "epci_code": "246600464",
    "departement_code": "66",
    "region_code": "76",
    "postal_code": "66210"
  },
  {
    "name": "Maureillas-las-Illas",
    "code": "66106",
    "epci_code": "246600373",
    "departement_code": "66",
    "region_code": "76",
    "postal_code": "66480"
  },
  {
    "name": "Maury",
    "code": "66107",
    "epci_code": "246600423",
    "departement_code": "66",
    "region_code": "76",
    "postal_code": "66460"
  },
  {
    "name": "Millas",
    "code": "66108",
    "epci_code": "246600415",
    "departement_code": "66",
    "region_code": "76",
    "postal_code": "66170"
  },
  {
    "name": "Molitg-les-Bains",
    "code": "66109",
    "epci_code": "200049211",
    "departement_code": "66",
    "region_code": "76",
    "postal_code": "66500"
  },
  {
    "name": "Montalba-le-Château",
    "code": "66111",
    "epci_code": "246600415",
    "departement_code": "66",
    "region_code": "76",
    "postal_code": "66130"
  },
  {
    "name": "Montauriol",
    "code": "66112",
    "epci_code": "246600449",
    "departement_code": "66",
    "region_code": "76",
    "postal_code": "66300"
  },
  {
    "name": "Montbolo",
    "code": "66113",
    "epci_code": "246600548",
    "departement_code": "66",
    "region_code": "76",
    "postal_code": "66110"
  },
  {
    "name": "Montescot",
    "code": "66114",
    "epci_code": "246600282",
    "departement_code": "66",
    "region_code": "76",
    "postal_code": "66200"
  },
  {
    "name": "Montesquieu-des-Albères",
    "code": "66115",
    "epci_code": "200043602",
    "departement_code": "66",
    "region_code": "76",
    "postal_code": "66740"
  },
  {
    "name": "Montferrer",
    "code": "66116",
    "epci_code": "246600548",
    "departement_code": "66",
    "region_code": "76",
    "postal_code": "66150"
  },
  {
    "name": "Mont-Louis",
    "code": "66117",
    "epci_code": "246600464",
    "departement_code": "66",
    "region_code": "76",
    "postal_code": "66210"
  },
  {
    "name": "Montner",
    "code": "66118",
    "epci_code": "200027183",
    "departement_code": "66",
    "region_code": "76",
    "postal_code": "66720"
  },
  {
    "name": "Mosset",
    "code": "66119",
    "epci_code": "200049211",
    "departement_code": "66",
    "region_code": "76",
    "postal_code": "66500"
  },
  {
    "name": "Nahuja",
    "code": "66120",
    "epci_code": "246600399",
    "departement_code": "66",
    "region_code": "76",
    "postal_code": "66340"
  },
  {
    "name": "Néfiach",
    "code": "66121",
    "epci_code": "246600415",
    "departement_code": "66",
    "region_code": "76",
    "postal_code": "66170"
  },
  {
    "name": "Nohèdes",
    "code": "66122",
    "epci_code": "200049211",
    "departement_code": "66",
    "region_code": "76",
    "postal_code": "66500"
  },
  {
    "name": "Nyer",
    "code": "66123",
    "epci_code": "200049211",
    "departement_code": "66",
    "region_code": "76",
    "postal_code": "66360"
  },
  {
    "name": "Font-Romeu-Odeillo-Via",
    "code": "66124",
    "epci_code": "246600464",
    "departement_code": "66",
    "region_code": "76",
    "postal_code": "66120"
  },
  {
    "name": "Olette",
    "code": "66125",
    "epci_code": "200049211",
    "departement_code": "66",
    "region_code": "76",
    "postal_code": "66360"
  },
  {
    "name": "Oms",
    "code": "66126",
    "epci_code": "246600449",
    "departement_code": "66",
    "region_code": "76",
    "postal_code": "66400"
  },
  {
    "name": "Opoul-Périllos",
    "code": "66127",
    "epci_code": "200027183",
    "departement_code": "66",
    "region_code": "76",
    "postal_code": "66600"
  },
  {
    "name": "Oreilla",
    "code": "66128",
    "epci_code": "200049211",
    "departement_code": "66",
    "region_code": "76",
    "postal_code": "66360"
  },
  {
    "name": "Ortaffa",
    "code": "66129",
    "epci_code": "200043602",
    "departement_code": "66",
    "region_code": "76",
    "postal_code": "66560"
  },
  {
    "name": "Osséja",
    "code": "66130",
    "epci_code": "246600399",
    "departement_code": "66",
    "region_code": "76",
    "postal_code": "66340"
  },
  {
    "name": "Palau-de-Cerdagne",
    "code": "66132",
    "epci_code": "246600399",
    "departement_code": "66",
    "region_code": "76",
    "postal_code": "66340"
  },
  {
    "name": "Palau-del-Vidre",
    "code": "66133",
    "epci_code": "200043602",
    "departement_code": "66",
    "region_code": "76",
    "postal_code": "66690"
  },
  {
    "name": "Passa",
    "code": "66134",
    "epci_code": "246600449",
    "departement_code": "66",
    "region_code": "76",
    "postal_code": "66300"
  },
  {
    "name": "Perpignan",
    "code": "66136",
    "epci_code": "200027183",
    "departement_code": "66",
    "region_code": "76",
    "postal_code": "66000"
  },
  {
    "name": "Perpignan",
    "code": "66136",
    "epci_code": "200027183",
    "departement_code": "66",
    "region_code": "76",
    "postal_code": "66100"
  },
  {
    "name": "Le Perthus",
    "code": "66137",
    "epci_code": "246600373",
    "departement_code": "66",
    "region_code": "76",
    "postal_code": "66480"
  },
  {
    "name": "Peyrestortes",
    "code": "66138",
    "epci_code": "200027183",
    "departement_code": "66",
    "region_code": "76",
    "postal_code": "66600"
  },
  {
    "name": "Pézilla-de-Conflent",
    "code": "66139",
    "epci_code": "246600423",
    "departement_code": "66",
    "region_code": "76",
    "postal_code": "66730"
  },
  {
    "name": "Pézilla-la-Rivière",
    "code": "66140",
    "epci_code": "200027183",
    "departement_code": "66",
    "region_code": "76",
    "postal_code": "66370"
  },
  {
    "name": "Pia",
    "code": "66141",
    "epci_code": "200070365",
    "departement_code": "66",
    "region_code": "76",
    "postal_code": "66380"
  },
  {
    "name": "Planès",
    "code": "66142",
    "epci_code": "246600464",
    "departement_code": "66",
    "region_code": "76",
    "postal_code": "66210"
  },
  {
    "name": "Planèzes",
    "code": "66143",
    "epci_code": "246600423",
    "departement_code": "66",
    "region_code": "76",
    "postal_code": "66720"
  },
  {
    "name": "Pollestres",
    "code": "66144",
    "epci_code": "200027183",
    "departement_code": "66",
    "region_code": "76",
    "postal_code": "66450"
  },
  {
    "name": "Ponteilla",
    "code": "66145",
    "epci_code": "200027183",
    "departement_code": "66",
    "region_code": "76",
    "postal_code": "66300"
  },
  {
    "name": "Porta",
    "code": "66146",
    "epci_code": "246600399",
    "departement_code": "66",
    "region_code": "76",
    "postal_code": "66760"
  },
  {
    "name": "Porté-Puymorens",
    "code": "66147",
    "epci_code": "246600399",
    "departement_code": "66",
    "region_code": "76",
    "postal_code": "66760"
  },
  {
    "name": "Port-Vendres",
    "code": "66148",
    "epci_code": "200043602",
    "departement_code": "66",
    "region_code": "76",
    "postal_code": "66660"
  },
  {
    "name": "Prades",
    "code": "66149",
    "epci_code": "200049211",
    "departement_code": "66",
    "region_code": "76",
    "postal_code": "66500"
  },
  {
    "name": "Prats-de-Mollo-la-Preste",
    "code": "66150",
    "epci_code": "246600548",
    "departement_code": "66",
    "region_code": "76",
    "postal_code": "66230"
  },
  {
    "name": "Prats-de-Sournia",
    "code": "66151",
    "epci_code": "246600423",
    "departement_code": "66",
    "region_code": "76",
    "postal_code": "66730"
  },
  {
    "name": "Prugnanes",
    "code": "66152",
    "epci_code": "246600423",
    "departement_code": "66",
    "region_code": "76",
    "postal_code": "66220"
  },
  {
    "name": "Prunet-et-Belpuig",
    "code": "66153",
    "epci_code": "246600415",
    "departement_code": "66",
    "region_code": "76",
    "postal_code": "66130"
  },
  {
    "name": "Puyvalador",
    "code": "66154",
    "epci_code": "246600464",
    "departement_code": "66",
    "region_code": "76",
    "postal_code": "66210"
  },
  {
    "name": "Py",
    "code": "66155",
    "epci_code": "200049211",
    "departement_code": "66",
    "region_code": "76",
    "postal_code": "66360"
  },
  {
    "name": "Rabouillet",
    "code": "66156",
    "epci_code": "246600423",
    "departement_code": "66",
    "region_code": "76",
    "postal_code": "66730"
  },
  {
    "name": "Railleu",
    "code": "66157",
    "epci_code": "246600464",
    "departement_code": "66",
    "region_code": "76",
    "postal_code": "66360"
  },
  {
    "name": "Rasiguères",
    "code": "66158",
    "epci_code": "246600423",
    "departement_code": "66",
    "region_code": "76",
    "postal_code": "66720"
  },
  {
    "name": "Réal",
    "code": "66159",
    "epci_code": "246600464",
    "departement_code": "66",
    "region_code": "76",
    "postal_code": "66210"
  },
  {
    "name": "Reynès",
    "code": "66160",
    "epci_code": "246600373",
    "departement_code": "66",
    "region_code": "76",
    "postal_code": "66400"
  },
  {
    "name": "Ria-Sirach",
    "code": "66161",
    "epci_code": "200049211",
    "departement_code": "66",
    "region_code": "76",
    "postal_code": "66500"
  },
  {
    "name": "Rigarda",
    "code": "66162",
    "epci_code": "200049211",
    "departement_code": "66",
    "region_code": "76",
    "postal_code": "66320"
  },
  {
    "name": "Rivesaltes",
    "code": "66164",
    "epci_code": "200027183",
    "departement_code": "66",
    "region_code": "76",
    "postal_code": "66600"
  },
  {
    "name": "Rodès",
    "code": "66165",
    "epci_code": "246600415",
    "departement_code": "66",
    "region_code": "76",
    "postal_code": "66320"
  },
  {
    "name": "Sahorre",
    "code": "66166",
    "epci_code": "200049211",
    "departement_code": "66",
    "region_code": "76",
    "postal_code": "66360"
  },
  {
    "name": "Saillagouse",
    "code": "66167",
    "epci_code": "246600399",
    "departement_code": "66",
    "region_code": "76",
    "postal_code": "66800"
  },
  {
    "name": "Saint-André",
    "code": "66168",
    "epci_code": "200043602",
    "departement_code": "66",
    "region_code": "76",
    "postal_code": "66690"
  },
  {
    "name": "Saint-Arnac",
    "code": "66169",
    "epci_code": "246600423",
    "departement_code": "66",
    "region_code": "76",
    "postal_code": "66220"
  },
  {
    "name": "Sainte-Colombe-de-la-Commanderie",
    "code": "66170",
    "epci_code": "246600449",
    "departement_code": "66",
    "region_code": "76",
    "postal_code": "66300"
  },
  {
    "name": "Saint-Cyprien",
    "code": "66171",
    "epci_code": "246600282",
    "departement_code": "66",
    "region_code": "76",
    "postal_code": "66750"
  },
  {
    "name": "Saint-Estève",
    "code": "66172",
    "epci_code": "200027183",
    "departement_code": "66",
    "region_code": "76",
    "postal_code": "66240"
  },
  {
    "name": "Saint-Féliu-d’Amont",
    "code": "66173",
    "epci_code": "246600415",
    "departement_code": "66",
    "region_code": "76",
    "postal_code": "66170"
  },
  {
    "name": "Saint-Féliu-d’Avall",
    "code": "66174",
    "epci_code": "200027183",
    "departement_code": "66",
    "region_code": "76",
    "postal_code": "66170"
  },
  {
    "name": "Saint-Génis-des-Fontaines",
    "code": "66175",
    "epci_code": "200043602",
    "departement_code": "66",
    "region_code": "76",
    "postal_code": "66740"
  },
  {
    "name": "Saint-Hippolyte",
    "code": "66176",
    "epci_code": "200027183",
    "departement_code": "66",
    "region_code": "76",
    "postal_code": "66510"
  },
  {
    "name": "Saint-Jean-Lasseille",
    "code": "66177",
    "epci_code": "246600449",
    "departement_code": "66",
    "region_code": "76",
    "postal_code": "66300"
  },
  {
    "name": "Saint-Jean-Pla-de-Corts",
    "code": "66178",
    "epci_code": "246600373",
    "departement_code": "66",
    "region_code": "76",
    "postal_code": "66490"
  },
  {
    "name": "Saint-Laurent-de-Cerdans",
    "code": "66179",
    "epci_code": "246600548",
    "departement_code": "66",
    "region_code": "76",
    "postal_code": "66260"
  },
  {
    "name": "Saint-Laurent-de-la-Salanque",
    "code": "66180",
    "epci_code": "200027183",
    "departement_code": "66",
    "region_code": "76",
    "postal_code": "66250"
  },
  {
    "name": "Sainte-Léocadie",
    "code": "66181",
    "epci_code": "246600399",
    "departement_code": "66",
    "region_code": "76",
    "postal_code": "66800"
  },
  {
    "name": "Sainte-Marie-la-Mer",
    "code": "66182",
    "epci_code": "200027183",
    "departement_code": "66",
    "region_code": "76",
    "postal_code": "66470"
  },
  {
    "name": "Saint-Marsal",
    "code": "66183",
    "epci_code": "246600548",
    "departement_code": "66",
    "region_code": "76",
    "postal_code": "66110"
  },
  {
    "name": "Saint-Martin-de-Fenouillet",
    "code": "66184",
    "epci_code": "246600423",
    "departement_code": "66",
    "region_code": "76",
    "postal_code": "66220"
  },
  {
    "name": "Saint-Michel-de-Llotes",
    "code": "66185",
    "epci_code": "246600415",
    "departement_code": "66",
    "region_code": "76",
    "postal_code": "66130"
  },
  {
    "name": "Saint-Nazaire",
    "code": "66186",
    "epci_code": "200027183",
    "departement_code": "66",
    "region_code": "76",
    "postal_code": "66570"
  },
  {
    "name": "Saint-Paul-de-Fenouillet",
    "code": "66187",
    "epci_code": "246600423",
    "departement_code": "66",
    "region_code": "76",
    "postal_code": "66220"
  },
  {
    "name": "Saint-Pierre-dels-Forcats",
    "code": "66188",
    "epci_code": "246600464",
    "departement_code": "66",
    "region_code": "76",
    "postal_code": "66210"
  },
  {
    "name": "Saleilles",
    "code": "66189",
    "epci_code": "200027183",
    "departement_code": "66",
    "region_code": "76",
    "postal_code": "66280"
  },
  {
    "name": "Salses-le-Château",
    "code": "66190",
    "epci_code": "200070365",
    "departement_code": "66",
    "region_code": "76",
    "postal_code": "66600"
  },
  {
    "name": "Sansa",
    "code": "66191",
    "epci_code": "246600464",
    "departement_code": "66",
    "region_code": "76",
    "postal_code": "66360"
  },
  {
    "name": "Sauto",
    "code": "66192",
    "epci_code": "246600464",
    "departement_code": "66",
    "region_code": "76",
    "postal_code": "66210"
  },
  {
    "name": "Serdinya",
    "code": "66193",
    "epci_code": "200049211",
    "departement_code": "66",
    "region_code": "76",
    "postal_code": "66360"
  },
  {
    "name": "Serralongue",
    "code": "66194",
    "epci_code": "246600548",
    "departement_code": "66",
    "region_code": "76",
    "postal_code": "66230"
  },
  {
    "name": "Le Soler",
    "code": "66195",
    "epci_code": "200027183",
    "departement_code": "66",
    "region_code": "76",
    "postal_code": "66270"
  },
  {
    "name": "Sorède",
    "code": "66196",
    "epci_code": "200043602",
    "departement_code": "66",
    "region_code": "76",
    "postal_code": "66690"
  },
  {
    "name": "Souanyas",
    "code": "66197",
    "epci_code": "200049211",
    "departement_code": "66",
    "region_code": "76",
    "postal_code": "66360"
  },
  {
    "name": "Sournia",
    "code": "66198",
    "epci_code": "246600423",
    "departement_code": "66",
    "region_code": "76",
    "postal_code": "66730"
  },
  {
    "name": "Taillet",
    "code": "66199",
    "epci_code": "246600373",
    "departement_code": "66",
    "region_code": "76",
    "postal_code": "66400"
  },
  {
    "name": "Tarerach",
    "code": "66201",
    "epci_code": "200049211",
    "departement_code": "66",
    "region_code": "76",
    "postal_code": "66320"
  },
  {
    "name": "Targasonne",
    "code": "66202",
    "epci_code": "246600399",
    "departement_code": "66",
    "region_code": "76",
    "postal_code": "66120"
  },
  {
    "name": "Taulis",
    "code": "66203",
    "epci_code": "246600548",
    "departement_code": "66",
    "region_code": "76",
    "postal_code": "66110"
  },
  {
    "name": "Taurinya",
    "code": "66204",
    "epci_code": "200049211",
    "departement_code": "66",
    "region_code": "76",
    "postal_code": "66500"
  },
  {
    "name": "Tautavel",
    "code": "66205",
    "epci_code": "200027183",
    "departement_code": "66",
    "region_code": "76",
    "postal_code": "66720"
  },
  {
    "name": "Le Tech",
    "code": "66206",
    "epci_code": "246600548",
    "departement_code": "66",
    "region_code": "76",
    "postal_code": "66230"
  },
  {
    "name": "Terrats",
    "code": "66207",
    "epci_code": "246600449",
    "departement_code": "66",
    "region_code": "76",
    "postal_code": "66300"
  },
  {
    "name": "Théza",
    "code": "66208",
    "epci_code": "246600282",
    "departement_code": "66",
    "region_code": "76",
    "postal_code": "66200"
  },
  {
    "name": "Thuès-Entre-Valls",
    "code": "66209",
    "epci_code": "200049211",
    "departement_code": "66",
    "region_code": "76",
    "postal_code": "66360"
  },
  {
    "name": "Thuir",
    "code": "66210",
    "epci_code": "246600449",
    "departement_code": "66",
    "region_code": "76",
    "postal_code": "66300"
  },
  {
    "name": "Tordères",
    "code": "66211",
    "epci_code": "246600449",
    "departement_code": "66",
    "region_code": "76",
    "postal_code": "66300"
  },
  {
    "name": "Torreilles",
    "code": "66212",
    "epci_code": "200027183",
    "departement_code": "66",
    "region_code": "76",
    "postal_code": "66440"
  },
  {
    "name": "Toulouges",
    "code": "66213",
    "epci_code": "200027183",
    "departement_code": "66",
    "region_code": "76",
    "postal_code": "66350"
  },
  {
    "name": "Tresserre",
    "code": "66214",
    "epci_code": "246600449",
    "departement_code": "66",
    "region_code": "76",
    "postal_code": "66300"
  },
  {
    "name": "Trévillach",
    "code": "66215",
    "epci_code": "200049211",
    "departement_code": "66",
    "region_code": "76",
    "postal_code": "66130"
  },
  {
    "name": "Trilla",
    "code": "66216",
    "epci_code": "246600423",
    "departement_code": "66",
    "region_code": "76",
    "postal_code": "66220"
  },
  {
    "name": "Trouillas",
    "code": "66217",
    "epci_code": "246600449",
    "departement_code": "66",
    "region_code": "76",
    "postal_code": "66300"
  },
  {
    "name": "Ur",
    "code": "66218",
    "epci_code": "246600399",
    "departement_code": "66",
    "region_code": "76",
    "postal_code": "66760"
  },
  {
    "name": "Urbanya",
    "code": "66219",
    "epci_code": "200049211",
    "departement_code": "66",
    "region_code": "76",
    "postal_code": "66500"
  },
  {
    "name": "Valcebollère",
    "code": "66220",
    "epci_code": "246600399",
    "departement_code": "66",
    "region_code": "76",
    "postal_code": "66340"
  },
  {
    "name": "Valmanya",
    "code": "66221",
    "epci_code": "200049211",
    "departement_code": "66",
    "region_code": "76",
    "postal_code": "66320"
  },
  {
    "name": "Vernet-les-Bains",
    "code": "66222",
    "epci_code": "200049211",
    "departement_code": "66",
    "region_code": "76",
    "postal_code": "66820"
  },
  {
    "name": "Villefranche-de-Conflent",
    "code": "66223",
    "epci_code": "200049211",
    "departement_code": "66",
    "region_code": "76",
    "postal_code": "66500"
  },
  {
    "name": "Villelongue-de-la-Salanque",
    "code": "66224",
    "epci_code": "200027183",
    "departement_code": "66",
    "region_code": "76",
    "postal_code": "66410"
  },
  {
    "name": "Villelongue-dels-Monts",
    "code": "66225",
    "epci_code": "200043602",
    "departement_code": "66",
    "region_code": "76",
    "postal_code": "66740"
  },
  {
    "name": "Villemolaque",
    "code": "66226",
    "epci_code": "246600449",
    "departement_code": "66",
    "region_code": "76",
    "postal_code": "66300"
  },
  {
    "name": "Villeneuve-de-la-Raho",
    "code": "66227",
    "epci_code": "200027183",
    "departement_code": "66",
    "region_code": "76",
    "postal_code": "66180"
  },
  {
    "name": "Villeneuve-la-Rivière",
    "code": "66228",
    "epci_code": "200027183",
    "departement_code": "66",
    "region_code": "76",
    "postal_code": "66610"
  },
  {
    "name": "Vinça",
    "code": "66230",
    "epci_code": "200049211",
    "departement_code": "66",
    "region_code": "76",
    "postal_code": "66320"
  },
  {
    "name": "Vingrau",
    "code": "66231",
    "epci_code": "200027183",
    "departement_code": "66",
    "region_code": "76",
    "postal_code": "66600"
  },
  {
    "name": "Vira",
    "code": "66232",
    "epci_code": "246600423",
    "departement_code": "66",
    "region_code": "76",
    "postal_code": "66220"
  },
  {
    "name": "Vivès",
    "code": "66233",
    "epci_code": "246600373",
    "departement_code": "66",
    "region_code": "76",
    "postal_code": "66490"
  },
  {
    "name": "Le Vivier",
    "code": "66234",
    "epci_code": "246600423",
    "departement_code": "66",
    "region_code": "76",
    "postal_code": "66730"
  }
]