[
  {
    "name": "L’Abergement-Clémenciat",
    "code": "01001",
    "epci_code": "200069193",
    "departement_code": "01",
    "region_code": "84",
    "postal_code": "01400"
  },
  {
    "name": "L’Abergement-de-Varey",
    "code": "01002",
    "epci_code": "240100883",
    "departement_code": "01",
    "region_code": "84",
    "postal_code": "01640"
  },
  {
    "name": "Ambérieu-en-Bugey",
    "code": "01004",
    "epci_code": "240100883",
    "departement_code": "01",
    "region_code": "84",
    "postal_code": "01500"
  },
  {
    "name": "Ambérieux-en-Dombes",
    "code": "01005",
    "epci_code": "200042497",
    "departement_code": "01",
    "region_code": "84",
    "postal_code": "01330"
  },
  {
    "name": "Ambléon",
    "code": "01006",
    "epci_code": "200040350",
    "departement_code": "01",
    "region_code": "84",
    "postal_code": "01300"
  },
  {
    "name": "Ambronay",
    "code": "01007",
    "epci_code": "240100883",
    "departement_code": "01",
    "region_code": "84",
    "postal_code": "01500"
  },
  {
    "name": "Ambutrix",
    "code": "01008",
    "epci_code": "240100883",
    "departement_code": "01",
    "region_code": "84",
    "postal_code": "01500"
  },
  {
    "name": "Andert-et-Condon",
    "code": "01009",
    "epci_code": "200040350",
    "departement_code": "01",
    "region_code": "84",
    "postal_code": "01300"
  },
  {
    "name": "Anglefort",
    "code": "01010",
    "epci_code": "200070852",
    "departement_code": "01",
    "region_code": "84",
    "postal_code": "01350"
  },
  {
    "name": "Apremont",
    "code": "01011",
    "epci_code": "200042935",
    "departement_code": "01",
    "region_code": "84",
    "postal_code": "01100"
  },
  {
    "name": "Aranc",
    "code": "01012",
    "epci_code": "200042935",
    "departement_code": "01",
    "region_code": "84",
    "postal_code": "01110"
  },
  {
    "name": "Arandas",
    "code": "01013",
    "epci_code": "240100883",
    "departement_code": "01",
    "region_code": "84",
    "postal_code": "01230"
  },
  {
    "name": "Arbent",
    "code": "01014",
    "epci_code": "200042935",
    "departement_code": "01",
    "region_code": "84",
    "postal_code": "01100"
  },
  {
    "name": "Arboys en Bugey",
    "code": "01015",
    "epci_code": "200040350",
    "departement_code": "01",
    "region_code": "84",
    "postal_code": "01300"
  },
  {
    "name": "Arbigny",
    "code": "01016",
    "epci_code": "200071371",
    "departement_code": "01",
    "region_code": "84",
    "postal_code": "01190"
  },
  {
    "name": "Argis",
    "code": "01017",
    "epci_code": "240100883",
    "departement_code": "01",
    "region_code": "84",
    "postal_code": "01230"
  },
  {
    "name": "Armix",
    "code": "01019",
    "epci_code": "200040350",
    "departement_code": "01",
    "region_code": "84",
    "postal_code": "01510"
  },
  {
    "name": "Ars-sur-Formans",
    "code": "01021",
    "epci_code": "200042497",
    "departement_code": "01",
    "region_code": "84",
    "postal_code": "01480"
  },
  {
    "name": "Artemare",
    "code": "01022",
    "epci_code": "200040350",
    "departement_code": "01",
    "region_code": "84",
    "postal_code": "01510"
  },
  {
    "name": "Asnières-sur-Saône",
    "code": "01023",
    "epci_code": "200071371",
    "departement_code": "01",
    "region_code": "84",
    "postal_code": "01570"
  },
  {
    "name": "Attignat",
    "code": "01024",
    "epci_code": "200071751",
    "departement_code": "01",
    "region_code": "84",
    "postal_code": "01340"
  },
  {
    "name": "Bâgé-Dommartin",
    "code": "01025",
    "epci_code": "200071371",
    "departement_code": "01",
    "region_code": "84",
    "postal_code": "01380"
  },
  {
    "name": "Bâgé-le-Châtel",
    "code": "01026",
    "epci_code": "200071371",
    "departement_code": "01",
    "region_code": "84",
    "postal_code": "01380"
  },
  {
    "name": "Balan",
    "code": "01027",
    "epci_code": "240100610",
    "departement_code": "01",
    "region_code": "84",
    "postal_code": "01360"
  },
  {
    "name": "Baneins",
    "code": "01028",
    "epci_code": "200069193",
    "departement_code": "01",
    "region_code": "84",
    "postal_code": "01990"
  },
  {
    "name": "Beaupont",
    "code": "01029",
    "epci_code": "200071751",
    "departement_code": "01",
    "region_code": "84",
    "postal_code": "01270"
  },
  {
    "name": "Beauregard",
    "code": "01030",
    "epci_code": "200042497",
    "departement_code": "01",
    "region_code": "84",
    "postal_code": "01480"
  },
  {
    "name": "Bellignat",
    "code": "01031",
    "epci_code": "200042935",
    "departement_code": "01",
    "region_code": "84",
    "postal_code": "01100"
  },
  {
    "name": "Béligneux",
    "code": "01032",
    "epci_code": "240100610",
    "departement_code": "01",
    "region_code": "84",
    "postal_code": "01360"
  },
  {
    "name": "Valserhône",
    "code": "01033",
    "epci_code": "240100891",
    "departement_code": "01",
    "region_code": "84",
    "postal_code": "01200"
  },
  {
    "name": "Belley",
    "code": "01034",
    "epci_code": "200040350",
    "departement_code": "01",
    "region_code": "84",
    "postal_code": "01300"
  },
  {
    "name": "Belleydoux",
    "code": "01035",
    "epci_code": "200042935",
    "departement_code": "01",
    "region_code": "84",
    "postal_code": "01130"
  },
  {
    "name": "Valromey-sur-Séran",
    "code": "01036",
    "epci_code": "200040350",
    "departement_code": "01",
    "region_code": "84",
    "postal_code": "01260"
  },
  {
    "name": "Bénonces",
    "code": "01037",
    "epci_code": "240100883",
    "departement_code": "01",
    "region_code": "84",
    "postal_code": "01470"
  },
  {
    "name": "Bény",
    "code": "01038",
    "epci_code": "200071751",
    "departement_code": "01",
    "region_code": "84",
    "postal_code": "01370"
  },
  {
    "name": "Béréziat",
    "code": "01040",
    "epci_code": "200071751",
    "departement_code": "01",
    "region_code": "84",
    "postal_code": "01340"
  },
  {
    "name": "Bettant",
    "code": "01041",
    "epci_code": "240100883",
    "departement_code": "01",
    "region_code": "84",
    "postal_code": "01500"
  },
  {
    "name": "Bey",
    "code": "01042",
    "epci_code": "200070555",
    "departement_code": "01",
    "region_code": "84",
    "postal_code": "01290"
  },
  {
    "name": "Beynost",
    "code": "01043",
    "epci_code": "240100800",
    "departement_code": "01",
    "region_code": "84",
    "postal_code": "01700"
  },
  {
    "name": "Billiat",
    "code": "01044",
    "epci_code": "240100891",
    "departement_code": "01",
    "region_code": "84",
    "postal_code": "01200"
  },
  {
    "name": "Birieux",
    "code": "01045",
    "epci_code": "200069193",
    "departement_code": "01",
    "region_code": "84",
    "postal_code": "01330"
  },
  {
    "name": "Biziat",
    "code": "01046",
    "epci_code": "200070555",
    "departement_code": "01",
    "region_code": "84",
    "postal_code": "01290"
  },
  {
    "name": "Blyes",
    "code": "01047",
    "epci_code": "240100883",
    "departement_code": "01",
    "region_code": "84",
    "postal_code": "01150"
  },
  {
    "name": "La Boisse",
    "code": "01049",
    "epci_code": "240100610",
    "departement_code": "01",
    "region_code": "84",
    "postal_code": "01120"
  },
  {
    "name": "Boissey",
    "code": "01050",
    "epci_code": "200071371",
    "departement_code": "01",
    "region_code": "84",
    "postal_code": "01190"
  },
  {
    "name": "Boissey",
    "code": "01050",
    "epci_code": "200071371",
    "departement_code": "01",
    "region_code": "84",
    "postal_code": "01380"
  },
  {
    "name": "Bolozon",
    "code": "01051",
    "epci_code": "200042935",
    "departement_code": "01",
    "region_code": "84",
    "postal_code": "01450"
  },
  {
    "name": "Bouligneux",
    "code": "01052",
    "epci_code": "200069193",
    "departement_code": "01",
    "region_code": "84",
    "postal_code": "01330"
  },
  {
    "name": "Bourg-en-Bresse",
    "code": "01053",
    "epci_code": "200071751",
    "departement_code": "01",
    "region_code": "84",
    "postal_code": "01000"
  },
  {
    "name": "Bourg-Saint-Christophe",
    "code": "01054",
    "epci_code": "240100883",
    "departement_code": "01",
    "region_code": "84",
    "postal_code": "01800"
  },
  {
    "name": "Boyeux-Saint-Jérôme",
    "code": "01056",
    "epci_code": "200029999",
    "departement_code": "01",
    "region_code": "84",
    "postal_code": "01640"
  },
  {
    "name": "Boz",
    "code": "01057",
    "epci_code": "200071371",
    "departement_code": "01",
    "region_code": "84",
    "postal_code": "01190"
  },
  {
    "name": "Brégnier-Cordon",
    "code": "01058",
    "epci_code": "200040350",
    "departement_code": "01",
    "region_code": "84",
    "postal_code": "01300"
  },
  {
    "name": "Brénod",
    "code": "01060",
    "epci_code": "200042935",
    "departement_code": "01",
    "region_code": "84",
    "postal_code": "01110"
  },
  {
    "name": "Brens",
    "code": "01061",
    "epci_code": "200040350",
    "departement_code": "01",
    "region_code": "84",
    "postal_code": "01300"
  },
  {
    "name": "Bressolles",
    "code": "01062",
    "epci_code": "240100610",
    "departement_code": "01",
    "region_code": "84",
    "postal_code": "01360"
  },
  {
    "name": "Brion",
    "code": "01063",
    "epci_code": "200042935",
    "departement_code": "01",
    "region_code": "84",
    "postal_code": "01460"
  },
  {
    "name": "Briord",
    "code": "01064",
    "epci_code": "240100883",
    "departement_code": "01",
    "region_code": "84",
    "postal_code": "01470"
  },
  {
    "name": "Buellas",
    "code": "01065",
    "epci_code": "200071751",
    "departement_code": "01",
    "region_code": "84",
    "postal_code": "01310"
  },
  {
    "name": "La Burbanche",
    "code": "01066",
    "epci_code": "200040350",
    "departement_code": "01",
    "region_code": "84",
    "postal_code": "01510"
  },
  {
    "name": "Ceignes",
    "code": "01067",
    "epci_code": "200042935",
    "departement_code": "01",
    "region_code": "84",
    "postal_code": "01430"
  },
  {
    "name": "Cerdon",
    "code": "01068",
    "epci_code": "200029999",
    "departement_code": "01",
    "region_code": "84",
    "postal_code": "01450"
  },
  {
    "name": "Certines",
    "code": "01069",
    "epci_code": "200071751",
    "departement_code": "01",
    "region_code": "84",
    "postal_code": "01240"
  },
  {
    "name": "Cessy",
    "code": "01071",
    "epci_code": "240100750",
    "departement_code": "01",
    "region_code": "84",
    "postal_code": "01170"
  },
  {
    "name": "Ceyzériat",
    "code": "01072",
    "epci_code": "200071751",
    "departement_code": "01",
    "region_code": "84",
    "postal_code": "01250"
  },
  {
    "name": "Ceyzérieu",
    "code": "01073",
    "epci_code": "200040350",
    "departement_code": "01",
    "region_code": "84",
    "postal_code": "01350"
  },
  {
    "name": "Chalamont",
    "code": "01074",
    "epci_code": "200069193",
    "departement_code": "01",
    "region_code": "84",
    "postal_code": "01320"
  },
  {
    "name": "Chaleins",
    "code": "01075",
    "epci_code": "200070118",
    "departement_code": "01",
    "region_code": "84",
    "postal_code": "01480"
  },
  {
    "name": "Chaley",
    "code": "01076",
    "epci_code": "240100883",
    "departement_code": "01",
    "region_code": "84",
    "postal_code": "01230"
  },
  {
    "name": "Challes-la-Montagne",
    "code": "01077",
    "epci_code": "200029999",
    "departement_code": "01",
    "region_code": "84",
    "postal_code": "01450"
  },
  {
    "name": "Challex",
    "code": "01078",
    "epci_code": "240100750",
    "departement_code": "01",
    "region_code": "84",
    "postal_code": "01630"
  },
  {
    "name": "Champagne-en-Valromey",
    "code": "01079",
    "epci_code": "200040350",
    "departement_code": "01",
    "region_code": "84",
    "postal_code": "01260"
  },
  {
    "name": "Champdor-Corcelles",
    "code": "01080",
    "epci_code": "200042935",
    "departement_code": "01",
    "region_code": "84",
    "postal_code": "01110"
  },
  {
    "name": "Champfromier",
    "code": "01081",
    "epci_code": "240100891",
    "departement_code": "01",
    "region_code": "84",
    "postal_code": "01410"
  },
  {
    "name": "Chanay",
    "code": "01082",
    "epci_code": "240100891",
    "departement_code": "01",
    "region_code": "84",
    "postal_code": "01420"
  },
  {
    "name": "Chaneins",
    "code": "01083",
    "epci_code": "200069193",
    "departement_code": "01",
    "region_code": "84",
    "postal_code": "01990"
  },
  {
    "name": "Chanoz-Châtenay",
    "code": "01084",
    "epci_code": "200070555",
    "departement_code": "01",
    "region_code": "84",
    "postal_code": "01400"
  },
  {
    "name": "La Chapelle-du-Châtelard",
    "code": "01085",
    "epci_code": "200069193",
    "departement_code": "01",
    "region_code": "84",
    "postal_code": "01240"
  },
  {
    "name": "Charix",
    "code": "01087",
    "epci_code": "200042935",
    "departement_code": "01",
    "region_code": "84",
    "postal_code": "01130"
  },
  {
    "name": "Charnoz-sur-Ain",
    "code": "01088",
    "epci_code": "240100883",
    "departement_code": "01",
    "region_code": "84",
    "postal_code": "01800"
  },
  {
    "name": "Château-Gaillard",
    "code": "01089",
    "epci_code": "240100883",
    "departement_code": "01",
    "region_code": "84",
    "postal_code": "01500"
  },
  {
    "name": "Châtenay",
    "code": "01090",
    "epci_code": "200069193",
    "departement_code": "01",
    "region_code": "84",
    "postal_code": "01320"
  },
  {
    "name": "Châtillon-la-Palud",
    "code": "01092",
    "epci_code": "200069193",
    "departement_code": "01",
    "region_code": "84",
    "postal_code": "01320"
  },
  {
    "name": "Châtillon-sur-Chalaronne",
    "code": "01093",
    "epci_code": "200069193",
    "departement_code": "01",
    "region_code": "84",
    "postal_code": "01400"
  },
  {
    "name": "Chavannes-sur-Reyssouze",
    "code": "01094",
    "epci_code": "200071371",
    "departement_code": "01",
    "region_code": "84",
    "postal_code": "01190"
  },
  {
    "name": "Nivigne et Suran",
    "code": "01095",
    "epci_code": "200071751",
    "departement_code": "01",
    "region_code": "84",
    "postal_code": "01250"
  },
  {
    "name": "Chaveyriat",
    "code": "01096",
    "epci_code": "200070555",
    "departement_code": "01",
    "region_code": "84",
    "postal_code": "01660"
  },
  {
    "name": "Chazey-Bons",
    "code": "01098",
    "epci_code": "200040350",
    "departement_code": "01",
    "region_code": "84",
    "postal_code": "01300"
  },
  {
    "name": "Chazey-Bons",
    "code": "01098",
    "epci_code": "200040350",
    "departement_code": "01",
    "region_code": "84",
    "postal_code": "01510"
  },
  {
    "name": "Chazey-sur-Ain",
    "code": "01099",
    "epci_code": "240100883",
    "departement_code": "01",
    "region_code": "84",
    "postal_code": "01150"
  },
  {
    "name": "Cheignieu-la-Balme",
    "code": "01100",
    "epci_code": "200040350",
    "departement_code": "01",
    "region_code": "84",
    "postal_code": "01510"
  },
  {
    "name": "Chevillard",
    "code": "01101",
    "epci_code": "200042935",
    "departement_code": "01",
    "region_code": "84",
    "postal_code": "01430"
  },
  {
    "name": "Chevroux",
    "code": "01102",
    "epci_code": "200071371",
    "departement_code": "01",
    "region_code": "84",
    "postal_code": "01190"
  },
  {
    "name": "Chevry",
    "code": "01103",
    "epci_code": "240100750",
    "departement_code": "01",
    "region_code": "84",
    "postal_code": "01170"
  },
  {
    "name": "Chézery-Forens",
    "code": "01104",
    "epci_code": "240100750",
    "departement_code": "01",
    "region_code": "84",
    "postal_code": "01200"
  },
  {
    "name": "Chézery-Forens",
    "code": "01104",
    "epci_code": "240100750",
    "departement_code": "01",
    "region_code": "84",
    "postal_code": "01410"
  },
  {
    "name": "Civrieux",
    "code": "01105",
    "epci_code": "200042497",
    "departement_code": "01",
    "region_code": "84",
    "postal_code": "01390"
  },
  {
    "name": "Cize",
    "code": "01106",
    "epci_code": "200071751",
    "departement_code": "01",
    "region_code": "84",
    "postal_code": "01250"
  },
  {
    "name": "Cleyzieu",
    "code": "01107",
    "epci_code": "240100883",
    "departement_code": "01",
    "region_code": "84",
    "postal_code": "01230"
  },
  {
    "name": "Coligny",
    "code": "01108",
    "epci_code": "200071751",
    "departement_code": "01",
    "region_code": "84",
    "postal_code": "01270"
  },
  {
    "name": "Collonges",
    "code": "01109",
    "epci_code": "240100750",
    "departement_code": "01",
    "region_code": "84",
    "postal_code": "01550"
  },
  {
    "name": "Colomieu",
    "code": "01110",
    "epci_code": "200040350",
    "departement_code": "01",
    "region_code": "84",
    "postal_code": "01300"
  },
  {
    "name": "Conand",
    "code": "01111",
    "epci_code": "240100883",
    "departement_code": "01",
    "region_code": "84",
    "postal_code": "01230"
  },
  {
    "name": "Condamine",
    "code": "01112",
    "epci_code": "200042935",
    "departement_code": "01",
    "region_code": "84",
    "postal_code": "01430"
  },
  {
    "name": "Condeissiat",
    "code": "01113",
    "epci_code": "200069193",
    "departement_code": "01",
    "region_code": "84",
    "postal_code": "01400"
  },
  {
    "name": "Confort",
    "code": "01114",
    "epci_code": "240100891",
    "departement_code": "01",
    "region_code": "84",
    "postal_code": "01200"
  },
  {
    "name": "Confrançon",
    "code": "01115",
    "epci_code": "200071751",
    "departement_code": "01",
    "region_code": "84",
    "postal_code": "01310"
  },
  {
    "name": "Contrevoz",
    "code": "01116",
    "epci_code": "200040350",
    "departement_code": "01",
    "region_code": "84",
    "postal_code": "01300"
  },
  {
    "name": "Conzieu",
    "code": "01117",
    "epci_code": "200040350",
    "departement_code": "01",
    "region_code": "84",
    "postal_code": "01300"
  },
  {
    "name": "Corbonod",
    "code": "01118",
    "epci_code": "200070852",
    "departement_code": "01",
    "region_code": "84",
    "postal_code": "01420"
  },
  {
    "name": "Corlier",
    "code": "01121",
    "epci_code": "200042935",
    "departement_code": "01",
    "region_code": "84",
    "postal_code": "01110"
  },
  {
    "name": "Cormoranche-sur-Saône",
    "code": "01123",
    "epci_code": "200070555",
    "departement_code": "01",
    "region_code": "84",
    "postal_code": "01290"
  },
  {
    "name": "Cormoz",
    "code": "01124",
    "epci_code": "200071751",
    "departement_code": "01",
    "region_code": "84",
    "postal_code": "01560"
  },
  {
    "name": "Corveissiat",
    "code": "01125",
    "epci_code": "200071751",
    "departement_code": "01",
    "region_code": "84",
    "postal_code": "01250"
  },
  {
    "name": "Courmangoux",
    "code": "01127",
    "epci_code": "200071751",
    "departement_code": "01",
    "region_code": "84",
    "postal_code": "01370"
  },
  {
    "name": "Courtes",
    "code": "01128",
    "epci_code": "200071751",
    "departement_code": "01",
    "region_code": "84",
    "postal_code": "01560"
  },
  {
    "name": "Crans",
    "code": "01129",
    "epci_code": "200069193",
    "departement_code": "01",
    "region_code": "84",
    "postal_code": "01320"
  },
  {
    "name": "Bresse Vallons",
    "code": "01130",
    "epci_code": "200071751",
    "departement_code": "01",
    "region_code": "84",
    "postal_code": "01340"
  },
  {
    "name": "Cressin-Rochefort",
    "code": "01133",
    "epci_code": "200040350",
    "departement_code": "01",
    "region_code": "84",
    "postal_code": "01350"
  },
  {
    "name": "Crottet",
    "code": "01134",
    "epci_code": "200070555",
    "departement_code": "01",
    "region_code": "84",
    "postal_code": "01290"
  },
  {
    "name": "Crottet",
    "code": "01134",
    "epci_code": "200070555",
    "departement_code": "01",
    "region_code": "84",
    "postal_code": "01750"
  },
  {
    "name": "Crozet",
    "code": "01135",
    "epci_code": "240100750",
    "departement_code": "01",
    "region_code": "84",
    "postal_code": "01170"
  },
  {
    "name": "Cruzilles-lès-Mépillat",
    "code": "01136",
    "epci_code": "200070555",
    "departement_code": "01",
    "region_code": "84",
    "postal_code": "01290"
  },
  {
    "name": "Culoz-Béon",
    "code": "01138",
    "epci_code": "200040350",
    "departement_code": "01",
    "region_code": "84",
    "postal_code": "01350"
  },
  {
    "name": "Curciat-Dongalon",
    "code": "01139",
    "epci_code": "200071751",
    "departement_code": "01",
    "region_code": "84",
    "postal_code": "01560"
  },
  {
    "name": "Curtafond",
    "code": "01140",
    "epci_code": "200071751",
    "departement_code": "01",
    "region_code": "84",
    "postal_code": "01310"
  },
  {
    "name": "Cuzieu",
    "code": "01141",
    "epci_code": "200040350",
    "departement_code": "01",
    "region_code": "84",
    "postal_code": "01300"
  },
  {
    "name": "Dagneux",
    "code": "01142",
    "epci_code": "240100610",
    "departement_code": "01",
    "region_code": "84",
    "postal_code": "01120"
  },
  {
    "name": "Divonne-les-Bains",
    "code": "01143",
    "epci_code": "240100750",
    "departement_code": "01",
    "region_code": "84",
    "postal_code": "01220"
  },
  {
    "name": "Dompierre-sur-Veyle",
    "code": "01145",
    "epci_code": "200071751",
    "departement_code": "01",
    "region_code": "84",
    "postal_code": "01240"
  },
  {
    "name": "Dompierre-sur-Chalaronne",
    "code": "01146",
    "epci_code": "200069193",
    "departement_code": "01",
    "region_code": "84",
    "postal_code": "01400"
  },
  {
    "name": "Domsure",
    "code": "01147",
    "epci_code": "200071751",
    "departement_code": "01",
    "region_code": "84",
    "postal_code": "01270"
  },
  {
    "name": "Dortan",
    "code": "01148",
    "epci_code": "200042935",
    "departement_code": "01",
    "region_code": "84",
    "postal_code": "01590"
  },
  {
    "name": "Douvres",
    "code": "01149",
    "epci_code": "240100883",
    "departement_code": "01",
    "region_code": "84",
    "postal_code": "01500"
  },
  {
    "name": "Drom",
    "code": "01150",
    "epci_code": "200071751",
    "departement_code": "01",
    "region_code": "84",
    "postal_code": "01250"
  },
  {
    "name": "Druillat",
    "code": "01151",
    "epci_code": "200071751",
    "departement_code": "01",
    "region_code": "84",
    "postal_code": "01160"
  },
  {
    "name": "Échallon",
    "code": "01152",
    "epci_code": "200042935",
    "departement_code": "01",
    "region_code": "84",
    "postal_code": "01130"
  },
  {
    "name": "Échenevex",
    "code": "01153",
    "epci_code": "240100750",
    "departement_code": "01",
    "region_code": "84",
    "postal_code": "01170"
  },
  {
    "name": "Évosges",
    "code": "01155",
    "epci_code": "200042935",
    "departement_code": "01",
    "region_code": "84",
    "postal_code": "01230"
  },
  {
    "name": "Faramans",
    "code": "01156",
    "epci_code": "240100883",
    "departement_code": "01",
    "region_code": "84",
    "postal_code": "01800"
  },
  {
    "name": "Fareins",
    "code": "01157",
    "epci_code": "200042497",
    "departement_code": "01",
    "region_code": "84",
    "postal_code": "01480"
  },
  {
    "name": "Farges",
    "code": "01158",
    "epci_code": "240100750",
    "departement_code": "01",
    "region_code": "84",
    "postal_code": "01550"
  },
  {
    "name": "Feillens",
    "code": "01159",
    "epci_code": "200071371",
    "departement_code": "01",
    "region_code": "84",
    "postal_code": "01570"
  },
  {
    "name": "Ferney-Voltaire",
    "code": "01160",
    "epci_code": "240100750",
    "departement_code": "01",
    "region_code": "84",
    "postal_code": "01210"
  },
  {
    "name": "Flaxieu",
    "code": "01162",
    "epci_code": "200040350",
    "departement_code": "01",
    "region_code": "84",
    "postal_code": "01350"
  },
  {
    "name": "Foissiat",
    "code": "01163",
    "epci_code": "200071751",
    "departement_code": "01",
    "region_code": "84",
    "postal_code": "01340"
  },
  {
    "name": "Francheleins",
    "code": "01165",
    "epci_code": "200070118",
    "departement_code": "01",
    "region_code": "84",
    "postal_code": "01090"
  },
  {
    "name": "Frans",
    "code": "01166",
    "epci_code": "200042497",
    "departement_code": "01",
    "region_code": "84",
    "postal_code": "01480"
  },
  {
    "name": "Garnerans",
    "code": "01167",
    "epci_code": "200070118",
    "departement_code": "01",
    "region_code": "84",
    "postal_code": "01140"
  },
  {
    "name": "Genouilleux",
    "code": "01169",
    "epci_code": "200070118",
    "departement_code": "01",
    "region_code": "84",
    "postal_code": "01090"
  },
  {
    "name": "Béard-Géovreissiat",
    "code": "01170",
    "epci_code": "200042935",
    "departement_code": "01",
    "region_code": "84",
    "postal_code": "01460"
  },
  {
    "name": "Géovreisset",
    "code": "01171",
    "epci_code": "200042935",
    "departement_code": "01",
    "region_code": "84",
    "postal_code": "01100"
  },
  {
    "name": "Gex",
    "code": "01173",
    "epci_code": "240100750",
    "departement_code": "01",
    "region_code": "84",
    "postal_code": "01170"
  },
  {
    "name": "Giron",
    "code": "01174",
    "epci_code": "240100891",
    "departement_code": "01",
    "region_code": "84",
    "postal_code": "01130"
  },
  {
    "name": "Gorrevod",
    "code": "01175",
    "epci_code": "200071371",
    "departement_code": "01",
    "region_code": "84",
    "postal_code": "01190"
  },
  {
    "name": "Grand-Corent",
    "code": "01177",
    "epci_code": "200071751",
    "departement_code": "01",
    "region_code": "84",
    "postal_code": "01250"
  },
  {
    "name": "Grièges",
    "code": "01179",
    "epci_code": "200070555",
    "departement_code": "01",
    "region_code": "84",
    "postal_code": "01290"
  },
  {
    "name": "Grilly",
    "code": "01180",
    "epci_code": "240100750",
    "departement_code": "01",
    "region_code": "84",
    "postal_code": "01220"
  },
  {
    "name": "Groissiat",
    "code": "01181",
    "epci_code": "200042935",
    "departement_code": "01",
    "region_code": "84",
    "postal_code": "01100"
  },
  {
    "name": "Guéreins",
    "code": "01183",
    "epci_code": "200070118",
    "departement_code": "01",
    "region_code": "84",
    "postal_code": "01090"
  },
  {
    "name": "Hautecourt-Romanèche",
    "code": "01184",
    "epci_code": "200071751",
    "departement_code": "01",
    "region_code": "84",
    "postal_code": "01250"
  },
  {
    "name": "Plateau d’Hauteville",
    "code": "01185",
    "epci_code": "200042935",
    "departement_code": "01",
    "region_code": "84",
    "postal_code": "01110"
  },
  {
    "name": "Haut Valromey",
    "code": "01187",
    "epci_code": "200040350",
    "departement_code": "01",
    "region_code": "84",
    "postal_code": "01260"
  },
  {
    "name": "Illiat",
    "code": "01188",
    "epci_code": "200070118",
    "departement_code": "01",
    "region_code": "84",
    "postal_code": "01140"
  },
  {
    "name": "Injoux-Génissiat",
    "code": "01189",
    "epci_code": "240100891",
    "departement_code": "01",
    "region_code": "84",
    "postal_code": "01200"
  },
  {
    "name": "Innimond",
    "code": "01190",
    "epci_code": "240100883",
    "departement_code": "01",
    "region_code": "84",
    "postal_code": "01680"
  },
  {
    "name": "Izenave",
    "code": "01191",
    "epci_code": "200042935",
    "departement_code": "01",
    "region_code": "84",
    "postal_code": "01430"
  },
  {
    "name": "Izernore",
    "code": "01192",
    "epci_code": "200042935",
    "departement_code": "01",
    "region_code": "84",
    "postal_code": "01580"
  },
  {
    "name": "Izieu",
    "code": "01193",
    "epci_code": "200040350",
    "departement_code": "01",
    "region_code": "84",
    "postal_code": "01300"
  },
  {
    "name": "Jassans-Riottier",
    "code": "01194",
    "epci_code": "200040590",
    "departement_code": "01",
    "region_code": "84",
    "postal_code": "01480"
  },
  {
    "name": "Jasseron",
    "code": "01195",
    "epci_code": "200071751",
    "departement_code": "01",
    "region_code": "84",
    "postal_code": "01250"
  },
  {
    "name": "Jayat",
    "code": "01196",
    "epci_code": "200071751",
    "departement_code": "01",
    "region_code": "84",
    "postal_code": "01340"
  },
  {
    "name": "Journans",
    "code": "01197",
    "epci_code": "200071751",
    "departement_code": "01",
    "region_code": "84",
    "postal_code": "01250"
  },
  {
    "name": "Joyeux",
    "code": "01198",
    "epci_code": "240100883",
    "departement_code": "01",
    "region_code": "84",
    "postal_code": "01800"
  },
  {
    "name": "Jujurieux",
    "code": "01199",
    "epci_code": "200029999",
    "departement_code": "01",
    "region_code": "84",
    "postal_code": "01640"
  },
  {
    "name": "Labalme",
    "code": "01200",
    "epci_code": "200029999",
    "departement_code": "01",
    "region_code": "84",
    "postal_code": "01450"
  },
  {
    "name": "Lagnieu",
    "code": "01202",
    "epci_code": "240100883",
    "departement_code": "01",
    "region_code": "84",
    "postal_code": "01150"
  },
  {
    "name": "Laiz",
    "code": "01203",
    "epci_code": "200070555",
    "departement_code": "01",
    "region_code": "84",
    "postal_code": "01290"
  },
  {
    "name": "Le Poizat-Lalleyriat",
    "code": "01204",
    "epci_code": "200042935",
    "departement_code": "01",
    "region_code": "84",
    "postal_code": "01130"
  },
  {
    "name": "Lantenay",
    "code": "01206",
    "epci_code": "200042935",
    "departement_code": "01",
    "region_code": "84",
    "postal_code": "01430"
  },
  {
    "name": "Lapeyrouse",
    "code": "01207",
    "epci_code": "200069193",
    "departement_code": "01",
    "region_code": "84",
    "postal_code": "01330"
  },
  {
    "name": "Lavours",
    "code": "01208",
    "epci_code": "200040350",
    "departement_code": "01",
    "region_code": "84",
    "postal_code": "01350"
  },
  {
    "name": "Léaz",
    "code": "01209",
    "epci_code": "240100750",
    "departement_code": "01",
    "region_code": "84",
    "postal_code": "01200"
  },
  {
    "name": "Lélex",
    "code": "01210",
    "epci_code": "240100750",
    "departement_code": "01",
    "region_code": "84",
    "postal_code": "01410"
  },
  {
    "name": "Lent",
    "code": "01211",
    "epci_code": "200071751",
    "departement_code": "01",
    "region_code": "84",
    "postal_code": "01240"
  },
  {
    "name": "Lescheroux",
    "code": "01212",
    "epci_code": "200071751",
    "departement_code": "01",
    "region_code": "84",
    "postal_code": "01560"
  },
  {
    "name": "Leyment",
    "code": "01213",
    "epci_code": "240100883",
    "departement_code": "01",
    "region_code": "84",
    "postal_code": "01150"
  },
  {
    "name": "Leyssard",
    "code": "01214",
    "epci_code": "200042935",
    "departement_code": "01",
    "region_code": "84",
    "postal_code": "01450"
  },
  {
    "name": "Surjoux-Lhopital",
    "code": "01215",
    "epci_code": "240100891",
    "departement_code": "01",
    "region_code": "84",
    "postal_code": "01420"
  },
  {
    "name": "Lhuis",
    "code": "01216",
    "epci_code": "240100883",
    "departement_code": "01",
    "region_code": "84",
    "postal_code": "01680"
  },
  {
    "name": "Lompnas",
    "code": "01219",
    "epci_code": "240100883",
    "departement_code": "01",
    "region_code": "84",
    "postal_code": "01680"
  },
  {
    "name": "Loyettes",
    "code": "01224",
    "epci_code": "240100883",
    "departement_code": "01",
    "region_code": "84",
    "postal_code": "01360"
  },
  {
    "name": "Lurcy",
    "code": "01225",
    "epci_code": "200070118",
    "departement_code": "01",
    "region_code": "84",
    "postal_code": "01090"
  },
  {
    "name": "Magnieu",
    "code": "01227",
    "epci_code": "200040350",
    "departement_code": "01",
    "region_code": "84",
    "postal_code": "01300"
  },
  {
    "name": "Maillat",
    "code": "01228",
    "epci_code": "200042935",
    "departement_code": "01",
    "region_code": "84",
    "postal_code": "01430"
  },
  {
    "name": "Malafretaz",
    "code": "01229",
    "epci_code": "200071751",
    "departement_code": "01",
    "region_code": "84",
    "postal_code": "01340"
  },
  {
    "name": "Mantenay-Montlin",
    "code": "01230",
    "epci_code": "200071751",
    "departement_code": "01",
    "region_code": "84",
    "postal_code": "01560"
  },
  {
    "name": "Manziat",
    "code": "01231",
    "epci_code": "200071371",
    "departement_code": "01",
    "region_code": "84",
    "postal_code": "01570"
  },
  {
    "name": "Marboz",
    "code": "01232",
    "epci_code": "200071751",
    "departement_code": "01",
    "region_code": "84",
    "postal_code": "01851"
  },
  {
    "name": "Marchamp",
    "code": "01233",
    "epci_code": "240100883",
    "departement_code": "01",
    "region_code": "84",
    "postal_code": "01680"
  },
  {
    "name": "Marignieu",
    "code": "01234",
    "epci_code": "200040350",
    "departement_code": "01",
    "region_code": "84",
    "postal_code": "01300"
  },
  {
    "name": "Marlieux",
    "code": "01235",
    "epci_code": "200069193",
    "departement_code": "01",
    "region_code": "84",
    "postal_code": "01240"
  },
  {
    "name": "Marsonnas",
    "code": "01236",
    "epci_code": "200071751",
    "departement_code": "01",
    "region_code": "84",
    "postal_code": "01340"
  },
  {
    "name": "Martignat",
    "code": "01237",
    "epci_code": "200042935",
    "departement_code": "01",
    "region_code": "84",
    "postal_code": "01100"
  },
  {
    "name": "Massieux",
    "code": "01238",
    "epci_code": "200042497",
    "departement_code": "01",
    "region_code": "84",
    "postal_code": "01600"
  },
  {
    "name": "Massignieu-de-Rives",
    "code": "01239",
    "epci_code": "200040350",
    "departement_code": "01",
    "region_code": "84",
    "postal_code": "01300"
  },
  {
    "name": "Matafelon-Granges",
    "code": "01240",
    "epci_code": "200042935",
    "departement_code": "01",
    "region_code": "84",
    "postal_code": "01580"
  },
  {
    "name": "Meillonnas",
    "code": "01241",
    "epci_code": "200071751",
    "departement_code": "01",
    "region_code": "84",
    "postal_code": "01370"
  },
  {
    "name": "Mérignat",
    "code": "01242",
    "epci_code": "200029999",
    "departement_code": "01",
    "region_code": "84",
    "postal_code": "01450"
  },
  {
    "name": "Messimy-sur-Saône",
    "code": "01243",
    "epci_code": "200070118",
    "departement_code": "01",
    "region_code": "84",
    "postal_code": "01480"
  },
  {
    "name": "Meximieux",
    "code": "01244",
    "epci_code": "240100883",
    "departement_code": "01",
    "region_code": "84",
    "postal_code": "01800"
  },
  {
    "name": "Bohas-Meyriat-Rignat",
    "code": "01245",
    "epci_code": "200071751",
    "departement_code": "01",
    "region_code": "84",
    "postal_code": "01250"
  },
  {
    "name": "Mézériat",
    "code": "01246",
    "epci_code": "200070555",
    "departement_code": "01",
    "region_code": "84",
    "postal_code": "01660"
  },
  {
    "name": "Mijoux",
    "code": "01247",
    "epci_code": "240100750",
    "departement_code": "01",
    "region_code": "84",
    "postal_code": "01170"
  },
  {
    "name": "Mijoux",
    "code": "01247",
    "epci_code": "240100750",
    "departement_code": "01",
    "region_code": "84",
    "postal_code": "01410"
  },
  {
    "name": "Mionnay",
    "code": "01248",
    "epci_code": "200069193",
    "departement_code": "01",
    "region_code": "84",
    "postal_code": "01390"
  },
  {
    "name": "Miribel",
    "code": "01249",
    "epci_code": "240100800",
    "departement_code": "01",
    "region_code": "84",
    "postal_code": "01700"
  },
  {
    "name": "Misérieux",
    "code": "01250",
    "epci_code": "200042497",
    "departement_code": "01",
    "region_code": "84",
    "postal_code": "01600"
  },
  {
    "name": "Mogneneins",
    "code": "01252",
    "epci_code": "200070118",
    "departement_code": "01",
    "region_code": "84",
    "postal_code": "01140"
  },
  {
    "name": "Montagnat",
    "code": "01254",
    "epci_code": "200071751",
    "departement_code": "01",
    "region_code": "84",
    "postal_code": "01250"
  },
  {
    "name": "Montagnieu",
    "code": "01255",
    "epci_code": "240100883",
    "departement_code": "01",
    "region_code": "84",
    "postal_code": "01470"
  },
  {
    "name": "Montanges",
    "code": "01257",
    "epci_code": "240100891",
    "departement_code": "01",
    "region_code": "84",
    "postal_code": "01200"
  },
  {
    "name": "Montceaux",
    "code": "01258",
    "epci_code": "200070118",
    "departement_code": "01",
    "region_code": "84",
    "postal_code": "01090"
  },
  {
    "name": "Montcet",
    "code": "01259",
    "epci_code": "200071751",
    "departement_code": "01",
    "region_code": "84",
    "postal_code": "01310"
  },
  {
    "name": "Le Montellier",
    "code": "01260",
    "epci_code": "240100883",
    "departement_code": "01",
    "region_code": "84",
    "postal_code": "01800"
  },
  {
    "name": "Monthieux",
    "code": "01261",
    "epci_code": "200069193",
    "departement_code": "01",
    "region_code": "84",
    "postal_code": "01390"
  },
  {
    "name": "Montluel",
    "code": "01262",
    "epci_code": "240100610",
    "departement_code": "01",
    "region_code": "84",
    "postal_code": "01120"
  },
  {
    "name": "Montmerle-sur-Saône",
    "code": "01263",
    "epci_code": "200070118",
    "departement_code": "01",
    "region_code": "84",
    "postal_code": "01090"
  },
  {
    "name": "Montracol",
    "code": "01264",
    "epci_code": "200071751",
    "departement_code": "01",
    "region_code": "84",
    "postal_code": "01310"
  },
  {
    "name": "Montréal-la-Cluse",
    "code": "01265",
    "epci_code": "200042935",
    "departement_code": "01",
    "region_code": "84",
    "postal_code": "01460"
  },
  {
    "name": "Montrevel-en-Bresse",
    "code": "01266",
    "epci_code": "200071751",
    "departement_code": "01",
    "region_code": "84",
    "postal_code": "01340"
  },
  {
    "name": "Nurieux-Volognat",
    "code": "01267",
    "epci_code": "200042935",
    "departement_code": "01",
    "region_code": "84",
    "postal_code": "01460"
  },
  {
    "name": "Murs-et-Gélignieux",
    "code": "01268",
    "epci_code": "200040350",
    "departement_code": "01",
    "region_code": "84",
    "postal_code": "01300"
  },
  {
    "name": "Nantua",
    "code": "01269",
    "epci_code": "200042935",
    "departement_code": "01",
    "region_code": "84",
    "postal_code": "01130"
  },
  {
    "name": "Nantua",
    "code": "01269",
    "epci_code": "200042935",
    "departement_code": "01",
    "region_code": "84",
    "postal_code": "01460"
  },
  {
    "name": "Neuville-les-Dames",
    "code": "01272",
    "epci_code": "200069193",
    "departement_code": "01",
    "region_code": "84",
    "postal_code": "01400"
  },
  {
    "name": "Neuville-sur-Ain",
    "code": "01273",
    "epci_code": "200029999",
    "departement_code": "01",
    "region_code": "84",
    "postal_code": "01160"
  },
  {
    "name": "Les Neyrolles",
    "code": "01274",
    "epci_code": "200042935",
    "departement_code": "01",
    "region_code": "84",
    "postal_code": "01130"
  },
  {
    "name": "Neyron",
    "code": "01275",
    "epci_code": "240100800",
    "departement_code": "01",
    "region_code": "84",
    "postal_code": "01700"
  },
  {
    "name": "Niévroz",
    "code": "01276",
    "epci_code": "240100610",
    "departement_code": "01",
    "region_code": "84",
    "postal_code": "01120"
  },
  {
    "name": "Nivollet-Montgriffon",
    "code": "01277",
    "epci_code": "240100883",
    "departement_code": "01",
    "region_code": "84",
    "postal_code": "01230"
  },
  {
    "name": "Oncieu",
    "code": "01279",
    "epci_code": "240100883",
    "departement_code": "01",
    "region_code": "84",
    "postal_code": "01230"
  },
  {
    "name": "Ordonnaz",
    "code": "01280",
    "epci_code": "240100883",
    "departement_code": "01",
    "region_code": "84",
    "postal_code": "01510"
  },
  {
    "name": "Ornex",
    "code": "01281",
    "epci_code": "240100750",
    "departement_code": "01",
    "region_code": "84",
    "postal_code": "01210"
  },
  {
    "name": "Outriaz",
    "code": "01282",
    "epci_code": "200042935",
    "departement_code": "01",
    "region_code": "84",
    "postal_code": "01430"
  },
  {
    "name": "Oyonnax",
    "code": "01283",
    "epci_code": "200042935",
    "departement_code": "01",
    "region_code": "84",
    "postal_code": "01100"
  },
  {
    "name": "Ozan",
    "code": "01284",
    "epci_code": "200071371",
    "departement_code": "01",
    "region_code": "84",
    "postal_code": "01190"
  },
  {
    "name": "Parcieux",
    "code": "01285",
    "epci_code": "200042497",
    "departement_code": "01",
    "region_code": "84",
    "postal_code": "01600"
  },
  {
    "name": "Parves et Nattages",
    "code": "01286",
    "epci_code": "200040350",
    "departement_code": "01",
    "region_code": "84",
    "postal_code": "01300"
  },
  {
    "name": "Péron",
    "code": "01288",
    "epci_code": "240100750",
    "departement_code": "01",
    "region_code": "84",
    "postal_code": "01630"
  },
  {
    "name": "Péronnas",
    "code": "01289",
    "epci_code": "200071751",
    "departement_code": "01",
    "region_code": "84",
    "postal_code": "01960"
  },
  {
    "name": "Pérouges",
    "code": "01290",
    "epci_code": "240100883",
    "departement_code": "01",
    "region_code": "84",
    "postal_code": "01800"
  },
  {
    "name": "Perrex",
    "code": "01291",
    "epci_code": "200070555",
    "departement_code": "01",
    "region_code": "84",
    "postal_code": "01540"
  },
  {
    "name": "Peyriat",
    "code": "01293",
    "epci_code": "200042935",
    "departement_code": "01",
    "region_code": "84",
    "postal_code": "01430"
  },
  {
    "name": "Peyrieu",
    "code": "01294",
    "epci_code": "200040350",
    "departement_code": "01",
    "region_code": "84",
    "postal_code": "01300"
  },
  {
    "name": "Peyzieux-sur-Saône",
    "code": "01295",
    "epci_code": "200070118",
    "departement_code": "01",
    "region_code": "84",
    "postal_code": "01140"
  },
  {
    "name": "Pirajoux",
    "code": "01296",
    "epci_code": "200071751",
    "departement_code": "01",
    "region_code": "84",
    "postal_code": "01270"
  },
  {
    "name": "Pizay",
    "code": "01297",
    "epci_code": "240100610",
    "departement_code": "01",
    "region_code": "84",
    "postal_code": "01120"
  },
  {
    "name": "Plagne",
    "code": "01298",
    "epci_code": "240100891",
    "departement_code": "01",
    "region_code": "84",
    "postal_code": "01130"
  },
  {
    "name": "Le Plantay",
    "code": "01299",
    "epci_code": "200069193",
    "departement_code": "01",
    "region_code": "84",
    "postal_code": "01330"
  },
  {
    "name": "Polliat",
    "code": "01301",
    "epci_code": "200071751",
    "departement_code": "01",
    "region_code": "84",
    "postal_code": "01310"
  },
  {
    "name": "Pollieu",
    "code": "01302",
    "epci_code": "200040350",
    "departement_code": "01",
    "region_code": "84",
    "postal_code": "01350"
  },
  {
    "name": "Poncin",
    "code": "01303",
    "epci_code": "200029999",
    "departement_code": "01",
    "region_code": "84",
    "postal_code": "01450"
  },
  {
    "name": "Pont-d’Ain",
    "code": "01304",
    "epci_code": "200029999",
    "departement_code": "01",
    "region_code": "84",
    "postal_code": "01160"
  },
  {
    "name": "Pont-de-Vaux",
    "code": "01305",
    "epci_code": "200071371",
    "departement_code": "01",
    "region_code": "84",
    "postal_code": "01190"
  },
  {
    "name": "Pont-de-Veyle",
    "code": "01306",
    "epci_code": "200070555",
    "departement_code": "01",
    "region_code": "84",
    "postal_code": "01290"
  },
  {
    "name": "Port",
    "code": "01307",
    "epci_code": "200042935",
    "departement_code": "01",
    "region_code": "84",
    "postal_code": "01460"
  },
  {
    "name": "Pougny",
    "code": "01308",
    "epci_code": "240100750",
    "departement_code": "01",
    "region_code": "84",
    "postal_code": "01550"
  },
  {
    "name": "Pouillat",
    "code": "01309",
    "epci_code": "200071751",
    "departement_code": "01",
    "region_code": "84",
    "postal_code": "01250"
  },
  {
    "name": "Prémeyzel",
    "code": "01310",
    "epci_code": "200040350",
    "departement_code": "01",
    "region_code": "84",
    "postal_code": "01300"
  },
  {
    "name": "Prémillieu",
    "code": "01311",
    "epci_code": "200042935",
    "departement_code": "01",
    "region_code": "84",
    "postal_code": "01110"
  },
  {
    "name": "Prévessin-Moëns",
    "code": "01313",
    "epci_code": "240100750",
    "departement_code": "01",
    "region_code": "84",
    "postal_code": "01280"
  },
  {
    "name": "Priay",
    "code": "01314",
    "epci_code": "200029999",
    "departement_code": "01",
    "region_code": "84",
    "postal_code": "01160"
  },
  {
    "name": "Ramasse",
    "code": "01317",
    "epci_code": "200071751",
    "departement_code": "01",
    "region_code": "84",
    "postal_code": "01250"
  },
  {
    "name": "Rancé",
    "code": "01318",
    "epci_code": "200042497",
    "departement_code": "01",
    "region_code": "84",
    "postal_code": "01390"
  },
  {
    "name": "Relevant",
    "code": "01319",
    "epci_code": "200069193",
    "departement_code": "01",
    "region_code": "84",
    "postal_code": "01990"
  },
  {
    "name": "Replonges",
    "code": "01320",
    "epci_code": "200071371",
    "departement_code": "01",
    "region_code": "84",
    "postal_code": "01750"
  },
  {
    "name": "Revonnas",
    "code": "01321",
    "epci_code": "200071751",
    "departement_code": "01",
    "region_code": "84",
    "postal_code": "01250"
  },
  {
    "name": "Reyrieux",
    "code": "01322",
    "epci_code": "200042497",
    "departement_code": "01",
    "region_code": "84",
    "postal_code": "01600"
  },
  {
    "name": "Reyssouze",
    "code": "01323",
    "epci_code": "200071371",
    "departement_code": "01",
    "region_code": "84",
    "postal_code": "01190"
  },
  {
    "name": "Rignieux-le-Franc",
    "code": "01325",
    "epci_code": "240100883",
    "departement_code": "01",
    "region_code": "84",
    "postal_code": "01800"
  },
  {
    "name": "Romans",
    "code": "01328",
    "epci_code": "200069193",
    "departement_code": "01",
    "region_code": "84",
    "postal_code": "01400"
  },
  {
    "name": "Rossillon",
    "code": "01329",
    "epci_code": "200040350",
    "departement_code": "01",
    "region_code": "84",
    "postal_code": "01510"
  },
  {
    "name": "Saint-Alban",
    "code": "01331",
    "epci_code": "200029999",
    "departement_code": "01",
    "region_code": "84",
    "postal_code": "01450"
  },
  {
    "name": "Saint-André-de-Bâgé",
    "code": "01332",
    "epci_code": "200071371",
    "departement_code": "01",
    "region_code": "84",
    "postal_code": "01380"
  },
  {
    "name": "Saint-André-de-Corcy",
    "code": "01333",
    "epci_code": "200069193",
    "departement_code": "01",
    "region_code": "84",
    "postal_code": "01390"
  },
  {
    "name": "Saint-André-d’Huiriat",
    "code": "01334",
    "epci_code": "200070555",
    "departement_code": "01",
    "region_code": "84",
    "postal_code": "01290"
  },
  {
    "name": "Saint-André-le-Bouchoux",
    "code": "01335",
    "epci_code": "200069193",
    "departement_code": "01",
    "region_code": "84",
    "postal_code": "01240"
  },
  {
    "name": "Saint-André-sur-Vieux-Jonc",
    "code": "01336",
    "epci_code": "200071751",
    "departement_code": "01",
    "region_code": "84",
    "postal_code": "01960"
  },
  {
    "name": "Saint-Bénigne",
    "code": "01337",
    "epci_code": "200071371",
    "departement_code": "01",
    "region_code": "84",
    "postal_code": "01190"
  },
  {
    "name": "Groslée-Saint-Benoit",
    "code": "01338",
    "epci_code": "200040350",
    "departement_code": "01",
    "region_code": "84",
    "postal_code": "01300"
  },
  {
    "name": "Saint-Bernard",
    "code": "01339",
    "epci_code": "200042497",
    "departement_code": "01",
    "region_code": "84",
    "postal_code": "01600"
  },
  {
    "name": "Sainte-Croix",
    "code": "01342",
    "epci_code": "240100610",
    "departement_code": "01",
    "region_code": "84",
    "postal_code": "01120"
  },
  {
    "name": "Saint-Cyr-sur-Menthon",
    "code": "01343",
    "epci_code": "200070555",
    "departement_code": "01",
    "region_code": "84",
    "postal_code": "01380"
  },
  {
    "name": "Saint-Denis-lès-Bourg",
    "code": "01344",
    "epci_code": "200071751",
    "departement_code": "01",
    "region_code": "84",
    "postal_code": "01000"
  },
  {
    "name": "Saint-Denis-en-Bugey",
    "code": "01345",
    "epci_code": "240100883",
    "departement_code": "01",
    "region_code": "84",
    "postal_code": "01500"
  },
  {
    "name": "Saint-Didier-d’Aussiat",
    "code": "01346",
    "epci_code": "200071751",
    "departement_code": "01",
    "region_code": "84",
    "postal_code": "01340"
  },
  {
    "name": "Saint-Didier-de-Formans",
    "code": "01347",
    "epci_code": "200042497",
    "departement_code": "01",
    "region_code": "84",
    "postal_code": "01600"
  },
  {
    "name": "Saint-Didier-sur-Chalaronne",
    "code": "01348",
    "epci_code": "200070118",
    "departement_code": "01",
    "region_code": "84",
    "postal_code": "01140"
  },
  {
    "name": "Saint-Éloi",
    "code": "01349",
    "epci_code": "240100883",
    "departement_code": "01",
    "region_code": "84",
    "postal_code": "01800"
  },
  {
    "name": "Saint-Étienne-du-Bois",
    "code": "01350",
    "epci_code": "200071751",
    "departement_code": "01",
    "region_code": "84",
    "postal_code": "01370"
  },
  {
    "name": "Saint-Étienne-sur-Chalaronne",
    "code": "01351",
    "epci_code": "200070118",
    "departement_code": "01",
    "region_code": "84",
    "postal_code": "01140"
  },
  {
    "name": "Saint-Étienne-sur-Reyssouze",
    "code": "01352",
    "epci_code": "200071371",
    "departement_code": "01",
    "region_code": "84",
    "postal_code": "01190"
  },
  {
    "name": "Sainte-Euphémie",
    "code": "01353",
    "epci_code": "200042497",
    "departement_code": "01",
    "region_code": "84",
    "postal_code": "01600"
  },
  {
    "name": "Saint-Genis-Pouilly",
    "code": "01354",
    "epci_code": "240100750",
    "departement_code": "01",
    "region_code": "84",
    "postal_code": "01630"
  },
  {
    "name": "Saint-Genis-sur-Menthon",
    "code": "01355",
    "epci_code": "200070555",
    "departement_code": "01",
    "region_code": "84",
    "postal_code": "01380"
  },
  {
    "name": "Saint-Georges-sur-Renon",
    "code": "01356",
    "epci_code": "200069193",
    "departement_code": "01",
    "region_code": "84",
    "postal_code": "01400"
  },
  {
    "name": "Saint-Germain-de-Joux",
    "code": "01357",
    "epci_code": "240100891",
    "departement_code": "01",
    "region_code": "84",
    "postal_code": "01130"
  },
  {
    "name": "Saint-Germain-les-Paroisses",
    "code": "01358",
    "epci_code": "200040350",
    "departement_code": "01",
    "region_code": "84",
    "postal_code": "01300"
  },
  {
    "name": "Saint-Germain-sur-Renon",
    "code": "01359",
    "epci_code": "200069193",
    "departement_code": "01",
    "region_code": "84",
    "postal_code": "01240"
  },
  {
    "name": "Saint-Jean-de-Gonville",
    "code": "01360",
    "epci_code": "240100750",
    "departement_code": "01",
    "region_code": "84",
    "postal_code": "01630"
  },
  {
    "name": "Saint-Jean-de-Niost",
    "code": "01361",
    "epci_code": "240100883",
    "departement_code": "01",
    "region_code": "84",
    "postal_code": "01800"
  },
  {
    "name": "Saint-Jean-de-Thurigneux",
    "code": "01362",
    "epci_code": "200042497",
    "departement_code": "01",
    "region_code": "84",
    "postal_code": "01390"
  },
  {
    "name": "Saint-Jean-le-Vieux",
    "code": "01363",
    "epci_code": "200029999",
    "departement_code": "01",
    "region_code": "84",
    "postal_code": "01640"
  },
  {
    "name": "Saint-Jean-sur-Reyssouze",
    "code": "01364",
    "epci_code": "200071751",
    "departement_code": "01",
    "region_code": "84",
    "postal_code": "01560"
  },
  {
    "name": "Saint-Jean-sur-Veyle",
    "code": "01365",
    "epci_code": "200070555",
    "departement_code": "01",
    "region_code": "84",
    "postal_code": "01290"
  },
  {
    "name": "Sainte-Julie",
    "code": "01366",
    "epci_code": "240100883",
    "departement_code": "01",
    "region_code": "84",
    "postal_code": "01150"
  },
  {
    "name": "Saint-Julien-sur-Reyssouze",
    "code": "01367",
    "epci_code": "200071751",
    "departement_code": "01",
    "region_code": "84",
    "postal_code": "01560"
  },
  {
    "name": "Saint-Julien-sur-Veyle",
    "code": "01368",
    "epci_code": "200070555",
    "departement_code": "01",
    "region_code": "84",
    "postal_code": "01540"
  },
  {
    "name": "Saint-Just",
    "code": "01369",
    "epci_code": "200071751",
    "departement_code": "01",
    "region_code": "84",
    "postal_code": "01250"
  },
  {
    "name": "Saint-Laurent-sur-Saône",
    "code": "01370",
    "epci_code": "200070308",
    "departement_code": "01",
    "region_code": "84",
    "postal_code": "01750"
  },
  {
    "name": "Saint-Marcel",
    "code": "01371",
    "epci_code": "200069193",
    "departement_code": "01",
    "region_code": "84",
    "postal_code": "01390"
  },
  {
    "name": "Saint-Martin-de-Bavel",
    "code": "01372",
    "epci_code": "200040350",
    "departement_code": "01",
    "region_code": "84",
    "postal_code": "01510"
  },
  {
    "name": "Saint-Martin-du-Frêne",
    "code": "01373",
    "epci_code": "200042935",
    "departement_code": "01",
    "region_code": "84",
    "postal_code": "01430"
  },
  {
    "name": "Saint-Martin-du-Mont",
    "code": "01374",
    "epci_code": "200071751",
    "departement_code": "01",
    "region_code": "84",
    "postal_code": "01160"
  },
  {
    "name": "Saint-Martin-le-Châtel",
    "code": "01375",
    "epci_code": "200071751",
    "departement_code": "01",
    "region_code": "84",
    "postal_code": "01310"
  },
  {
    "name": "Saint-Maurice-de-Beynost",
    "code": "01376",
    "epci_code": "240100800",
    "departement_code": "01",
    "region_code": "84",
    "postal_code": "01700"
  },
  {
    "name": "Saint-Maurice-de-Gourdans",
    "code": "01378",
    "epci_code": "240100883",
    "departement_code": "01",
    "region_code": "84",
    "postal_code": "01800"
  },
  {
    "name": "Saint-Maurice-de-Rémens",
    "code": "01379",
    "epci_code": "240100883",
    "departement_code": "01",
    "region_code": "84",
    "postal_code": "01500"
  },
  {
    "name": "Saint-Nizier-le-Bouchoux",
    "code": "01380",
    "epci_code": "200071751",
    "departement_code": "01",
    "region_code": "84",
    "postal_code": "01560"
  },
  {
    "name": "Saint-Nizier-le-Désert",
    "code": "01381",
    "epci_code": "200069193",
    "departement_code": "01",
    "region_code": "84",
    "postal_code": "01320"
  },
  {
    "name": "Sainte-Olive",
    "code": "01382",
    "epci_code": "200069193",
    "departement_code": "01",
    "region_code": "84",
    "postal_code": "01330"
  },
  {
    "name": "Saint-Paul-de-Varax",
    "code": "01383",
    "epci_code": "200069193",
    "departement_code": "01",
    "region_code": "84",
    "postal_code": "01240"
  },
  {
    "name": "Saint-Rambert-en-Bugey",
    "code": "01384",
    "epci_code": "240100883",
    "departement_code": "01",
    "region_code": "84",
    "postal_code": "01230"
  },
  {
    "name": "Saint-Rémy",
    "code": "01385",
    "epci_code": "200071751",
    "departement_code": "01",
    "region_code": "84",
    "postal_code": "01310"
  },
  {
    "name": "Saint-Sorlin-en-Bugey",
    "code": "01386",
    "epci_code": "240100883",
    "departement_code": "01",
    "region_code": "84",
    "postal_code": "01150"
  },
  {
    "name": "Saint-Sulpice",
    "code": "01387",
    "epci_code": "200071751",
    "departement_code": "01",
    "region_code": "84",
    "postal_code": "01340"
  },
  {
    "name": "Saint-Trivier-de-Courtes",
    "code": "01388",
    "epci_code": "200071751",
    "departement_code": "01",
    "region_code": "84",
    "postal_code": "01560"
  },
  {
    "name": "Saint-Trivier-sur-Moignans",
    "code": "01389",
    "epci_code": "200069193",
    "departement_code": "01",
    "region_code": "84",
    "postal_code": "01990"
  },
  {
    "name": "Saint-Vulbas",
    "code": "01390",
    "epci_code": "240100883",
    "departement_code": "01",
    "region_code": "84",
    "postal_code": "01150"
  },
  {
    "name": "Salavre",
    "code": "01391",
    "epci_code": "200071751",
    "departement_code": "01",
    "region_code": "84",
    "postal_code": "01270"
  },
  {
    "name": "Samognat",
    "code": "01392",
    "epci_code": "200042935",
    "departement_code": "01",
    "region_code": "84",
    "postal_code": "01580"
  },
  {
    "name": "Sandrans",
    "code": "01393",
    "epci_code": "200069193",
    "departement_code": "01",
    "region_code": "84",
    "postal_code": "01400"
  },
  {
    "name": "Sault-Brénaz",
    "code": "01396",
    "epci_code": "240100883",
    "departement_code": "01",
    "region_code": "84",
    "postal_code": "01150"
  },
  {
    "name": "Sauverny",
    "code": "01397",
    "epci_code": "240100750",
    "departement_code": "01",
    "region_code": "84",
    "postal_code": "01220"
  },
  {
    "name": "Savigneux",
    "code": "01398",
    "epci_code": "200042497",
    "departement_code": "01",
    "region_code": "84",
    "postal_code": "01480"
  },
  {
    "name": "Ségny",
    "code": "01399",
    "epci_code": "240100750",
    "departement_code": "01",
    "region_code": "84",
    "postal_code": "01170"
  },
  {
    "name": "Seillonnaz",
    "code": "01400",
    "epci_code": "240100883",
    "departement_code": "01",
    "region_code": "84",
    "postal_code": "01470"
  },
  {
    "name": "Sergy",
    "code": "01401",
    "epci_code": "240100750",
    "departement_code": "01",
    "region_code": "84",
    "postal_code": "01630"
  },
  {
    "name": "Sermoyer",
    "code": "01402",
    "epci_code": "200071371",
    "departement_code": "01",
    "region_code": "84",
    "postal_code": "01190"
  },
  {
    "name": "Serrières-de-Briord",
    "code": "01403",
    "epci_code": "240100883",
    "departement_code": "01",
    "region_code": "84",
    "postal_code": "01470"
  },
  {
    "name": "Serrières-sur-Ain",
    "code": "01404",
    "epci_code": "200029999",
    "departement_code": "01",
    "region_code": "84",
    "postal_code": "01450"
  },
  {
    "name": "Servas",
    "code": "01405",
    "epci_code": "200071751",
    "departement_code": "01",
    "region_code": "84",
    "postal_code": "01960"
  },
  {
    "name": "Servignat",
    "code": "01406",
    "epci_code": "200071751",
    "departement_code": "01",
    "region_code": "84",
    "postal_code": "01560"
  },
  {
    "name": "Seyssel",
    "code": "01407",
    "epci_code": "200070852",
    "departement_code": "01",
    "region_code": "84",
    "postal_code": "01420"
  },
  {
    "name": "Simandre-sur-Suran",
    "code": "01408",
    "epci_code": "200071751",
    "departement_code": "01",
    "region_code": "84",
    "postal_code": "01250"
  },
  {
    "name": "Sonthonnax-la-Montagne",
    "code": "01410",
    "epci_code": "200042935",
    "departement_code": "01",
    "region_code": "84",
    "postal_code": "01580"
  },
  {
    "name": "Souclin",
    "code": "01411",
    "epci_code": "240100883",
    "departement_code": "01",
    "region_code": "84",
    "postal_code": "01150"
  },
  {
    "name": "Sulignat",
    "code": "01412",
    "epci_code": "200069193",
    "departement_code": "01",
    "region_code": "84",
    "postal_code": "01400"
  },
  {
    "name": "Talissieu",
    "code": "01415",
    "epci_code": "200040350",
    "departement_code": "01",
    "region_code": "84",
    "postal_code": "01510"
  },
  {
    "name": "Tenay",
    "code": "01416",
    "epci_code": "240100883",
    "departement_code": "01",
    "region_code": "84",
    "postal_code": "01230"
  },
  {
    "name": "Thil",
    "code": "01418",
    "epci_code": "240100800",
    "departement_code": "01",
    "region_code": "84",
    "postal_code": "01120"
  },
  {
    "name": "Thoiry",
    "code": "01419",
    "epci_code": "240100750",
    "departement_code": "01",
    "region_code": "84",
    "postal_code": "01710"
  },
  {
    "name": "Thoissey",
    "code": "01420",
    "epci_code": "200070118",
    "departement_code": "01",
    "region_code": "84",
    "postal_code": "01140"
  },
  {
    "name": "Torcieu",
    "code": "01421",
    "epci_code": "240100883",
    "departement_code": "01",
    "region_code": "84",
    "postal_code": "01230"
  },
  {
    "name": "Tossiat",
    "code": "01422",
    "epci_code": "200071751",
    "departement_code": "01",
    "region_code": "84",
    "postal_code": "01250"
  },
  {
    "name": "Toussieux",
    "code": "01423",
    "epci_code": "200042497",
    "departement_code": "01",
    "region_code": "84",
    "postal_code": "01600"
  },
  {
    "name": "Tramoyes",
    "code": "01424",
    "epci_code": "240100800",
    "departement_code": "01",
    "region_code": "84",
    "postal_code": "01390"
  },
  {
    "name": "La Tranclière",
    "code": "01425",
    "epci_code": "200071751",
    "departement_code": "01",
    "region_code": "84",
    "postal_code": "01160"
  },
  {
    "name": "Val-Revermont",
    "code": "01426",
    "epci_code": "200071751",
    "departement_code": "01",
    "region_code": "84",
    "postal_code": "01370"
  },
  {
    "name": "Trévoux",
    "code": "01427",
    "epci_code": "200042497",
    "departement_code": "01",
    "region_code": "84",
    "postal_code": "01600"
  },
  {
    "name": "Valeins",
    "code": "01428",
    "epci_code": "200069193",
    "departement_code": "01",
    "region_code": "84",
    "postal_code": "01140"
  },
  {
    "name": "Vandeins",
    "code": "01429",
    "epci_code": "200071751",
    "departement_code": "01",
    "region_code": "84",
    "postal_code": "01660"
  },
  {
    "name": "Varambon",
    "code": "01430",
    "epci_code": "200029999",
    "departement_code": "01",
    "region_code": "84",
    "postal_code": "01160"
  },
  {
    "name": "Vaux-en-Bugey",
    "code": "01431",
    "epci_code": "240100883",
    "departement_code": "01",
    "region_code": "84",
    "postal_code": "01150"
  },
  {
    "name": "Verjon",
    "code": "01432",
    "epci_code": "200071751",
    "departement_code": "01",
    "region_code": "84",
    "postal_code": "01270"
  },
  {
    "name": "Vernoux",
    "code": "01433",
    "epci_code": "200071751",
    "departement_code": "01",
    "region_code": "84",
    "postal_code": "01560"
  },
  {
    "name": "Versailleux",
    "code": "01434",
    "epci_code": "200069193",
    "departement_code": "01",
    "region_code": "84",
    "postal_code": "01330"
  },
  {
    "name": "Versonnex",
    "code": "01435",
    "epci_code": "240100750",
    "departement_code": "01",
    "region_code": "84",
    "postal_code": "01210"
  },
  {
    "name": "Vesancy",
    "code": "01436",
    "epci_code": "240100750",
    "departement_code": "01",
    "region_code": "84",
    "postal_code": "01170"
  },
  {
    "name": "Vescours",
    "code": "01437",
    "epci_code": "200071751",
    "departement_code": "01",
    "region_code": "84",
    "postal_code": "01560"
  },
  {
    "name": "Vésines",
    "code": "01439",
    "epci_code": "200071371",
    "departement_code": "01",
    "region_code": "84",
    "postal_code": "01570"
  },
  {
    "name": "Vieu-d’Izenave",
    "code": "01441",
    "epci_code": "200042935",
    "departement_code": "01",
    "region_code": "84",
    "postal_code": "01430"
  },
  {
    "name": "Villars-les-Dombes",
    "code": "01443",
    "epci_code": "200069193",
    "departement_code": "01",
    "region_code": "84",
    "postal_code": "01330"
  },
  {
    "name": "Villebois",
    "code": "01444",
    "epci_code": "240100883",
    "departement_code": "01",
    "region_code": "84",
    "postal_code": "01150"
  },
  {
    "name": "Villemotier",
    "code": "01445",
    "epci_code": "200071751",
    "departement_code": "01",
    "region_code": "84",
    "postal_code": "01270"
  },
  {
    "name": "Villeneuve",
    "code": "01446",
    "epci_code": "200042497",
    "departement_code": "01",
    "region_code": "84",
    "postal_code": "01480"
  },
  {
    "name": "Villereversure",
    "code": "01447",
    "epci_code": "200071751",
    "departement_code": "01",
    "region_code": "84",
    "postal_code": "01250"
  },
  {
    "name": "Villes",
    "code": "01448",
    "epci_code": "240100891",
    "departement_code": "01",
    "region_code": "84",
    "postal_code": "01200"
  },
  {
    "name": "Villette-sur-Ain",
    "code": "01449",
    "epci_code": "200069193",
    "departement_code": "01",
    "region_code": "84",
    "postal_code": "01320"
  },
  {
    "name": "Villieu-Loyes-Mollon",
    "code": "01450",
    "epci_code": "240100883",
    "departement_code": "01",
    "region_code": "84",
    "postal_code": "01800"
  },
  {
    "name": "Viriat",
    "code": "01451",
    "epci_code": "200071751",
    "departement_code": "01",
    "region_code": "84",
    "postal_code": "01440"
  },
  {
    "name": "Virieu-le-Grand",
    "code": "01452",
    "epci_code": "200040350",
    "departement_code": "01",
    "region_code": "84",
    "postal_code": "01510"
  },
  {
    "name": "Arvière-en-Valromey",
    "code": "01453",
    "epci_code": "200040350",
    "departement_code": "01",
    "region_code": "84",
    "postal_code": "01260"
  },
  {
    "name": "Virignin",
    "code": "01454",
    "epci_code": "200040350",
    "departement_code": "01",
    "region_code": "84",
    "postal_code": "01300"
  },
  {
    "name": "Vongnes",
    "code": "01456",
    "epci_code": "200040350",
    "departement_code": "01",
    "region_code": "84",
    "postal_code": "01350"
  },
  {
    "name": "Vonnas",
    "code": "01457",
    "epci_code": "200070555",
    "departement_code": "01",
    "region_code": "84",
    "postal_code": "01540"
  }
]