[
  {
    "name": "Allonnes",
    "code": "49002",
    "epci_code": "200071876",
    "departement_code": "49",
    "region_code": "52",
    "postal_code": "49650"
  },
  {
    "name": "Tuffalun",
    "code": "49003",
    "epci_code": "200071876",
    "departement_code": "49",
    "region_code": "52",
    "postal_code": "49700"
  },
  {
    "name": "Angers",
    "code": "49007",
    "epci_code": "244900015",
    "departement_code": "49",
    "region_code": "52",
    "postal_code": "49000"
  },
  {
    "name": "Angers",
    "code": "49007",
    "epci_code": "244900015",
    "departement_code": "49",
    "region_code": "52",
    "postal_code": "49100"
  },
  {
    "name": "Angrie",
    "code": "49008",
    "epci_code": "244900809",
    "departement_code": "49",
    "region_code": "52",
    "postal_code": "49440"
  },
  {
    "name": "Antoigné",
    "code": "49009",
    "epci_code": "200071876",
    "departement_code": "49",
    "region_code": "52",
    "postal_code": "49260"
  },
  {
    "name": "Armaillé",
    "code": "49010",
    "epci_code": "244900809",
    "departement_code": "49",
    "region_code": "52",
    "postal_code": "49420"
  },
  {
    "name": "Artannes-sur-Thouet",
    "code": "49011",
    "epci_code": "200071876",
    "departement_code": "49",
    "region_code": "52",
    "postal_code": "49260"
  },
  {
    "name": "Aubigné-sur-Layon",
    "code": "49012",
    "epci_code": "200071553",
    "departement_code": "49",
    "region_code": "52",
    "postal_code": "49540"
  },
  {
    "name": "Avrillé",
    "code": "49015",
    "epci_code": "244900015",
    "departement_code": "49",
    "region_code": "52",
    "postal_code": "49240"
  },
  {
    "name": "Baracé",
    "code": "49017",
    "epci_code": "200068955",
    "departement_code": "49",
    "region_code": "52",
    "postal_code": "49430"
  },
  {
    "name": "Baugé-en-Anjou",
    "code": "49018",
    "epci_code": "244900882",
    "departement_code": "49",
    "region_code": "52",
    "postal_code": "49150"
  },
  {
    "name": "Beaucouzé",
    "code": "49020",
    "epci_code": "244900015",
    "departement_code": "49",
    "region_code": "52",
    "postal_code": "49070"
  },
  {
    "name": "Beaufort-en-Anjou",
    "code": "49021",
    "epci_code": "244900882",
    "departement_code": "49",
    "region_code": "52",
    "postal_code": "49250"
  },
  {
    "name": "Beaulieu-sur-Layon",
    "code": "49022",
    "epci_code": "200071553",
    "departement_code": "49",
    "region_code": "52",
    "postal_code": "49750"
  },
  {
    "name": "Beaupréau-en-Mauges",
    "code": "49023",
    "epci_code": "200060010",
    "departement_code": "49",
    "region_code": "52",
    "postal_code": "49110"
  },
  {
    "name": "Beaupréau-en-Mauges",
    "code": "49023",
    "epci_code": "200060010",
    "departement_code": "49",
    "region_code": "52",
    "postal_code": "49450"
  },
  {
    "name": "Beaupréau-en-Mauges",
    "code": "49023",
    "epci_code": "200060010",
    "departement_code": "49",
    "region_code": "52",
    "postal_code": "49510"
  },
  {
    "name": "Beaupréau-en-Mauges",
    "code": "49023",
    "epci_code": "200060010",
    "departement_code": "49",
    "region_code": "52",
    "postal_code": "49600"
  },
  {
    "name": "Bécon-les-Granits",
    "code": "49026",
    "epci_code": "200071868",
    "departement_code": "49",
    "region_code": "52",
    "postal_code": "49370"
  },
  {
    "name": "Bégrolles-en-Mauges",
    "code": "49027",
    "epci_code": "200071678",
    "departement_code": "49",
    "region_code": "52",
    "postal_code": "49122"
  },
  {
    "name": "Béhuard",
    "code": "49028",
    "epci_code": "244900015",
    "departement_code": "49",
    "region_code": "52",
    "postal_code": "49170"
  },
  {
    "name": "Blaison-Saint-Sulpice",
    "code": "49029",
    "epci_code": "200071553",
    "departement_code": "49",
    "region_code": "52",
    "postal_code": "49320"
  },
  {
    "name": "Blou",
    "code": "49030",
    "epci_code": "200071876",
    "departement_code": "49",
    "region_code": "52",
    "postal_code": "49160"
  },
  {
    "name": "Bouchemaine",
    "code": "49035",
    "epci_code": "244900015",
    "departement_code": "49",
    "region_code": "52",
    "postal_code": "49080"
  },
  {
    "name": "Bouillé-Ménard",
    "code": "49036",
    "epci_code": "244900809",
    "departement_code": "49",
    "region_code": "52",
    "postal_code": "49520"
  },
  {
    "name": "Bourg-l’Évêque",
    "code": "49038",
    "epci_code": "244900809",
    "departement_code": "49",
    "region_code": "52",
    "postal_code": "49520"
  },
  {
    "name": "Brain-sur-Allonnes",
    "code": "49041",
    "epci_code": "200071876",
    "departement_code": "49",
    "region_code": "52",
    "postal_code": "49650"
  },
  {
    "name": "La Breille-les-Pins",
    "code": "49045",
    "epci_code": "200071876",
    "departement_code": "49",
    "region_code": "52",
    "postal_code": "49390"
  },
  {
    "name": "Briollay",
    "code": "49048",
    "epci_code": "244900015",
    "departement_code": "49",
    "region_code": "52",
    "postal_code": "49125"
  },
  {
    "name": "Brissac Loire Aubance",
    "code": "49050",
    "epci_code": "200071553",
    "departement_code": "49",
    "region_code": "52",
    "postal_code": "49250"
  },
  {
    "name": "Brissac Loire Aubance",
    "code": "49050",
    "epci_code": "200071553",
    "departement_code": "49",
    "region_code": "52",
    "postal_code": "49320"
  },
  {
    "name": "Brossay",
    "code": "49053",
    "epci_code": "200071876",
    "departement_code": "49",
    "region_code": "52",
    "postal_code": "49700"
  },
  {
    "name": "Candé",
    "code": "49054",
    "epci_code": "244900809",
    "departement_code": "49",
    "region_code": "52",
    "postal_code": "49440"
  },
  {
    "name": "Cantenay-Épinard",
    "code": "49055",
    "epci_code": "244900015",
    "departement_code": "49",
    "region_code": "52",
    "postal_code": "49460"
  },
  {
    "name": "Carbay",
    "code": "49056",
    "epci_code": "244900809",
    "departement_code": "49",
    "region_code": "52",
    "postal_code": "49420"
  },
  {
    "name": "Cernusson",
    "code": "49057",
    "epci_code": "200071678",
    "departement_code": "49",
    "region_code": "52",
    "postal_code": "49310"
  },
  {
    "name": "Les Cerqueux",
    "code": "49058",
    "epci_code": "200071678",
    "departement_code": "49",
    "region_code": "52",
    "postal_code": "49360"
  },
  {
    "name": "Bellevigne-les-Châteaux",
    "code": "49060",
    "epci_code": "200071876",
    "departement_code": "49",
    "region_code": "52",
    "postal_code": "49260"
  },
  {
    "name": "Bellevigne-les-Châteaux",
    "code": "49060",
    "epci_code": "200071876",
    "departement_code": "49",
    "region_code": "52",
    "postal_code": "49400"
  },
  {
    "name": "Challain-la-Potherie",
    "code": "49061",
    "epci_code": "244900809",
    "departement_code": "49",
    "region_code": "52",
    "postal_code": "49440"
  },
  {
    "name": "Chalonnes-sur-Loire",
    "code": "49063",
    "epci_code": "200071553",
    "departement_code": "49",
    "region_code": "52",
    "postal_code": "49290"
  },
  {
    "name": "Chambellay",
    "code": "49064",
    "epci_code": "200071868",
    "departement_code": "49",
    "region_code": "52",
    "postal_code": "49220"
  },
  {
    "name": "Chenillé-Champteussé",
    "code": "49067",
    "epci_code": "200071868",
    "departement_code": "49",
    "region_code": "52",
    "postal_code": "49220"
  },
  {
    "name": "Champtocé-sur-Loire",
    "code": "49068",
    "epci_code": "200071553",
    "departement_code": "49",
    "region_code": "52",
    "postal_code": "49123"
  },
  {
    "name": "Chanteloup-les-Bois",
    "code": "49070",
    "epci_code": "200071678",
    "departement_code": "49",
    "region_code": "52",
    "postal_code": "49340"
  },
  {
    "name": "La Chapelle-Saint-Laud",
    "code": "49076",
    "epci_code": "200068955",
    "departement_code": "49",
    "region_code": "52",
    "postal_code": "49140"
  },
  {
    "name": "Les Hauts-d’Anjou",
    "code": "49080",
    "epci_code": "200071868",
    "departement_code": "49",
    "region_code": "52",
    "postal_code": "49330"
  },
  {
    "name": "Chaudefonds-sur-Layon",
    "code": "49082",
    "epci_code": "200071553",
    "departement_code": "49",
    "region_code": "52",
    "postal_code": "49290"
  },
  {
    "name": "Terranjou",
    "code": "49086",
    "epci_code": "200071553",
    "departement_code": "49",
    "region_code": "52",
    "postal_code": "49380"
  },
  {
    "name": "Terranjou",
    "code": "49086",
    "epci_code": "200071553",
    "departement_code": "49",
    "region_code": "52",
    "postal_code": "49540"
  },
  {
    "name": "Chazé-sur-Argos",
    "code": "49089",
    "epci_code": "244900809",
    "departement_code": "49",
    "region_code": "52",
    "postal_code": "49500"
  },
  {
    "name": "Cheffes",
    "code": "49090",
    "epci_code": "200068955",
    "departement_code": "49",
    "region_code": "52",
    "postal_code": "49125"
  },
  {
    "name": "Chemillé-en-Anjou",
    "code": "49092",
    "epci_code": "200060010",
    "departement_code": "49",
    "region_code": "52",
    "postal_code": "49120"
  },
  {
    "name": "Chemillé-en-Anjou",
    "code": "49092",
    "epci_code": "200060010",
    "departement_code": "49",
    "region_code": "52",
    "postal_code": "49310"
  },
  {
    "name": "Chemillé-en-Anjou",
    "code": "49092",
    "epci_code": "200060010",
    "departement_code": "49",
    "region_code": "52",
    "postal_code": "49670"
  },
  {
    "name": "Chemillé-en-Anjou",
    "code": "49092",
    "epci_code": "200060010",
    "departement_code": "49",
    "region_code": "52",
    "postal_code": "49750"
  },
  {
    "name": "Cholet",
    "code": "49099",
    "epci_code": "200071678",
    "departement_code": "49",
    "region_code": "52",
    "postal_code": "49300"
  },
  {
    "name": "Cizay-la-Madeleine",
    "code": "49100",
    "epci_code": "200071876",
    "departement_code": "49",
    "region_code": "52",
    "postal_code": "49700"
  },
  {
    "name": "Cléré-sur-Layon",
    "code": "49102",
    "epci_code": "200071678",
    "departement_code": "49",
    "region_code": "52",
    "postal_code": "49560"
  },
  {
    "name": "Cornillé-les-Caves",
    "code": "49107",
    "epci_code": "200068955",
    "departement_code": "49",
    "region_code": "52",
    "postal_code": "49140"
  },
  {
    "name": "Coron",
    "code": "49109",
    "epci_code": "200071678",
    "departement_code": "49",
    "region_code": "52",
    "postal_code": "49690"
  },
  {
    "name": "Corzé",
    "code": "49110",
    "epci_code": "200068955",
    "departement_code": "49",
    "region_code": "52",
    "postal_code": "49140"
  },
  {
    "name": "Le Coudray-Macouard",
    "code": "49112",
    "epci_code": "200071876",
    "departement_code": "49",
    "region_code": "52",
    "postal_code": "49260"
  },
  {
    "name": "Courchamps",
    "code": "49113",
    "epci_code": "200071876",
    "departement_code": "49",
    "region_code": "52",
    "postal_code": "49260"
  },
  {
    "name": "Courléon",
    "code": "49114",
    "epci_code": "200071876",
    "departement_code": "49",
    "region_code": "52",
    "postal_code": "49390"
  },
  {
    "name": "Denée",
    "code": "49120",
    "epci_code": "200071553",
    "departement_code": "49",
    "region_code": "52",
    "postal_code": "49190"
  },
  {
    "name": "Dénezé-sous-Doué",
    "code": "49121",
    "epci_code": "200071876",
    "departement_code": "49",
    "region_code": "52",
    "postal_code": "49700"
  },
  {
    "name": "Distré",
    "code": "49123",
    "epci_code": "200071876",
    "departement_code": "49",
    "region_code": "52",
    "postal_code": "49400"
  },
  {
    "name": "Doué-en-Anjou",
    "code": "49125",
    "epci_code": "200071876",
    "departement_code": "49",
    "region_code": "52",
    "postal_code": "49700"
  },
  {
    "name": "Orée d’Anjou",
    "code": "49126",
    "epci_code": "200060010",
    "departement_code": "49",
    "region_code": "52",
    "postal_code": "49530"
  },
  {
    "name": "Durtal",
    "code": "49127",
    "epci_code": "200068955",
    "departement_code": "49",
    "region_code": "52",
    "postal_code": "49430"
  },
  {
    "name": "Écouflant",
    "code": "49129",
    "epci_code": "244900015",
    "departement_code": "49",
    "region_code": "52",
    "postal_code": "49000"
  },
  {
    "name": "Écuillé",
    "code": "49130",
    "epci_code": "244900015",
    "departement_code": "49",
    "region_code": "52",
    "postal_code": "49460"
  },
  {
    "name": "Épieds",
    "code": "49131",
    "epci_code": "200071876",
    "departement_code": "49",
    "region_code": "52",
    "postal_code": "49260"
  },
  {
    "name": "Étriché",
    "code": "49132",
    "epci_code": "200068955",
    "departement_code": "49",
    "region_code": "52",
    "postal_code": "49330"
  },
  {
    "name": "Feneu",
    "code": "49135",
    "epci_code": "244900015",
    "departement_code": "49",
    "region_code": "52",
    "postal_code": "49460"
  },
  {
    "name": "Les Bois d’Anjou",
    "code": "49138",
    "epci_code": "244900882",
    "departement_code": "49",
    "region_code": "52",
    "postal_code": "49250"
  },
  {
    "name": "Fontevraud-l’Abbaye",
    "code": "49140",
    "epci_code": "200071876",
    "departement_code": "49",
    "region_code": "52",
    "postal_code": "49590"
  },
  {
    "name": "Grez-Neuville",
    "code": "49155",
    "epci_code": "200071868",
    "departement_code": "49",
    "region_code": "52",
    "postal_code": "49220"
  },
  {
    "name": "Ingrandes-le-Fresne-sur-Loire",
    "code": "49160",
    "epci_code": "244400552",
    "departement_code": "49",
    "region_code": "52",
    "postal_code": "49123"
  },
  {
    "name": "La Jaille-Yvon",
    "code": "49161",
    "epci_code": "200071868",
    "departement_code": "49",
    "region_code": "52",
    "postal_code": "49220"
  },
  {
    "name": "Jarzé Villages",
    "code": "49163",
    "epci_code": "200068955",
    "departement_code": "49",
    "region_code": "52",
    "postal_code": "49140"
  },
  {
    "name": "Les Garennes sur Loire",
    "code": "49167",
    "epci_code": "200071553",
    "departement_code": "49",
    "region_code": "52",
    "postal_code": "49320"
  },
  {
    "name": "Les Garennes sur Loire",
    "code": "49167",
    "epci_code": "200071553",
    "departement_code": "49",
    "region_code": "52",
    "postal_code": "49610"
  },
  {
    "name": "Juvardeil",
    "code": "49170",
    "epci_code": "200071868",
    "departement_code": "49",
    "region_code": "52",
    "postal_code": "49330"
  },
  {
    "name": "La Lande-Chasles",
    "code": "49171",
    "epci_code": "200071876",
    "departement_code": "49",
    "region_code": "52",
    "postal_code": "49150"
  },
  {
    "name": "Huillé-Lézigné",
    "code": "49174",
    "epci_code": "200068955",
    "departement_code": "49",
    "region_code": "52",
    "postal_code": "49430"
  },
  {
    "name": "Le Lion-d’Angers",
    "code": "49176",
    "epci_code": "200071868",
    "departement_code": "49",
    "region_code": "52",
    "postal_code": "49220"
  },
  {
    "name": "Loiré",
    "code": "49178",
    "epci_code": "244900809",
    "departement_code": "49",
    "region_code": "52",
    "postal_code": "49440"
  },
  {
    "name": "Longué-Jumelles",
    "code": "49180",
    "epci_code": "200071876",
    "departement_code": "49",
    "region_code": "52",
    "postal_code": "49160"
  },
  {
    "name": "Louresse-Rochemenier",
    "code": "49182",
    "epci_code": "200071876",
    "departement_code": "49",
    "region_code": "52",
    "postal_code": "49700"
  },
  {
    "name": "Val d’Erdre-Auxence",
    "code": "49183",
    "epci_code": "200071868",
    "departement_code": "49",
    "region_code": "52",
    "postal_code": "49370"
  },
  {
    "name": "Val d’Erdre-Auxence",
    "code": "49183",
    "epci_code": "200071868",
    "departement_code": "49",
    "region_code": "52",
    "postal_code": "49440"
  },
  {
    "name": "Marcé",
    "code": "49188",
    "epci_code": "200068955",
    "departement_code": "49",
    "region_code": "52",
    "postal_code": "49140"
  },
  {
    "name": "Maulévrier",
    "code": "49192",
    "epci_code": "200071678",
    "departement_code": "49",
    "region_code": "52",
    "postal_code": "49360"
  },
  {
    "name": "Le May-sur-Èvre",
    "code": "49193",
    "epci_code": "200071678",
    "departement_code": "49",
    "region_code": "52",
    "postal_code": "49122"
  },
  {
    "name": "Mazé-Milon",
    "code": "49194",
    "epci_code": "244900882",
    "departement_code": "49",
    "region_code": "52",
    "postal_code": "49140"
  },
  {
    "name": "Mazé-Milon",
    "code": "49194",
    "epci_code": "244900882",
    "departement_code": "49",
    "region_code": "52",
    "postal_code": "49630"
  },
  {
    "name": "Mazières-en-Mauges",
    "code": "49195",
    "epci_code": "200071678",
    "departement_code": "49",
    "region_code": "52",
    "postal_code": "49280"
  },
  {
    "name": "Longuenée-en-Anjou",
    "code": "49200",
    "epci_code": "244900015",
    "departement_code": "49",
    "region_code": "52",
    "postal_code": "49220"
  },
  {
    "name": "Longuenée-en-Anjou",
    "code": "49200",
    "epci_code": "244900015",
    "departement_code": "49",
    "region_code": "52",
    "postal_code": "49770"
  },
  {
    "name": "La Ménitré",
    "code": "49201",
    "epci_code": "244900882",
    "departement_code": "49",
    "region_code": "52",
    "postal_code": "49250"
  },
  {
    "name": "Miré",
    "code": "49205",
    "epci_code": "200071868",
    "departement_code": "49",
    "region_code": "52",
    "postal_code": "49330"
  },
  {
    "name": "Montigné-lès-Rairies",
    "code": "49209",
    "epci_code": "200068955",
    "departement_code": "49",
    "region_code": "52",
    "postal_code": "49430"
  },
  {
    "name": "Montilliers",
    "code": "49211",
    "epci_code": "200071678",
    "departement_code": "49",
    "region_code": "52",
    "postal_code": "49310"
  },
  {
    "name": "Montreuil-Juigné",
    "code": "49214",
    "epci_code": "244900015",
    "departement_code": "49",
    "region_code": "52",
    "postal_code": "49460"
  },
  {
    "name": "Montreuil-Bellay",
    "code": "49215",
    "epci_code": "200071876",
    "departement_code": "49",
    "region_code": "52",
    "postal_code": "49260"
  },
  {
    "name": "Montreuil-sur-Loir",
    "code": "49216",
    "epci_code": "200068955",
    "departement_code": "49",
    "region_code": "52",
    "postal_code": "49140"
  },
  {
    "name": "Montreuil-sur-Maine",
    "code": "49217",
    "epci_code": "200071868",
    "departement_code": "49",
    "region_code": "52",
    "postal_code": "49220"
  },
  {
    "name": "Montrevault-sur-Èvre",
    "code": "49218",
    "epci_code": "200060010",
    "departement_code": "49",
    "region_code": "52",
    "postal_code": "49110"
  },
  {
    "name": "Montrevault-sur-Èvre",
    "code": "49218",
    "epci_code": "200060010",
    "departement_code": "49",
    "region_code": "52",
    "postal_code": "49270"
  },
  {
    "name": "Montrevault-sur-Èvre",
    "code": "49218",
    "epci_code": "200060010",
    "departement_code": "49",
    "region_code": "52",
    "postal_code": "49600"
  },
  {
    "name": "Montsoreau",
    "code": "49219",
    "epci_code": "200071876",
    "departement_code": "49",
    "region_code": "52",
    "postal_code": "49730"
  },
  {
    "name": "Morannes sur Sarthe-Daumeray",
    "code": "49220",
    "epci_code": "200068955",
    "departement_code": "49",
    "region_code": "52",
    "postal_code": "49640"
  },
  {
    "name": "Mouliherne",
    "code": "49221",
    "epci_code": "200071876",
    "departement_code": "49",
    "region_code": "52",
    "postal_code": "49390"
  },
  {
    "name": "Mozé-sur-Louet",
    "code": "49222",
    "epci_code": "200071553",
    "departement_code": "49",
    "region_code": "52",
    "postal_code": "49610"
  },
  {
    "name": "Mûrs-Erigné",
    "code": "49223",
    "epci_code": "244900015",
    "departement_code": "49",
    "region_code": "52",
    "postal_code": "49610"
  },
  {
    "name": "Neuillé",
    "code": "49224",
    "epci_code": "200071876",
    "departement_code": "49",
    "region_code": "52",
    "postal_code": "49680"
  },
  {
    "name": "Noyant-Villages",
    "code": "49228",
    "epci_code": "244900882",
    "departement_code": "49",
    "region_code": "52",
    "postal_code": "49390"
  },
  {
    "name": "Noyant-Villages",
    "code": "49228",
    "epci_code": "244900882",
    "departement_code": "49",
    "region_code": "52",
    "postal_code": "49490"
  },
  {
    "name": "Nuaillé",
    "code": "49231",
    "epci_code": "200071678",
    "departement_code": "49",
    "region_code": "52",
    "postal_code": "49340"
  },
  {
    "name": "Parnay",
    "code": "49235",
    "epci_code": "200071876",
    "departement_code": "49",
    "region_code": "52",
    "postal_code": "49730"
  },
  {
    "name": "Passavant-sur-Layon",
    "code": "49236",
    "epci_code": "200071678",
    "departement_code": "49",
    "region_code": "52",
    "postal_code": "49560"
  },
  {
    "name": "La Pellerine",
    "code": "49237",
    "epci_code": "244900882",
    "departement_code": "49",
    "region_code": "52",
    "postal_code": "49490"
  },
  {
    "name": "La Plaine",
    "code": "49240",
    "epci_code": "200071678",
    "departement_code": "49",
    "region_code": "52",
    "postal_code": "49360"
  },
  {
    "name": "Le Plessis-Grammoire",
    "code": "49241",
    "epci_code": "244900015",
    "departement_code": "49",
    "region_code": "52",
    "postal_code": "49124"
  },
  {
    "name": "Mauges-sur-Loire",
    "code": "49244",
    "epci_code": "200060010",
    "departement_code": "49",
    "region_code": "52",
    "postal_code": "49110"
  },
  {
    "name": "Mauges-sur-Loire",
    "code": "49244",
    "epci_code": "200060010",
    "departement_code": "49",
    "region_code": "52",
    "postal_code": "49290"
  },
  {
    "name": "Mauges-sur-Loire",
    "code": "49244",
    "epci_code": "200060010",
    "departement_code": "49",
    "region_code": "52",
    "postal_code": "49410"
  },
  {
    "name": "Mauges-sur-Loire",
    "code": "49244",
    "epci_code": "200060010",
    "departement_code": "49",
    "region_code": "52",
    "postal_code": "49570"
  },
  {
    "name": "Mauges-sur-Loire",
    "code": "49244",
    "epci_code": "200060010",
    "departement_code": "49",
    "region_code": "52",
    "postal_code": "49620"
  },
  {
    "name": "Les Ponts-de-Cé",
    "code": "49246",
    "epci_code": "244900015",
    "departement_code": "49",
    "region_code": "52",
    "postal_code": "49130"
  },
  {
    "name": "La Possonnière",
    "code": "49247",
    "epci_code": "200071553",
    "departement_code": "49",
    "region_code": "52",
    "postal_code": "49170"
  },
  {
    "name": "Ombrée d’Anjou",
    "code": "49248",
    "epci_code": "244900809",
    "departement_code": "49",
    "region_code": "52",
    "postal_code": "49420"
  },
  {
    "name": "Ombrée d’Anjou",
    "code": "49248",
    "epci_code": "244900809",
    "departement_code": "49",
    "region_code": "52",
    "postal_code": "49520"
  },
  {
    "name": "Le Puy-Notre-Dame",
    "code": "49253",
    "epci_code": "200071876",
    "departement_code": "49",
    "region_code": "52",
    "postal_code": "49260"
  },
  {
    "name": "Les Rairies",
    "code": "49257",
    "epci_code": "200068955",
    "departement_code": "49",
    "region_code": "52",
    "postal_code": "49430"
  },
  {
    "name": "Rochefort-sur-Loire",
    "code": "49259",
    "epci_code": "200071553",
    "departement_code": "49",
    "region_code": "52",
    "postal_code": "49190"
  },
  {
    "name": "La Romagne",
    "code": "49260",
    "epci_code": "200071678",
    "departement_code": "49",
    "region_code": "52",
    "postal_code": "49740"
  },
  {
    "name": "Gennes-Val-de-Loire",
    "code": "49261",
    "epci_code": "200071876",
    "departement_code": "49",
    "region_code": "52",
    "postal_code": "49160"
  },
  {
    "name": "Gennes-Val-de-Loire",
    "code": "49261",
    "epci_code": "200071876",
    "departement_code": "49",
    "region_code": "52",
    "postal_code": "49320"
  },
  {
    "name": "Gennes-Val-de-Loire",
    "code": "49261",
    "epci_code": "200071876",
    "departement_code": "49",
    "region_code": "52",
    "postal_code": "49350"
  },
  {
    "name": "Rou-Marson",
    "code": "49262",
    "epci_code": "200071876",
    "departement_code": "49",
    "region_code": "52",
    "postal_code": "49400"
  },
  {
    "name": "Saint-Augustin-des-Bois",
    "code": "49266",
    "epci_code": "200071868",
    "departement_code": "49",
    "region_code": "52",
    "postal_code": "49170"
  },
  {
    "name": "Saint-Barthélemy-d’Anjou",
    "code": "49267",
    "epci_code": "244900015",
    "departement_code": "49",
    "region_code": "52",
    "postal_code": "49124"
  },
  {
    "name": "Saint-Christophe-du-Bois",
    "code": "49269",
    "epci_code": "200071678",
    "departement_code": "49",
    "region_code": "52",
    "postal_code": "49280"
  },
  {
    "name": "Saint-Clément-de-la-Place",
    "code": "49271",
    "epci_code": "244900015",
    "departement_code": "49",
    "region_code": "52",
    "postal_code": "49370"
  },
  {
    "name": "Saint-Clément-des-Levées",
    "code": "49272",
    "epci_code": "200071876",
    "departement_code": "49",
    "region_code": "52",
    "postal_code": "49350"
  },
  {
    "name": "Sainte-Gemmes-sur-Loire",
    "code": "49278",
    "epci_code": "244900015",
    "departement_code": "49",
    "region_code": "52",
    "postal_code": "49130"
  },
  {
    "name": "Saint-Georges-sur-Loire",
    "code": "49283",
    "epci_code": "200071553",
    "departement_code": "49",
    "region_code": "52",
    "postal_code": "49170"
  },
  {
    "name": "Saint-Germain-des-Prés",
    "code": "49284",
    "epci_code": "200071553",
    "departement_code": "49",
    "region_code": "52",
    "postal_code": "49170"
  },
  {
    "name": "Saint-Jean-de-la-Croix",
    "code": "49288",
    "epci_code": "200071553",
    "departement_code": "49",
    "region_code": "52",
    "postal_code": "49130"
  },
  {
    "name": "Saint-Just-sur-Dive",
    "code": "49291",
    "epci_code": "200071876",
    "departement_code": "49",
    "region_code": "52",
    "postal_code": "49260"
  },
  {
    "name": "Val-du-Layon",
    "code": "49292",
    "epci_code": "200071553",
    "departement_code": "49",
    "region_code": "52",
    "postal_code": "49190"
  },
  {
    "name": "Val-du-Layon",
    "code": "49292",
    "epci_code": "200071553",
    "departement_code": "49",
    "region_code": "52",
    "postal_code": "49750"
  },
  {
    "name": "Saint-Lambert-la-Potherie",
    "code": "49294",
    "epci_code": "244900015",
    "departement_code": "49",
    "region_code": "52",
    "postal_code": "49070"
  },
  {
    "name": "Saint-Léger-de-Linières",
    "code": "49298",
    "epci_code": "244900015",
    "departement_code": "49",
    "region_code": "52",
    "postal_code": "49070"
  },
  {
    "name": "Saint-Léger-de-Linières",
    "code": "49298",
    "epci_code": "244900015",
    "departement_code": "49",
    "region_code": "52",
    "postal_code": "49170"
  },
  {
    "name": "Saint-Léger-sous-Cholet",
    "code": "49299",
    "epci_code": "200071678",
    "departement_code": "49",
    "region_code": "52",
    "postal_code": "49280"
  },
  {
    "name": "Sèvremoine",
    "code": "49301",
    "epci_code": "200060010",
    "departement_code": "49",
    "region_code": "52",
    "postal_code": "49230"
  },
  {
    "name": "Sèvremoine",
    "code": "49301",
    "epci_code": "200060010",
    "departement_code": "49",
    "region_code": "52",
    "postal_code": "49450"
  },
  {
    "name": "Sèvremoine",
    "code": "49301",
    "epci_code": "200060010",
    "departement_code": "49",
    "region_code": "52",
    "postal_code": "49660"
  },
  {
    "name": "Sèvremoine",
    "code": "49301",
    "epci_code": "200060010",
    "departement_code": "49",
    "region_code": "52",
    "postal_code": "49710"
  },
  {
    "name": "Saint-Macaire-du-Bois",
    "code": "49302",
    "epci_code": "200071876",
    "departement_code": "49",
    "region_code": "52",
    "postal_code": "49260"
  },
  {
    "name": "Saint-Martin-du-Fouilloux",
    "code": "49306",
    "epci_code": "244900015",
    "departement_code": "49",
    "region_code": "52",
    "postal_code": "49170"
  },
  {
    "name": "Loire-Authion",
    "code": "49307",
    "epci_code": "244900015",
    "departement_code": "49",
    "region_code": "52",
    "postal_code": "49140"
  },
  {
    "name": "Loire-Authion",
    "code": "49307",
    "epci_code": "244900015",
    "departement_code": "49",
    "region_code": "52",
    "postal_code": "49250"
  },
  {
    "name": "Loire-Authion",
    "code": "49307",
    "epci_code": "244900015",
    "departement_code": "49",
    "region_code": "52",
    "postal_code": "49630"
  },
  {
    "name": "Loire-Authion",
    "code": "49307",
    "epci_code": "244900015",
    "departement_code": "49",
    "region_code": "52",
    "postal_code": "49800"
  },
  {
    "name": "Saint-Melaine-sur-Aubance",
    "code": "49308",
    "epci_code": "200071553",
    "departement_code": "49",
    "region_code": "52",
    "postal_code": "49610"
  },
  {
    "name": "Saint-Paul-du-Bois",
    "code": "49310",
    "epci_code": "200071678",
    "departement_code": "49",
    "region_code": "52",
    "postal_code": "49310"
  },
  {
    "name": "Saint-Philbert-du-Peuple",
    "code": "49311",
    "epci_code": "200071876",
    "departement_code": "49",
    "region_code": "52",
    "postal_code": "49160"
  },
  {
    "name": "Verrières-en-Anjou",
    "code": "49323",
    "epci_code": "244900015",
    "departement_code": "49",
    "region_code": "52",
    "postal_code": "49112"
  },
  {
    "name": "Verrières-en-Anjou",
    "code": "49323",
    "epci_code": "244900015",
    "departement_code": "49",
    "region_code": "52",
    "postal_code": "49480"
  },
  {
    "name": "Sarrigné",
    "code": "49326",
    "epci_code": "244900015",
    "departement_code": "49",
    "region_code": "52",
    "postal_code": "49800"
  },
  {
    "name": "Saumur",
    "code": "49328",
    "epci_code": "200071876",
    "departement_code": "49",
    "region_code": "52",
    "postal_code": "49400"
  },
  {
    "name": "Savennières",
    "code": "49329",
    "epci_code": "244900015",
    "departement_code": "49",
    "region_code": "52",
    "postal_code": "49170"
  },
  {
    "name": "Sceaux-d’Anjou",
    "code": "49330",
    "epci_code": "200071868",
    "departement_code": "49",
    "region_code": "52",
    "postal_code": "49330"
  },
  {
    "name": "Segré-en-Anjou Bleu",
    "code": "49331",
    "epci_code": "244900809",
    "departement_code": "49",
    "region_code": "52",
    "postal_code": "49500"
  },
  {
    "name": "Segré-en-Anjou Bleu",
    "code": "49331",
    "epci_code": "244900809",
    "departement_code": "49",
    "region_code": "52",
    "postal_code": "49520"
  },
  {
    "name": "La Séguinière",
    "code": "49332",
    "epci_code": "200071678",
    "departement_code": "49",
    "region_code": "52",
    "postal_code": "49280"
  },
  {
    "name": "Seiches-sur-le-Loir",
    "code": "49333",
    "epci_code": "200068955",
    "departement_code": "49",
    "region_code": "52",
    "postal_code": "49140"
  },
  {
    "name": "Sermaise",
    "code": "49334",
    "epci_code": "200068955",
    "departement_code": "49",
    "region_code": "52",
    "postal_code": "49140"
  },
  {
    "name": "Somloire",
    "code": "49336",
    "epci_code": "200071678",
    "departement_code": "49",
    "region_code": "52",
    "postal_code": "49360"
  },
  {
    "name": "Soulaines-sur-Aubance",
    "code": "49338",
    "epci_code": "244900015",
    "departement_code": "49",
    "region_code": "52",
    "postal_code": "49610"
  },
  {
    "name": "Soulaire-et-Bourg",
    "code": "49339",
    "epci_code": "244900015",
    "departement_code": "49",
    "region_code": "52",
    "postal_code": "49460"
  },
  {
    "name": "Souzay-Champigny",
    "code": "49341",
    "epci_code": "200071876",
    "departement_code": "49",
    "region_code": "52",
    "postal_code": "49400"
  },
  {
    "name": "La Tessoualle",
    "code": "49343",
    "epci_code": "200071678",
    "departement_code": "49",
    "region_code": "52",
    "postal_code": "49280"
  },
  {
    "name": "Thorigné-d’Anjou",
    "code": "49344",
    "epci_code": "200071868",
    "departement_code": "49",
    "region_code": "52",
    "postal_code": "49220"
  },
  {
    "name": "Bellevigne-en-Layon",
    "code": "49345",
    "epci_code": "200071553",
    "departement_code": "49",
    "region_code": "52",
    "postal_code": "49380"
  },
  {
    "name": "Bellevigne-en-Layon",
    "code": "49345",
    "epci_code": "200071553",
    "departement_code": "49",
    "region_code": "52",
    "postal_code": "49750"
  },
  {
    "name": "Tiercé",
    "code": "49347",
    "epci_code": "200068955",
    "departement_code": "49",
    "region_code": "52",
    "postal_code": "49125"
  },
  {
    "name": "Toutlemonde",
    "code": "49352",
    "epci_code": "200071678",
    "departement_code": "49",
    "region_code": "52",
    "postal_code": "49360"
  },
  {
    "name": "Trélazé",
    "code": "49353",
    "epci_code": "244900015",
    "departement_code": "49",
    "region_code": "52",
    "postal_code": "49800"
  },
  {
    "name": "Trémentines",
    "code": "49355",
    "epci_code": "200071678",
    "departement_code": "49",
    "region_code": "52",
    "postal_code": "49340"
  },
  {
    "name": "Turquant",
    "code": "49358",
    "epci_code": "200071876",
    "departement_code": "49",
    "region_code": "52",
    "postal_code": "49730"
  },
  {
    "name": "Les Ulmes",
    "code": "49359",
    "epci_code": "200071876",
    "departement_code": "49",
    "region_code": "52",
    "postal_code": "49700"
  },
  {
    "name": "Varennes-sur-Loire",
    "code": "49361",
    "epci_code": "200071876",
    "departement_code": "49",
    "region_code": "52",
    "postal_code": "49730"
  },
  {
    "name": "Varrains",
    "code": "49362",
    "epci_code": "200071876",
    "departement_code": "49",
    "region_code": "52",
    "postal_code": "49400"
  },
  {
    "name": "Vaudelnay",
    "code": "49364",
    "epci_code": "200071876",
    "departement_code": "49",
    "region_code": "52",
    "postal_code": "49260"
  },
  {
    "name": "Erdre-en-Anjou",
    "code": "49367",
    "epci_code": "200071868",
    "departement_code": "49",
    "region_code": "52",
    "postal_code": "49220"
  },
  {
    "name": "Erdre-en-Anjou",
    "code": "49367",
    "epci_code": "200071868",
    "departement_code": "49",
    "region_code": "52",
    "postal_code": "49370"
  },
  {
    "name": "Vernantes",
    "code": "49368",
    "epci_code": "200071876",
    "departement_code": "49",
    "region_code": "52",
    "postal_code": "49390"
  },
  {
    "name": "Vernoil-le-Fourrier",
    "code": "49369",
    "epci_code": "200071876",
    "departement_code": "49",
    "region_code": "52",
    "postal_code": "49390"
  },
  {
    "name": "Verrie",
    "code": "49370",
    "epci_code": "200071876",
    "departement_code": "49",
    "region_code": "52",
    "postal_code": "49400"
  },
  {
    "name": "Vezins",
    "code": "49371",
    "epci_code": "200071678",
    "departement_code": "49",
    "region_code": "52",
    "postal_code": "49340"
  },
  {
    "name": "Lys-Haut-Layon",
    "code": "49373",
    "epci_code": "200071678",
    "departement_code": "49",
    "region_code": "52",
    "postal_code": "49310"
  },
  {
    "name": "Lys-Haut-Layon",
    "code": "49373",
    "epci_code": "200071678",
    "departement_code": "49",
    "region_code": "52",
    "postal_code": "49540"
  },
  {
    "name": "Lys-Haut-Layon",
    "code": "49373",
    "epci_code": "200071678",
    "departement_code": "49",
    "region_code": "52",
    "postal_code": "49560"
  },
  {
    "name": "Villebernier",
    "code": "49374",
    "epci_code": "200071876",
    "departement_code": "49",
    "region_code": "52",
    "postal_code": "49400"
  },
  {
    "name": "Rives-du-Loir-en-Anjou",
    "code": "49377",
    "epci_code": "244900015",
    "departement_code": "49",
    "region_code": "52",
    "postal_code": "49140"
  },
  {
    "name": "Vivy",
    "code": "49378",
    "epci_code": "200071876",
    "departement_code": "49",
    "region_code": "52",
    "postal_code": "49680"
  },
  {
    "name": "Yzernay",
    "code": "49381",
    "epci_code": "200071678",
    "departement_code": "49",
    "region_code": "52",
    "postal_code": "49360"
  }
]