[
  {
    "name": "Abondant",
    "code": "28001",
    "epci_code": "200040277",
    "departement_code": "28",
    "region_code": "24",
    "postal_code": "28410"
  },
  {
    "name": "Allainville",
    "code": "28003",
    "epci_code": "200040277",
    "departement_code": "28",
    "region_code": "24",
    "postal_code": "28500"
  },
  {
    "name": "Allonnes",
    "code": "28004",
    "epci_code": "200033181",
    "departement_code": "28",
    "region_code": "24",
    "postal_code": "28150"
  },
  {
    "name": "Alluyes",
    "code": "28005",
    "epci_code": "242852465",
    "departement_code": "28",
    "region_code": "24",
    "postal_code": "28800"
  },
  {
    "name": "Amilly",
    "code": "28006",
    "epci_code": "200033181",
    "departement_code": "28",
    "region_code": "24",
    "postal_code": "28300"
  },
  {
    "name": "Anet",
    "code": "28007",
    "epci_code": "200040277",
    "departement_code": "28",
    "region_code": "24",
    "postal_code": "28260"
  },
  {
    "name": "Ardelles",
    "code": "28008",
    "epci_code": "200040277",
    "departement_code": "28",
    "region_code": "24",
    "postal_code": "28170"
  },
  {
    "name": "Ardelu",
    "code": "28009",
    "epci_code": "200070159",
    "departement_code": "28",
    "region_code": "24",
    "postal_code": "28700"
  },
  {
    "name": "Argenvilliers",
    "code": "28010",
    "epci_code": "200006971",
    "departement_code": "28",
    "region_code": "24",
    "postal_code": "28480"
  },
  {
    "name": "Vald’Yerre",
    "code": "28012",
    "epci_code": "200069961",
    "departement_code": "28",
    "region_code": "24",
    "postal_code": "28290"
  },
  {
    "name": "Aunay-sous-Auneau",
    "code": "28013",
    "epci_code": "200069953",
    "departement_code": "28",
    "region_code": "24",
    "postal_code": "28700"
  },
  {
    "name": "Aunay-sous-Crécy",
    "code": "28014",
    "epci_code": "200040277",
    "departement_code": "28",
    "region_code": "24",
    "postal_code": "28500"
  },
  {
    "name": "Auneau-Bleury-Saint-Symphorien",
    "code": "28015",
    "epci_code": "200069953",
    "departement_code": "28",
    "region_code": "24",
    "postal_code": "28700"
  },
  {
    "name": "Les Autels-Villevillon",
    "code": "28016",
    "epci_code": "200006971",
    "departement_code": "28",
    "region_code": "24",
    "postal_code": "28330"
  },
  {
    "name": "Authon-du-Perche",
    "code": "28018",
    "epci_code": "200006971",
    "departement_code": "28",
    "region_code": "24",
    "postal_code": "28330"
  },
  {
    "name": "Baigneaux",
    "code": "28019",
    "epci_code": "200070159",
    "departement_code": "28",
    "region_code": "24",
    "postal_code": "28140"
  },
  {
    "name": "Bailleau-le-Pin",
    "code": "28021",
    "epci_code": "200058360",
    "departement_code": "28",
    "region_code": "24",
    "postal_code": "28120"
  },
  {
    "name": "Bailleau-l’Évêque",
    "code": "28022",
    "epci_code": "200033181",
    "departement_code": "28",
    "region_code": "24",
    "postal_code": "28300"
  },
  {
    "name": "Bailleau-Armenonville",
    "code": "28023",
    "epci_code": "200069953",
    "departement_code": "28",
    "region_code": "24",
    "postal_code": "28320"
  },
  {
    "name": "Barjouville",
    "code": "28024",
    "epci_code": "200033181",
    "departement_code": "28",
    "region_code": "24",
    "postal_code": "28630"
  },
  {
    "name": "Baudreville",
    "code": "28026",
    "epci_code": "200070159",
    "departement_code": "28",
    "region_code": "24",
    "postal_code": "28310"
  },
  {
    "name": "La Bazoche-Gouet",
    "code": "28027",
    "epci_code": "200069961",
    "departement_code": "28",
    "region_code": "24",
    "postal_code": "28330"
  },
  {
    "name": "Bazoches-en-Dunois",
    "code": "28028",
    "epci_code": "200070159",
    "departement_code": "28",
    "region_code": "24",
    "postal_code": "28140"
  },
  {
    "name": "Bazoches-les-Hautes",
    "code": "28029",
    "epci_code": "200070159",
    "departement_code": "28",
    "region_code": "24",
    "postal_code": "28140"
  },
  {
    "name": "Beauche",
    "code": "28030",
    "epci_code": "200040277",
    "departement_code": "28",
    "region_code": "24",
    "postal_code": "28270"
  },
  {
    "name": "Beaumont-les-Autels",
    "code": "28031",
    "epci_code": "200006971",
    "departement_code": "28",
    "region_code": "24",
    "postal_code": "28480"
  },
  {
    "name": "Beauvilliers",
    "code": "28032",
    "epci_code": "200070159",
    "departement_code": "28",
    "region_code": "24",
    "postal_code": "28150"
  },
  {
    "name": "Belhomert-Guéhouville",
    "code": "28033",
    "epci_code": "200070167",
    "departement_code": "28",
    "region_code": "24",
    "postal_code": "28240"
  },
  {
    "name": "Berchères-Saint-Germain",
    "code": "28034",
    "epci_code": "200033181",
    "departement_code": "28",
    "region_code": "24",
    "postal_code": "28300"
  },
  {
    "name": "Berchères-les-Pierres",
    "code": "28035",
    "epci_code": "200033181",
    "departement_code": "28",
    "region_code": "24",
    "postal_code": "28630"
  },
  {
    "name": "Berchères-sur-Vesgre",
    "code": "28036",
    "epci_code": "200040277",
    "departement_code": "28",
    "region_code": "24",
    "postal_code": "28260"
  },
  {
    "name": "Bérou-la-Mulotière",
    "code": "28037",
    "epci_code": "200040277",
    "departement_code": "28",
    "region_code": "24",
    "postal_code": "28270"
  },
  {
    "name": "Béthonvilliers",
    "code": "28038",
    "epci_code": "200006971",
    "departement_code": "28",
    "region_code": "24",
    "postal_code": "28330"
  },
  {
    "name": "Béville-le-Comte",
    "code": "28039",
    "epci_code": "200069953",
    "departement_code": "28",
    "region_code": "24",
    "postal_code": "28700"
  },
  {
    "name": "Billancelles",
    "code": "28040",
    "epci_code": "200058360",
    "departement_code": "28",
    "region_code": "24",
    "postal_code": "28190"
  },
  {
    "name": "Blandainville",
    "code": "28041",
    "epci_code": "200058360",
    "departement_code": "28",
    "region_code": "24",
    "postal_code": "28120"
  },
  {
    "name": "Boissy-en-Drouais",
    "code": "28045",
    "epci_code": "200040277",
    "departement_code": "28",
    "region_code": "24",
    "postal_code": "28500"
  },
  {
    "name": "Boissy-lès-Perche",
    "code": "28046",
    "epci_code": "200069912",
    "departement_code": "28",
    "region_code": "24",
    "postal_code": "28340"
  },
  {
    "name": "Boisville-la-Saint-Père",
    "code": "28047",
    "epci_code": "200033181",
    "departement_code": "28",
    "region_code": "24",
    "postal_code": "28150"
  },
  {
    "name": "La Bourdinière-Saint-Loup",
    "code": "28048",
    "epci_code": "200033181",
    "departement_code": "28",
    "region_code": "24",
    "postal_code": "28360"
  },
  {
    "name": "Boncé",
    "code": "28049",
    "epci_code": "200033181",
    "departement_code": "28",
    "region_code": "24",
    "postal_code": "28150"
  },
  {
    "name": "Boncourt",
    "code": "28050",
    "epci_code": "200040277",
    "departement_code": "28",
    "region_code": "24",
    "postal_code": "28260"
  },
  {
    "name": "Bonneval",
    "code": "28051",
    "epci_code": "242852465",
    "departement_code": "28",
    "region_code": "24",
    "postal_code": "28800"
  },
  {
    "name": "Bouglainval",
    "code": "28052",
    "epci_code": "200033181",
    "departement_code": "28",
    "region_code": "24",
    "postal_code": "28130"
  },
  {
    "name": "Le Boullay-les-Deux-Églises",
    "code": "28053",
    "epci_code": "200040277",
    "departement_code": "28",
    "region_code": "24",
    "postal_code": "28170"
  },
  {
    "name": "Le Boullay-Mivoye",
    "code": "28054",
    "epci_code": "200040277",
    "departement_code": "28",
    "region_code": "24",
    "postal_code": "28210"
  },
  {
    "name": "Le Boullay-Thierry",
    "code": "28055",
    "epci_code": "200040277",
    "departement_code": "28",
    "region_code": "24",
    "postal_code": "28210"
  },
  {
    "name": "Boutigny-Prouais",
    "code": "28056",
    "epci_code": "247800550",
    "departement_code": "28",
    "region_code": "24",
    "postal_code": "28410"
  },
  {
    "name": "Bouville",
    "code": "28057",
    "epci_code": "242852465",
    "departement_code": "28",
    "region_code": "24",
    "postal_code": "28800"
  },
  {
    "name": "Bréchamps",
    "code": "28058",
    "epci_code": "200069953",
    "departement_code": "28",
    "region_code": "24",
    "postal_code": "28210"
  },
  {
    "name": "Brezolles",
    "code": "28059",
    "epci_code": "200040277",
    "departement_code": "28",
    "region_code": "24",
    "postal_code": "28270"
  },
  {
    "name": "Briconville",
    "code": "28060",
    "epci_code": "200033181",
    "departement_code": "28",
    "region_code": "24",
    "postal_code": "28300"
  },
  {
    "name": "Brou",
    "code": "28061",
    "epci_code": "200069961",
    "departement_code": "28",
    "region_code": "24",
    "postal_code": "28160"
  },
  {
    "name": "Broué",
    "code": "28062",
    "epci_code": "200040277",
    "departement_code": "28",
    "region_code": "24",
    "postal_code": "28410"
  },
  {
    "name": "Bû",
    "code": "28064",
    "epci_code": "200040277",
    "departement_code": "28",
    "region_code": "24",
    "postal_code": "28410"
  },
  {
    "name": "Bullainville",
    "code": "28065",
    "epci_code": "242852465",
    "departement_code": "28",
    "region_code": "24",
    "postal_code": "28800"
  },
  {
    "name": "Cernay",
    "code": "28067",
    "epci_code": "200058360",
    "departement_code": "28",
    "region_code": "24",
    "postal_code": "28120"
  },
  {
    "name": "Challet",
    "code": "28068",
    "epci_code": "200033181",
    "departement_code": "28",
    "region_code": "24",
    "postal_code": "28300"
  },
  {
    "name": "Champhol",
    "code": "28070",
    "epci_code": "200033181",
    "departement_code": "28",
    "region_code": "24",
    "postal_code": "28300"
  },
  {
    "name": "Champrond-en-Gâtine",
    "code": "28071",
    "epci_code": "200070167",
    "departement_code": "28",
    "region_code": "24",
    "postal_code": "28240"
  },
  {
    "name": "Champrond-en-Perchet",
    "code": "28072",
    "epci_code": "200006971",
    "departement_code": "28",
    "region_code": "24",
    "postal_code": "28400"
  },
  {
    "name": "Champseru",
    "code": "28073",
    "epci_code": "200033181",
    "departement_code": "28",
    "region_code": "24",
    "postal_code": "28700"
  },
  {
    "name": "La Chapelle-d’Aunainville",
    "code": "28074",
    "epci_code": "200069953",
    "departement_code": "28",
    "region_code": "24",
    "postal_code": "28700"
  },
  {
    "name": "La Chapelle-du-Noyer",
    "code": "28075",
    "epci_code": "200069961",
    "departement_code": "28",
    "region_code": "24",
    "postal_code": "28200"
  },
  {
    "name": "La Chapelle-Forainvilliers",
    "code": "28076",
    "epci_code": "200040277",
    "departement_code": "28",
    "region_code": "24",
    "postal_code": "28500"
  },
  {
    "name": "La Chapelle-Fortin",
    "code": "28077",
    "epci_code": "200069912",
    "departement_code": "28",
    "region_code": "24",
    "postal_code": "28340"
  },
  {
    "name": "Chapelle-Guillaume",
    "code": "28078",
    "epci_code": "200069961",
    "departement_code": "28",
    "region_code": "24",
    "postal_code": "28330"
  },
  {
    "name": "Chapelle-Royale",
    "code": "28079",
    "epci_code": "200006971",
    "departement_code": "28",
    "region_code": "24",
    "postal_code": "28290"
  },
  {
    "name": "Charbonnières",
    "code": "28080",
    "epci_code": "200006971",
    "departement_code": "28",
    "region_code": "24",
    "postal_code": "28330"
  },
  {
    "name": "Charonville",
    "code": "28081",
    "epci_code": "200058360",
    "departement_code": "28",
    "region_code": "24",
    "postal_code": "28120"
  },
  {
    "name": "Charpont",
    "code": "28082",
    "epci_code": "200040277",
    "departement_code": "28",
    "region_code": "24",
    "postal_code": "28500"
  },
  {
    "name": "Chartainvilliers",
    "code": "28084",
    "epci_code": "200033181",
    "departement_code": "28",
    "region_code": "24",
    "postal_code": "28130"
  },
  {
    "name": "Chartres",
    "code": "28085",
    "epci_code": "200033181",
    "departement_code": "28",
    "region_code": "24",
    "postal_code": "28000"
  },
  {
    "name": "Chassant",
    "code": "28086",
    "epci_code": "200070167",
    "departement_code": "28",
    "region_code": "24",
    "postal_code": "28480"
  },
  {
    "name": "Châtaincourt",
    "code": "28087",
    "epci_code": "200040277",
    "departement_code": "28",
    "region_code": "24",
    "postal_code": "28270"
  },
  {
    "name": "Châteaudun",
    "code": "28088",
    "epci_code": "200069961",
    "departement_code": "28",
    "region_code": "24",
    "postal_code": "28200"
  },
  {
    "name": "Châteauneuf-en-Thymerais",
    "code": "28089",
    "epci_code": "200040277",
    "departement_code": "28",
    "region_code": "24",
    "postal_code": "28170"
  },
  {
    "name": "Les Châtelets",
    "code": "28090",
    "epci_code": "200040277",
    "departement_code": "28",
    "region_code": "24",
    "postal_code": "28270"
  },
  {
    "name": "Les Châtelliers-Notre-Dame",
    "code": "28091",
    "epci_code": "200058360",
    "departement_code": "28",
    "region_code": "24",
    "postal_code": "28120"
  },
  {
    "name": "Châtenay",
    "code": "28092",
    "epci_code": "200069953",
    "departement_code": "28",
    "region_code": "24",
    "postal_code": "28700"
  },
  {
    "name": "Chaudon",
    "code": "28094",
    "epci_code": "200069953",
    "departement_code": "28",
    "region_code": "24",
    "postal_code": "28210"
  },
  {
    "name": "Chauffours",
    "code": "28095",
    "epci_code": "200033181",
    "departement_code": "28",
    "region_code": "24",
    "postal_code": "28120"
  },
  {
    "name": "La Chaussée-d’Ivry",
    "code": "28096",
    "epci_code": "200040277",
    "departement_code": "28",
    "region_code": "24",
    "postal_code": "28260"
  },
  {
    "name": "Cherisy",
    "code": "28098",
    "epci_code": "200040277",
    "departement_code": "28",
    "region_code": "24",
    "postal_code": "28500"
  },
  {
    "name": "Chuisnes",
    "code": "28099",
    "epci_code": "200058360",
    "departement_code": "28",
    "region_code": "24",
    "postal_code": "28190"
  },
  {
    "name": "Cintray",
    "code": "28100",
    "epci_code": "200033181",
    "departement_code": "28",
    "region_code": "24",
    "postal_code": "28300"
  },
  {
    "name": "Clévilliers",
    "code": "28102",
    "epci_code": "200033181",
    "departement_code": "28",
    "region_code": "24",
    "postal_code": "28300"
  },
  {
    "name": "Cloyes-les-Trois-Rivières",
    "code": "28103",
    "epci_code": "200069961",
    "departement_code": "28",
    "region_code": "24",
    "postal_code": "28220"
  },
  {
    "name": "Coltainville",
    "code": "28104",
    "epci_code": "200033181",
    "departement_code": "28",
    "region_code": "24",
    "postal_code": "28300"
  },
  {
    "name": "Combres",
    "code": "28105",
    "epci_code": "200070167",
    "departement_code": "28",
    "region_code": "24",
    "postal_code": "28480"
  },
  {
    "name": "Conie-Molitard",
    "code": "28106",
    "epci_code": "200069961",
    "departement_code": "28",
    "region_code": "24",
    "postal_code": "28200"
  },
  {
    "name": "Corancez",
    "code": "28107",
    "epci_code": "200033181",
    "departement_code": "28",
    "region_code": "24",
    "postal_code": "28630"
  },
  {
    "name": "Cormainville",
    "code": "28108",
    "epci_code": "200070159",
    "departement_code": "28",
    "region_code": "24",
    "postal_code": "28140"
  },
  {
    "name": "Les Corvées-les-Yys",
    "code": "28109",
    "epci_code": "200070167",
    "departement_code": "28",
    "region_code": "24",
    "postal_code": "28240"
  },
  {
    "name": "Le Coudray",
    "code": "28110",
    "epci_code": "200033181",
    "departement_code": "28",
    "region_code": "24",
    "postal_code": "28630"
  },
  {
    "name": "Coudray-au-Perche",
    "code": "28111",
    "epci_code": "200006971",
    "departement_code": "28",
    "region_code": "24",
    "postal_code": "28330"
  },
  {
    "name": "Coulombs",
    "code": "28113",
    "epci_code": "200069953",
    "departement_code": "28",
    "region_code": "24",
    "postal_code": "28210"
  },
  {
    "name": "Courbehaye",
    "code": "28114",
    "epci_code": "200070159",
    "departement_code": "28",
    "region_code": "24",
    "postal_code": "28140"
  },
  {
    "name": "Courville-sur-Eure",
    "code": "28116",
    "epci_code": "200058360",
    "departement_code": "28",
    "region_code": "24",
    "postal_code": "28190"
  },
  {
    "name": "Crécy-Couvé",
    "code": "28117",
    "epci_code": "200040277",
    "departement_code": "28",
    "region_code": "24",
    "postal_code": "28500"
  },
  {
    "name": "Croisilles",
    "code": "28118",
    "epci_code": "200069953",
    "departement_code": "28",
    "region_code": "24",
    "postal_code": "28210"
  },
  {
    "name": "La Croix-du-Perche",
    "code": "28119",
    "epci_code": "200070167",
    "departement_code": "28",
    "region_code": "24",
    "postal_code": "28480"
  },
  {
    "name": "Crucey-Villages",
    "code": "28120",
    "epci_code": "200040277",
    "departement_code": "28",
    "region_code": "24",
    "postal_code": "28270"
  },
  {
    "name": "Dambron",
    "code": "28121",
    "epci_code": "200070159",
    "departement_code": "28",
    "region_code": "24",
    "postal_code": "28140"
  },
  {
    "name": "Dammarie",
    "code": "28122",
    "epci_code": "200033181",
    "departement_code": "28",
    "region_code": "24",
    "postal_code": "28360"
  },
  {
    "name": "Dampierre-sous-Brou",
    "code": "28123",
    "epci_code": "200069961",
    "departement_code": "28",
    "region_code": "24",
    "postal_code": "28160"
  },
  {
    "name": "Dampierre-sur-Avre",
    "code": "28124",
    "epci_code": "200040277",
    "departement_code": "28",
    "region_code": "24",
    "postal_code": "28350"
  },
  {
    "name": "Dancy",
    "code": "28126",
    "epci_code": "242852465",
    "departement_code": "28",
    "region_code": "24",
    "postal_code": "28800"
  },
  {
    "name": "Dangeau",
    "code": "28127",
    "epci_code": "242852465",
    "departement_code": "28",
    "region_code": "24",
    "postal_code": "28160"
  },
  {
    "name": "Dangers",
    "code": "28128",
    "epci_code": "200033181",
    "departement_code": "28",
    "region_code": "24",
    "postal_code": "28190"
  },
  {
    "name": "Denonville",
    "code": "28129",
    "epci_code": "200033181",
    "departement_code": "28",
    "region_code": "24",
    "postal_code": "28700"
  },
  {
    "name": "Digny",
    "code": "28130",
    "epci_code": "200069912",
    "departement_code": "28",
    "region_code": "24",
    "postal_code": "28250"
  },
  {
    "name": "Donnemain-Saint-Mamès",
    "code": "28132",
    "epci_code": "200069961",
    "departement_code": "28",
    "region_code": "24",
    "postal_code": "28200"
  },
  {
    "name": "Dreux",
    "code": "28134",
    "epci_code": "200040277",
    "departement_code": "28",
    "region_code": "24",
    "postal_code": "28100"
  },
  {
    "name": "Droue-sur-Drouette",
    "code": "28135",
    "epci_code": "200069953",
    "departement_code": "28",
    "region_code": "24",
    "postal_code": "28230"
  },
  {
    "name": "Écluzelles",
    "code": "28136",
    "epci_code": "200040277",
    "departement_code": "28",
    "region_code": "24",
    "postal_code": "28500"
  },
  {
    "name": "Écrosnes",
    "code": "28137",
    "epci_code": "200069953",
    "departement_code": "28",
    "region_code": "24",
    "postal_code": "28320"
  },
  {
    "name": "Épeautrolles",
    "code": "28139",
    "epci_code": "200058360",
    "departement_code": "28",
    "region_code": "24",
    "postal_code": "28120"
  },
  {
    "name": "Épernon",
    "code": "28140",
    "epci_code": "200069953",
    "departement_code": "28",
    "region_code": "24",
    "postal_code": "28230"
  },
  {
    "name": "Ermenonville-la-Grande",
    "code": "28141",
    "epci_code": "200033181",
    "departement_code": "28",
    "region_code": "24",
    "postal_code": "28120"
  },
  {
    "name": "Ermenonville-la-Petite",
    "code": "28142",
    "epci_code": "200058360",
    "departement_code": "28",
    "region_code": "24",
    "postal_code": "28120"
  },
  {
    "name": "Escorpain",
    "code": "28143",
    "epci_code": "200040277",
    "departement_code": "28",
    "region_code": "24",
    "postal_code": "28270"
  },
  {
    "name": "Les Étilleux",
    "code": "28144",
    "epci_code": "200006971",
    "departement_code": "28",
    "region_code": "24",
    "postal_code": "28330"
  },
  {
    "name": "Faverolles",
    "code": "28146",
    "epci_code": "200069953",
    "departement_code": "28",
    "region_code": "24",
    "postal_code": "28210"
  },
  {
    "name": "Favières",
    "code": "28147",
    "epci_code": "200040277",
    "departement_code": "28",
    "region_code": "24",
    "postal_code": "28170"
  },
  {
    "name": "Le Favril",
    "code": "28148",
    "epci_code": "200058360",
    "departement_code": "28",
    "region_code": "24",
    "postal_code": "28190"
  },
  {
    "name": "La Ferté-Vidame",
    "code": "28149",
    "epci_code": "200069912",
    "departement_code": "28",
    "region_code": "24",
    "postal_code": "28340"
  },
  {
    "name": "Fessanvilliers-Mattanvilliers",
    "code": "28151",
    "epci_code": "200040277",
    "departement_code": "28",
    "region_code": "24",
    "postal_code": "28270"
  },
  {
    "name": "Flacey",
    "code": "28153",
    "epci_code": "242852465",
    "departement_code": "28",
    "region_code": "24",
    "postal_code": "28800"
  },
  {
    "name": "Fontaine-la-Guyon",
    "code": "28154",
    "epci_code": "200058360",
    "departement_code": "28",
    "region_code": "24",
    "postal_code": "28190"
  },
  {
    "name": "Fontaine-les-Ribouts",
    "code": "28155",
    "epci_code": "200040277",
    "departement_code": "28",
    "region_code": "24",
    "postal_code": "28170"
  },
  {
    "name": "Fontaine-Simon",
    "code": "28156",
    "epci_code": "200070167",
    "departement_code": "28",
    "region_code": "24",
    "postal_code": "28240"
  },
  {
    "name": "Fontenay-sur-Conie",
    "code": "28157",
    "epci_code": "200070159",
    "departement_code": "28",
    "region_code": "24",
    "postal_code": "28140"
  },
  {
    "name": "Fontenay-sur-Eure",
    "code": "28158",
    "epci_code": "200033181",
    "departement_code": "28",
    "region_code": "24",
    "postal_code": "28630"
  },
  {
    "name": "La Framboisière",
    "code": "28159",
    "epci_code": "200069912",
    "departement_code": "28",
    "region_code": "24",
    "postal_code": "28250"
  },
  {
    "name": "Francourville",
    "code": "28160",
    "epci_code": "200033181",
    "departement_code": "28",
    "region_code": "24",
    "postal_code": "28700"
  },
  {
    "name": "Frazé",
    "code": "28161",
    "epci_code": "200070167",
    "departement_code": "28",
    "region_code": "24",
    "postal_code": "28160"
  },
  {
    "name": "Fresnay-le-Comte",
    "code": "28162",
    "epci_code": "200033181",
    "departement_code": "28",
    "region_code": "24",
    "postal_code": "28360"
  },
  {
    "name": "Fresnay-le-Gilmert",
    "code": "28163",
    "epci_code": "200033181",
    "departement_code": "28",
    "region_code": "24",
    "postal_code": "28300"
  },
  {
    "name": "Fresnay-l’Évêque",
    "code": "28164",
    "epci_code": "200070159",
    "departement_code": "28",
    "region_code": "24",
    "postal_code": "28310"
  },
  {
    "name": "Friaize",
    "code": "28166",
    "epci_code": "200058360",
    "departement_code": "28",
    "region_code": "24",
    "postal_code": "28240"
  },
  {
    "name": "Fruncé",
    "code": "28167",
    "epci_code": "200058360",
    "departement_code": "28",
    "region_code": "24",
    "postal_code": "28190"
  },
  {
    "name": "Gallardon",
    "code": "28168",
    "epci_code": "200069953",
    "departement_code": "28",
    "region_code": "24",
    "postal_code": "28320"
  },
  {
    "name": "Garancières-en-Beauce",
    "code": "28169",
    "epci_code": "200070159",
    "departement_code": "28",
    "region_code": "24",
    "postal_code": "28700"
  },
  {
    "name": "Garancières-en-Drouais",
    "code": "28170",
    "epci_code": "200040277",
    "departement_code": "28",
    "region_code": "24",
    "postal_code": "28500"
  },
  {
    "name": "Garnay",
    "code": "28171",
    "epci_code": "200040277",
    "departement_code": "28",
    "region_code": "24",
    "postal_code": "28500"
  },
  {
    "name": "Gas",
    "code": "28172",
    "epci_code": "200069953",
    "departement_code": "28",
    "region_code": "24",
    "postal_code": "28320"
  },
  {
    "name": "Gasville-Oisème",
    "code": "28173",
    "epci_code": "200033181",
    "departement_code": "28",
    "region_code": "24",
    "postal_code": "28300"
  },
  {
    "name": "La Gaudaine",
    "code": "28175",
    "epci_code": "200006971",
    "departement_code": "28",
    "region_code": "24",
    "postal_code": "28400"
  },
  {
    "name": "Le Gault-Saint-Denis",
    "code": "28176",
    "epci_code": "242852465",
    "departement_code": "28",
    "region_code": "24",
    "postal_code": "28800"
  },
  {
    "name": "Gellainville",
    "code": "28177",
    "epci_code": "200033181",
    "departement_code": "28",
    "region_code": "24",
    "postal_code": "28630"
  },
  {
    "name": "Germainville",
    "code": "28178",
    "epci_code": "200040277",
    "departement_code": "28",
    "region_code": "24",
    "postal_code": "28500"
  },
  {
    "name": "Gilles",
    "code": "28180",
    "epci_code": "200040277",
    "departement_code": "28",
    "region_code": "24",
    "postal_code": "28260"
  },
  {
    "name": "Gohory",
    "code": "28182",
    "epci_code": "200069961",
    "departement_code": "28",
    "region_code": "24",
    "postal_code": "28160"
  },
  {
    "name": "Gommerville",
    "code": "28183",
    "epci_code": "200070159",
    "departement_code": "28",
    "region_code": "24",
    "postal_code": "28310"
  },
  {
    "name": "Gommerville",
    "code": "28183",
    "epci_code": "200070159",
    "departement_code": "28",
    "region_code": "24",
    "postal_code": "28700"
  },
  {
    "name": "Gouillons",
    "code": "28184",
    "epci_code": "200070159",
    "departement_code": "28",
    "region_code": "24",
    "postal_code": "28310"
  },
  {
    "name": "Goussainville",
    "code": "28185",
    "epci_code": "247800550",
    "departement_code": "28",
    "region_code": "24",
    "postal_code": "28410"
  },
  {
    "name": "Guainville",
    "code": "28187",
    "epci_code": "200040277",
    "departement_code": "28",
    "region_code": "24",
    "postal_code": "28260"
  },
  {
    "name": "Le Gué-de-Longroi",
    "code": "28188",
    "epci_code": "200069953",
    "departement_code": "28",
    "region_code": "24",
    "postal_code": "28700"
  },
  {
    "name": "Guilleville",
    "code": "28189",
    "epci_code": "200070159",
    "departement_code": "28",
    "region_code": "24",
    "postal_code": "28310"
  },
  {
    "name": "Guillonville",
    "code": "28190",
    "epci_code": "200070159",
    "departement_code": "28",
    "region_code": "24",
    "postal_code": "28140"
  },
  {
    "name": "Hanches",
    "code": "28191",
    "epci_code": "200069953",
    "departement_code": "28",
    "region_code": "24",
    "postal_code": "28130"
  },
  {
    "name": "Happonvilliers",
    "code": "28192",
    "epci_code": "200070167",
    "departement_code": "28",
    "region_code": "24",
    "postal_code": "28480"
  },
  {
    "name": "Havelu",
    "code": "28193",
    "epci_code": "247800550",
    "departement_code": "28",
    "region_code": "24",
    "postal_code": "28410"
  },
  {
    "name": "Houville-la-Branche",
    "code": "28194",
    "epci_code": "200033181",
    "departement_code": "28",
    "region_code": "24",
    "postal_code": "28700"
  },
  {
    "name": "Houx",
    "code": "28195",
    "epci_code": "200033181",
    "departement_code": "28",
    "region_code": "24",
    "postal_code": "28130"
  },
  {
    "name": "Illiers-Combray",
    "code": "28196",
    "epci_code": "200058360",
    "departement_code": "28",
    "region_code": "24",
    "postal_code": "28120"
  },
  {
    "name": "Intréville",
    "code": "28197",
    "epci_code": "200070159",
    "departement_code": "28",
    "region_code": "24",
    "postal_code": "28310"
  },
  {
    "name": "Jallans",
    "code": "28198",
    "epci_code": "200069961",
    "departement_code": "28",
    "region_code": "24",
    "postal_code": "28200"
  },
  {
    "name": "Janville-en-Beauce",
    "code": "28199",
    "epci_code": "200070159",
    "departement_code": "28",
    "region_code": "24",
    "postal_code": "28310"
  },
  {
    "name": "Jaudrais",
    "code": "28200",
    "epci_code": "200069912",
    "departement_code": "28",
    "region_code": "24",
    "postal_code": "28250"
  },
  {
    "name": "Jouy",
    "code": "28201",
    "epci_code": "200033181",
    "departement_code": "28",
    "region_code": "24",
    "postal_code": "28300"
  },
  {
    "name": "Lamblore",
    "code": "28202",
    "epci_code": "200069912",
    "departement_code": "28",
    "region_code": "24",
    "postal_code": "28340"
  },
  {
    "name": "Landelles",
    "code": "28203",
    "epci_code": "200058360",
    "departement_code": "28",
    "region_code": "24",
    "postal_code": "28190"
  },
  {
    "name": "Laons",
    "code": "28206",
    "epci_code": "200040277",
    "departement_code": "28",
    "region_code": "24",
    "postal_code": "28270"
  },
  {
    "name": "Léthuin",
    "code": "28207",
    "epci_code": "200069953",
    "departement_code": "28",
    "region_code": "24",
    "postal_code": "28700"
  },
  {
    "name": "Levainville",
    "code": "28208",
    "epci_code": "200069953",
    "departement_code": "28",
    "region_code": "24",
    "postal_code": "28700"
  },
  {
    "name": "Lèves",
    "code": "28209",
    "epci_code": "200033181",
    "departement_code": "28",
    "region_code": "24",
    "postal_code": "28300"
  },
  {
    "name": "Levesville-la-Chenard",
    "code": "28210",
    "epci_code": "200070159",
    "departement_code": "28",
    "region_code": "24",
    "postal_code": "28310"
  },
  {
    "name": "Logron",
    "code": "28211",
    "epci_code": "200069961",
    "departement_code": "28",
    "region_code": "24",
    "postal_code": "28200"
  },
  {
    "name": "Loigny-la-Bataille",
    "code": "28212",
    "epci_code": "200070159",
    "departement_code": "28",
    "region_code": "24",
    "postal_code": "28140"
  },
  {
    "name": "Lormaye",
    "code": "28213",
    "epci_code": "200069953",
    "departement_code": "28",
    "region_code": "24",
    "postal_code": "28210"
  },
  {
    "name": "La Loupe",
    "code": "28214",
    "epci_code": "200070167",
    "departement_code": "28",
    "region_code": "24",
    "postal_code": "28240"
  },
  {
    "name": "Louville-la-Chenard",
    "code": "28215",
    "epci_code": "200070159",
    "departement_code": "28",
    "region_code": "24",
    "postal_code": "28150"
  },
  {
    "name": "Louvilliers-en-Drouais",
    "code": "28216",
    "epci_code": "200040277",
    "departement_code": "28",
    "region_code": "24",
    "postal_code": "28500"
  },
  {
    "name": "Louvilliers-lès-Perche",
    "code": "28217",
    "epci_code": "200069912",
    "departement_code": "28",
    "region_code": "24",
    "postal_code": "28250"
  },
  {
    "name": "Lucé",
    "code": "28218",
    "epci_code": "200033181",
    "departement_code": "28",
    "region_code": "24",
    "postal_code": "28110"
  },
  {
    "name": "Luigny",
    "code": "28219",
    "epci_code": "200006971",
    "departement_code": "28",
    "region_code": "24",
    "postal_code": "28480"
  },
  {
    "name": "Luisant",
    "code": "28220",
    "epci_code": "200033181",
    "departement_code": "28",
    "region_code": "24",
    "postal_code": "28600"
  },
  {
    "name": "Lumeau",
    "code": "28221",
    "epci_code": "200070159",
    "departement_code": "28",
    "region_code": "24",
    "postal_code": "28140"
  },
  {
    "name": "Luplanté",
    "code": "28222",
    "epci_code": "200058360",
    "departement_code": "28",
    "region_code": "24",
    "postal_code": "28360"
  },
  {
    "name": "Luray",
    "code": "28223",
    "epci_code": "200040277",
    "departement_code": "28",
    "region_code": "24",
    "postal_code": "28500"
  },
  {
    "name": "Magny",
    "code": "28225",
    "epci_code": "200058360",
    "departement_code": "28",
    "region_code": "24",
    "postal_code": "28120"
  },
  {
    "name": "Maillebois",
    "code": "28226",
    "epci_code": "200040277",
    "departement_code": "28",
    "region_code": "24",
    "postal_code": "28170"
  },
  {
    "name": "Maintenon",
    "code": "28227",
    "epci_code": "200033181",
    "departement_code": "28",
    "region_code": "24",
    "postal_code": "28130"
  },
  {
    "name": "Mainvilliers",
    "code": "28229",
    "epci_code": "200033181",
    "departement_code": "28",
    "region_code": "24",
    "postal_code": "28300"
  },
  {
    "name": "Maisons",
    "code": "28230",
    "epci_code": "200069953",
    "departement_code": "28",
    "region_code": "24",
    "postal_code": "28700"
  },
  {
    "name": "La Mancelière",
    "code": "28231",
    "epci_code": "200040277",
    "departement_code": "28",
    "region_code": "24",
    "postal_code": "28270"
  },
  {
    "name": "Manou",
    "code": "28232",
    "epci_code": "200070167",
    "departement_code": "28",
    "region_code": "24",
    "postal_code": "28240"
  },
  {
    "name": "Marboué",
    "code": "28233",
    "epci_code": "200069961",
    "departement_code": "28",
    "region_code": "24",
    "postal_code": "28200"
  },
  {
    "name": "Marchéville",
    "code": "28234",
    "epci_code": "200058360",
    "departement_code": "28",
    "region_code": "24",
    "postal_code": "28120"
  },
  {
    "name": "Marchezais",
    "code": "28235",
    "epci_code": "200040277",
    "departement_code": "28",
    "region_code": "24",
    "postal_code": "28410"
  },
  {
    "name": "Arcisses",
    "code": "28236",
    "epci_code": "200006971",
    "departement_code": "28",
    "region_code": "24",
    "postal_code": "28400"
  },
  {
    "name": "Marolles-les-Buis",
    "code": "28237",
    "epci_code": "200070167",
    "departement_code": "28",
    "region_code": "24",
    "postal_code": "28400"
  },
  {
    "name": "Marville-Moutiers-Brûlé",
    "code": "28239",
    "epci_code": "200040277",
    "departement_code": "28",
    "region_code": "24",
    "postal_code": "28500"
  },
  {
    "name": "Meaucé",
    "code": "28240",
    "epci_code": "200070167",
    "departement_code": "28",
    "region_code": "24",
    "postal_code": "28240"
  },
  {
    "name": "Méréglise",
    "code": "28242",
    "epci_code": "200058360",
    "departement_code": "28",
    "region_code": "24",
    "postal_code": "28120"
  },
  {
    "name": "Mérouville",
    "code": "28243",
    "epci_code": "200070159",
    "departement_code": "28",
    "region_code": "24",
    "postal_code": "28310"
  },
  {
    "name": "Meslay-le-Grenet",
    "code": "28245",
    "epci_code": "200033181",
    "departement_code": "28",
    "region_code": "24",
    "postal_code": "28120"
  },
  {
    "name": "Meslay-le-Vidame",
    "code": "28246",
    "epci_code": "200033181",
    "departement_code": "28",
    "region_code": "24",
    "postal_code": "28360"
  },
  {
    "name": "Le Mesnil-Simon",
    "code": "28247",
    "epci_code": "200040277",
    "departement_code": "28",
    "region_code": "24",
    "postal_code": "28260"
  },
  {
    "name": "Le Mesnil-Thomas",
    "code": "28248",
    "epci_code": "200069912",
    "departement_code": "28",
    "region_code": "24",
    "postal_code": "28250"
  },
  {
    "name": "Mévoisins",
    "code": "28249",
    "epci_code": "200069953",
    "departement_code": "28",
    "region_code": "24",
    "postal_code": "28130"
  },
  {
    "name": "Mézières-en-Drouais",
    "code": "28251",
    "epci_code": "200040277",
    "departement_code": "28",
    "region_code": "24",
    "postal_code": "28500"
  },
  {
    "name": "Miermaigne",
    "code": "28252",
    "epci_code": "200006971",
    "departement_code": "28",
    "region_code": "24",
    "postal_code": "28480"
  },
  {
    "name": "Mignières",
    "code": "28253",
    "epci_code": "200033181",
    "departement_code": "28",
    "region_code": "24",
    "postal_code": "28630"
  },
  {
    "name": "Mittainvilliers-Vérigny",
    "code": "28254",
    "epci_code": "200033181",
    "departement_code": "28",
    "region_code": "24",
    "postal_code": "28190"
  },
  {
    "name": "Moinville-la-Jeulin",
    "code": "28255",
    "epci_code": "200033181",
    "departement_code": "28",
    "region_code": "24",
    "postal_code": "28700"
  },
  {
    "name": "Moléans",
    "code": "28256",
    "epci_code": "200069961",
    "departement_code": "28",
    "region_code": "24",
    "postal_code": "28200"
  },
  {
    "name": "Mondonville-Saint-Jean",
    "code": "28257",
    "epci_code": "200069953",
    "departement_code": "28",
    "region_code": "24",
    "postal_code": "28700"
  },
  {
    "name": "Montboissier",
    "code": "28259",
    "epci_code": "242852465",
    "departement_code": "28",
    "region_code": "24",
    "postal_code": "28800"
  },
  {
    "name": "Montharville",
    "code": "28260",
    "epci_code": "242852465",
    "departement_code": "28",
    "region_code": "24",
    "postal_code": "28800"
  },
  {
    "name": "Montigny-le-Chartif",
    "code": "28261",
    "epci_code": "200058360",
    "departement_code": "28",
    "region_code": "24",
    "postal_code": "28120"
  },
  {
    "name": "Montigny-sur-Avre",
    "code": "28263",
    "epci_code": "200066462",
    "departement_code": "28",
    "region_code": "24",
    "postal_code": "28270"
  },
  {
    "name": "Montireau",
    "code": "28264",
    "epci_code": "200070167",
    "departement_code": "28",
    "region_code": "24",
    "postal_code": "28240"
  },
  {
    "name": "Montlandon",
    "code": "28265",
    "epci_code": "200070167",
    "departement_code": "28",
    "region_code": "24",
    "postal_code": "28240"
  },
  {
    "name": "Montreuil",
    "code": "28267",
    "epci_code": "200040277",
    "departement_code": "28",
    "region_code": "24",
    "postal_code": "28500"
  },
  {
    "name": "Morainville",
    "code": "28268",
    "epci_code": "200069953",
    "departement_code": "28",
    "region_code": "24",
    "postal_code": "28700"
  },
  {
    "name": "Morancez",
    "code": "28269",
    "epci_code": "200033181",
    "departement_code": "28",
    "region_code": "24",
    "postal_code": "28630"
  },
  {
    "name": "Moriers",
    "code": "28270",
    "epci_code": "242852465",
    "departement_code": "28",
    "region_code": "24",
    "postal_code": "28800"
  },
  {
    "name": "Morvilliers",
    "code": "28271",
    "epci_code": "200069912",
    "departement_code": "28",
    "region_code": "24",
    "postal_code": "28340"
  },
  {
    "name": "Mottereau",
    "code": "28272",
    "epci_code": "200058360",
    "departement_code": "28",
    "region_code": "24",
    "postal_code": "28160"
  },
  {
    "name": "Moulhard",
    "code": "28273",
    "epci_code": "200069961",
    "departement_code": "28",
    "region_code": "24",
    "postal_code": "28160"
  },
  {
    "name": "Moutiers",
    "code": "28274",
    "epci_code": "200070159",
    "departement_code": "28",
    "region_code": "24",
    "postal_code": "28150"
  },
  {
    "name": "Néron",
    "code": "28275",
    "epci_code": "200069953",
    "departement_code": "28",
    "region_code": "24",
    "postal_code": "28210"
  },
  {
    "name": "Neuvy-en-Dunois",
    "code": "28277",
    "epci_code": "242852465",
    "departement_code": "28",
    "region_code": "24",
    "postal_code": "28800"
  },
  {
    "name": "Nogent-le-Phaye",
    "code": "28278",
    "epci_code": "200033181",
    "departement_code": "28",
    "region_code": "24",
    "postal_code": "28630"
  },
  {
    "name": "Nogent-le-Roi",
    "code": "28279",
    "epci_code": "200069953",
    "departement_code": "28",
    "region_code": "24",
    "postal_code": "28210"
  },
  {
    "name": "Nogent-le-Rotrou",
    "code": "28280",
    "epci_code": "200006971",
    "departement_code": "28",
    "region_code": "24",
    "postal_code": "28400"
  },
  {
    "name": "Nogent-sur-Eure",
    "code": "28281",
    "epci_code": "200033181",
    "departement_code": "28",
    "region_code": "24",
    "postal_code": "28120"
  },
  {
    "name": "Nonvilliers-Grandhoux",
    "code": "28282",
    "epci_code": "200070167",
    "departement_code": "28",
    "region_code": "24",
    "postal_code": "28120"
  },
  {
    "name": "Nottonville",
    "code": "28283",
    "epci_code": "200070159",
    "departement_code": "28",
    "region_code": "24",
    "postal_code": "28140"
  },
  {
    "name": "Oinville-Saint-Liphard",
    "code": "28284",
    "epci_code": "200070159",
    "departement_code": "28",
    "region_code": "24",
    "postal_code": "28310"
  },
  {
    "name": "Oinville-sous-Auneau",
    "code": "28285",
    "epci_code": "200033181",
    "departement_code": "28",
    "region_code": "24",
    "postal_code": "28700"
  },
  {
    "name": "Ollé",
    "code": "28286",
    "epci_code": "200033181",
    "departement_code": "28",
    "region_code": "24",
    "postal_code": "28120"
  },
  {
    "name": "Orgères-en-Beauce",
    "code": "28287",
    "epci_code": "200070159",
    "departement_code": "28",
    "region_code": "24",
    "postal_code": "28140"
  },
  {
    "name": "Ormoy",
    "code": "28289",
    "epci_code": "200040277",
    "departement_code": "28",
    "region_code": "24",
    "postal_code": "28210"
  },
  {
    "name": "Orrouer",
    "code": "28290",
    "epci_code": "200058360",
    "departement_code": "28",
    "region_code": "24",
    "postal_code": "28190"
  },
  {
    "name": "Ouarville",
    "code": "28291",
    "epci_code": "200070159",
    "departement_code": "28",
    "region_code": "24",
    "postal_code": "28150"
  },
  {
    "name": "Ouerre",
    "code": "28292",
    "epci_code": "200040277",
    "departement_code": "28",
    "region_code": "24",
    "postal_code": "28500"
  },
  {
    "name": "Oulins",
    "code": "28293",
    "epci_code": "200040277",
    "departement_code": "28",
    "region_code": "24",
    "postal_code": "28260"
  },
  {
    "name": "Oysonville",
    "code": "28294",
    "epci_code": "200070159",
    "departement_code": "28",
    "region_code": "24",
    "postal_code": "28700"
  },
  {
    "name": "Péronville",
    "code": "28296",
    "epci_code": "200070159",
    "departement_code": "28",
    "region_code": "24",
    "postal_code": "28140"
  },
  {
    "name": "Pierres",
    "code": "28298",
    "epci_code": "200069953",
    "departement_code": "28",
    "region_code": "24",
    "postal_code": "28130"
  },
  {
    "name": "Les Pinthières",
    "code": "28299",
    "epci_code": "200069953",
    "departement_code": "28",
    "region_code": "24",
    "postal_code": "28210"
  },
  {
    "name": "Poinville",
    "code": "28300",
    "epci_code": "200070159",
    "departement_code": "28",
    "region_code": "24",
    "postal_code": "28310"
  },
  {
    "name": "Poisvilliers",
    "code": "28301",
    "epci_code": "200033181",
    "departement_code": "28",
    "region_code": "24",
    "postal_code": "28300"
  },
  {
    "name": "Pontgouin",
    "code": "28302",
    "epci_code": "200058360",
    "departement_code": "28",
    "region_code": "24",
    "postal_code": "28190"
  },
  {
    "name": "Poupry",
    "code": "28303",
    "epci_code": "200070159",
    "departement_code": "28",
    "region_code": "24",
    "postal_code": "28140"
  },
  {
    "name": "Prasville",
    "code": "28304",
    "epci_code": "200070159",
    "departement_code": "28",
    "region_code": "24",
    "postal_code": "28150"
  },
  {
    "name": "Pré-Saint-Évroult",
    "code": "28305",
    "epci_code": "242852465",
    "departement_code": "28",
    "region_code": "24",
    "postal_code": "28800"
  },
  {
    "name": "Pré-Saint-Martin",
    "code": "28306",
    "epci_code": "242852465",
    "departement_code": "28",
    "region_code": "24",
    "postal_code": "28800"
  },
  {
    "name": "Prudemanche",
    "code": "28308",
    "epci_code": "200040277",
    "departement_code": "28",
    "region_code": "24",
    "postal_code": "28270"
  },
  {
    "name": "Prunay-le-Gillon",
    "code": "28309",
    "epci_code": "200033181",
    "departement_code": "28",
    "region_code": "24",
    "postal_code": "28360"
  },
  {
    "name": "La Puisaye",
    "code": "28310",
    "epci_code": "200069912",
    "departement_code": "28",
    "region_code": "24",
    "postal_code": "28250"
  },
  {
    "name": "Puiseux",
    "code": "28312",
    "epci_code": "200040277",
    "departement_code": "28",
    "region_code": "24",
    "postal_code": "28170"
  },
  {
    "name": "Réclainville",
    "code": "28313",
    "epci_code": "200070159",
    "departement_code": "28",
    "region_code": "24",
    "postal_code": "28150"
  },
  {
    "name": "Les Ressuintes",
    "code": "28314",
    "epci_code": "200069912",
    "departement_code": "28",
    "region_code": "24",
    "postal_code": "28340"
  },
  {
    "name": "Revercourt",
    "code": "28315",
    "epci_code": "200040277",
    "departement_code": "28",
    "region_code": "24",
    "postal_code": "28270"
  },
  {
    "name": "Rohaire",
    "code": "28316",
    "epci_code": "200069912",
    "departement_code": "28",
    "region_code": "24",
    "postal_code": "28340"
  },
  {
    "name": "Roinville",
    "code": "28317",
    "epci_code": "200033181",
    "departement_code": "28",
    "region_code": "24",
    "postal_code": "28700"
  },
  {
    "name": "Neuville Saint Denis",
    "code": "28319",
    "epci_code": "200070159",
    "departement_code": "28",
    "region_code": "24",
    "postal_code": "28310"
  },
  {
    "name": "Rouvres",
    "code": "28321",
    "epci_code": "200040277",
    "departement_code": "28",
    "region_code": "24",
    "postal_code": "28260"
  },
  {
    "name": "Rueil-la-Gadelière",
    "code": "28322",
    "epci_code": "200040277",
    "departement_code": "28",
    "region_code": "24",
    "postal_code": "28270"
  },
  {
    "name": "Saint-Ange-et-Torçay",
    "code": "28323",
    "epci_code": "200040277",
    "departement_code": "28",
    "region_code": "24",
    "postal_code": "28170"
  },
  {
    "name": "Saint-Arnoult-des-Bois",
    "code": "28324",
    "epci_code": "200058360",
    "departement_code": "28",
    "region_code": "24",
    "postal_code": "28190"
  },
  {
    "name": "Saint-Aubin-des-Bois",
    "code": "28325",
    "epci_code": "200033181",
    "departement_code": "28",
    "region_code": "24",
    "postal_code": "28300"
  },
  {
    "name": "Saint-Avit-les-Guespières",
    "code": "28326",
    "epci_code": "200058360",
    "departement_code": "28",
    "region_code": "24",
    "postal_code": "28120"
  },
  {
    "name": "Saint-Bomer",
    "code": "28327",
    "epci_code": "200006971",
    "departement_code": "28",
    "region_code": "24",
    "postal_code": "28330"
  },
  {
    "name": "Saint-Christophe",
    "code": "28329",
    "epci_code": "200069961",
    "departement_code": "28",
    "region_code": "24",
    "postal_code": "28200"
  },
  {
    "name": "Villemaury",
    "code": "28330",
    "epci_code": "200069961",
    "departement_code": "28",
    "region_code": "24",
    "postal_code": "28200"
  },
  {
    "name": "Saintigny",
    "code": "28331",
    "epci_code": "200070167",
    "departement_code": "28",
    "region_code": "24",
    "postal_code": "28480"
  },
  {
    "name": "Sainte-Gemme-Moronval",
    "code": "28332",
    "epci_code": "200040277",
    "departement_code": "28",
    "region_code": "24",
    "postal_code": "28500"
  },
  {
    "name": "Saint-Denis-des-Puits",
    "code": "28333",
    "epci_code": "200058360",
    "departement_code": "28",
    "region_code": "24",
    "postal_code": "28240"
  },
  {
    "name": "Saint-Denis-Lanneray",
    "code": "28334",
    "epci_code": "200069961",
    "departement_code": "28",
    "region_code": "24",
    "postal_code": "28200"
  },
  {
    "name": "Saint-Éliph",
    "code": "28335",
    "epci_code": "200070167",
    "departement_code": "28",
    "region_code": "24",
    "postal_code": "28240"
  },
  {
    "name": "Saint-Éman",
    "code": "28336",
    "epci_code": "200058360",
    "departement_code": "28",
    "region_code": "24",
    "postal_code": "28120"
  },
  {
    "name": "Saint-Georges-sur-Eure",
    "code": "28337",
    "epci_code": "200033181",
    "departement_code": "28",
    "region_code": "24",
    "postal_code": "28190"
  },
  {
    "name": "Saint-Germain-le-Gaillard",
    "code": "28339",
    "epci_code": "200058360",
    "departement_code": "28",
    "region_code": "24",
    "postal_code": "28190"
  },
  {
    "name": "Saint-Jean-de-Rebervilliers",
    "code": "28341",
    "epci_code": "200040277",
    "departement_code": "28",
    "region_code": "24",
    "postal_code": "28170"
  },
  {
    "name": "Saint-Jean-Pierre-Fixte",
    "code": "28342",
    "epci_code": "200006971",
    "departement_code": "28",
    "region_code": "24",
    "postal_code": "28400"
  },
  {
    "name": "Saint-Laurent-la-Gâtine",
    "code": "28343",
    "epci_code": "200069953",
    "departement_code": "28",
    "region_code": "24",
    "postal_code": "28210"
  },
  {
    "name": "Saint-Léger-des-Aubées",
    "code": "28344",
    "epci_code": "200033181",
    "departement_code": "28",
    "region_code": "24",
    "postal_code": "28700"
  },
  {
    "name": "Saint-Lubin-de-Cravant",
    "code": "28346",
    "epci_code": "200040277",
    "departement_code": "28",
    "region_code": "24",
    "postal_code": "28270"
  },
  {
    "name": "Saint-Lubin-de-la-Haye",
    "code": "28347",
    "epci_code": "247800550",
    "departement_code": "28",
    "region_code": "24",
    "postal_code": "28410"
  },
  {
    "name": "Saint-Lubin-des-Joncherets",
    "code": "28348",
    "epci_code": "200040277",
    "departement_code": "28",
    "region_code": "24",
    "postal_code": "28350"
  },
  {
    "name": "Saint-Lucien",
    "code": "28349",
    "epci_code": "200069953",
    "departement_code": "28",
    "region_code": "24",
    "postal_code": "28210"
  },
  {
    "name": "Saint-Luperce",
    "code": "28350",
    "epci_code": "200058360",
    "departement_code": "28",
    "region_code": "24",
    "postal_code": "28190"
  },
  {
    "name": "Saint-Maixme-Hauterive",
    "code": "28351",
    "epci_code": "200040277",
    "departement_code": "28",
    "region_code": "24",
    "postal_code": "28170"
  },
  {
    "name": "Saint-Martin-de-Nigelles",
    "code": "28352",
    "epci_code": "200069953",
    "departement_code": "28",
    "region_code": "24",
    "postal_code": "28130"
  },
  {
    "name": "Saint-Maur-sur-le-Loir",
    "code": "28353",
    "epci_code": "242852465",
    "departement_code": "28",
    "region_code": "24",
    "postal_code": "28800"
  },
  {
    "name": "Saint-Maurice-Saint-Germain",
    "code": "28354",
    "epci_code": "200070167",
    "departement_code": "28",
    "region_code": "24",
    "postal_code": "28240"
  },
  {
    "name": "Saint-Ouen-Marchefroy",
    "code": "28355",
    "epci_code": "200040277",
    "departement_code": "28",
    "region_code": "24",
    "postal_code": "28260"
  },
  {
    "name": "Saint-Piat",
    "code": "28357",
    "epci_code": "200069953",
    "departement_code": "28",
    "region_code": "24",
    "postal_code": "28130"
  },
  {
    "name": "Saint-Prest",
    "code": "28358",
    "epci_code": "200033181",
    "departement_code": "28",
    "region_code": "24",
    "postal_code": "28300"
  },
  {
    "name": "Saint-Rémy-sur-Avre",
    "code": "28359",
    "epci_code": "200040277",
    "departement_code": "28",
    "region_code": "24",
    "postal_code": "28380"
  },
  {
    "name": "Saint-Sauveur-Marville",
    "code": "28360",
    "epci_code": "200040277",
    "departement_code": "28",
    "region_code": "24",
    "postal_code": "28170"
  },
  {
    "name": "Saint-Victor-de-Buthon",
    "code": "28362",
    "epci_code": "200070167",
    "departement_code": "28",
    "region_code": "24",
    "postal_code": "28240"
  },
  {
    "name": "Sainville",
    "code": "28363",
    "epci_code": "200070159",
    "departement_code": "28",
    "region_code": "24",
    "postal_code": "28700"
  },
  {
    "name": "Sancheville",
    "code": "28364",
    "epci_code": "242852465",
    "departement_code": "28",
    "region_code": "24",
    "postal_code": "28800"
  },
  {
    "name": "Sandarville",
    "code": "28365",
    "epci_code": "200033181",
    "departement_code": "28",
    "region_code": "24",
    "postal_code": "28120"
  },
  {
    "name": "Santeuil",
    "code": "28366",
    "epci_code": "200033181",
    "departement_code": "28",
    "region_code": "24",
    "postal_code": "28700"
  },
  {
    "name": "Santilly",
    "code": "28367",
    "epci_code": "200070159",
    "departement_code": "28",
    "region_code": "24",
    "postal_code": "28310"
  },
  {
    "name": "La Saucelle",
    "code": "28368",
    "epci_code": "200069912",
    "departement_code": "28",
    "region_code": "24",
    "postal_code": "28250"
  },
  {
    "name": "Saulnières",
    "code": "28369",
    "epci_code": "200040277",
    "departement_code": "28",
    "region_code": "24",
    "postal_code": "28500"
  },
  {
    "name": "Saumeray",
    "code": "28370",
    "epci_code": "242852465",
    "departement_code": "28",
    "region_code": "24",
    "postal_code": "28800"
  },
  {
    "name": "Saussay",
    "code": "28371",
    "epci_code": "200040277",
    "departement_code": "28",
    "region_code": "24",
    "postal_code": "28260"
  },
  {
    "name": "Senantes",
    "code": "28372",
    "epci_code": "200069953",
    "departement_code": "28",
    "region_code": "24",
    "postal_code": "28210"
  },
  {
    "name": "Senonches",
    "code": "28373",
    "epci_code": "200069912",
    "departement_code": "28",
    "region_code": "24",
    "postal_code": "28250"
  },
  {
    "name": "Serazereux",
    "code": "28374",
    "epci_code": "200040277",
    "departement_code": "28",
    "region_code": "24",
    "postal_code": "28170"
  },
  {
    "name": "Serville",
    "code": "28375",
    "epci_code": "200040277",
    "departement_code": "28",
    "region_code": "24",
    "postal_code": "28410"
  },
  {
    "name": "Sorel-Moussel",
    "code": "28377",
    "epci_code": "200040277",
    "departement_code": "28",
    "region_code": "24",
    "postal_code": "28260"
  },
  {
    "name": "Souancé-au-Perche",
    "code": "28378",
    "epci_code": "200006971",
    "departement_code": "28",
    "region_code": "24",
    "postal_code": "28400"
  },
  {
    "name": "Soulaires",
    "code": "28379",
    "epci_code": "200069953",
    "departement_code": "28",
    "region_code": "24",
    "postal_code": "28130"
  },
  {
    "name": "Sours",
    "code": "28380",
    "epci_code": "200033181",
    "departement_code": "28",
    "region_code": "24",
    "postal_code": "28630"
  },
  {
    "name": "Terminiers",
    "code": "28382",
    "epci_code": "200070159",
    "departement_code": "28",
    "region_code": "24",
    "postal_code": "28140"
  },
  {
    "name": "Theuville",
    "code": "28383",
    "epci_code": "200033181",
    "departement_code": "28",
    "region_code": "24",
    "postal_code": "28150"
  },
  {
    "name": "Theuville",
    "code": "28383",
    "epci_code": "200033181",
    "departement_code": "28",
    "region_code": "24",
    "postal_code": "28360"
  },
  {
    "name": "Le Thieulin",
    "code": "28385",
    "epci_code": "200058360",
    "departement_code": "28",
    "region_code": "24",
    "postal_code": "28240"
  },
  {
    "name": "Thimert-Gâtelles",
    "code": "28386",
    "epci_code": "200040277",
    "departement_code": "28",
    "region_code": "24",
    "postal_code": "28170"
  },
  {
    "name": "Thiron-Gardais",
    "code": "28387",
    "epci_code": "200070167",
    "departement_code": "28",
    "region_code": "24",
    "postal_code": "28480"
  },
  {
    "name": "Thivars",
    "code": "28388",
    "epci_code": "200033181",
    "departement_code": "28",
    "region_code": "24",
    "postal_code": "28630"
  },
  {
    "name": "Thiville",
    "code": "28389",
    "epci_code": "200069961",
    "departement_code": "28",
    "region_code": "24",
    "postal_code": "28200"
  },
  {
    "name": "Tillay-le-Péneux",
    "code": "28390",
    "epci_code": "200070159",
    "departement_code": "28",
    "region_code": "24",
    "postal_code": "28140"
  },
  {
    "name": "Toury",
    "code": "28391",
    "epci_code": "200070159",
    "departement_code": "28",
    "region_code": "24",
    "postal_code": "28310"
  },
  {
    "name": "Trancrainville",
    "code": "28392",
    "epci_code": "200070159",
    "departement_code": "28",
    "region_code": "24",
    "postal_code": "28310"
  },
  {
    "name": "Tremblay-les-Villages",
    "code": "28393",
    "epci_code": "200040277",
    "departement_code": "28",
    "region_code": "24",
    "postal_code": "28170"
  },
  {
    "name": "Tréon",
    "code": "28394",
    "epci_code": "200040277",
    "departement_code": "28",
    "region_code": "24",
    "postal_code": "28500"
  },
  {
    "name": "Trizay-Coutretot-Saint-Serge",
    "code": "28395",
    "epci_code": "200006971",
    "departement_code": "28",
    "region_code": "24",
    "postal_code": "28400"
  },
  {
    "name": "Trizay-lès-Bonneval",
    "code": "28396",
    "epci_code": "242852465",
    "departement_code": "28",
    "region_code": "24",
    "postal_code": "28800"
  },
  {
    "name": "Umpeau",
    "code": "28397",
    "epci_code": "200033181",
    "departement_code": "28",
    "region_code": "24",
    "postal_code": "28700"
  },
  {
    "name": "Unverre",
    "code": "28398",
    "epci_code": "200069961",
    "departement_code": "28",
    "region_code": "24",
    "postal_code": "28160"
  },
  {
    "name": "Varize",
    "code": "28400",
    "epci_code": "200070159",
    "departement_code": "28",
    "region_code": "24",
    "postal_code": "28140"
  },
  {
    "name": "Vaupillon",
    "code": "28401",
    "epci_code": "200070167",
    "departement_code": "28",
    "region_code": "24",
    "postal_code": "28240"
  },
  {
    "name": "Ver-lès-Chartres",
    "code": "28403",
    "epci_code": "200033181",
    "departement_code": "28",
    "region_code": "24",
    "postal_code": "28630"
  },
  {
    "name": "Vernouillet",
    "code": "28404",
    "epci_code": "200040277",
    "departement_code": "28",
    "region_code": "24",
    "postal_code": "28500"
  },
  {
    "name": "Vert-en-Drouais",
    "code": "28405",
    "epci_code": "200040277",
    "departement_code": "28",
    "region_code": "24",
    "postal_code": "28500"
  },
  {
    "name": "Éole-en-Beauce",
    "code": "28406",
    "epci_code": "200070159",
    "departement_code": "28",
    "region_code": "24",
    "postal_code": "28150"
  },
  {
    "name": "Vichères",
    "code": "28407",
    "epci_code": "200006971",
    "departement_code": "28",
    "region_code": "24",
    "postal_code": "28480"
  },
  {
    "name": "Vierville",
    "code": "28408",
    "epci_code": "200069953",
    "departement_code": "28",
    "region_code": "24",
    "postal_code": "28700"
  },
  {
    "name": "Vieuvicq",
    "code": "28409",
    "epci_code": "200058360",
    "departement_code": "28",
    "region_code": "24",
    "postal_code": "28120"
  },
  {
    "name": "Villampuy",
    "code": "28410",
    "epci_code": "200069961",
    "departement_code": "28",
    "region_code": "24",
    "postal_code": "28200"
  },
  {
    "name": "Villars",
    "code": "28411",
    "epci_code": "200070159",
    "departement_code": "28",
    "region_code": "24",
    "postal_code": "28150"
  },
  {
    "name": "Villebon",
    "code": "28414",
    "epci_code": "200058360",
    "departement_code": "28",
    "region_code": "24",
    "postal_code": "28190"
  },
  {
    "name": "Villemeux-sur-Eure",
    "code": "28415",
    "epci_code": "200040277",
    "departement_code": "28",
    "region_code": "24",
    "postal_code": "28210"
  },
  {
    "name": "Villiers-le-Morhier",
    "code": "28417",
    "epci_code": "200069953",
    "departement_code": "28",
    "region_code": "24",
    "postal_code": "28130"
  },
  {
    "name": "Villiers-Saint-Orien",
    "code": "28418",
    "epci_code": "242852465",
    "departement_code": "28",
    "region_code": "24",
    "postal_code": "28800"
  },
  {
    "name": "Vitray-en-Beauce",
    "code": "28419",
    "epci_code": "200033181",
    "departement_code": "28",
    "region_code": "24",
    "postal_code": "28360"
  },
  {
    "name": "Voise",
    "code": "28421",
    "epci_code": "200033181",
    "departement_code": "28",
    "region_code": "24",
    "postal_code": "28700"
  },
  {
    "name": "Les Villages Vovéens",
    "code": "28422",
    "epci_code": "200070159",
    "departement_code": "28",
    "region_code": "24",
    "postal_code": "28150"
  },
  {
    "name": "Yermenonville",
    "code": "28423",
    "epci_code": "200069953",
    "departement_code": "28",
    "region_code": "24",
    "postal_code": "28130"
  },
  {
    "name": "Yèvres",
    "code": "28424",
    "epci_code": "200069961",
    "departement_code": "28",
    "region_code": "24",
    "postal_code": "28160"
  },
  {
    "name": "Ymeray",
    "code": "28425",
    "epci_code": "200069953",
    "departement_code": "28",
    "region_code": "24",
    "postal_code": "28320"
  },
  {
    "name": "Ymonville",
    "code": "28426",
    "epci_code": "200070159",
    "departement_code": "28",
    "region_code": "24",
    "postal_code": "28150"
  }
]