[
  {
    "name": "L’Abergement-de-Cuisery",
    "code": "71001",
    "epci_code": "200071538",
    "departement_code": "71",
    "region_code": "27",
    "postal_code": "71290"
  },
  {
    "name": "L’Abergement-Sainte-Colombe",
    "code": "71002",
    "epci_code": "200071538",
    "departement_code": "71",
    "region_code": "27",
    "postal_code": "71370"
  },
  {
    "name": "Allerey-sur-Saône",
    "code": "71003",
    "epci_code": "247100589",
    "departement_code": "71",
    "region_code": "27",
    "postal_code": "71350"
  },
  {
    "name": "Allériot",
    "code": "71004",
    "epci_code": "200040038",
    "departement_code": "71",
    "region_code": "27",
    "postal_code": "71380"
  },
  {
    "name": "Aluze",
    "code": "71005",
    "epci_code": "247100589",
    "departement_code": "71",
    "region_code": "27",
    "postal_code": "71510"
  },
  {
    "name": "Amanzé",
    "code": "71006",
    "epci_code": "200070548",
    "departement_code": "71",
    "region_code": "27",
    "postal_code": "71800"
  },
  {
    "name": "Ameugny",
    "code": "71007",
    "epci_code": "200040293",
    "departement_code": "71",
    "region_code": "27",
    "postal_code": "71460"
  },
  {
    "name": "Anglure-sous-Dun",
    "code": "71008",
    "epci_code": "200070548",
    "departement_code": "71",
    "region_code": "27",
    "postal_code": "71170"
  },
  {
    "name": "Anost",
    "code": "71009",
    "epci_code": "200070530",
    "departement_code": "71",
    "region_code": "27",
    "postal_code": "71550"
  },
  {
    "name": "Antully",
    "code": "71010",
    "epci_code": "200070530",
    "departement_code": "71",
    "region_code": "27",
    "postal_code": "71400"
  },
  {
    "name": "Anzy-le-Duc",
    "code": "71011",
    "epci_code": "247100639",
    "departement_code": "71",
    "region_code": "27",
    "postal_code": "71110"
  },
  {
    "name": "Artaix",
    "code": "71012",
    "epci_code": "247100639",
    "departement_code": "71",
    "region_code": "27",
    "postal_code": "71110"
  },
  {
    "name": "Authumes",
    "code": "71013",
    "epci_code": "247100647",
    "departement_code": "71",
    "region_code": "27",
    "postal_code": "71270"
  },
  {
    "name": "Autun",
    "code": "71014",
    "epci_code": "200070530",
    "departement_code": "71",
    "region_code": "27",
    "postal_code": "71400"
  },
  {
    "name": "Auxy",
    "code": "71015",
    "epci_code": "200070530",
    "departement_code": "71",
    "region_code": "27",
    "postal_code": "71400"
  },
  {
    "name": "Azé",
    "code": "71016",
    "epci_code": "200070308",
    "departement_code": "71",
    "region_code": "27",
    "postal_code": "71260"
  },
  {
    "name": "Ballore",
    "code": "71017",
    "epci_code": "200071884",
    "departement_code": "71",
    "region_code": "27",
    "postal_code": "71220"
  },
  {
    "name": "Bantanges",
    "code": "71018",
    "epci_code": "200071538",
    "departement_code": "71",
    "region_code": "27",
    "postal_code": "71500"
  },
  {
    "name": "Barizey",
    "code": "71019",
    "epci_code": "247100589",
    "departement_code": "71",
    "region_code": "27",
    "postal_code": "71640"
  },
  {
    "name": "Barnay",
    "code": "71020",
    "epci_code": "200070530",
    "departement_code": "71",
    "region_code": "27",
    "postal_code": "71540"
  },
  {
    "name": "Baron",
    "code": "71021",
    "epci_code": "200071884",
    "departement_code": "71",
    "region_code": "27",
    "postal_code": "71120"
  },
  {
    "name": "Baudemont",
    "code": "71022",
    "epci_code": "200070548",
    "departement_code": "71",
    "region_code": "27",
    "postal_code": "71800"
  },
  {
    "name": "Baudrières",
    "code": "71023",
    "epci_code": "200071538",
    "departement_code": "71",
    "region_code": "27",
    "postal_code": "71370"
  },
  {
    "name": "Baugy",
    "code": "71024",
    "epci_code": "247100639",
    "departement_code": "71",
    "region_code": "27",
    "postal_code": "71110"
  },
  {
    "name": "Beaubery",
    "code": "71025",
    "epci_code": "200071884",
    "departement_code": "71",
    "region_code": "27",
    "postal_code": "71220"
  },
  {
    "name": "Beaumont-sur-Grosne",
    "code": "71026",
    "epci_code": "247103765",
    "departement_code": "71",
    "region_code": "27",
    "postal_code": "71240"
  },
  {
    "name": "Beaurepaire-en-Bresse",
    "code": "71027",
    "epci_code": "200042414",
    "departement_code": "71",
    "region_code": "27",
    "postal_code": "71580"
  },
  {
    "name": "Beauvernois",
    "code": "71028",
    "epci_code": "247100647",
    "departement_code": "71",
    "region_code": "27",
    "postal_code": "71270"
  },
  {
    "name": "Bellevesvre",
    "code": "71029",
    "epci_code": "247100647",
    "departement_code": "71",
    "region_code": "27",
    "postal_code": "71270"
  },
  {
    "name": "Bergesserin",
    "code": "71030",
    "epci_code": "200040293",
    "departement_code": "71",
    "region_code": "27",
    "postal_code": "71250"
  },
  {
    "name": "Berzé-le-Châtel",
    "code": "71031",
    "epci_code": "200040293",
    "departement_code": "71",
    "region_code": "27",
    "postal_code": "71960"
  },
  {
    "name": "Berzé-la-Ville",
    "code": "71032",
    "epci_code": "200070308",
    "departement_code": "71",
    "region_code": "27",
    "postal_code": "71960"
  },
  {
    "name": "Bey",
    "code": "71033",
    "epci_code": "200040038",
    "departement_code": "71",
    "region_code": "27",
    "postal_code": "71620"
  },
  {
    "name": "Bissey-sous-Cruchaud",
    "code": "71034",
    "epci_code": "247104094",
    "departement_code": "71",
    "region_code": "27",
    "postal_code": "71390"
  },
  {
    "name": "Bissy-la-Mâconnaise",
    "code": "71035",
    "epci_code": "200069698",
    "departement_code": "71",
    "region_code": "27",
    "postal_code": "71260"
  },
  {
    "name": "Bissy-sous-Uxelles",
    "code": "71036",
    "epci_code": "247103765",
    "departement_code": "71",
    "region_code": "27",
    "postal_code": "71460"
  },
  {
    "name": "Bissy-sur-Fley",
    "code": "71037",
    "epci_code": "247104094",
    "departement_code": "71",
    "region_code": "27",
    "postal_code": "71460"
  },
  {
    "name": "Les Bizots",
    "code": "71038",
    "epci_code": "247100290",
    "departement_code": "71",
    "region_code": "27",
    "postal_code": "71710"
  },
  {
    "name": "Blanot",
    "code": "71039",
    "epci_code": "200040293",
    "departement_code": "71",
    "region_code": "27",
    "postal_code": "71250"
  },
  {
    "name": "Blanzy",
    "code": "71040",
    "epci_code": "247100290",
    "departement_code": "71",
    "region_code": "27",
    "postal_code": "71450"
  },
  {
    "name": "Bois-Sainte-Marie",
    "code": "71041",
    "epci_code": "200070548",
    "departement_code": "71",
    "region_code": "27",
    "postal_code": "71800"
  },
  {
    "name": "Bonnay-Saint-Ythaire",
    "code": "71042",
    "epci_code": "200040293",
    "departement_code": "71",
    "region_code": "27",
    "postal_code": "71460"
  },
  {
    "name": "Les Bordes",
    "code": "71043",
    "epci_code": "200040038",
    "departement_code": "71",
    "region_code": "27",
    "postal_code": "71350"
  },
  {
    "name": "Bosjean",
    "code": "71044",
    "epci_code": "200042414",
    "departement_code": "71",
    "region_code": "27",
    "postal_code": "71330"
  },
  {
    "name": "Bouhans",
    "code": "71045",
    "epci_code": "200042414",
    "departement_code": "71",
    "region_code": "27",
    "postal_code": "71330"
  },
  {
    "name": "La Boulaye",
    "code": "71046",
    "epci_code": "200070530",
    "departement_code": "71",
    "region_code": "27",
    "postal_code": "71320"
  },
  {
    "name": "Bourbon-Lancy",
    "code": "71047",
    "epci_code": "200070316",
    "departement_code": "71",
    "region_code": "27",
    "postal_code": "71140"
  },
  {
    "name": "Bourg-le-Comte",
    "code": "71048",
    "epci_code": "247100639",
    "departement_code": "71",
    "region_code": "27",
    "postal_code": "71110"
  },
  {
    "name": "Bourgvilain",
    "code": "71050",
    "epci_code": "200071645",
    "departement_code": "71",
    "region_code": "27",
    "postal_code": "71520"
  },
  {
    "name": "Bouzeron",
    "code": "71051",
    "epci_code": "247100589",
    "departement_code": "71",
    "region_code": "27",
    "postal_code": "71150"
  },
  {
    "name": "Boyer",
    "code": "71052",
    "epci_code": "247103765",
    "departement_code": "71",
    "region_code": "27",
    "postal_code": "71700"
  },
  {
    "name": "Bragny-sur-Saône",
    "code": "71054",
    "epci_code": "200040038",
    "departement_code": "71",
    "region_code": "27",
    "postal_code": "71350"
  },
  {
    "name": "Branges",
    "code": "71056",
    "epci_code": "200071579",
    "departement_code": "71",
    "region_code": "27",
    "postal_code": "71500"
  },
  {
    "name": "Bray",
    "code": "71057",
    "epci_code": "200040293",
    "departement_code": "71",
    "region_code": "27",
    "postal_code": "71250"
  },
  {
    "name": "Bresse-sur-Grosne",
    "code": "71058",
    "epci_code": "247103765",
    "departement_code": "71",
    "region_code": "27",
    "postal_code": "71460"
  },
  {
    "name": "Le Breuil",
    "code": "71059",
    "epci_code": "247100290",
    "departement_code": "71",
    "region_code": "27",
    "postal_code": "71670"
  },
  {
    "name": "Briant",
    "code": "71060",
    "epci_code": "247103864",
    "departement_code": "71",
    "region_code": "27",
    "postal_code": "71110"
  },
  {
    "name": "Brienne",
    "code": "71061",
    "epci_code": "200071538",
    "departement_code": "71",
    "region_code": "27",
    "postal_code": "71290"
  },
  {
    "name": "Brion",
    "code": "71062",
    "epci_code": "200070530",
    "departement_code": "71",
    "region_code": "27",
    "postal_code": "71190"
  },
  {
    "name": "Broye",
    "code": "71063",
    "epci_code": "200070530",
    "departement_code": "71",
    "region_code": "27",
    "postal_code": "71190"
  },
  {
    "name": "Bruailles",
    "code": "71064",
    "epci_code": "200071579",
    "departement_code": "71",
    "region_code": "27",
    "postal_code": "71500"
  },
  {
    "name": "Buffières",
    "code": "71065",
    "epci_code": "200040293",
    "departement_code": "71",
    "region_code": "27",
    "postal_code": "71250"
  },
  {
    "name": "Burgy",
    "code": "71066",
    "epci_code": "200069698",
    "departement_code": "71",
    "region_code": "27",
    "postal_code": "71260"
  },
  {
    "name": "Burnand",
    "code": "71067",
    "epci_code": "247104094",
    "departement_code": "71",
    "region_code": "27",
    "postal_code": "71460"
  },
  {
    "name": "Burzy",
    "code": "71068",
    "epci_code": "200040293",
    "departement_code": "71",
    "region_code": "27",
    "postal_code": "71460"
  },
  {
    "name": "Bussières",
    "code": "71069",
    "epci_code": "200070308",
    "departement_code": "71",
    "region_code": "27",
    "postal_code": "71960"
  },
  {
    "name": "Buxy",
    "code": "71070",
    "epci_code": "247104094",
    "departement_code": "71",
    "region_code": "27",
    "postal_code": "71390"
  },
  {
    "name": "Céron",
    "code": "71071",
    "epci_code": "247100639",
    "departement_code": "71",
    "region_code": "27",
    "postal_code": "71110"
  },
  {
    "name": "Cersot",
    "code": "71072",
    "epci_code": "247104094",
    "departement_code": "71",
    "region_code": "27",
    "postal_code": "71390"
  },
  {
    "name": "Chagny",
    "code": "71073",
    "epci_code": "200006682",
    "departement_code": "71",
    "region_code": "27",
    "postal_code": "71150"
  },
  {
    "name": "Chaintré",
    "code": "71074",
    "epci_code": "200070308",
    "departement_code": "71",
    "region_code": "27",
    "postal_code": "71570"
  },
  {
    "name": "Chalmoux",
    "code": "71075",
    "epci_code": "200070316",
    "departement_code": "71",
    "region_code": "27",
    "postal_code": "71140"
  },
  {
    "name": "Chalon-sur-Saône",
    "code": "71076",
    "epci_code": "247100589",
    "departement_code": "71",
    "region_code": "27",
    "postal_code": "71100"
  },
  {
    "name": "Chambilly",
    "code": "71077",
    "epci_code": "247100639",
    "departement_code": "71",
    "region_code": "27",
    "postal_code": "71110"
  },
  {
    "name": "Chamilly",
    "code": "71078",
    "epci_code": "247100589",
    "departement_code": "71",
    "region_code": "27",
    "postal_code": "71510"
  },
  {
    "name": "Champagnat",
    "code": "71079",
    "epci_code": "200071579",
    "departement_code": "71",
    "region_code": "27",
    "postal_code": "71480"
  },
  {
    "name": "Champagny-sous-Uxelles",
    "code": "71080",
    "epci_code": "247103765",
    "departement_code": "71",
    "region_code": "27",
    "postal_code": "71460"
  },
  {
    "name": "Champforgeuil",
    "code": "71081",
    "epci_code": "247100589",
    "departement_code": "71",
    "region_code": "27",
    "postal_code": "71530"
  },
  {
    "name": "Champlecy",
    "code": "71082",
    "epci_code": "200071884",
    "departement_code": "71",
    "region_code": "27",
    "postal_code": "71120"
  },
  {
    "name": "Chânes",
    "code": "71084",
    "epci_code": "200070308",
    "departement_code": "71",
    "region_code": "27",
    "postal_code": "71570"
  },
  {
    "name": "Change",
    "code": "71085",
    "epci_code": "200006682",
    "departement_code": "71",
    "region_code": "27",
    "postal_code": "21340"
  },
  {
    "name": "Changy",
    "code": "71086",
    "epci_code": "200071884",
    "departement_code": "71",
    "region_code": "27",
    "postal_code": "71120"
  },
  {
    "name": "Chapaize",
    "code": "71087",
    "epci_code": "247103765",
    "departement_code": "71",
    "region_code": "27",
    "postal_code": "71460"
  },
  {
    "name": "La Chapelle-au-Mans",
    "code": "71088",
    "epci_code": "200070316",
    "departement_code": "71",
    "region_code": "27",
    "postal_code": "71130"
  },
  {
    "name": "La Chapelle-de-Bragny",
    "code": "71089",
    "epci_code": "247103765",
    "departement_code": "71",
    "region_code": "27",
    "postal_code": "71240"
  },
  {
    "name": "La Chapelle-de-Guinchay",
    "code": "71090",
    "epci_code": "200070308",
    "departement_code": "71",
    "region_code": "27",
    "postal_code": "71570"
  },
  {
    "name": "La Chapelle-du-Mont-de-France",
    "code": "71091",
    "epci_code": "200071645",
    "departement_code": "71",
    "region_code": "27",
    "postal_code": "71520"
  },
  {
    "name": "La Chapelle-Naude",
    "code": "71092",
    "epci_code": "200071579",
    "departement_code": "71",
    "region_code": "27",
    "postal_code": "71500"
  },
  {
    "name": "La Chapelle-Saint-Sauveur",
    "code": "71093",
    "epci_code": "247100647",
    "departement_code": "71",
    "region_code": "27",
    "postal_code": "71310"
  },
  {
    "name": "La Chapelle-sous-Brancion",
    "code": "71094",
    "epci_code": "200069698",
    "departement_code": "71",
    "region_code": "27",
    "postal_code": "71700"
  },
  {
    "name": "La Chapelle-sous-Dun",
    "code": "71095",
    "epci_code": "200070548",
    "departement_code": "71",
    "region_code": "27",
    "postal_code": "71800"
  },
  {
    "name": "La Chapelle-sous-Uchon",
    "code": "71096",
    "epci_code": "200070530",
    "departement_code": "71",
    "region_code": "27",
    "postal_code": "71190"
  },
  {
    "name": "La Chapelle-Thècle",
    "code": "71097",
    "epci_code": "200071538",
    "departement_code": "71",
    "region_code": "27",
    "postal_code": "71470"
  },
  {
    "name": "Charbonnat",
    "code": "71098",
    "epci_code": "200070530",
    "departement_code": "71",
    "region_code": "27",
    "postal_code": "71320"
  },
  {
    "name": "Charbonnières",
    "code": "71099",
    "epci_code": "200070308",
    "departement_code": "71",
    "region_code": "27",
    "postal_code": "71260"
  },
  {
    "name": "Chardonnay",
    "code": "71100",
    "epci_code": "200069698",
    "departement_code": "71",
    "region_code": "27",
    "postal_code": "71700"
  },
  {
    "name": "Charette-Varennes",
    "code": "71101",
    "epci_code": "247100647",
    "departement_code": "71",
    "region_code": "27",
    "postal_code": "71270"
  },
  {
    "name": "La Charmée",
    "code": "71102",
    "epci_code": "247100589",
    "departement_code": "71",
    "region_code": "27",
    "postal_code": "71100"
  },
  {
    "name": "Charmoy",
    "code": "71103",
    "epci_code": "247100290",
    "departement_code": "71",
    "region_code": "27",
    "postal_code": "71710"
  },
  {
    "name": "Charnay-lès-Chalon",
    "code": "71104",
    "epci_code": "200040038",
    "departement_code": "71",
    "region_code": "27",
    "postal_code": "71350"
  },
  {
    "name": "Charnay-lès-Mâcon",
    "code": "71105",
    "epci_code": "200070308",
    "departement_code": "71",
    "region_code": "27",
    "postal_code": "71850"
  },
  {
    "name": "Charolles",
    "code": "71106",
    "epci_code": "200071884",
    "departement_code": "71",
    "region_code": "27",
    "postal_code": "71120"
  },
  {
    "name": "Charrecey",
    "code": "71107",
    "epci_code": "247100589",
    "departement_code": "71",
    "region_code": "27",
    "postal_code": "71510"
  },
  {
    "name": "Chasselas",
    "code": "71108",
    "epci_code": "200070308",
    "departement_code": "71",
    "region_code": "27",
    "postal_code": "71570"
  },
  {
    "name": "Chassey-le-Camp",
    "code": "71109",
    "epci_code": "247100589",
    "departement_code": "71",
    "region_code": "27",
    "postal_code": "71150"
  },
  {
    "name": "Chassigny-sous-Dun",
    "code": "71110",
    "epci_code": "200070548",
    "departement_code": "71",
    "region_code": "27",
    "postal_code": "71170"
  },
  {
    "name": "Chassy",
    "code": "71111",
    "epci_code": "200070316",
    "departement_code": "71",
    "region_code": "27",
    "postal_code": "71130"
  },
  {
    "name": "Château",
    "code": "71112",
    "epci_code": "200040293",
    "departement_code": "71",
    "region_code": "27",
    "postal_code": "71250"
  },
  {
    "name": "Châteauneuf",
    "code": "71113",
    "epci_code": "200070548",
    "departement_code": "71",
    "region_code": "27",
    "postal_code": "71740"
  },
  {
    "name": "Châtel-Moron",
    "code": "71115",
    "epci_code": "247104094",
    "departement_code": "71",
    "region_code": "27",
    "postal_code": "71510"
  },
  {
    "name": "Châtenay",
    "code": "71116",
    "epci_code": "200070548",
    "departement_code": "71",
    "region_code": "27",
    "postal_code": "71800"
  },
  {
    "name": "Châtenoy-en-Bresse",
    "code": "71117",
    "epci_code": "247100589",
    "departement_code": "71",
    "region_code": "27",
    "postal_code": "71380"
  },
  {
    "name": "Châtenoy-le-Royal",
    "code": "71118",
    "epci_code": "247100589",
    "departement_code": "71",
    "region_code": "27",
    "postal_code": "71880"
  },
  {
    "name": "Chaudenay",
    "code": "71119",
    "epci_code": "200006682",
    "departement_code": "71",
    "region_code": "27",
    "postal_code": "71150"
  },
  {
    "name": "Chauffailles",
    "code": "71120",
    "epci_code": "200070548",
    "departement_code": "71",
    "region_code": "27",
    "postal_code": "71170"
  },
  {
    "name": "La Chaux",
    "code": "71121",
    "epci_code": "247100647",
    "departement_code": "71",
    "region_code": "27",
    "postal_code": "71310"
  },
  {
    "name": "Cheilly-lès-Maranges",
    "code": "71122",
    "epci_code": "247100589",
    "departement_code": "71",
    "region_code": "27",
    "postal_code": "71150"
  },
  {
    "name": "Chenay-le-Châtel",
    "code": "71123",
    "epci_code": "247100639",
    "departement_code": "71",
    "region_code": "27",
    "postal_code": "71340"
  },
  {
    "name": "Chenôves",
    "code": "71124",
    "epci_code": "247104094",
    "departement_code": "71",
    "region_code": "27",
    "postal_code": "71390"
  },
  {
    "name": "Chérizet",
    "code": "71125",
    "epci_code": "200040293",
    "departement_code": "71",
    "region_code": "27",
    "postal_code": "71250"
  },
  {
    "name": "Chevagny-les-Chevrières",
    "code": "71126",
    "epci_code": "200070308",
    "departement_code": "71",
    "region_code": "27",
    "postal_code": "71960"
  },
  {
    "name": "Chevagny-sur-Guye",
    "code": "71127",
    "epci_code": "200040293",
    "departement_code": "71",
    "region_code": "27",
    "postal_code": "71220"
  },
  {
    "name": "Chiddes",
    "code": "71128",
    "epci_code": "200040293",
    "departement_code": "71",
    "region_code": "27",
    "postal_code": "71220"
  },
  {
    "name": "Chissey-en-Morvan",
    "code": "71129",
    "epci_code": "200070530",
    "departement_code": "71",
    "region_code": "27",
    "postal_code": "71540"
  },
  {
    "name": "Chissey-lès-Mâcon",
    "code": "71130",
    "epci_code": "200040293",
    "departement_code": "71",
    "region_code": "27",
    "postal_code": "71460"
  },
  {
    "name": "Ciry-le-Noble",
    "code": "71132",
    "epci_code": "247100290",
    "departement_code": "71",
    "region_code": "27",
    "postal_code": "71420"
  },
  {
    "name": "La Clayette",
    "code": "71133",
    "epci_code": "200070548",
    "departement_code": "71",
    "region_code": "27",
    "postal_code": "71800"
  },
  {
    "name": "Navour-sur-Grosne",
    "code": "71134",
    "epci_code": "200071645",
    "departement_code": "71",
    "region_code": "27",
    "postal_code": "71520"
  },
  {
    "name": "Clessé",
    "code": "71135",
    "epci_code": "200069698",
    "departement_code": "71",
    "region_code": "27",
    "postal_code": "71260"
  },
  {
    "name": "Clessy",
    "code": "71136",
    "epci_code": "200070316",
    "departement_code": "71",
    "region_code": "27",
    "postal_code": "71130"
  },
  {
    "name": "Cluny",
    "code": "71137",
    "epci_code": "200040293",
    "departement_code": "71",
    "region_code": "27",
    "postal_code": "71250"
  },
  {
    "name": "Collonge-en-Charollais",
    "code": "71139",
    "epci_code": "247104094",
    "departement_code": "71",
    "region_code": "27",
    "postal_code": "71460"
  },
  {
    "name": "Collonge-la-Madeleine",
    "code": "71140",
    "epci_code": "200070530",
    "departement_code": "71",
    "region_code": "27",
    "postal_code": "71360"
  },
  {
    "name": "Colombier-en-Brionnais",
    "code": "71141",
    "epci_code": "200070548",
    "departement_code": "71",
    "region_code": "27",
    "postal_code": "71800"
  },
  {
    "name": "La Comelle",
    "code": "71142",
    "epci_code": "200070530",
    "departement_code": "71",
    "region_code": "27",
    "postal_code": "71990"
  },
  {
    "name": "Condal",
    "code": "71143",
    "epci_code": "200071579",
    "departement_code": "71",
    "region_code": "27",
    "postal_code": "71480"
  },
  {
    "name": "Cordesse",
    "code": "71144",
    "epci_code": "200070530",
    "departement_code": "71",
    "region_code": "27",
    "postal_code": "71540"
  },
  {
    "name": "Cormatin",
    "code": "71145",
    "epci_code": "247103765",
    "departement_code": "71",
    "region_code": "27",
    "postal_code": "71460"
  },
  {
    "name": "Cortambert",
    "code": "71146",
    "epci_code": "200040293",
    "departement_code": "71",
    "region_code": "27",
    "postal_code": "71250"
  },
  {
    "name": "Cortevaix",
    "code": "71147",
    "epci_code": "200040293",
    "departement_code": "71",
    "region_code": "27",
    "postal_code": "71460"
  },
  {
    "name": "Coublanc",
    "code": "71148",
    "epci_code": "200070548",
    "departement_code": "71",
    "region_code": "27",
    "postal_code": "71170"
  },
  {
    "name": "Couches",
    "code": "71149",
    "epci_code": "200070530",
    "departement_code": "71",
    "region_code": "27",
    "postal_code": "71490"
  },
  {
    "name": "Crêches-sur-Saône",
    "code": "71150",
    "epci_code": "200070308",
    "departement_code": "71",
    "region_code": "27",
    "postal_code": "71680"
  },
  {
    "name": "Créot",
    "code": "71151",
    "epci_code": "200070530",
    "departement_code": "71",
    "region_code": "27",
    "postal_code": "71490"
  },
  {
    "name": "Cressy-sur-Somme",
    "code": "71152",
    "epci_code": "200070316",
    "departement_code": "71",
    "region_code": "27",
    "postal_code": "71760"
  },
  {
    "name": "Le Creusot",
    "code": "71153",
    "epci_code": "247100290",
    "departement_code": "71",
    "region_code": "27",
    "postal_code": "71200"
  },
  {
    "name": "Crissey",
    "code": "71154",
    "epci_code": "247100589",
    "departement_code": "71",
    "region_code": "27",
    "postal_code": "71530"
  },
  {
    "name": "Cronat",
    "code": "71155",
    "epci_code": "200070316",
    "departement_code": "71",
    "region_code": "27",
    "postal_code": "71140"
  },
  {
    "name": "Cruzille",
    "code": "71156",
    "epci_code": "200069698",
    "departement_code": "71",
    "region_code": "27",
    "postal_code": "71260"
  },
  {
    "name": "Cuiseaux",
    "code": "71157",
    "epci_code": "200071579",
    "departement_code": "71",
    "region_code": "27",
    "postal_code": "71480"
  },
  {
    "name": "Cuisery",
    "code": "71158",
    "epci_code": "200071538",
    "departement_code": "71",
    "region_code": "27",
    "postal_code": "71290"
  },
  {
    "name": "Culles-les-Roches",
    "code": "71159",
    "epci_code": "247104094",
    "departement_code": "71",
    "region_code": "27",
    "postal_code": "71460"
  },
  {
    "name": "Curbigny",
    "code": "71160",
    "epci_code": "200070548",
    "departement_code": "71",
    "region_code": "27",
    "postal_code": "71800"
  },
  {
    "name": "Curdin",
    "code": "71161",
    "epci_code": "200070316",
    "departement_code": "71",
    "region_code": "27",
    "postal_code": "71130"
  },
  {
    "name": "Curgy",
    "code": "71162",
    "epci_code": "200070530",
    "departement_code": "71",
    "region_code": "27",
    "postal_code": "71400"
  },
  {
    "name": "Curtil-sous-Buffières",
    "code": "71163",
    "epci_code": "200040293",
    "departement_code": "71",
    "region_code": "27",
    "postal_code": "71520"
  },
  {
    "name": "Curtil-sous-Burnand",
    "code": "71164",
    "epci_code": "247103765",
    "departement_code": "71",
    "region_code": "27",
    "postal_code": "71460"
  },
  {
    "name": "Cussy-en-Morvan",
    "code": "71165",
    "epci_code": "200070530",
    "departement_code": "71",
    "region_code": "27",
    "postal_code": "71550"
  },
  {
    "name": "Cuzy",
    "code": "71166",
    "epci_code": "200070316",
    "departement_code": "71",
    "region_code": "27",
    "postal_code": "71320"
  },
  {
    "name": "Damerey",
    "code": "71167",
    "epci_code": "200040038",
    "departement_code": "71",
    "region_code": "27",
    "postal_code": "71620"
  },
  {
    "name": "Dampierre-en-Bresse",
    "code": "71168",
    "epci_code": "247100647",
    "departement_code": "71",
    "region_code": "27",
    "postal_code": "71310"
  },
  {
    "name": "Davayé",
    "code": "71169",
    "epci_code": "200070308",
    "departement_code": "71",
    "region_code": "27",
    "postal_code": "71960"
  },
  {
    "name": "Demigny",
    "code": "71170",
    "epci_code": "247100589",
    "departement_code": "71",
    "region_code": "27",
    "postal_code": "71150"
  },
  {
    "name": "Dennevy",
    "code": "71171",
    "epci_code": "247100589",
    "departement_code": "71",
    "region_code": "27",
    "postal_code": "71510"
  },
  {
    "name": "Dettey",
    "code": "71172",
    "epci_code": "200070530",
    "departement_code": "71",
    "region_code": "27",
    "postal_code": "71190"
  },
  {
    "name": "Devrouze",
    "code": "71173",
    "epci_code": "200042414",
    "departement_code": "71",
    "region_code": "27",
    "postal_code": "71330"
  },
  {
    "name": "Dezize-lès-Maranges",
    "code": "71174",
    "epci_code": "200006682",
    "departement_code": "71",
    "region_code": "27",
    "postal_code": "71150"
  },
  {
    "name": "Diconne",
    "code": "71175",
    "epci_code": "200042414",
    "departement_code": "71",
    "region_code": "27",
    "postal_code": "71330"
  },
  {
    "name": "Digoin",
    "code": "71176",
    "epci_code": "200071884",
    "departement_code": "71",
    "region_code": "27",
    "postal_code": "71160"
  },
  {
    "name": "Dommartin-lès-Cuiseaux",
    "code": "71177",
    "epci_code": "200071579",
    "departement_code": "71",
    "region_code": "27",
    "postal_code": "71480"
  },
  {
    "name": "Dompierre-les-Ormes",
    "code": "71178",
    "epci_code": "200071645",
    "departement_code": "71",
    "region_code": "27",
    "postal_code": "71520"
  },
  {
    "name": "Dompierre-sous-Sanvignes",
    "code": "71179",
    "epci_code": "200070316",
    "departement_code": "71",
    "region_code": "27",
    "postal_code": "71420"
  },
  {
    "name": "Donzy-le-Pertuis",
    "code": "71181",
    "epci_code": "200040293",
    "departement_code": "71",
    "region_code": "27",
    "postal_code": "71250"
  },
  {
    "name": "Dracy-le-Fort",
    "code": "71182",
    "epci_code": "247100589",
    "departement_code": "71",
    "region_code": "27",
    "postal_code": "71640"
  },
  {
    "name": "Dracy-lès-Couches",
    "code": "71183",
    "epci_code": "200070530",
    "departement_code": "71",
    "region_code": "27",
    "postal_code": "71490"
  },
  {
    "name": "Dracy-Saint-Loup",
    "code": "71184",
    "epci_code": "200070530",
    "departement_code": "71",
    "region_code": "27",
    "postal_code": "71400"
  },
  {
    "name": "Dyo",
    "code": "71185",
    "epci_code": "200070548",
    "departement_code": "71",
    "region_code": "27",
    "postal_code": "71800"
  },
  {
    "name": "Écuelles",
    "code": "71186",
    "epci_code": "200040038",
    "departement_code": "71",
    "region_code": "27",
    "postal_code": "71350"
  },
  {
    "name": "Écuisses",
    "code": "71187",
    "epci_code": "247100290",
    "departement_code": "71",
    "region_code": "27",
    "postal_code": "71210"
  },
  {
    "name": "Épertully",
    "code": "71188",
    "epci_code": "200070530",
    "departement_code": "71",
    "region_code": "27",
    "postal_code": "71360"
  },
  {
    "name": "Épervans",
    "code": "71189",
    "epci_code": "247100589",
    "departement_code": "71",
    "region_code": "27",
    "postal_code": "71380"
  },
  {
    "name": "Épinac",
    "code": "71190",
    "epci_code": "200070530",
    "departement_code": "71",
    "region_code": "27",
    "postal_code": "71360"
  },
  {
    "name": "Essertenne",
    "code": "71191",
    "epci_code": "247100290",
    "departement_code": "71",
    "region_code": "27",
    "postal_code": "71510"
  },
  {
    "name": "Étang-sur-Arroux",
    "code": "71192",
    "epci_code": "200070530",
    "departement_code": "71",
    "region_code": "27",
    "postal_code": "71190"
  },
  {
    "name": "Étrigny",
    "code": "71193",
    "epci_code": "247103765",
    "departement_code": "71",
    "region_code": "27",
    "postal_code": "71240"
  },
  {
    "name": "Farges-lès-Chalon",
    "code": "71194",
    "epci_code": "247100589",
    "departement_code": "71",
    "region_code": "27",
    "postal_code": "71150"
  },
  {
    "name": "Farges-lès-Mâcon",
    "code": "71195",
    "epci_code": "200069698",
    "departement_code": "71",
    "region_code": "27",
    "postal_code": "71700"
  },
  {
    "name": "Le Fay",
    "code": "71196",
    "epci_code": "200071579",
    "departement_code": "71",
    "region_code": "27",
    "postal_code": "71580"
  },
  {
    "name": "Flacey-en-Bresse",
    "code": "71198",
    "epci_code": "200071579",
    "departement_code": "71",
    "region_code": "27",
    "postal_code": "71580"
  },
  {
    "name": "Flagy",
    "code": "71199",
    "epci_code": "200040293",
    "departement_code": "71",
    "region_code": "27",
    "postal_code": "71250"
  },
  {
    "name": "Fleury-la-Montagne",
    "code": "71200",
    "epci_code": "247103864",
    "departement_code": "71",
    "region_code": "27",
    "postal_code": "71340"
  },
  {
    "name": "Fley",
    "code": "71201",
    "epci_code": "247104094",
    "departement_code": "71",
    "region_code": "27",
    "postal_code": "71390"
  },
  {
    "name": "Fontaines",
    "code": "71202",
    "epci_code": "247100589",
    "departement_code": "71",
    "region_code": "27",
    "postal_code": "71150"
  },
  {
    "name": "Fontenay",
    "code": "71203",
    "epci_code": "200071884",
    "departement_code": "71",
    "region_code": "27",
    "postal_code": "71120"
  },
  {
    "name": "Fragnes-La Loyère",
    "code": "71204",
    "epci_code": "247100589",
    "departement_code": "71",
    "region_code": "27",
    "postal_code": "71530"
  },
  {
    "name": "Frangy-en-Bresse",
    "code": "71205",
    "epci_code": "200042414",
    "departement_code": "71",
    "region_code": "27",
    "postal_code": "71330"
  },
  {
    "name": "La Frette",
    "code": "71206",
    "epci_code": "200071538",
    "departement_code": "71",
    "region_code": "27",
    "postal_code": "71440"
  },
  {
    "name": "Fretterans",
    "code": "71207",
    "epci_code": "247100647",
    "departement_code": "71",
    "region_code": "27",
    "postal_code": "71270"
  },
  {
    "name": "Frontenard",
    "code": "71208",
    "epci_code": "247100647",
    "departement_code": "71",
    "region_code": "27",
    "postal_code": "71270"
  },
  {
    "name": "Frontenaud",
    "code": "71209",
    "epci_code": "200071579",
    "departement_code": "71",
    "region_code": "27",
    "postal_code": "71580"
  },
  {
    "name": "Fuissé",
    "code": "71210",
    "epci_code": "200070308",
    "departement_code": "71",
    "region_code": "27",
    "postal_code": "71960"
  },
  {
    "name": "Génelard",
    "code": "71212",
    "epci_code": "247100290",
    "departement_code": "71",
    "region_code": "27",
    "postal_code": "71420"
  },
  {
    "name": "La Genête",
    "code": "71213",
    "epci_code": "200071538",
    "departement_code": "71",
    "region_code": "27",
    "postal_code": "71290"
  },
  {
    "name": "Genouilly",
    "code": "71214",
    "epci_code": "247104094",
    "departement_code": "71",
    "region_code": "27",
    "postal_code": "71460"
  },
  {
    "name": "Gergy",
    "code": "71215",
    "epci_code": "247100589",
    "departement_code": "71",
    "region_code": "27",
    "postal_code": "71590"
  },
  {
    "name": "Germagny",
    "code": "71216",
    "epci_code": "247104094",
    "departement_code": "71",
    "region_code": "27",
    "postal_code": "71460"
  },
  {
    "name": "Germolles-sur-Grosne",
    "code": "71217",
    "epci_code": "200071645",
    "departement_code": "71",
    "region_code": "27",
    "postal_code": "71520"
  },
  {
    "name": "Gibles",
    "code": "71218",
    "epci_code": "200070548",
    "departement_code": "71",
    "region_code": "27",
    "postal_code": "71800"
  },
  {
    "name": "Gigny-sur-Saône",
    "code": "71219",
    "epci_code": "247103765",
    "departement_code": "71",
    "region_code": "27",
    "postal_code": "71240"
  },
  {
    "name": "Gilly-sur-Loire",
    "code": "71220",
    "epci_code": "200070316",
    "departement_code": "71",
    "region_code": "27",
    "postal_code": "71160"
  },
  {
    "name": "Givry",
    "code": "71221",
    "epci_code": "247100589",
    "departement_code": "71",
    "region_code": "27",
    "postal_code": "71640"
  },
  {
    "name": "Gourdon",
    "code": "71222",
    "epci_code": "247100290",
    "departement_code": "71",
    "region_code": "27",
    "postal_code": "71300"
  },
  {
    "name": "La Grande-Verrière",
    "code": "71223",
    "epci_code": "200070530",
    "departement_code": "71",
    "region_code": "27",
    "postal_code": "71990"
  },
  {
    "name": "Grandvaux",
    "code": "71224",
    "epci_code": "200071884",
    "departement_code": "71",
    "region_code": "27",
    "postal_code": "71430"
  },
  {
    "name": "Granges",
    "code": "71225",
    "epci_code": "247104094",
    "departement_code": "71",
    "region_code": "27",
    "postal_code": "71390"
  },
  {
    "name": "Grevilly",
    "code": "71226",
    "epci_code": "200069698",
    "departement_code": "71",
    "region_code": "27",
    "postal_code": "71700"
  },
  {
    "name": "Grury",
    "code": "71227",
    "epci_code": "200070316",
    "departement_code": "71",
    "region_code": "27",
    "postal_code": "71760"
  },
  {
    "name": "Guerfand",
    "code": "71228",
    "epci_code": "200040038",
    "departement_code": "71",
    "region_code": "27",
    "postal_code": "71620"
  },
  {
    "name": "Les Guerreaux",
    "code": "71229",
    "epci_code": "200071884",
    "departement_code": "71",
    "region_code": "27",
    "postal_code": "71160"
  },
  {
    "name": "Gueugnon",
    "code": "71230",
    "epci_code": "200070316",
    "departement_code": "71",
    "region_code": "27",
    "postal_code": "71130"
  },
  {
    "name": "La Guiche",
    "code": "71231",
    "epci_code": "200040293",
    "departement_code": "71",
    "region_code": "27",
    "postal_code": "71220"
  },
  {
    "name": "Hautefond",
    "code": "71232",
    "epci_code": "200071884",
    "departement_code": "71",
    "region_code": "27",
    "postal_code": "71600"
  },
  {
    "name": "L’Hôpital-le-Mercier",
    "code": "71233",
    "epci_code": "200071884",
    "departement_code": "71",
    "region_code": "27",
    "postal_code": "71600"
  },
  {
    "name": "Huilly-sur-Seille",
    "code": "71234",
    "epci_code": "200071538",
    "departement_code": "71",
    "region_code": "27",
    "postal_code": "71290"
  },
  {
    "name": "Hurigny",
    "code": "71235",
    "epci_code": "200070308",
    "departement_code": "71",
    "region_code": "27",
    "postal_code": "71870"
  },
  {
    "name": "Igé",
    "code": "71236",
    "epci_code": "200070308",
    "departement_code": "71",
    "region_code": "27",
    "postal_code": "71960"
  },
  {
    "name": "Igornay",
    "code": "71237",
    "epci_code": "200070530",
    "departement_code": "71",
    "region_code": "27",
    "postal_code": "71540"
  },
  {
    "name": "Iguerande",
    "code": "71238",
    "epci_code": "247103864",
    "departement_code": "71",
    "region_code": "27",
    "postal_code": "71340"
  },
  {
    "name": "Issy-l’Évêque",
    "code": "71239",
    "epci_code": "200070316",
    "departement_code": "71",
    "region_code": "27",
    "postal_code": "71760"
  },
  {
    "name": "Jalogny",
    "code": "71240",
    "epci_code": "200040293",
    "departement_code": "71",
    "region_code": "27",
    "postal_code": "71250"
  },
  {
    "name": "Jambles",
    "code": "71241",
    "epci_code": "247100589",
    "departement_code": "71",
    "region_code": "27",
    "postal_code": "71640"
  },
  {
    "name": "Joncy",
    "code": "71242",
    "epci_code": "200040293",
    "departement_code": "71",
    "region_code": "27",
    "postal_code": "71460"
  },
  {
    "name": "Joudes",
    "code": "71243",
    "epci_code": "200071579",
    "departement_code": "71",
    "region_code": "27",
    "postal_code": "71480"
  },
  {
    "name": "Jouvençon",
    "code": "71244",
    "epci_code": "200071538",
    "departement_code": "71",
    "region_code": "27",
    "postal_code": "71290"
  },
  {
    "name": "Jugy",
    "code": "71245",
    "epci_code": "247103765",
    "departement_code": "71",
    "region_code": "27",
    "postal_code": "71240"
  },
  {
    "name": "Juif",
    "code": "71246",
    "epci_code": "200071579",
    "departement_code": "71",
    "region_code": "27",
    "postal_code": "71440"
  },
  {
    "name": "Jully-lès-Buxy",
    "code": "71247",
    "epci_code": "247104094",
    "departement_code": "71",
    "region_code": "27",
    "postal_code": "71390"
  },
  {
    "name": "Lacrost",
    "code": "71248",
    "epci_code": "200069698",
    "departement_code": "71",
    "region_code": "27",
    "postal_code": "71700"
  },
  {
    "name": "Laives",
    "code": "71249",
    "epci_code": "247103765",
    "departement_code": "71",
    "region_code": "27",
    "postal_code": "71240"
  },
  {
    "name": "Laizé",
    "code": "71250",
    "epci_code": "200070308",
    "departement_code": "71",
    "region_code": "27",
    "postal_code": "71870"
  },
  {
    "name": "Laizy",
    "code": "71251",
    "epci_code": "200070530",
    "departement_code": "71",
    "region_code": "27",
    "postal_code": "71190"
  },
  {
    "name": "Lalheue",
    "code": "71252",
    "epci_code": "247103765",
    "departement_code": "71",
    "region_code": "27",
    "postal_code": "71240"
  },
  {
    "name": "Lans",
    "code": "71253",
    "epci_code": "247100589",
    "departement_code": "71",
    "region_code": "27",
    "postal_code": "71380"
  },
  {
    "name": "Lays-sur-le-Doubs",
    "code": "71254",
    "epci_code": "247100647",
    "departement_code": "71",
    "region_code": "27",
    "postal_code": "71270"
  },
  {
    "name": "Lesme",
    "code": "71255",
    "epci_code": "200070316",
    "departement_code": "71",
    "region_code": "27",
    "postal_code": "71140"
  },
  {
    "name": "Lessard-en-Bresse",
    "code": "71256",
    "epci_code": "200071538",
    "departement_code": "71",
    "region_code": "27",
    "postal_code": "71440"
  },
  {
    "name": "Lessard-le-National",
    "code": "71257",
    "epci_code": "247100589",
    "departement_code": "71",
    "region_code": "27",
    "postal_code": "71530"
  },
  {
    "name": "Leynes",
    "code": "71258",
    "epci_code": "200070308",
    "departement_code": "71",
    "region_code": "27",
    "postal_code": "71570"
  },
  {
    "name": "Ligny-en-Brionnais",
    "code": "71259",
    "epci_code": "247103864",
    "departement_code": "71",
    "region_code": "27",
    "postal_code": "71110"
  },
  {
    "name": "Loisy",
    "code": "71261",
    "epci_code": "200071538",
    "departement_code": "71",
    "region_code": "27",
    "postal_code": "71290"
  },
  {
    "name": "Longepierre",
    "code": "71262",
    "epci_code": "200040038",
    "departement_code": "71",
    "region_code": "27",
    "postal_code": "71270"
  },
  {
    "name": "Louhans",
    "code": "71263",
    "epci_code": "200071579",
    "departement_code": "71",
    "region_code": "27",
    "postal_code": "71500"
  },
  {
    "name": "Lournand",
    "code": "71264",
    "epci_code": "200040293",
    "departement_code": "71",
    "region_code": "27",
    "postal_code": "71250"
  },
  {
    "name": "Lucenay-l’Évêque",
    "code": "71266",
    "epci_code": "200070530",
    "departement_code": "71",
    "region_code": "27",
    "postal_code": "71540"
  },
  {
    "name": "Lugny",
    "code": "71267",
    "epci_code": "200069698",
    "departement_code": "71",
    "region_code": "27",
    "postal_code": "71260"
  },
  {
    "name": "Lugny-lès-Charolles",
    "code": "71268",
    "epci_code": "200071884",
    "departement_code": "71",
    "region_code": "27",
    "postal_code": "71120"
  },
  {
    "name": "Lux",
    "code": "71269",
    "epci_code": "247100589",
    "departement_code": "71",
    "region_code": "27",
    "postal_code": "71100"
  },
  {
    "name": "Mâcon",
    "code": "71270",
    "epci_code": "200070308",
    "departement_code": "71",
    "region_code": "27",
    "postal_code": "71000"
  },
  {
    "name": "Mailly",
    "code": "71271",
    "epci_code": "247103864",
    "departement_code": "71",
    "region_code": "27",
    "postal_code": "71340"
  },
  {
    "name": "Malay",
    "code": "71272",
    "epci_code": "247103765",
    "departement_code": "71",
    "region_code": "27",
    "postal_code": "71460"
  },
  {
    "name": "Maltat",
    "code": "71273",
    "epci_code": "200070316",
    "departement_code": "71",
    "region_code": "27",
    "postal_code": "71140"
  },
  {
    "name": "Mancey",
    "code": "71274",
    "epci_code": "247103765",
    "departement_code": "71",
    "region_code": "27",
    "postal_code": "71240"
  },
  {
    "name": "Marcigny",
    "code": "71275",
    "epci_code": "247100639",
    "departement_code": "71",
    "region_code": "27",
    "postal_code": "71110"
  },
  {
    "name": "Marcilly-la-Gueurce",
    "code": "71276",
    "epci_code": "200071884",
    "departement_code": "71",
    "region_code": "27",
    "postal_code": "71120"
  },
  {
    "name": "Marcilly-lès-Buxy",
    "code": "71277",
    "epci_code": "247104094",
    "departement_code": "71",
    "region_code": "27",
    "postal_code": "71390"
  },
  {
    "name": "Marigny",
    "code": "71278",
    "epci_code": "247100290",
    "departement_code": "71",
    "region_code": "27",
    "postal_code": "71300"
  },
  {
    "name": "Le Rousset-Marizy",
    "code": "71279",
    "epci_code": "200071884",
    "departement_code": "71",
    "region_code": "27",
    "postal_code": "71220"
  },
  {
    "name": "Marly-sous-Issy",
    "code": "71280",
    "epci_code": "200070316",
    "departement_code": "71",
    "region_code": "27",
    "postal_code": "71760"
  },
  {
    "name": "Marly-sur-Arroux",
    "code": "71281",
    "epci_code": "200070316",
    "departement_code": "71",
    "region_code": "27",
    "postal_code": "71420"
  },
  {
    "name": "Marmagne",
    "code": "71282",
    "epci_code": "247100290",
    "departement_code": "71",
    "region_code": "27",
    "postal_code": "71710"
  },
  {
    "name": "Marnay",
    "code": "71283",
    "epci_code": "247100589",
    "departement_code": "71",
    "region_code": "27",
    "postal_code": "71240"
  },
  {
    "name": "Martailly-lès-Brancion",
    "code": "71284",
    "epci_code": "200069698",
    "departement_code": "71",
    "region_code": "27",
    "postal_code": "71700"
  },
  {
    "name": "Martigny-le-Comte",
    "code": "71285",
    "epci_code": "200071884",
    "departement_code": "71",
    "region_code": "27",
    "postal_code": "71220"
  },
  {
    "name": "Mary",
    "code": "71286",
    "epci_code": "247100290",
    "departement_code": "71",
    "region_code": "27",
    "postal_code": "71300"
  },
  {
    "name": "Massilly",
    "code": "71287",
    "epci_code": "200040293",
    "departement_code": "71",
    "region_code": "27",
    "postal_code": "71250"
  },
  {
    "name": "Matour",
    "code": "71289",
    "epci_code": "200071645",
    "departement_code": "71",
    "region_code": "27",
    "postal_code": "71520"
  },
  {
    "name": "Mazille",
    "code": "71290",
    "epci_code": "200040293",
    "departement_code": "71",
    "region_code": "27",
    "postal_code": "71250"
  },
  {
    "name": "Melay",
    "code": "71291",
    "epci_code": "247100639",
    "departement_code": "71",
    "region_code": "27",
    "postal_code": "71340"
  },
  {
    "name": "Mellecey",
    "code": "71292",
    "epci_code": "247100589",
    "departement_code": "71",
    "region_code": "27",
    "postal_code": "71640"
  },
  {
    "name": "Ménetreuil",
    "code": "71293",
    "epci_code": "200071538",
    "departement_code": "71",
    "region_code": "27",
    "postal_code": "71470"
  },
  {
    "name": "Mercurey",
    "code": "71294",
    "epci_code": "247100589",
    "departement_code": "71",
    "region_code": "27",
    "postal_code": "71640"
  },
  {
    "name": "Mervans",
    "code": "71295",
    "epci_code": "200042414",
    "departement_code": "71",
    "region_code": "27",
    "postal_code": "71310"
  },
  {
    "name": "Messey-sur-Grosne",
    "code": "71296",
    "epci_code": "247104094",
    "departement_code": "71",
    "region_code": "27",
    "postal_code": "71390"
  },
  {
    "name": "Mesvres",
    "code": "71297",
    "epci_code": "200070530",
    "departement_code": "71",
    "region_code": "27",
    "postal_code": "71190"
  },
  {
    "name": "Milly-Lamartine",
    "code": "71299",
    "epci_code": "200070308",
    "departement_code": "71",
    "region_code": "27",
    "postal_code": "71960"
  },
  {
    "name": "Le Miroir",
    "code": "71300",
    "epci_code": "200071579",
    "departement_code": "71",
    "region_code": "27",
    "postal_code": "71480"
  },
  {
    "name": "Mont",
    "code": "71301",
    "epci_code": "200070316",
    "departement_code": "71",
    "region_code": "27",
    "postal_code": "71140"
  },
  {
    "name": "Montagny-lès-Buxy",
    "code": "71302",
    "epci_code": "247104094",
    "departement_code": "71",
    "region_code": "27",
    "postal_code": "71390"
  },
  {
    "name": "Montagny-près-Louhans",
    "code": "71303",
    "epci_code": "200071579",
    "departement_code": "71",
    "region_code": "27",
    "postal_code": "71500"
  },
  {
    "name": "Montbellet",
    "code": "71305",
    "epci_code": "200069698",
    "departement_code": "71",
    "region_code": "27",
    "postal_code": "71260"
  },
  {
    "name": "Montceau-les-Mines",
    "code": "71306",
    "epci_code": "247100290",
    "departement_code": "71",
    "region_code": "27",
    "postal_code": "71300"
  },
  {
    "name": "Montceaux-lՃtoile",
    "code": "71307",
    "epci_code": "247100639",
    "departement_code": "71",
    "region_code": "27",
    "postal_code": "71110"
  },
  {
    "name": "Montceaux-Ragny",
    "code": "71308",
    "epci_code": "247103765",
    "departement_code": "71",
    "region_code": "27",
    "postal_code": "71240"
  },
  {
    "name": "Montcenis",
    "code": "71309",
    "epci_code": "247100290",
    "departement_code": "71",
    "region_code": "27",
    "postal_code": "71710"
  },
  {
    "name": "Montchanin",
    "code": "71310",
    "epci_code": "247100290",
    "departement_code": "71",
    "region_code": "27",
    "postal_code": "71210"
  },
  {
    "name": "Montcony",
    "code": "71311",
    "epci_code": "200071579",
    "departement_code": "71",
    "region_code": "27",
    "postal_code": "71500"
  },
  {
    "name": "Montcoy",
    "code": "71312",
    "epci_code": "200040038",
    "departement_code": "71",
    "region_code": "27",
    "postal_code": "71620"
  },
  {
    "name": "Monthelon",
    "code": "71313",
    "epci_code": "200070530",
    "departement_code": "71",
    "region_code": "27",
    "postal_code": "71400"
  },
  {
    "name": "Montjay",
    "code": "71314",
    "epci_code": "200042414",
    "departement_code": "71",
    "region_code": "27",
    "postal_code": "71310"
  },
  {
    "name": "Mont-lès-Seurre",
    "code": "71315",
    "epci_code": "200040038",
    "departement_code": "71",
    "region_code": "27",
    "postal_code": "71270"
  },
  {
    "name": "Montmelard",
    "code": "71316",
    "epci_code": "200071645",
    "departement_code": "71",
    "region_code": "27",
    "postal_code": "71520"
  },
  {
    "name": "Montmort",
    "code": "71317",
    "epci_code": "200070316",
    "departement_code": "71",
    "region_code": "27",
    "postal_code": "71320"
  },
  {
    "name": "Montpont-en-Bresse",
    "code": "71318",
    "epci_code": "200071538",
    "departement_code": "71",
    "region_code": "27",
    "postal_code": "71470"
  },
  {
    "name": "Montret",
    "code": "71319",
    "epci_code": "200071579",
    "departement_code": "71",
    "region_code": "27",
    "postal_code": "71440"
  },
  {
    "name": "Mont-Saint-Vincent",
    "code": "71320",
    "epci_code": "247100290",
    "departement_code": "71",
    "region_code": "27",
    "postal_code": "71300"
  },
  {
    "name": "Morey",
    "code": "71321",
    "epci_code": "247100290",
    "departement_code": "71",
    "region_code": "27",
    "postal_code": "71510"
  },
  {
    "name": "Morlet",
    "code": "71322",
    "epci_code": "200070530",
    "departement_code": "71",
    "region_code": "27",
    "postal_code": "71360"
  },
  {
    "name": "Mornay",
    "code": "71323",
    "epci_code": "200071884",
    "departement_code": "71",
    "region_code": "27",
    "postal_code": "71220"
  },
  {
    "name": "Moroges",
    "code": "71324",
    "epci_code": "247104094",
    "departement_code": "71",
    "region_code": "27",
    "postal_code": "71390"
  },
  {
    "name": "La Motte-Saint-Jean",
    "code": "71325",
    "epci_code": "200071884",
    "departement_code": "71",
    "region_code": "27",
    "postal_code": "71160"
  },
  {
    "name": "Mouthier-en-Bresse",
    "code": "71326",
    "epci_code": "247100647",
    "departement_code": "71",
    "region_code": "27",
    "postal_code": "71270"
  },
  {
    "name": "Mussy-sous-Dun",
    "code": "71327",
    "epci_code": "200070548",
    "departement_code": "71",
    "region_code": "27",
    "postal_code": "71170"
  },
  {
    "name": "Nanton",
    "code": "71328",
    "epci_code": "247103765",
    "departement_code": "71",
    "region_code": "27",
    "postal_code": "71240"
  },
  {
    "name": "Navilly",
    "code": "71329",
    "epci_code": "200040038",
    "departement_code": "71",
    "region_code": "27",
    "postal_code": "71270"
  },
  {
    "name": "Neuvy-Grandchamp",
    "code": "71330",
    "epci_code": "200070316",
    "departement_code": "71",
    "region_code": "27",
    "postal_code": "71130"
  },
  {
    "name": "Nochize",
    "code": "71331",
    "epci_code": "200071884",
    "departement_code": "71",
    "region_code": "27",
    "postal_code": "71600"
  },
  {
    "name": "Ormes",
    "code": "71332",
    "epci_code": "200071538",
    "departement_code": "71",
    "region_code": "27",
    "postal_code": "71290"
  },
  {
    "name": "Oslon",
    "code": "71333",
    "epci_code": "247100589",
    "departement_code": "71",
    "region_code": "27",
    "postal_code": "71380"
  },
  {
    "name": "Oudry",
    "code": "71334",
    "epci_code": "200071884",
    "departement_code": "71",
    "region_code": "27",
    "postal_code": "71420"
  },
  {
    "name": "Ouroux-sous-le-Bois-Sainte-Marie",
    "code": "71335",
    "epci_code": "200070548",
    "departement_code": "71",
    "region_code": "27",
    "postal_code": "71800"
  },
  {
    "name": "Ouroux-sur-Saône",
    "code": "71336",
    "epci_code": "200071538",
    "departement_code": "71",
    "region_code": "27",
    "postal_code": "71370"
  },
  {
    "name": "Oyé",
    "code": "71337",
    "epci_code": "247103864",
    "departement_code": "71",
    "region_code": "27",
    "postal_code": "71800"
  },
  {
    "name": "Ozenay",
    "code": "71338",
    "epci_code": "200069698",
    "departement_code": "71",
    "region_code": "27",
    "postal_code": "71700"
  },
  {
    "name": "Ozolles",
    "code": "71339",
    "epci_code": "200071884",
    "departement_code": "71",
    "region_code": "27",
    "postal_code": "71120"
  },
  {
    "name": "Palinges",
    "code": "71340",
    "epci_code": "200071884",
    "departement_code": "71",
    "region_code": "27",
    "postal_code": "71430"
  },
  {
    "name": "Palleau",
    "code": "71341",
    "epci_code": "200040038",
    "departement_code": "71",
    "region_code": "27",
    "postal_code": "71350"
  },
  {
    "name": "Paray-le-Monial",
    "code": "71342",
    "epci_code": "200071884",
    "departement_code": "71",
    "region_code": "27",
    "postal_code": "71600"
  },
  {
    "name": "Paris-l’Hôpital",
    "code": "71343",
    "epci_code": "200006682",
    "departement_code": "71",
    "region_code": "27",
    "postal_code": "71150"
  },
  {
    "name": "Passy",
    "code": "71344",
    "epci_code": "200040293",
    "departement_code": "71",
    "region_code": "27",
    "postal_code": "71220"
  },
  {
    "name": "Péronne",
    "code": "71345",
    "epci_code": "200070308",
    "departement_code": "71",
    "region_code": "27",
    "postal_code": "71260"
  },
  {
    "name": "Perrecy-les-Forges",
    "code": "71346",
    "epci_code": "247100290",
    "departement_code": "71",
    "region_code": "27",
    "postal_code": "71420"
  },
  {
    "name": "Perreuil",
    "code": "71347",
    "epci_code": "247100290",
    "departement_code": "71",
    "region_code": "27",
    "postal_code": "71510"
  },
  {
    "name": "Perrigny-sur-Loire",
    "code": "71348",
    "epci_code": "200070316",
    "departement_code": "71",
    "region_code": "27",
    "postal_code": "71160"
  },
  {
    "name": "La Petite-Verrière",
    "code": "71349",
    "epci_code": "200070530",
    "departement_code": "71",
    "region_code": "27",
    "postal_code": "71400"
  },
  {
    "name": "Pierreclos",
    "code": "71350",
    "epci_code": "200071645",
    "departement_code": "71",
    "region_code": "27",
    "postal_code": "71960"
  },
  {
    "name": "Pierre-de-Bresse",
    "code": "71351",
    "epci_code": "247100647",
    "departement_code": "71",
    "region_code": "27",
    "postal_code": "71270"
  },
  {
    "name": "Le Planois",
    "code": "71352",
    "epci_code": "200042414",
    "departement_code": "71",
    "region_code": "27",
    "postal_code": "71330"
  },
  {
    "name": "Plottes",
    "code": "71353",
    "epci_code": "200069698",
    "departement_code": "71",
    "region_code": "27",
    "postal_code": "71700"
  },
  {
    "name": "Poisson",
    "code": "71354",
    "epci_code": "200071884",
    "departement_code": "71",
    "region_code": "27",
    "postal_code": "71600"
  },
  {
    "name": "Pontoux",
    "code": "71355",
    "epci_code": "200040038",
    "departement_code": "71",
    "region_code": "27",
    "postal_code": "71270"
  },
  {
    "name": "Pouilloux",
    "code": "71356",
    "epci_code": "247100290",
    "departement_code": "71",
    "region_code": "27",
    "postal_code": "71230"
  },
  {
    "name": "Pourlans",
    "code": "71357",
    "epci_code": "247100647",
    "departement_code": "71",
    "region_code": "27",
    "postal_code": "71270"
  },
  {
    "name": "Pressy-sous-Dondin",
    "code": "71358",
    "epci_code": "200040293",
    "departement_code": "71",
    "region_code": "27",
    "postal_code": "71220"
  },
  {
    "name": "Préty",
    "code": "71359",
    "epci_code": "200069698",
    "departement_code": "71",
    "region_code": "27",
    "postal_code": "71290"
  },
  {
    "name": "Prissé",
    "code": "71360",
    "epci_code": "200070308",
    "departement_code": "71",
    "region_code": "27",
    "postal_code": "71960"
  },
  {
    "name": "Prizy",
    "code": "71361",
    "epci_code": "200071884",
    "departement_code": "71",
    "region_code": "27",
    "postal_code": "71800"
  },
  {
    "name": "Pruzilly",
    "code": "71362",
    "epci_code": "200070308",
    "departement_code": "71",
    "region_code": "27",
    "postal_code": "71570"
  },
  {
    "name": "Le Puley",
    "code": "71363",
    "epci_code": "247104094",
    "departement_code": "71",
    "region_code": "27",
    "postal_code": "71460"
  },
  {
    "name": "La Racineuse",
    "code": "71364",
    "epci_code": "247100647",
    "departement_code": "71",
    "region_code": "27",
    "postal_code": "71310"
  },
  {
    "name": "Rancy",
    "code": "71365",
    "epci_code": "200071538",
    "departement_code": "71",
    "region_code": "27",
    "postal_code": "71290"
  },
  {
    "name": "Ratenelle",
    "code": "71366",
    "epci_code": "200071538",
    "departement_code": "71",
    "region_code": "27",
    "postal_code": "71290"
  },
  {
    "name": "Ratte",
    "code": "71367",
    "epci_code": "200071579",
    "departement_code": "71",
    "region_code": "27",
    "postal_code": "71500"
  },
  {
    "name": "Reclesne",
    "code": "71368",
    "epci_code": "200070530",
    "departement_code": "71",
    "region_code": "27",
    "postal_code": "71540"
  },
  {
    "name": "Remigny",
    "code": "71369",
    "epci_code": "247100589",
    "departement_code": "71",
    "region_code": "27",
    "postal_code": "71150"
  },
  {
    "name": "Rigny-sur-Arroux",
    "code": "71370",
    "epci_code": "200070316",
    "departement_code": "71",
    "region_code": "27",
    "postal_code": "71160"
  },
  {
    "name": "La Roche-Vineuse",
    "code": "71371",
    "epci_code": "200070308",
    "departement_code": "71",
    "region_code": "27",
    "postal_code": "71960"
  },
  {
    "name": "Romanèche-Thorins",
    "code": "71372",
    "epci_code": "200070308",
    "departement_code": "71",
    "region_code": "27",
    "postal_code": "71570"
  },
  {
    "name": "Romenay",
    "code": "71373",
    "epci_code": "200071538",
    "departement_code": "71",
    "region_code": "27",
    "postal_code": "71470"
  },
  {
    "name": "Rosey",
    "code": "71374",
    "epci_code": "247104094",
    "departement_code": "71",
    "region_code": "27",
    "postal_code": "71390"
  },
  {
    "name": "Roussillon-en-Morvan",
    "code": "71376",
    "epci_code": "200070530",
    "departement_code": "71",
    "region_code": "27",
    "postal_code": "71550"
  },
  {
    "name": "Royer",
    "code": "71377",
    "epci_code": "200069698",
    "departement_code": "71",
    "region_code": "27",
    "postal_code": "71700"
  },
  {
    "name": "Rully",
    "code": "71378",
    "epci_code": "247100589",
    "departement_code": "71",
    "region_code": "27",
    "postal_code": "71150"
  },
  {
    "name": "Sagy",
    "code": "71379",
    "epci_code": "200071579",
    "departement_code": "71",
    "region_code": "27",
    "postal_code": "71580"
  },
  {
    "name": "Saillenard",
    "code": "71380",
    "epci_code": "200042414",
    "departement_code": "71",
    "region_code": "27",
    "postal_code": "71580"
  },
  {
    "name": "Sailly",
    "code": "71381",
    "epci_code": "200040293",
    "departement_code": "71",
    "region_code": "27",
    "postal_code": "71250"
  },
  {
    "name": "Saint-Agnan",
    "code": "71382",
    "epci_code": "200071884",
    "departement_code": "71",
    "region_code": "27",
    "postal_code": "71160"
  },
  {
    "name": "Saint-Albain",
    "code": "71383",
    "epci_code": "200069698",
    "departement_code": "71",
    "region_code": "27",
    "postal_code": "71260"
  },
  {
    "name": "Saint-Ambreuil",
    "code": "71384",
    "epci_code": "247103765",
    "departement_code": "71",
    "region_code": "27",
    "postal_code": "71240"
  },
  {
    "name": "Saint-Amour-Bellevue",
    "code": "71385",
    "epci_code": "200070308",
    "departement_code": "71",
    "region_code": "27",
    "postal_code": "71570"
  },
  {
    "name": "Saint-André-en-Bresse",
    "code": "71386",
    "epci_code": "200071579",
    "departement_code": "71",
    "region_code": "27",
    "postal_code": "71440"
  },
  {
    "name": "Saint-André-le-Désert",
    "code": "71387",
    "epci_code": "200040293",
    "departement_code": "71",
    "region_code": "27",
    "postal_code": "71220"
  },
  {
    "name": "Saint-Aubin-en-Charollais",
    "code": "71388",
    "epci_code": "200071884",
    "departement_code": "71",
    "region_code": "27",
    "postal_code": "71430"
  },
  {
    "name": "Saint-Aubin-sur-Loire",
    "code": "71389",
    "epci_code": "200070316",
    "departement_code": "71",
    "region_code": "27",
    "postal_code": "71140"
  },
  {
    "name": "Saint-Berain-sous-Sanvignes",
    "code": "71390",
    "epci_code": "247100290",
    "departement_code": "71",
    "region_code": "27",
    "postal_code": "71300"
  },
  {
    "name": "Saint-Bérain-sur-Dheune",
    "code": "71391",
    "epci_code": "247100589",
    "departement_code": "71",
    "region_code": "27",
    "postal_code": "71510"
  },
  {
    "name": "Saint-Boil",
    "code": "71392",
    "epci_code": "247104094",
    "departement_code": "71",
    "region_code": "27",
    "postal_code": "71390"
  },
  {
    "name": "Saint-Bonnet-de-Cray",
    "code": "71393",
    "epci_code": "247103864",
    "departement_code": "71",
    "region_code": "27",
    "postal_code": "71340"
  },
  {
    "name": "Saint-Bonnet-de-Joux",
    "code": "71394",
    "epci_code": "200071884",
    "departement_code": "71",
    "region_code": "27",
    "postal_code": "71220"
  },
  {
    "name": "Saint-Bonnet-de-Vieille-Vigne",
    "code": "71395",
    "epci_code": "200071884",
    "departement_code": "71",
    "region_code": "27",
    "postal_code": "71430"
  },
  {
    "name": "Saint-Bonnet-en-Bresse",
    "code": "71396",
    "epci_code": "247100647",
    "departement_code": "71",
    "region_code": "27",
    "postal_code": "71310"
  },
  {
    "name": "Sainte-Cécile",
    "code": "71397",
    "epci_code": "200040293",
    "departement_code": "71",
    "region_code": "27",
    "postal_code": "71250"
  },
  {
    "name": "Saint-Christophe-en-Bresse",
    "code": "71398",
    "epci_code": "200071538",
    "departement_code": "71",
    "region_code": "27",
    "postal_code": "71370"
  },
  {
    "name": "Saint-Christophe-en-Brionnais",
    "code": "71399",
    "epci_code": "247103864",
    "departement_code": "71",
    "region_code": "27",
    "postal_code": "71800"
  },
  {
    "name": "Saint-Clément-sur-Guye",
    "code": "71400",
    "epci_code": "200040293",
    "departement_code": "71",
    "region_code": "27",
    "postal_code": "71460"
  },
  {
    "name": "Sainte-Croix-en-Bresse",
    "code": "71401",
    "epci_code": "200071579",
    "departement_code": "71",
    "region_code": "27",
    "postal_code": "71470"
  },
  {
    "name": "Saint-Cyr",
    "code": "71402",
    "epci_code": "247103765",
    "departement_code": "71",
    "region_code": "27",
    "postal_code": "71240"
  },
  {
    "name": "Saint-Denis-de-Vaux",
    "code": "71403",
    "epci_code": "247100589",
    "departement_code": "71",
    "region_code": "27",
    "postal_code": "71640"
  },
  {
    "name": "Saint-Désert",
    "code": "71404",
    "epci_code": "247100589",
    "departement_code": "71",
    "region_code": "27",
    "postal_code": "71390"
  },
  {
    "name": "Saint-Didier-en-Bresse",
    "code": "71405",
    "epci_code": "200040038",
    "departement_code": "71",
    "region_code": "27",
    "postal_code": "71620"
  },
  {
    "name": "Saint-Didier-en-Brionnais",
    "code": "71406",
    "epci_code": "247103864",
    "departement_code": "71",
    "region_code": "27",
    "postal_code": "71110"
  },
  {
    "name": "Saint-Didier-sur-Arroux",
    "code": "71407",
    "epci_code": "200070530",
    "departement_code": "71",
    "region_code": "27",
    "postal_code": "71190"
  },
  {
    "name": "Saint-Edmond",
    "code": "71408",
    "epci_code": "200070548",
    "departement_code": "71",
    "region_code": "27",
    "postal_code": "71740"
  },
  {
    "name": "Saint-Émiland",
    "code": "71409",
    "epci_code": "200070530",
    "departement_code": "71",
    "region_code": "27",
    "postal_code": "71490"
  },
  {
    "name": "Saint-Étienne-en-Bresse",
    "code": "71410",
    "epci_code": "200071579",
    "departement_code": "71",
    "region_code": "27",
    "postal_code": "71370"
  },
  {
    "name": "Saint-Eugène",
    "code": "71411",
    "epci_code": "200070530",
    "departement_code": "71",
    "region_code": "27",
    "postal_code": "71320"
  },
  {
    "name": "Saint-Eusèbe",
    "code": "71412",
    "epci_code": "247100290",
    "departement_code": "71",
    "region_code": "27",
    "postal_code": "71210"
  },
  {
    "name": "Saint-Firmin",
    "code": "71413",
    "epci_code": "247100290",
    "departement_code": "71",
    "region_code": "27",
    "postal_code": "71670"
  },
  {
    "name": "Saint-Forgeot",
    "code": "71414",
    "epci_code": "200070530",
    "departement_code": "71",
    "region_code": "27",
    "postal_code": "71400"
  },
  {
    "name": "Sainte-Foy",
    "code": "71415",
    "epci_code": "247103864",
    "departement_code": "71",
    "region_code": "27",
    "postal_code": "71110"
  },
  {
    "name": "Saint-Gengoux-de-Scissé",
    "code": "71416",
    "epci_code": "200069698",
    "departement_code": "71",
    "region_code": "27",
    "postal_code": "71260"
  },
  {
    "name": "Saint-Gengoux-le-National",
    "code": "71417",
    "epci_code": "247104094",
    "departement_code": "71",
    "region_code": "27",
    "postal_code": "71460"
  },
  {
    "name": "Saint-Germain-du-Bois",
    "code": "71419",
    "epci_code": "200042414",
    "departement_code": "71",
    "region_code": "27",
    "postal_code": "71330"
  },
  {
    "name": "Saint-Germain-du-Plain",
    "code": "71420",
    "epci_code": "200071538",
    "departement_code": "71",
    "region_code": "27",
    "postal_code": "71370"
  },
  {
    "name": "Saint-Germain-en-Brionnais",
    "code": "71421",
    "epci_code": "200070548",
    "departement_code": "71",
    "region_code": "27",
    "postal_code": "71800"
  },
  {
    "name": "Saint-Germain-lès-Buxy",
    "code": "71422",
    "epci_code": "247104094",
    "departement_code": "71",
    "region_code": "27",
    "postal_code": "71390"
  },
  {
    "name": "Saint-Gervais-en-Vallière",
    "code": "71423",
    "epci_code": "200040038",
    "departement_code": "71",
    "region_code": "27",
    "postal_code": "71350"
  },
  {
    "name": "Saint-Gervais-sur-Couches",
    "code": "71424",
    "epci_code": "200070530",
    "departement_code": "71",
    "region_code": "27",
    "postal_code": "71490"
  },
  {
    "name": "Saint-Gilles",
    "code": "71425",
    "epci_code": "247100589",
    "departement_code": "71",
    "region_code": "27",
    "postal_code": "71510"
  },
  {
    "name": "Sainte-Hélène",
    "code": "71426",
    "epci_code": "247104094",
    "departement_code": "71",
    "region_code": "27",
    "postal_code": "71390"
  },
  {
    "name": "Saint-Huruge",
    "code": "71427",
    "epci_code": "200040293",
    "departement_code": "71",
    "region_code": "27",
    "postal_code": "71460"
  },
  {
    "name": "Saint-Igny-de-Roche",
    "code": "71428",
    "epci_code": "200070548",
    "departement_code": "71",
    "region_code": "27",
    "postal_code": "71170"
  },
  {
    "name": "Saint-Jean-de-Vaux",
    "code": "71430",
    "epci_code": "247100589",
    "departement_code": "71",
    "region_code": "27",
    "postal_code": "71640"
  },
  {
    "name": "Saint-Jean-de-Trézy",
    "code": "71431",
    "epci_code": "200070530",
    "departement_code": "71",
    "region_code": "27",
    "postal_code": "71490"
  },
  {
    "name": "Saint-Julien-de-Civry",
    "code": "71433",
    "epci_code": "200071884",
    "departement_code": "71",
    "region_code": "27",
    "postal_code": "71800"
  },
  {
    "name": "Saint-Julien-de-Jonzy",
    "code": "71434",
    "epci_code": "247103864",
    "departement_code": "71",
    "region_code": "27",
    "postal_code": "71110"
  },
  {
    "name": "Saint-Julien-sur-Dheune",
    "code": "71435",
    "epci_code": "247100290",
    "departement_code": "71",
    "region_code": "27",
    "postal_code": "71210"
  },
  {
    "name": "Saint-Laurent-d’Andenay",
    "code": "71436",
    "epci_code": "247100290",
    "departement_code": "71",
    "region_code": "27",
    "postal_code": "71210"
  },
  {
    "name": "Saint-Laurent-en-Brionnais",
    "code": "71437",
    "epci_code": "200070548",
    "departement_code": "71",
    "region_code": "27",
    "postal_code": "71800"
  },
  {
    "name": "Saint-Léger-du-Bois",
    "code": "71438",
    "epci_code": "200070530",
    "departement_code": "71",
    "region_code": "27",
    "postal_code": "71360"
  },
  {
    "name": "Saint-Léger-lès-Paray",
    "code": "71439",
    "epci_code": "200071884",
    "departement_code": "71",
    "region_code": "27",
    "postal_code": "71600"
  },
  {
    "name": "Saint-Léger-sous-Beuvray",
    "code": "71440",
    "epci_code": "200070530",
    "departement_code": "71",
    "region_code": "27",
    "postal_code": "71990"
  },
  {
    "name": "Saint-Léger-sous-la-Bussière",
    "code": "71441",
    "epci_code": "200071645",
    "departement_code": "71",
    "region_code": "27",
    "postal_code": "71520"
  },
  {
    "name": "Saint-Léger-sur-Dheune",
    "code": "71442",
    "epci_code": "247100589",
    "departement_code": "71",
    "region_code": "27",
    "postal_code": "71510"
  },
  {
    "name": "Saint-Loup-Géanges",
    "code": "71443",
    "epci_code": "247100589",
    "departement_code": "71",
    "region_code": "27",
    "postal_code": "71350"
  },
  {
    "name": "Saint-Loup-de-Varennes",
    "code": "71444",
    "epci_code": "247100589",
    "departement_code": "71",
    "region_code": "27",
    "postal_code": "71240"
  },
  {
    "name": "Saint-Marcel",
    "code": "71445",
    "epci_code": "247100589",
    "departement_code": "71",
    "region_code": "27",
    "postal_code": "71380"
  },
  {
    "name": "Saint-Marcelin-de-Cray",
    "code": "71446",
    "epci_code": "200040293",
    "departement_code": "71",
    "region_code": "27",
    "postal_code": "71460"
  },
  {
    "name": "Saint-Mard-de-Vaux",
    "code": "71447",
    "epci_code": "247100589",
    "departement_code": "71",
    "region_code": "27",
    "postal_code": "71640"
  },
  {
    "name": "Saint-Martin-Belle-Roche",
    "code": "71448",
    "epci_code": "200070308",
    "departement_code": "71",
    "region_code": "27",
    "postal_code": "71118"
  },
  {
    "name": "Saint-Martin-d’Auxy",
    "code": "71449",
    "epci_code": "247104094",
    "departement_code": "71",
    "region_code": "27",
    "postal_code": "71390"
  },
  {
    "name": "Saint-Martin-de-Commune",
    "code": "71450",
    "epci_code": "200070530",
    "departement_code": "71",
    "region_code": "27",
    "postal_code": "71490"
  },
  {
    "name": "Saint-Martin-de-Lixy",
    "code": "71451",
    "epci_code": "200070548",
    "departement_code": "71",
    "region_code": "27",
    "postal_code": "71740"
  },
  {
    "name": "Saint-Martin-de-Salencey",
    "code": "71452",
    "epci_code": "200040293",
    "departement_code": "71",
    "region_code": "27",
    "postal_code": "71220"
  },
  {
    "name": "Saint-Martin-du-Lac",
    "code": "71453",
    "epci_code": "247100639",
    "departement_code": "71",
    "region_code": "27",
    "postal_code": "71110"
  },
  {
    "name": "Saint-Martin-du-Mont",
    "code": "71454",
    "epci_code": "200071579",
    "departement_code": "71",
    "region_code": "27",
    "postal_code": "71580"
  },
  {
    "name": "Saint-Martin-du-Tartre",
    "code": "71455",
    "epci_code": "247104094",
    "departement_code": "71",
    "region_code": "27",
    "postal_code": "71460"
  },
  {
    "name": "Saint-Martin-en-Bresse",
    "code": "71456",
    "epci_code": "200040038",
    "departement_code": "71",
    "region_code": "27",
    "postal_code": "71620"
  },
  {
    "name": "Saint-Martin-en-Gâtinois",
    "code": "71457",
    "epci_code": "200040038",
    "departement_code": "71",
    "region_code": "27",
    "postal_code": "71350"
  },
  {
    "name": "Saint-Martin-la-Patrouille",
    "code": "71458",
    "epci_code": "200040293",
    "departement_code": "71",
    "region_code": "27",
    "postal_code": "71460"
  },
  {
    "name": "Saint-Martin-sous-Montaigu",
    "code": "71459",
    "epci_code": "247100589",
    "departement_code": "71",
    "region_code": "27",
    "postal_code": "71640"
  },
  {
    "name": "Saint-Maurice-de-Satonnay",
    "code": "71460",
    "epci_code": "200070308",
    "departement_code": "71",
    "region_code": "27",
    "postal_code": "71260"
  },
  {
    "name": "Saint-Maurice-des-Champs",
    "code": "71461",
    "epci_code": "247104094",
    "departement_code": "71",
    "region_code": "27",
    "postal_code": "71460"
  },
  {
    "name": "Saint-Maurice-en-Rivière",
    "code": "71462",
    "epci_code": "200040038",
    "departement_code": "71",
    "region_code": "27",
    "postal_code": "71620"
  },
  {
    "name": "Saint-Maurice-lès-Châteauneuf",
    "code": "71463",
    "epci_code": "200070548",
    "departement_code": "71",
    "region_code": "27",
    "postal_code": "71740"
  },
  {
    "name": "Saint-Maurice-lès-Couches",
    "code": "71464",
    "epci_code": "200070530",
    "departement_code": "71",
    "region_code": "27",
    "postal_code": "71490"
  },
  {
    "name": "Saint-Micaud",
    "code": "71465",
    "epci_code": "247100290",
    "departement_code": "71",
    "region_code": "27",
    "postal_code": "71460"
  },
  {
    "name": "Saint-Nizier-sur-Arroux",
    "code": "71466",
    "epci_code": "200070530",
    "departement_code": "71",
    "region_code": "27",
    "postal_code": "71190"
  },
  {
    "name": "Saint-Pierre-de-Varennes",
    "code": "71468",
    "epci_code": "247100290",
    "departement_code": "71",
    "region_code": "27",
    "postal_code": "71670"
  },
  {
    "name": "Saint-Pierre-le-Vieux",
    "code": "71469",
    "epci_code": "200071645",
    "departement_code": "71",
    "region_code": "27",
    "postal_code": "71520"
  },
  {
    "name": "Saint-Point",
    "code": "71470",
    "epci_code": "200071645",
    "departement_code": "71",
    "region_code": "27",
    "postal_code": "71520"
  },
  {
    "name": "Saint-Privé",
    "code": "71471",
    "epci_code": "247104094",
    "departement_code": "71",
    "region_code": "27",
    "postal_code": "71390"
  },
  {
    "name": "Saint-Prix",
    "code": "71472",
    "epci_code": "200070530",
    "departement_code": "71",
    "region_code": "27",
    "postal_code": "71990"
  },
  {
    "name": "Saint-Racho",
    "code": "71473",
    "epci_code": "200070548",
    "departement_code": "71",
    "region_code": "27",
    "postal_code": "71800"
  },
  {
    "name": "Sainte-Radegonde",
    "code": "71474",
    "epci_code": "200070316",
    "departement_code": "71",
    "region_code": "27",
    "postal_code": "71320"
  },
  {
    "name": "Saint-Rémy",
    "code": "71475",
    "epci_code": "247100589",
    "departement_code": "71",
    "region_code": "27",
    "postal_code": "71100"
  },
  {
    "name": "Saint-Romain-sous-Gourdon",
    "code": "71477",
    "epci_code": "247100290",
    "departement_code": "71",
    "region_code": "27",
    "postal_code": "71230"
  },
  {
    "name": "Saint-Romain-sous-Versigny",
    "code": "71478",
    "epci_code": "200070316",
    "departement_code": "71",
    "region_code": "27",
    "postal_code": "71420"
  },
  {
    "name": "Saint-Sernin-du-Bois",
    "code": "71479",
    "epci_code": "247100290",
    "departement_code": "71",
    "region_code": "27",
    "postal_code": "71200"
  },
  {
    "name": "Saint-Sernin-du-Plain",
    "code": "71480",
    "epci_code": "247100589",
    "departement_code": "71",
    "region_code": "27",
    "postal_code": "71510"
  },
  {
    "name": "Saint-Symphorien-d’Ancelles",
    "code": "71481",
    "epci_code": "200070308",
    "departement_code": "71",
    "region_code": "27",
    "postal_code": "71570"
  },
  {
    "name": "Saint-Symphorien-de-Marmagne",
    "code": "71482",
    "epci_code": "247100290",
    "departement_code": "71",
    "region_code": "27",
    "postal_code": "71710"
  },
  {
    "name": "Saint-Symphorien-des-Bois",
    "code": "71483",
    "epci_code": "200070548",
    "departement_code": "71",
    "region_code": "27",
    "postal_code": "71800"
  },
  {
    "name": "Saint-Usuge",
    "code": "71484",
    "epci_code": "200071579",
    "departement_code": "71",
    "region_code": "27",
    "postal_code": "71500"
  },
  {
    "name": "Saint-Vallerin",
    "code": "71485",
    "epci_code": "247104094",
    "departement_code": "71",
    "region_code": "27",
    "postal_code": "71390"
  },
  {
    "name": "Saint-Vallier",
    "code": "71486",
    "epci_code": "247100290",
    "departement_code": "71",
    "region_code": "27",
    "postal_code": "71230"
  },
  {
    "name": "Saint-Vérand",
    "code": "71487",
    "epci_code": "200070308",
    "departement_code": "71",
    "region_code": "27",
    "postal_code": "71570"
  },
  {
    "name": "Saint-Vincent-des-Prés",
    "code": "71488",
    "epci_code": "200040293",
    "departement_code": "71",
    "region_code": "27",
    "postal_code": "71250"
  },
  {
    "name": "Saint-Vincent-en-Bresse",
    "code": "71489",
    "epci_code": "200071579",
    "departement_code": "71",
    "region_code": "27",
    "postal_code": "71440"
  },
  {
    "name": "Saint-Vincent-Bragny",
    "code": "71490",
    "epci_code": "200071884",
    "departement_code": "71",
    "region_code": "27",
    "postal_code": "71430"
  },
  {
    "name": "Saint-Yan",
    "code": "71491",
    "epci_code": "200071884",
    "departement_code": "71",
    "region_code": "27",
    "postal_code": "71600"
  },
  {
    "name": "Saisy",
    "code": "71493",
    "epci_code": "200070530",
    "departement_code": "71",
    "region_code": "27",
    "postal_code": "71360"
  },
  {
    "name": "La Salle",
    "code": "71494",
    "epci_code": "200070308",
    "departement_code": "71",
    "region_code": "27",
    "postal_code": "71260"
  },
  {
    "name": "Salornay-sur-Guye",
    "code": "71495",
    "epci_code": "200040293",
    "departement_code": "71",
    "region_code": "27",
    "postal_code": "71250"
  },
  {
    "name": "Sampigny-lès-Maranges",
    "code": "71496",
    "epci_code": "247100589",
    "departement_code": "71",
    "region_code": "27",
    "postal_code": "71150"
  },
  {
    "name": "Sancé",
    "code": "71497",
    "epci_code": "200070308",
    "departement_code": "71",
    "region_code": "27",
    "postal_code": "71000"
  },
  {
    "name": "Santilly",
    "code": "71498",
    "epci_code": "247104094",
    "departement_code": "71",
    "region_code": "27",
    "postal_code": "71460"
  },
  {
    "name": "Sanvignes-les-Mines",
    "code": "71499",
    "epci_code": "247100290",
    "departement_code": "71",
    "region_code": "27",
    "postal_code": "71410"
  },
  {
    "name": "Sarry",
    "code": "71500",
    "epci_code": "247103864",
    "departement_code": "71",
    "region_code": "27",
    "postal_code": "71110"
  },
  {
    "name": "Sassangy",
    "code": "71501",
    "epci_code": "247104094",
    "departement_code": "71",
    "region_code": "27",
    "postal_code": "71390"
  },
  {
    "name": "Sassenay",
    "code": "71502",
    "epci_code": "247100589",
    "departement_code": "71",
    "region_code": "27",
    "postal_code": "71530"
  },
  {
    "name": "Saules",
    "code": "71503",
    "epci_code": "247104094",
    "departement_code": "71",
    "region_code": "27",
    "postal_code": "71390"
  },
  {
    "name": "Saunières",
    "code": "71504",
    "epci_code": "200040038",
    "departement_code": "71",
    "region_code": "27",
    "postal_code": "71350"
  },
  {
    "name": "Savianges",
    "code": "71505",
    "epci_code": "247104094",
    "departement_code": "71",
    "region_code": "27",
    "postal_code": "71460"
  },
  {
    "name": "Savigny-en-Revermont",
    "code": "71506",
    "epci_code": "200042414",
    "departement_code": "71",
    "region_code": "27",
    "postal_code": "71580"
  },
  {
    "name": "Savigny-sur-Grosne",
    "code": "71507",
    "epci_code": "247103765",
    "departement_code": "71",
    "region_code": "27",
    "postal_code": "71460"
  },
  {
    "name": "Savigny-sur-Seille",
    "code": "71508",
    "epci_code": "200071538",
    "departement_code": "71",
    "region_code": "27",
    "postal_code": "71440"
  },
  {
    "name": "La Celle-en-Morvan",
    "code": "71509",
    "epci_code": "200070530",
    "departement_code": "71",
    "region_code": "27",
    "postal_code": "71400"
  },
  {
    "name": "Semur-en-Brionnais",
    "code": "71510",
    "epci_code": "247103864",
    "departement_code": "71",
    "region_code": "27",
    "postal_code": "71110"
  },
  {
    "name": "Sennecey-le-Grand",
    "code": "71512",
    "epci_code": "247103765",
    "departement_code": "71",
    "region_code": "27",
    "postal_code": "71240"
  },
  {
    "name": "Senozan",
    "code": "71513",
    "epci_code": "200070308",
    "departement_code": "71",
    "region_code": "27",
    "postal_code": "71260"
  },
  {
    "name": "Sens-sur-Seille",
    "code": "71514",
    "epci_code": "200042414",
    "departement_code": "71",
    "region_code": "27",
    "postal_code": "71330"
  },
  {
    "name": "Sercy",
    "code": "71515",
    "epci_code": "247104094",
    "departement_code": "71",
    "region_code": "27",
    "postal_code": "71460"
  },
  {
    "name": "Serley",
    "code": "71516",
    "epci_code": "200042414",
    "departement_code": "71",
    "region_code": "27",
    "postal_code": "71310"
  },
  {
    "name": "Sermesse",
    "code": "71517",
    "epci_code": "200040038",
    "departement_code": "71",
    "region_code": "27",
    "postal_code": "71350"
  },
  {
    "name": "Serrières",
    "code": "71518",
    "epci_code": "200071645",
    "departement_code": "71",
    "region_code": "27",
    "postal_code": "71960"
  },
  {
    "name": "Serrigny-en-Bresse",
    "code": "71519",
    "epci_code": "200042414",
    "departement_code": "71",
    "region_code": "27",
    "postal_code": "71310"
  },
  {
    "name": "Sevrey",
    "code": "71520",
    "epci_code": "247100589",
    "departement_code": "71",
    "region_code": "27",
    "postal_code": "71100"
  },
  {
    "name": "Sigy-le-Châtel",
    "code": "71521",
    "epci_code": "200040293",
    "departement_code": "71",
    "region_code": "27",
    "postal_code": "71250"
  },
  {
    "name": "Simandre",
    "code": "71522",
    "epci_code": "200071538",
    "departement_code": "71",
    "region_code": "27",
    "postal_code": "71290"
  },
  {
    "name": "Simard",
    "code": "71523",
    "epci_code": "200071579",
    "departement_code": "71",
    "region_code": "27",
    "postal_code": "71330"
  },
  {
    "name": "Sivignon",
    "code": "71524",
    "epci_code": "200040293",
    "departement_code": "71",
    "region_code": "27",
    "postal_code": "71220"
  },
  {
    "name": "Sologny",
    "code": "71525",
    "epci_code": "200070308",
    "departement_code": "71",
    "region_code": "27",
    "postal_code": "71960"
  },
  {
    "name": "Solutré-Pouilly",
    "code": "71526",
    "epci_code": "200070308",
    "departement_code": "71",
    "region_code": "27",
    "postal_code": "71960"
  },
  {
    "name": "Sommant",
    "code": "71527",
    "epci_code": "200070530",
    "departement_code": "71",
    "region_code": "27",
    "postal_code": "71540"
  },
  {
    "name": "Sornay",
    "code": "71528",
    "epci_code": "200071579",
    "departement_code": "71",
    "region_code": "27",
    "postal_code": "71500"
  },
  {
    "name": "Suin",
    "code": "71529",
    "epci_code": "200071884",
    "departement_code": "71",
    "region_code": "27",
    "postal_code": "71220"
  },
  {
    "name": "Sully",
    "code": "71530",
    "epci_code": "200070530",
    "departement_code": "71",
    "region_code": "27",
    "postal_code": "71360"
  },
  {
    "name": "La Tagnière",
    "code": "71531",
    "epci_code": "200070530",
    "departement_code": "71",
    "region_code": "27",
    "postal_code": "71190"
  },
  {
    "name": "Taizé",
    "code": "71532",
    "epci_code": "200040293",
    "departement_code": "71",
    "region_code": "27",
    "postal_code": "71250"
  },
  {
    "name": "Tancon",
    "code": "71533",
    "epci_code": "200070548",
    "departement_code": "71",
    "region_code": "27",
    "postal_code": "71740"
  },
  {
    "name": "Le Tartre",
    "code": "71534",
    "epci_code": "200042414",
    "departement_code": "71",
    "region_code": "27",
    "postal_code": "71330"
  },
  {
    "name": "Tavernay",
    "code": "71535",
    "epci_code": "200070530",
    "departement_code": "71",
    "region_code": "27",
    "postal_code": "71400"
  },
  {
    "name": "Thil-sur-Arroux",
    "code": "71537",
    "epci_code": "200070530",
    "departement_code": "71",
    "region_code": "27",
    "postal_code": "71190"
  },
  {
    "name": "Thurey",
    "code": "71538",
    "epci_code": "200042414",
    "departement_code": "71",
    "region_code": "27",
    "postal_code": "71440"
  },
  {
    "name": "Tintry",
    "code": "71539",
    "epci_code": "200070530",
    "departement_code": "71",
    "region_code": "27",
    "postal_code": "71490"
  },
  {
    "name": "Torcy",
    "code": "71540",
    "epci_code": "247100290",
    "departement_code": "71",
    "region_code": "27",
    "postal_code": "71210"
  },
  {
    "name": "Torpes",
    "code": "71541",
    "epci_code": "247100647",
    "departement_code": "71",
    "region_code": "27",
    "postal_code": "71270"
  },
  {
    "name": "Toulon-sur-Arroux",
    "code": "71542",
    "epci_code": "200070316",
    "departement_code": "71",
    "region_code": "27",
    "postal_code": "71320"
  },
  {
    "name": "Tournus",
    "code": "71543",
    "epci_code": "200069698",
    "departement_code": "71",
    "region_code": "27",
    "postal_code": "71700"
  },
  {
    "name": "Toutenant",
    "code": "71544",
    "epci_code": "200040038",
    "departement_code": "71",
    "region_code": "27",
    "postal_code": "71350"
  },
  {
    "name": "Tramayes",
    "code": "71545",
    "epci_code": "200071645",
    "departement_code": "71",
    "region_code": "27",
    "postal_code": "71520"
  },
  {
    "name": "Trambly",
    "code": "71546",
    "epci_code": "200071645",
    "departement_code": "71",
    "region_code": "27",
    "postal_code": "71520"
  },
  {
    "name": "Trivy",
    "code": "71547",
    "epci_code": "200071645",
    "departement_code": "71",
    "region_code": "27",
    "postal_code": "71520"
  },
  {
    "name": "Tronchy",
    "code": "71548",
    "epci_code": "200071538",
    "departement_code": "71",
    "region_code": "27",
    "postal_code": "71440"
  },
  {
    "name": "La Truchère",
    "code": "71549",
    "epci_code": "200069698",
    "departement_code": "71",
    "region_code": "27",
    "postal_code": "71290"
  },
  {
    "name": "Uchizy",
    "code": "71550",
    "epci_code": "200069698",
    "departement_code": "71",
    "region_code": "27",
    "postal_code": "71700"
  },
  {
    "name": "Uchon",
    "code": "71551",
    "epci_code": "200070530",
    "departement_code": "71",
    "region_code": "27",
    "postal_code": "71190"
  },
  {
    "name": "Uxeau",
    "code": "71552",
    "epci_code": "200070316",
    "departement_code": "71",
    "region_code": "27",
    "postal_code": "71130"
  },
  {
    "name": "Vareilles",
    "code": "71553",
    "epci_code": "200070548",
    "departement_code": "71",
    "region_code": "27",
    "postal_code": "71800"
  },
  {
    "name": "Varenne-l’Arconce",
    "code": "71554",
    "epci_code": "247103864",
    "departement_code": "71",
    "region_code": "27",
    "postal_code": "71110"
  },
  {
    "name": "Varennes-le-Grand",
    "code": "71555",
    "epci_code": "247100589",
    "departement_code": "71",
    "region_code": "27",
    "postal_code": "71240"
  },
  {
    "name": "Varennes-lès-Mâcon",
    "code": "71556",
    "epci_code": "200070308",
    "departement_code": "71",
    "region_code": "27",
    "postal_code": "71000"
  },
  {
    "name": "Varenne-Saint-Germain",
    "code": "71557",
    "epci_code": "200071884",
    "departement_code": "71",
    "region_code": "27",
    "postal_code": "71600"
  },
  {
    "name": "Varennes-Saint-Sauveur",
    "code": "71558",
    "epci_code": "200071579",
    "departement_code": "71",
    "region_code": "27",
    "postal_code": "71480"
  },
  {
    "name": "Varennes-sous-Dun",
    "code": "71559",
    "epci_code": "200070548",
    "departement_code": "71",
    "region_code": "27",
    "postal_code": "71800"
  },
  {
    "name": "Vauban",
    "code": "71561",
    "epci_code": "200070548",
    "departement_code": "71",
    "region_code": "27",
    "postal_code": "71800"
  },
  {
    "name": "Vaudebarrier",
    "code": "71562",
    "epci_code": "200071884",
    "departement_code": "71",
    "region_code": "27",
    "postal_code": "71120"
  },
  {
    "name": "Vaux-en-Pré",
    "code": "71563",
    "epci_code": "247104094",
    "departement_code": "71",
    "region_code": "27",
    "postal_code": "71460"
  },
  {
    "name": "Vendenesse-lès-Charolles",
    "code": "71564",
    "epci_code": "200071884",
    "departement_code": "71",
    "region_code": "27",
    "postal_code": "71120"
  },
  {
    "name": "Vendenesse-sur-Arroux",
    "code": "71565",
    "epci_code": "200070316",
    "departement_code": "71",
    "region_code": "27",
    "postal_code": "71130"
  },
  {
    "name": "Verdun-Ciel",
    "code": "71566",
    "epci_code": "200040038",
    "departement_code": "71",
    "region_code": "27",
    "postal_code": "71350"
  },
  {
    "name": "Vergisson",
    "code": "71567",
    "epci_code": "200070308",
    "departement_code": "71",
    "region_code": "27",
    "postal_code": "71960"
  },
  {
    "name": "Vérissey",
    "code": "71568",
    "epci_code": "200071579",
    "departement_code": "71",
    "region_code": "27",
    "postal_code": "71440"
  },
  {
    "name": "Verjux",
    "code": "71570",
    "epci_code": "200040038",
    "departement_code": "71",
    "region_code": "27",
    "postal_code": "71590"
  },
  {
    "name": "Verosvres",
    "code": "71571",
    "epci_code": "200071645",
    "departement_code": "71",
    "region_code": "27",
    "postal_code": "71220"
  },
  {
    "name": "Vers",
    "code": "71572",
    "epci_code": "247103765",
    "departement_code": "71",
    "region_code": "27",
    "postal_code": "71240"
  },
  {
    "name": "Versaugues",
    "code": "71573",
    "epci_code": "200071884",
    "departement_code": "71",
    "region_code": "27",
    "postal_code": "71110"
  },
  {
    "name": "Verzé",
    "code": "71574",
    "epci_code": "200070308",
    "departement_code": "71",
    "region_code": "27",
    "postal_code": "71960"
  },
  {
    "name": "Le Villars",
    "code": "71576",
    "epci_code": "200069698",
    "departement_code": "71",
    "region_code": "27",
    "postal_code": "71700"
  },
  {
    "name": "Villegaudin",
    "code": "71577",
    "epci_code": "200040038",
    "departement_code": "71",
    "region_code": "27",
    "postal_code": "71620"
  },
  {
    "name": "Clux-Villeneuve",
    "code": "71578",
    "epci_code": "200040038",
    "departement_code": "71",
    "region_code": "27",
    "postal_code": "71270"
  },
  {
    "name": "Villeneuve-en-Montagne",
    "code": "71579",
    "epci_code": "247104094",
    "departement_code": "71",
    "region_code": "27",
    "postal_code": "71390"
  },
  {
    "name": "Vincelles",
    "code": "71580",
    "epci_code": "200071579",
    "departement_code": "71",
    "region_code": "27",
    "postal_code": "71500"
  },
  {
    "name": "Vindecy",
    "code": "71581",
    "epci_code": "247100639",
    "departement_code": "71",
    "region_code": "27",
    "postal_code": "71110"
  },
  {
    "name": "La Vineuse sur Fregande",
    "code": "71582",
    "epci_code": "200040293",
    "departement_code": "71",
    "region_code": "27",
    "postal_code": "71250"
  },
  {
    "name": "Vinzelles",
    "code": "71583",
    "epci_code": "200070308",
    "departement_code": "71",
    "region_code": "27",
    "postal_code": "71680"
  },
  {
    "name": "Viré",
    "code": "71584",
    "epci_code": "200069698",
    "departement_code": "71",
    "region_code": "27",
    "postal_code": "71260"
  },
  {
    "name": "Virey-le-Grand",
    "code": "71585",
    "epci_code": "247100589",
    "departement_code": "71",
    "region_code": "27",
    "postal_code": "71530"
  },
  {
    "name": "Viry",
    "code": "71586",
    "epci_code": "200071884",
    "departement_code": "71",
    "region_code": "27",
    "postal_code": "71120"
  },
  {
    "name": "Vitry-en-Charollais",
    "code": "71588",
    "epci_code": "200071884",
    "departement_code": "71",
    "region_code": "27",
    "postal_code": "71600"
  },
  {
    "name": "Vitry-sur-Loire",
    "code": "71589",
    "epci_code": "200070316",
    "departement_code": "71",
    "region_code": "27",
    "postal_code": "71140"
  },
  {
    "name": "Volesvres",
    "code": "71590",
    "epci_code": "200071884",
    "departement_code": "71",
    "region_code": "27",
    "postal_code": "71600"
  },
  {
    "name": "Fleurville",
    "code": "71591",
    "epci_code": "200069698",
    "departement_code": "71",
    "region_code": "27",
    "postal_code": "71260"
  }
]