[
  {
    "name": "CC de la Haute Somme (Combles - Péronne - Roisel)",
    "code": "200037059"
  },
  {
    "name": "CC du Ternois",
    "code": "200069672"
  },
  {
    "name": "CC Interrégionale Aumale - Blangy-sur-Bresle",
    "code": "200069722"
  },
  {
    "name": "CC Terre de Picardie",
    "code": "200070928"
  },
  {
    "name": "CC Ponthieu-Marquenterre",
    "code": "200070936"
  },
  {
    "name": "CC du Vimeu",
    "code": "200070944"
  },
  {
    "name": "CC du Territoire Nord Picardie",
    "code": "200070951"
  },
  {
    "name": "CC Avre Luce Noye",
    "code": "200070969"
  },
  {
    "name": "CC du Grand Roye",
    "code": "200070977"
  },
  {
    "name": "CC de l’Est de la Somme",
    "code": "200070985"
  },
  {
    "name": "CA de la Baie de Somme",
    "code": "200070993"
  },
  {
    "name": "CC Somme Sud-Ouest",
    "code": "200071181"
  },
  {
    "name": "CC Nièvre et Somme",
    "code": "200071223"
  },
  {
    "name": "CC des Villes Soeurs",
    "code": "247600588"
  },
  {
    "name": "CC du Val de Somme",
    "code": "248000499"
  },
  {
    "name": "CA Amiens Métropole",
    "code": "248000531"
  },
  {
    "name": "CC du Pays du Coquelicot",
    "code": "248000747"
  }
]