[
  {
    "name": "CA du Pays de Saint-Gilles-Croix-de-Vie",
    "code": "200023778"
  },
  {
    "name": "CA Terres de Montaigu",
    "code": "200070233"
  },
  {
    "name": "CA Les Sables d’Olonne Agglomération",
    "code": "200071165"
  },
  {
    "name": "CC Challans-Gois Communauté",
    "code": "200071629"
  },
  {
    "name": "CC Vendée Grand Littoral",
    "code": "200071900"
  },
  {
    "name": "CC du Pays de Saint-Fulgent - Les Essarts",
    "code": "200071918"
  },
  {
    "name": "CC du Pays de Fontenay-Vendée",
    "code": "200071934"
  },
  {
    "name": "CC de Vie et Boulogne",
    "code": "200072882"
  },
  {
    "name": "CC Sud Vendée Littoral",
    "code": "200073260"
  },
  {
    "name": "CC de l’Ile de Noirmoutier",
    "code": "248500191"
  },
  {
    "name": "CC Océan Marais de Monts",
    "code": "248500258"
  },
  {
    "name": "CC Pays de Chantonnay",
    "code": "248500340"
  },
  {
    "name": "CC du Pays de la Châtaigneraie",
    "code": "248500415"
  },
  {
    "name": "CC du Pays de Pouzauges",
    "code": "248500464"
  },
  {
    "name": "CC du Pays des Achards",
    "code": "248500530"
  },
  {
    "name": "CC Vendée, Sèvre, Autise",
    "code": "248500563"
  },
  {
    "name": "CA La Roche-sur-Yon - Agglomération",
    "code": "248500589"
  },
  {
    "name": "CC du Pays des Herbiers",
    "code": "248500621"
  },
  {
    "name": "CC du Pays de Mortagne",
    "code": "248500662"
  }
]